trial_id,participant_id,cell,t_tor,t_ms,t_lane_crossing,lane_crossing_state,t_manual_stop,manual_stop_state,onset_angle_rise_0.02_s5_rel_ms_s,onset_angle_rise_0.05_s5_rel_ms_s,onset_angle_rise_0.10_s5_rel_ms_s,onset_angle_signed_0.05_s5_rel_ms_s,onset_angle_abs_0.05_s1_rel_ms_s,onset_rate_signed_0.10_s3_rel_ms_s,t_steer_onset,t_excursion_start,primary_rule_met_tor_to_ms,indicator_left_before_tor,indicator_left_tor_to_ms,t_indicator_left,indicator_right_after_lc_rel_lc_s,tor_to_ms_s,ms_to_steer_onset_s,steer_onset_to_indicator_s,steer_onset_to_lane_crossing_s,ms_to_lane_crossing_s,lane_crossing_to_manual_stop_s,ms_to_manual_stop_s,ms_to_indicator_s,indicator_to_lane_crossing_s,ms_to_excursion_start_s,tor_to_steer_onset_s,order_ms_le_onset,order_onset_before_lc,order_lc_before_stop,torque_sd_pre_tor,torque_sd_manual,torque_angle_corr_manual,torque_leads_angle_samples,brake_channel_active_at_steer_onset,hazard_station_state,hazard_road_id,hazard_direction,hazard_station_m,hazard_resid_p95_m,hazard_resid_max_m,hazard_dD_per_ds,hazard_distance_at_steer_onset_m,hazard_distance_at_lane_crossing_m,hazard_distance_at_tor_m,d_follow_at_steer_onset_m,d_follow_at_steer_onset_tag,d_follow_at_pre_lane_crossing_m,d_follow_at_pre_lane_crossing_tag,d_follow_tagcount_missing,d_follow_tagcount_zero_from_recording_start,d_lead_next_at_steer_onset_m,d_lead_next_at_steer_onset_tag,d_lead_next_at_pre_lane_crossing_m,d_lead_next_at_pre_lane_crossing_tag,d_lead_next_tagcount_missing,d_lead_next_tagcount_value,d_lead_next_tagcount_zero_after_lane_crossing,d_lead_next_tagcount_zero_handoff,d_follow_next_at_steer_onset_m,d_follow_next_at_steer_onset_tag,d_follow_next_at_pre_lane_crossing_m,d_follow_next_at_pre_lane_crossing_tag,d_follow_next_tagcount_missing,d_follow_next_tagcount_value,d_follow_next_tagcount_zero_from_recording_start,d_follow_tagcount_value,d_follow_tagcount_zero_after_far_value,d_follow_next_tagcount_zero_after_far_value,d_follow_tagcount_zero_after_lane_crossing,d_lead_next_tagcount_zero_after_far_value,d_follow_next_tagcount_zero_after_mid_value,d_lead_next_tagcount_zero_after_near_value,d_lead_next_tagcount_zero_after_mid_value,d_follow_next_tagcount_zero_after_near_value,d_follow_next_tagcount_zero_handoff,d_follow_next_tagcount_zero_after_lane_crossing,d_follow_tagcount_zero_after_mid_value,d_follow_tagcount_negative,d_follow_tagcount_zero_after_near_value,d_follow_next_tagcount_negative,exposure
density_0_nback_0_id_10,10,d0_n0,29.4496212006,30.350107193,34.749420166,VALIDATED,41.6502990723,SINGLE,1.7498927116325689,1.8998928070000005,2.3998928070000005,2.049892902367432,2.049892902367432,1.7998929023674322,32.25,31.799999952316284,False,False,False,31.90000009536743,7.600579738632568,0.9004859924000002,1.8998928070000005,-0.34999990463256836,2.499420166,4.399312973000001,6.900878906300001,11.300191879300002,1.5498929023674322,2.8494200706325685,1.4498927593162847,2.8003787994000007,True,True,True,0.007480550649709573,0.30279446558517104,-0.9969170606164977,1,False,CONSISTENT,15.0,-1.0,78.972015381,0.6558624270660004,0.8246917719999942,0.994485061411336,120.487792969,54.89266544508966,196.900441488621,,zero_from_recording_start,,zero_from_recording_start,4,1432.0,93.6361083984,value,78.9140625,value,4,1092,207.0,133.0,,zero_from_recording_start,,zero_from_recording_start,4,133.0,1299.0,,,,,,,,,,,,,,,,7
density_0_nback_0_id_11,11,d0_n0,29.4492549896,30.949426651,34.6493492126,VALIDATED,43.8493270874,SINGLE,1.9005732536325688,2.0505733490000004,2.200573444367432,2.150573253632569,2.150573253632569,1.8005733490000004,33.0,32.65000009536743,False,False,False,32.34999990463257,2.6506507397162835,1.5001716613999996,2.0505733490000004,-0.6500000953674316,1.6493492126000007,3.699922561600001,9.199977874799998,12.8999004364,1.4005732536325688,2.2993493079674323,1.700573444367432,3.5507450104,True,True,True,0.007441185021867249,0.44054218502075787,-0.9934463165086167,2,False,CONSISTENT,15.0,-1.0,79.98414611800001,0.7149291999999887,0.9037631748300186,0.9978747953073389,103.42590332,67.1917201589755,195.9729739459859,,zero_from_recording_start,,zero_from_recording_start,4,803.0,91.6842041016,value,89.5727539062,value,4,1310,125.0,41.0,,zero_from_recording_start,,zero_from_recording_start,4,41.0,1435.0,13.0,660.0,,,,,,,,,,,,,,1
density_0_nback_0_id_12,12,d0_n0,29.4500656128,30.0508518219,33.8002815247,VALIDATED,41.8500213623,SINGLE,1.1491482257837156,1.1991481780999997,2.5991482734674314,2.3991482257837156,2.3991482257837156,1.0991482734674314,31.25,30.75,False,False,False,31.200000047683716,3.749718427616287,0.6007862091000007,1.1991481780999997,-0.04999995231628418,2.5502815246999972,3.749429702799997,8.0497398376,11.799169540399998,1.1491482257837156,2.6002814770162814,0.6991481780999997,1.7999343872000004,True,True,True,0.0073648342505226215,0.6890865447354877,-0.9983257252905552,1,False,CONSISTENT,15.0,-1.0,79.0415039065,0.8260162355199896,0.9726253750470022,0.9921922365708828,147.051513672,77.77245693971398,196.82916847189344,,zero_from_recording_start,,zero_from_recording_start,4,1436.0,102.697631836,value,81.4388427734,value,4,1193,113.0,130.0,,zero_from_recording_start,,zero_from_recording_start,4,130.0,1306.0,,,,,,,,,,,,,,,,5
density_0_nback_0_id_13,13,d0_n0,29.4501628876,30.900182724,34.9001693726,VALIDATED,45.1006660461,SINGLE,1.8498172759999996,2.0498173236837154,2.499817371367431,2.249817371367431,2.249817371367431,1.699817180632568,32.950000047683716,32.450000047683716,False,False,False,32.049999952316284,4.499830722767435,1.4500198363999992,2.0498173236837154,-0.9000000953674316,1.9501693249162813,3.9999866485999966,10.200496673500005,14.200483322100002,1.1498172283162837,2.850169420283713,1.5498173236837154,3.4998371600837146,True,True,True,0.007372331388415318,0.38707239158070156,-0.997812375573156,1,False,CONSISTENT,15.0,-1.0,80.07632446300002,0.7545280456200203,0.8955912591000157,0.9980002297636288,102.303222656,53.118859364120674,195.94369369767264,,zero_from_recording_start,,zero_from_recording_start,4,1502.0,89.580078125,value,81.1805419922,value,4,1189,149.0,164.0,,zero_from_recording_start,,zero_from_recording_start,4,164.0,1338.0,,,,,,,,,,,,,,,,3
density_0_nback_0_id_15,15,d0_n0,29.4498729706,30.9498062134,36.649772644,VALIDATED,45.6501655579,SINGLE,1.8501937389162855,2.4001936912325696,3.1001937389162855,3.0501937866000013,3.0501937866000013,2.9001936912325696,33.34999990463257,32.299999952316284,False,False,False,32.75,3.7502274513674294,1.4999332427999974,2.4001936912325696,-0.5999999046325684,3.299772739367434,5.6999664306000035,9.0003929139,14.700359344500004,1.8001937866000013,3.8997726440000022,1.3501937389162855,3.900126934032567,True,True,True,0.007577543089628788,0.1933500838390543,-0.8955801256687254,4,True,CONSISTENT,15.0,-1.0,79.88456726150002,0.6999130240999776,0.8288269034999587,0.9953484086235189,101.967041016,57.37911576364812,196.13436530992794,,zero_from_recording_start,,zero_from_recording_start,4,1512.0,97.1851806641,value,125.82409668,value,4,1347,165.0,,,zero_from_recording_start,,zero_from_recording_start,4,,1512.0,,,,,,,,,,,,,,,,9
density_0_nback_0_id_16,16,d0_n0,29.4497737885,30.649274826,35.3991279602,VALIDATED,48.9492797852,SINGLE,2.150725126316285,3.2507252693674324,3.5007252693674324,3.350725174000001,3.350725174000001,3.200725078632569,33.90000009536743,32.5,False,False,False,33.549999952316284,5.650871992116286,1.1995010374999993,3.2507252693674324,-0.35000014305114746,1.499127864832566,4.7498531341999986,13.550151825,18.3000049592,2.900725126316285,1.8491280078837136,1.8507251740000008,4.450226306867432,True,True,True,0.007589412006645156,0.5021568469258221,-0.9978846146283434,1,False,CONSISTENT,15.0,-1.0,79.99978637699999,0.6816246033150037,0.8893587589559928,0.997536094949522,77.3348388672,39.874641793892856,195.92625059566285,,zero_from_recording_start,,zero_from_recording_start,4,1578.0,83.7493896484,value,79.2595214844,value,4,1231,157.0,190.0,,zero_from_recording_start,,zero_from_recording_start,4,190.0,1388.0,,,,,,,,,,,,,,,,7
density_0_nback_0_id_17,17,d0_n0,29.450553894,30.6995410919,33.2495613098,VALIDATED,41.8502578735,SINGLE,0.6504588127325697,0.7504589557837171,1.0004589557837171,0.8004589081000013,0.8004589081000013,0.6004588604162855,31.450000047683716,31.049999952316284,False,False,False,31.25,4.750438690199999,1.2489871979,0.7504589557837171,-0.20000004768371582,1.7995612621162849,2.550020217900002,8.600696563699998,11.1507167816,0.5504589081000013,1.9995613098000007,0.3504588604162855,1.9994461536837171,True,True,True,0.007501602877227127,0.45085662610169536,-0.9925295140593929,1,True,CONSISTENT,15.0,-1.0,79.76107788050001,0.8725586173275046,1.1421585077000032,0.9958042378333112,141.758178711,94.10646313618702,196.64394334073955,,zero_from_recording_start,,zero_from_recording_start,4,1437.0,101.542114258,value,87.7381591797,value,4,1171,137.0,129.0,,zero_from_recording_start,,zero_from_recording_start,4,129.0,1308.0,,,,,,,,,,,,,,,,1
density_0_nback_0_id_18,18,d0_n0,29.4499092102,30.4500293732,34.0000190735,VALIDATED,45.1002540588,SINGLE,1.449970722167432,1.5999705791162846,2.0999705791162846,1.6499705314325688,1.6499705314325688,1.449970722167432,32.049999952316284,31.09999990463257,False,False,False,,0.04998087881628521,1.0001201629999983,1.5999705791162846,,1.9500191211837148,3.5499897002999994,11.100234985299998,14.650224685599998,,,0.6499705314325688,2.600090742116283,True,True,True,0.00731263681746159,0.4030537009156165,-0.9900637070043927,2,True,CONSISTENT,15.0,-1.0,78.94984436000001,0.6769027714999893,0.942016601000006,0.9957382796070443,126.098754883,78.63263856919791,196.94459450221814,,zero_from_recording_start,,zero_from_recording_start,4,1501.0,95.4177246094,value,85.5375976562,value,4,1336,165.0,,,zero_from_recording_start,,zero_from_recording_start,4,,1501.0,,,,,,,,,,,,,,,,8
density_0_nback_0_id_19,19,d0_n0,29.4502487183,30.4502735138,33.8002853394,VALIDATED,47.0003662109,SINGLE,1.0497264862000009,1.349726438516285,1.6997265815674325,1.349726438516285,1.349726438516285,1.1997265815674325,31.799999952316284,31.25,False,False,False,31.049999952316284,4.1997146606000015,1.0000247955,1.349726438516285,-0.75,2.0002853870837143,3.3500118255999993,13.200080871499999,16.5500926971,0.599726438516285,2.7502853870837143,0.7997264862000009,2.349751234016285,True,True,True,0.007664022657948823,0.3182692637751725,-0.9962251989919241,1,False,CONSISTENT,15.0,-1.0,79.81634521550001,0.720621872133995,0.9854351288720125,0.9956716106349235,131.931396484,79.93765219151585,196.12753416868532,,zero_from_recording_start,,zero_from_recording_start,4,1539.0,97.7377929688,value,83.9345703125,value,4,1185,181.0,173.0,,zero_from_recording_start,,zero_from_recording_start,4,173.0,1366.0,,,,,,,,,,,,,,,,6
density_0_nback_0_id_1,1,d0_n0,29.4505939484,30.7497577667,34.4999809265,VALIDATED,44.30078125,SINGLE,0.800242185616284,1.9002423286674315,11.450242280983716,,1.9002423286674315,1.800242185616284,32.65000009536743,31.34999990463257,False,False,False,33.59999990463257,5.150019168867431,1.2991638182999985,1.9002423286674315,0.9499998092651367,1.8499808311325694,3.750223159800001,9.800800323499999,13.5510234833,2.850242137932568,0.8999810218674327,0.6002421379325682,3.19940614696743,True,True,True,0.007646515883143105,0.26837747016742786,-0.9741002338957374,2,False,CONSISTENT,15.0,-1.0,79.25138854949998,0.8093475343200227,0.9293518065000228,0.9951825035677445,113.339477539,74.51051083825486,196.67600103420114,,zero_from_recording_start,,zero_from_recording_start,4,1486.0,94.5037841797,value,92.6295166016,value,4,1317,138.0,31.0,,zero_from_recording_start,,zero_from_recording_start,4,31.0,1455.0,,,,,,,,,,,,,,,,9
density_0_nback_0_id_20,20,d0_n0,29.4504070282,31.3003387451,34.9002723694,VALIDATED,43.3002891541,SINGLE,0.9496612549000005,1.0496611595325689,1.2996611595325689,1.0496611595325689,1.0496611595325689,0.9496612549000005,32.34999990463257,31.700000047683716,False,False,False,,,1.8499317168999987,1.0496611595325689,,2.5502724647674313,3.5999336243,8.4000167847,11.999950409,,,0.39966130258371635,2.8995928764325676,True,True,True,0.007047839867983688,0.40266136436073885,-0.9977191396629396,1,False,CONSISTENT,15.0,-1.0,79.761352539,0.731576919694999,0.9322513341700045,0.9944282780304868,118.050415039,53.949041395330134,196.22295306377416,,zero_from_recording_start,,zero_from_recording_start,4,1465.0,92.7666015625,value,80.2658691406,value,4,1254,104.0,107.0,,zero_from_recording_start,,zero_from_recording_start,4,107.0,1358.0,,,,,,,,,,,,,,,,7
density_0_nback_0_id_21,21,d0_n0,29.450220108,30.9003314972,34.000087738,VALIDATED,46.1498985291,SINGLE,0.7496685981674318,0.8996684551162843,1.1496684551162843,0.9496684074325685,0.9496684074325685,0.9996685981674318,31.799999952316284,31.200000047683716,False,False,False,33.25,6.099912166632571,1.4501113892,0.8996684551162843,1.4500000476837158,2.2000877856837135,3.099756240799998,12.149810791100002,15.2495670319,2.3496685028,0.7500877379999977,0.299668550483716,2.3497798443162843,True,True,True,0.007228296132409109,0.33879988577009035,-0.994996618624774,1,False,CONSISTENT,15.0,-1.0,79.08486938499996,0.773231506110001,0.9370799067252591,0.9964280112685697,132.76953125,76.0992022350626,196.99548273884167,,zero_from_recording_start,,zero_from_recording_start,4,1522.0,97.8636474609,value,83.7406005859,value,4,1129,175.0,218.0,,zero_from_recording_start,,zero_from_recording_start,4,218.0,1304.0,,,,,,,,,,,,,,,,5
density_0_nback_0_id_22,22,d0_n0,29.4501876831,29.9500217438,33.9502906799,VALIDATED,40.0501098633,SINGLE,1.8999781608325677,2.449978351567431,7.499978303883715,2.449978351567431,2.449978351567431,2.3999781608325677,32.40000009536743,30.59999990463257,False,False,False,30.59999990463257,7.649709224732568,0.4998340606999996,2.449978351567431,-1.8000001907348633,1.5502905845325685,4.0002689360999995,6.099819183400001,10.1000881195,0.6499781608325677,3.350290775267432,0.6499781608325677,2.9498124122674305,True,True,True,0.007498950146345081,0.36659276655482215,-0.9979044264416672,1,False,CONSISTENT,15.0,-1.0,79.53048705999998,0.7572563166599905,0.9498829836599896,0.9941395261386909,115.547973633,74.42908045613463,196.43569547144557,,zero_from_recording_start,,zero_from_recording_start,4,1400.0,91.1478271484,value,80.4932861328,value,4,1097,209.0,94.0,,zero_from_recording_start,,zero_from_recording_start,4,94.0,1306.0,,,,,,,,,,,,,,,,7
density_0_nback_0_id_23,23,d0_n0,29.450220108,31.7503376007,35.6000366211,VALIDATED,41.7999725342,SINGLE,1.6996624469837158,1.8496623039325684,1.9996623993,1.8996624946674316,1.8996624946674316,1.6496624946674316,33.59999990463257,32.450000047683716,False,False,False,33.200000047683716,2.299963474267429,2.3001174927,1.8496623039325684,-0.39999985694885254,2.0000367164674344,3.849699020400003,6.199935913099999,10.049634933500002,1.4496624469837158,2.400036573416287,0.6996624469837158,4.1497797966325685,True,True,True,0.007307441085413185,0.4133073191793461,-0.9981838517081505,2,False,CONSISTENT,15.0,-1.0,79.74555969250002,0.7327880857499736,0.8627476693700231,0.9958105140934165,87.7424316406,40.16834962089504,196.1660151363332,,zero_from_recording_start,,zero_from_recording_start,4,804.0,87.9873046875,value,84.3029785156,value,4,1292,96.0,48.0,,zero_from_recording_start,,zero_from_recording_start,4,48.0,1388.0,2.0,630.0,,,,,,,,,,,,,,2
density_0_nback_0_id_24,24,d0_n0,29.4498767853,30.5498561859,33.1999397278,VALIDATED,43.0003623962,SINGLE,0.9001438617837145,1.0001437664162829,1.1001439094674303,1.050143718732567,1.050143718732567,0.8501439094674303,31.549999952316284,31.09999990463257,False,False,False,,,1.0999794006000023,1.0001437664162829,,1.6499397754837162,2.650083541899999,9.800422668400003,12.450506210300002,,,0.5501437187325671,2.100123167016285,True,True,True,0.007387358873822081,0.496680886307468,-0.9969687184362129,1,False,CONSISTENT,15.0,-1.0,79.174804688,0.7019070630299977,0.7971339231299908,0.9946739240211995,139.133422852,95.98172598098431,196.89256481333567,,zero_from_recording_start,,zero_from_recording_start,4,1460.0,99.8785400391,value,87.7730712891,value,4,1156,143.0,161.0,,zero_from_recording_start,,zero_from_recording_start,4,161.0,1299.0,,,,,,,,,,,,,,,,6
density_0_nback_0_id_25,25,d0_n0,29.4498462677,30.699546814,34.2500152588,VALIDATED,45.7998580933,SINGLE,1.0004532336837144,1.5004532336837144,11.400453090632567,1.6004531383162828,1.6004531383162828,3.3004531859999986,32.200000047683716,31.25,False,False,False,32.15000009536743,5.049984693516286,1.2497005463000015,1.5004532336837144,-0.04999995231628418,2.050015211116282,3.5504684447999963,11.549842834500005,15.100311279300001,1.4504532813674302,2.100015163432566,0.5504531859999986,2.750153779983716,True,True,True,0.007558270316479106,0.32604682720110073,-0.9966845175506096,1,False,CONSISTENT,15.0,-1.0,79.17868041950001,0.7138626094560124,0.9252471924999952,0.9955097061193543,122.194946289,69.64758138302149,196.8883726410243,,zero_from_recording_start,,zero_from_recording_start,4,1516.0,94.1948242188,value,82.0056152344,value,4,1202,158.0,156.0,,zero_from_recording_start,,zero_from_recording_start,4,156.0,1360.0,,,,,,,,,,,,,,,,4
density_0_nback_0_id_26,26,d0_n0,29.4503383636,31.7503471375,35.0504837036,VALIDATED,42.1004104614,SINGLE,1.099652767132568,1.2996528148162838,1.5496528148162838,1.349652767132568,1.349652767132568,1.2996528148162838,33.049999952316284,32.5,False,False,False,37.450000047683716,0.04951620103256715,2.3000087739,1.2996528148162838,4.400000095367432,2.000483751283717,3.300136566100001,7.0499267578000016,10.350063323900002,5.6996529101837154,-2.3995163440837146,0.7496528624999996,3.599661588716284,True,True,True,0.007263972421961483,0.38030955442971204,-0.9959105535567823,1,False,CONSISTENT,15.0,-1.0,80.10394287149998,0.7846527095000226,0.9111785892899888,0.9971348722884614,100.868286133,52.55678793218587,195.93684942715672,,zero_from_recording_start,,zero_from_recording_start,4,1441.0,89.6765136719,value,83.3015136719,value,4,1174,126.0,141.0,,zero_from_recording_start,,zero_from_recording_start,4,141.0,1300.0,,,,,,,,,,,,,,,,3
density_0_nback_0_id_27,27,d0_n0,29.4503288269,30.3997402191,33.6000366211,VALIDATED,55.7997436523,SINGLE,0.9002597332162843,1.0002598762674317,1.4002597332162843,1.0002598762674317,1.0002598762674317,0.8502597809000001,31.40000009536743,30.700000047683716,False,False,False,,,0.9494113921999983,1.0002598762674317,,2.200036525732571,3.200296402000003,22.1997070312,25.400003433200002,,,0.3002598285837159,1.94967126846743,True,True,True,0.007452628420989485,0.3338459613881226,-0.9964948738473779,1,False,CONSISTENT,15.0,-1.0,80.030715942,0.6646465778420022,0.9321594239999911,0.9942123201899108,142.299194336,84.60931292860776,196.0099838099039,,zero_from_recording_start,,zero_from_recording_start,4,905.0,101.323242188,value,85.2708740234,value,4,682,235.0,798.0,,zero_from_recording_start,,zero_from_recording_start,4,182.0,917.0,208.0,602.0,616.0,,,,,,,,,,,,,8
density_0_nback_0_id_28,28,d0_n0,29.4491634369,33.7991104126,36.449546814,VALIDATED,44.5996589661,SINGLE,0.4008896350837148,0.7508895397162831,1.0508894920325673,0.7508895397162831,0.7508895397162831,1.1508896350837148,34.549999952316284,33.90000009536743,False,False,False,,3.3504531383162828,4.3499469757,0.7508895397162831,,1.8995468616837172,2.6504364014000004,8.1501121521,10.8005485535,,,0.1008896827674306,5.100836515416283,True,True,True,0.007518588689397598,0.3801705224631518,-0.9842789184330116,1,True,CONSISTENT,15.0,-1.0,79.56883239749996,0.7078712461000393,0.7144012455000279,0.9986398942077747,69.3254394531,32.48032514558175,196.53131288838446,,zero_from_recording_start,,zero_from_recording_start,4,1490.0,88.9626464844,value,95.2492675781,value,4,1380,112.0,,,zero_from_recording_start,,zero_from_recording_start,4,,1492.0,2.0,,,,,,,,,,,,,,,4
density_0_nback_0_id_29,29,d0_n0,29.4509487152,31.7009849548,34.2009773254,VALIDATED,44.1002082825,SINGLE,0.4490151405674325,0.5990149975162851,0.9490151405674325,0.5990149975162851,0.5990149975162851,1.099014997516285,32.299999952316284,31.799999952316284,False,False,False,,0.04902267460000331,2.2500362396,0.5990149975162851,,1.9009773730837125,2.4999923705999976,9.899230957100002,12.3992233277,,,0.09901499751628506,2.849051237116285,True,True,True,0.007444297625295838,0.3966632877998148,-0.9932035635261596,1,True,CONSISTENT,15.0,-1.0,78.97756958100001,0.6966125484999892,0.841857908999998,0.9984012630886536,120.287597656,74.22792572443791,196.98182085485914,,zero_from_recording_start,,zero_from_recording_start,4,1481.0,94.0926513672,value,85.4583740234,value,4,1333,148.0,,,zero_from_recording_start,,zero_from_recording_start,4,,1481.0,,,,,,,,,,,,,,,,3
density_0_nback_0_id_2,2,d0_n0,29.4496879578,31.3002529144,35.3997192383,VALIDATED,36.7997779846,MULTI_FIRST_TAKEN_AS_END_OF_FIRST_MANUAL_EPISODE,1.799746990232567,1.9497470855999985,2.299746990232567,1.9997470379162827,1.9997470379162827,1.799746990232567,33.25,31.90000009536743,False,False,False,32.75,4.600280761699999,1.850564956600003,1.9497470855999985,-0.5,2.1497192383000012,4.0994663239,1.4000587462999974,5.499525070199997,1.4497470855999985,2.6497192383000012,0.5997471809674302,3.8003120422000016,True,True,True,0.007544951177846891,0.30821284145811084,-0.9923222016194309,2,False,CONSISTENT,15.0,-1.0,79.7383117675,0.7360092167999938,0.7520139663970014,0.993699728242581,97.0037841797,50.14120552797758,196.2513532217334,,zero_from_recording_start,,zero_from_recording_start,4,1336.0,89.7198486328,value,88.3713378906,value,4,1189,147.0,,,zero_from_recording_start,,zero_from_recording_start,4,,1336.0,,,,,,,,,,,,,,,,2
density_0_nback_0_id_30,30,d0_n0,29.450044632,30.7505912781,35.5508613586,VALIDATED,43.5505218506,SINGLE,2.1494088172674317,2.2494087219,3.1494088172674317,2.4994087219,2.4994087219,2.0994086265325684,33.0,32.450000047683716,False,False,False,32.65000009536743,3.3491387367674292,1.300546646099999,2.2494087219,-0.34999990463256836,2.5508613586000024,4.8002700805000025,7.999660491999997,12.7999305725,1.8994088172674317,2.9008612632325708,1.699408769583716,3.549955367999999,True,True,True,0.007370186072225963,0.3587404242737257,-0.9972323816139576,1,False,CONSISTENT,15.0,-1.0,79.74790954599999,0.7243301385000279,0.8652801519999969,0.9970755523936774,100.850830078,36.48996663637407,196.22769462505929,,zero_from_recording_start,,zero_from_recording_start,4,1470.0,89.1120605469,value,79.3640136719,value,4,1184,119.0,167.0,,zero_from_recording_start,,zero_from_recording_start,4,167.0,1303.0,,,,,,,,,,,,,,,,2
density_0_nback_0_id_31,31,d0_n0,29.4500331879,30.3501281738,35.4002494812,VALIDATED,48.9005203247,SINGLE,1.7498717308325666,2.4998717308325666,2.6998717785162825,2.7498717308325666,1.1998717785162825,2.4998717308325666,32.84999990463257,31.59999990463257,False,False,False,32.40000009536743,6.249750614167432,0.9000949859000009,2.4998717308325666,-0.4499998092651367,2.550249576567431,5.050121307399998,13.500270843499997,18.550392150899995,2.04987192156743,3.000249385832568,1.2498717308325666,3.3999667167325676,True,True,True,0.007409504189422821,0.3372250699112977,-0.9892967385561904,2,True,CONSISTENT,15.0,-1.0,79.33251953099997,0.8084182740850316,0.9167785639999693,0.9963386832480822,106.916137695,52.60589656863982,196.66440073062788,,zero_from_recording_start,,zero_from_recording_start,4,1578.0,90.9547119141,value,89.6204833984,value,4,1170,164.0,244.0,,zero_from_recording_start,,zero_from_recording_start,4,244.0,1334.0,,,,,,,,,,,,,,,,2
density_0_nback_0_id_32,32,d0_n0,29.3999462128,30.4002075195,33.0502853394,VALIDATED,38.0501785278,SINGLE,0.44979238513256803,0.8497924804999997,1.0997924804999997,0.8997924328162838,0.8997924328162838,1.1497924328162838,31.25,30.5,False,False,False,,6.999714612916286,1.0002613067000006,0.8497924804999997,,1.8002853393999985,2.650077819899998,4.9998931884000015,7.6499710083,,,0.09979248049999967,1.8500537872000002,True,True,True,0.007305125925320062,0.3892661194142825,-0.9965428571907504,1,True,CONSISTENT,15.0,-1.0,80.18728637699999,0.8301605224899856,1.0599443913199877,0.9946207143885293,146.078735352,97.41193883164247,197.26351989460247,,zero_from_recording_start,,zero_from_recording_start,4,1360.0,102.576293945,value,87.4014892578,value,4,1110,195.0,55.0,,zero_from_recording_start,,zero_from_recording_start,4,55.0,1305.0,,,,,,,,,,,,,,,,7
density_0_nback_0_id_33,33,d0_n0,29.4507465363,31.000371933,35.6501808167,VALIDATED,46.550491333,SINGLE,1.7496280669999997,10.499628067,12.249628067,,4.899628162367431,,41.5,37.34999990463257,False,False,False,32.25,2.1498191356162835,1.5496253967000015,10.499628067,-9.25,-5.849819183299999,4.6498088837000005,10.900310516299996,15.550119399999996,1.2496280669999997,3.4001808167000007,6.349627971632568,12.049253463700001,True,False,True,0.007320857757343341,0.2860374562596597,-0.9977810744402,1,False,CONSISTENT,15.0,-1.0,79.47906494149998,0.7606203318064928,0.7884979245000068,0.9967992265583867,-120.061767578,34.22899996903683,196.51904704525984,,zero_from_recording_start,,zero_from_recording_start,4,1531.0,,zero_after_lane_crossing,76.3420410156,value,4,1184,125.0,222.0,,zero_from_recording_start,,zero_from_recording_start,4,222.0,1309.0,,,,,,,,,,,,,,,,8
density_0_nback_0_id_34,34,d0_n0,29.4497585297,32.0500068665,34.5503959656,VALIDATED,42.1001167297,SINGLE,0.599993228867433,0.7999930381325697,0.9499931335000014,0.7999930381325697,0.7999930381325697,0.9999930858162855,32.84999990463257,32.15000009536743,False,False,False,,,2.6002483368,0.7999930381325697,,1.7003960609674351,2.500389099100005,7.549720764099995,10.0501098632,,,0.099993228867433,3.4002413749325697,True,True,True,0.007547766150374178,0.4091982845975792,-0.9964947386941859,1,True,CONSISTENT,15.0,-1.0,80.00961303750002,0.6790367124499767,0.8709106444999719,0.995924007155846,106.914794922,68.3225158926174,195.9240071268853,,zero_from_recording_start,,zero_from_recording_start,4,779.0,88.0675048828,value,83.0682373047,value,4,1313,129.0,,,zero_from_recording_start,,zero_from_recording_start,4,,1442.0,39.0,624.0,,,,,,,,,,,,,,3
density_0_nback_0_id_35,35,d0_n0,29.4501094818,30.7992343903,34.6998100281,VALIDATED,43.5995597839,SINGLE,1.6507656573837153,2.2507655620162836,2.4507656096999995,2.300765514332568,2.300765514332568,2.2007656096999995,33.049999952316284,31.450000047683716,False,False,False,32.40000009536743,3.700190067267428,1.349124908500002,2.2507655620162836,-0.6499998569488525,1.6498100757837193,3.900575637800003,8.899749755799995,12.800325393599998,1.600765705067431,2.299809932732572,0.6507656573837153,3.5998904705162857,True,True,True,0.007438563736997543,0.3722684820559751,-0.9965688151872875,1,False,CONSISTENT,15.0,-1.0,79.31083679149998,0.7471644040889884,0.9288864130499803,0.9941924547324279,99.9647216797,57.07445165415367,196.6469882838313,,zero_from_recording_start,,zero_from_recording_start,4,1472.0,88.7542724609,value,80.4417724609,value,4,1191,117.0,164.0,,zero_from_recording_start,,zero_from_recording_start,4,164.0,1308.0,,,,,,,,,,,,,,,,3
density_0_nback_0_id_36,36,d0_n0,29.4503383636,30.5500888824,35.7503089905,VALIDATED,75.2002487183,SINGLE,2.649911165283715,2.9499111175999992,3.149911165283715,3.0499110222325676,3.0499110222325676,2.899911165283715,33.5,32.75,False,False,False,33.15000009536743,6.049690961816282,1.0997505188000005,2.9499111175999992,-0.34999990463256836,2.2503089905000024,5.200220108100002,39.4499397278,44.6501598359,2.599911212967431,2.600308895132571,2.1999111175999992,4.0496616364,True,True,True,0.007437362825556914,0.3220226709578131,-0.9970749115622164,1,False,CONSISTENT,15.0,-1.0,80.01960754449999,0.661099242400006,0.900093317618996,0.9977203124246214,87.1339111328,28.87072577480501,195.92824785875243,,zero_from_recording_start,,zero_from_recording_start,4,1267.0,84.8159179688,value,75.6857910156,value,4,990,181.0,933.0,,zero_from_recording_start,,zero_from_recording_start,4,402.0,1171.0,837.0,,531.0,,,,,,,,,,,,,3
density_0_nback_0_id_37,37,d0_n0,29.4001121521,30.7004852295,37.0500946045,VALIDATED,48.8501167297,SINGLE,3.249514818183716,3.3995146751325684,3.7995147705,3.9495148658674317,1.4495148658674317,3.249514818183716,34.09999990463257,32.549999952316284,False,False,False,32.75,3.8999054431837124,1.3003730773999997,3.3995146751325684,-1.3499999046325684,2.950094699867435,6.3496093750000036,11.800022125199995,18.149631500199998,2.0495147705,4.3000946045000035,1.8495147228162843,4.699887752532568,True,True,True,0.0074456842834867525,0.31255011187884657,-0.9870934275762764,2,False,CONSISTENT,15.0,-1.0,80.23793029800001,0.6545791624999779,0.8816679717800042,0.9970028399443935,82.4749755859,24.07336881940041,197.01624111083126,,zero_from_recording_start,,zero_from_recording_start,4,1576.0,92.544921875,value,102.307250977,value,4,1331,156.0,89.0,,zero_from_recording_start,,zero_from_recording_start,4,89.0,1487.0,,,,,,,,,,,,,,,,8
density_0_nback_0_id_38,38,d0_n0,29.4506034851,30.2000713348,34.7004699707,VALIDATED,44.1499023438,SINGLE,1.4499287605674311,1.6999287605674311,12.349928617516284,14.749928712883715,3.699928760567431,1.2999286651999995,31.90000009536743,31.450000047683716,False,False,False,31.700000047683716,5.599529981616286,0.7494678497000002,1.6999287605674311,-0.20000004768371582,2.800469875332567,4.500398635899998,9.449432373100002,13.949831009,1.4999287128837153,3.000469923016283,1.2499287128837153,2.4493966102674314,True,True,True,0.0075873689766247365,0.3321476950981848,-0.9975238624695932,1,False,CONSISTENT,15.0,-1.0,79.69129943799996,0.7686939239750146,0.838378428929957,0.9954999020552341,129.096313477,55.25152820760964,196.2290803740779,,zero_from_recording_start,,zero_from_recording_start,4,1482.0,95.7873535156,value,77.1385498047,value,4,1157,151.0,174.0,,zero_from_recording_start,,zero_from_recording_start,4,174.0,1308.0,,,,,,,,,,,,,,,,5
density_0_nback_0_id_39,39,d0_n0,29.4500293732,30.7505722046,35.1503486633,VALIDATED,42.4009132385,SINGLE,1.7994277477162832,1.8994278907674307,2.049427747716283,2.0994277000325674,0.9494278430837149,1.6994278430837149,32.65000009536743,32.0,False,False,False,,,1.3005428314000014,1.8994278907674307,,2.500348567932569,4.3997764587,7.250564575200002,11.650341033900002,,,1.249427795399999,3.199970722167432,True,True,True,0.007480944433639126,0.48263849843433193,-0.9306959816457713,2,True,CONSISTENT,15.0,-1.0,80.26652526849998,0.6935070036719765,0.9855809211499746,0.9969193148179103,111.073730469,70.35143076647348,195.74506878774616,,zero_from_recording_start,245.136352539,value,4,689.0,91.3237304688,value,101.375854492,value,4,1190,115.0,142.0,,zero_from_recording_start,,zero_from_recording_start,4,142.0,1305.0,22.0,632.0,,104.0,,,,,,,,,,,,9
density_0_nback_0_id_3,3,d0_n0,29.4497470856,30.050037384,34.3491439819,VALIDATED,38.4494438171,SINGLE,1.9499626160000005,2.049962520632569,2.6999626160000005,2.099962711367432,2.099962711367432,1.8999626636837164,32.09999990463257,31.34999990463257,False,False,False,30.15000009536743,6.3508560657837165,0.6002902984000009,2.049962520632569,-1.9499998092651367,2.249144077267431,4.2991065979,4.100299835199998,8.399406433099998,0.09996271136743218,4.199143886532568,1.299962520632569,2.65025281903257,True,True,True,0.007511564855061607,0.3604139517344522,-0.997894191279309,1,False,CONSISTENT,15.0,-1.0,79.35597229049998,0.6812377927000284,0.9684448244999828,0.9952351311848364,123.790771484,64.51286831542795,196.53251695687214,,zero_from_recording_start,,zero_from_recording_start,4,1368.0,95.1146240234,value,80.9559326172,value,4,1124,182.0,62.0,,zero_from_recording_start,,zero_from_recording_start,4,62.0,1306.0,,,,,,,,,,,,,,,,6
density_0_nback_0_id_40,40,d0_n0,29.4499263763,30.5496635437,33.4503517151,VALIDATED,43.449848175,MULTI_FIRST_TAKEN_AS_END_OF_FIRST_MANUAL_EPISODE,0.9503364563000005,1.0003364086162847,1.1003365516674322,1.0003364086162847,1.0003364086162847,0.8503365516674322,31.549999952316284,31.299999952316284,False,False,False,,,1.0997371674000007,1.0003364086162847,,1.900351762783714,2.900688171399999,9.999496459900001,12.9001846313,,,0.7503364086162847,2.1000735760162854,True,True,True,0.0073708110922354915,0.41352708030051194,-0.9971837983834024,1,False,CONSISTENT,15.0,-1.0,79.25265502949998,0.740777587550032,0.8339996334999853,0.9941885643182059,139.143432617,89.75536502815349,196.6697692122898,,zero_from_recording_start,,zero_from_recording_start,4,796.0,99.7906494141,value,85.8939208984,value,4,1261,136.0,71.0,,zero_from_recording_start,,zero_from_recording_start,4,71.0,1397.0,6.0,666.0,,,,,,,,,,,,,,1
density_0_nback_0_id_41,41,d0_n0,29.4499855042,30.5002918243,34.2993965149,VALIDATED,46.7502784729,SINGLE,1.5497081280162845,1.7497081757000004,2.0497081280162845,1.8497080803325687,1.8497080803325687,1.7997081280162845,32.25,31.84999990463257,False,False,False,31.59999990463257,5.050603389732565,1.050306320099999,1.7497081757000004,-0.6500000953674316,2.0493965149000033,3.7991046906000037,12.450881957999997,16.2499866486,1.0997080803325687,2.699396610267435,1.3497080803325687,2.8000144957999993,True,True,True,0.007565803827351686,0.3635757753261621,-0.9941330340054073,1,False,CONSISTENT,15.0,-1.0,80.07823181149999,0.689269876461992,0.7793578505699941,0.9962673094010419,119.990966797,67.92936267980838,196.0096726743273,,zero_from_recording_start,,zero_from_recording_start,4,1535.0,93.8016357422,value,82.4449462891,value,4,1377,158.0,,,zero_from_recording_start,,zero_from_recording_start,4,,1535.0,,,,,,,,,,,,,,,,2
density_0_nback_0_id_42,42,d0_n0,29.4498310089,30.5006771088,34.550693512,VALIDATED,45.5998001099,SINGLE,2.14932298656743,2.1993229388837143,2.349322795832567,2.2493228911999985,2.2493228911999985,2.099322795832567,32.700000047683716,32.0,False,False,False,31.700000047683716,4.449306487999998,1.0508460999000029,2.1993229388837143,-1.0,1.8506934643162865,4.050016403200001,11.0491065979,15.0991230011,1.1993229388837143,2.8506934643162865,1.4993228911999985,3.250169038783717,True,True,True,0.007602259767468579,0.4331127352802955,-0.9971520906401431,1,False,CONSISTENT,15.0,-1.0,79.59284973149997,0.6636886590000444,0.8314740658099709,0.9974897282228461,108.504272461,60.981290348692404,196.42320241167698,,zero_from_recording_start,,zero_from_recording_start,4,1511.0,89.6733398438,value,79.6827392578,value,4,1180,157.0,174.0,,zero_from_recording_start,,zero_from_recording_start,4,174.0,1337.0,,,,,,,,,,,,,,,,9
density_0_nback_0_id_43,43,d0_n0,29.4506912231,30.2498836517,35.1504898071,VALIDATED,56.9005393982,SINGLE,1.2001163959837164,2.050116300616285,4.100116252932569,4.2001163959837164,3.0001163483000006,3.9001164436674323,32.299999952316284,31.200000047683716,False,False,False,31.700000047683716,5.2995102405837144,0.7991924285999978,2.050116300616285,-0.5999999046325684,2.850489854783717,4.900606155400002,21.7500495911,26.650655746500004,1.4501163959837164,3.4504897594162856,0.9501163959837164,2.8493087292162826,True,True,True,0.007286372584091635,0.3461013361571841,-0.9931733843069517,1,False,CONSISTENT,15.0,-1.0,79.88171386699997,0.7410937484641393,0.8106536859999665,0.9956973118261346,118.268188477,45.83279830786446,196.13345223101643,,zero_from_recording_start,,zero_from_recording_start,4,1738.0,92.3057861328,value,78.3364257812,value,4,1284,159.0,295.0,,zero_from_recording_start,,zero_from_recording_start,4,295.0,1443.0,,,,,,,,,,,,,,,,7
density_0_nback_0_id_44,44,d0_n0,29.4507846832,30.5505027771,34.4501876831,VALIDATED,45.1005210876,SINGLE,1.3494973182674315,2.1994972229,6.5994973182674315,2.299497127532568,2.299497127532568,6.3494973182674315,32.75,31.25,False,False,False,32.34999990463257,5.399812221532571,1.0997180939000017,2.1994972229,-0.40000009536743164,1.7001876830999976,3.8996849059999974,10.650333404500003,14.5500183105,1.7994971275325682,2.100187778467429,0.6994972228999998,3.2992153168000016,True,True,True,0.007393849553126221,0.3901982346907259,-0.9979285185634927,1,False,CONSISTENT,15.0,-1.0,79.690628052,0.8038492204859892,0.9318619372419903,0.9945725386470734,107.153808594,63.57943564003746,196.16086907260046,,zero_from_recording_start,,zero_from_recording_start,4,1502.0,89.6201171875,value,80.7351074219,value,4,1131,163.0,208.0,,zero_from_recording_start,,zero_from_recording_start,4,208.0,1294.0,,,,,,,,,,,,,,,,9
density_0_nback_0_id_45,45,d0_n0,29.4498577118,30.9492797852,34.349571228,VALIDATED,89.7990951538,SINGLE,1.0507202147999983,1.20072031016743,1.45072031016743,1.2507202624837142,1.2507202624837142,1.1507201194325667,32.15000009536743,31.15000009536743,False,False,False,,15.900428771999998,1.4994220734000017,1.20072031016743,,2.1995711326325704,3.4002914428000004,55.449523925799994,58.84981536859999,,,0.20072031016742997,2.7001423835674316,True,True,True,0.007257016369034769,0.34584863457141074,-0.9944827489370475,1,False,CONSISTENT,15.0,-1.0,79.49220275899998,0.7701660155000238,0.8716583254499852,0.9953362693757859,123.331298828,68.48037430639289,196.57390173050592,,zero_from_recording_start,,zero_from_recording_start,4,1398.0,94.6571044922,value,83.6794433594,value,4,885,388.0,1122.0,,zero_from_recording_start,,zero_from_recording_start,4,322.0,1273.0,997.0,,800.0,,,,,,,,,,,,,6
density_0_nback_0_id_46,46,d0_n0,29.450838089,30.0998783112,33.0498847961,VALIDATED,43.3005065918,SINGLE,0.6501216887999988,0.8501217364837146,1.5001215934325671,0.8501217364837146,0.8501217364837146,4.850121736483715,30.950000047683716,30.40000009536743,False,False,False,30.200000047683716,4.700115203899998,0.6490402222,0.8501217364837146,-0.75,2.0998847484162866,2.950006484900001,10.250621795699999,13.2006282806,0.10012173648371459,2.8498847484162866,0.3001217841674304,1.4991619586837146,True,True,True,0.007436271800832076,0.37667318224801144,-0.9969851672461514,1,True,CONSISTENT,15.0,-1.0,79.14347839300001,0.7246429437360036,0.9624028200400119,0.9939364380881481,155.42956543,99.61026817052175,196.77456131027628,,zero_from_recording_start,,zero_from_recording_start,4,1466.0,106.022521973,value,88.2908935547,value,4,1194,162.0,110.0,,zero_from_recording_start,,zero_from_recording_start,4,110.0,1356.0,,,,,,,,,,,,,,,,1
density_0_nback_0_id_47,47,d0_n0,29.3999328613,30.650308609,34.9499168396,VALIDATED,48.050201416,SINGLE,2.299691438683716,2.3996913433162845,2.6996912956325687,2.3996913433162845,2.3996913433162845,2.249691486367432,33.049999952316284,31.25,False,False,False,32.5,7.0500831604,1.250375747699998,2.3996913433162845,-0.5499999523162842,1.899916887283716,4.2996082306000005,13.1002845764,17.399892807,1.8496913910000004,2.4499168396,0.5996913910000004,3.6500670910162825,True,True,True,0.007357976327066399,0.2752674731368144,-0.9928309193088284,2,True,CONSISTENT,15.0,-1.0,80.21191406250001,0.7358261108980143,0.9349900781620164,0.9947019020468819,100.208740234,56.67696470773142,197.05698312578747,,zero_from_recording_start,,zero_from_recording_start,4,1561.0,89.4270019531,value,85.6812744141,value,4,1357,204.0,,,zero_from_recording_start,,zero_from_recording_start,4,,1561.0,,,,,,,,,,,,,,,,6
density_0_nback_0_id_48,48,d0_n0,29.4003543854,30.0502052307,34.4004096985,VALIDATED,63.3997573853,SINGLE,1.8497948646674303,,,,4.049794673932567,11.549794673932567,,,False,False,False,33.700000047683716,4.749590396867433,0.6498508453000014,,,,4.350204467799998,28.9993476868,33.3495521546,3.6497948169837144,0.7004096508162831,,,,,True,0.0073773980523295386,0.2494861726154796,-0.9860687570423121,2,,CONSISTENT,15.0,-1.0,80.1787872315,0.7236389159899977,0.9048919684999817,0.9955063952979694,,70.77367855822433,197.24044373792947,,,,zero_from_recording_start,4,1867.0,,,87.6837158203,value,4,1622,245.0,,,,,zero_from_recording_start,4,,1867.0,,,,,,,,,,,,,,,,4
density_0_nback_0_id_49,49,d0_n0,29.4496250153,30.899728775,35.4992752075,VALIDATED,57.2493972778,SINGLE,2.050271272683716,2.300271272683716,6.550271272683716,2.350271225,2.350271225,2.350271225,33.200000047683716,31.65000009536743,False,False,False,32.5,11.150724887867433,1.4501037596999993,2.300271272683716,-0.7000000476837158,2.2992751598162826,4.599546432499999,21.7501220703,26.3496685028,1.6002712250000002,2.9992752074999984,0.7502713203674318,3.7503750323837153,True,True,True,0.007403275911726887,0.30276293912314023,-0.9957174263371338,1,False,CONSISTENT,15.0,-1.0,79.88531494149996,0.7138121602360287,0.7923736565000468,0.9965050198101943,95.8972167969,38.67681453932544,196.153297075586,,zero_from_recording_start,,zero_from_recording_start,4,1744.0,88.0782470703,value,80.5300292969,value,4,1444,300.0,,,zero_from_recording_start,,zero_from_recording_start,4,,1744.0,,,,,,,,,,,,,,,,6
density_0_nback_0_id_4,4,d0_n0,29.449836731,30.3494987488,33.5498657227,VALIDATED,41.7004318237,SINGLE,1.0005011558325698,1.1505012512000015,6.00050115583257,1.1505012512000015,1.1505012512000015,1.1005012988837173,31.5,30.700000047683716,False,False,False,,0.00013422961628606345,0.8996620177999972,1.1505012512000015,,2.049865722699998,3.2003669738999996,8.150566101000003,11.350933074900002,,,0.3505012988837173,2.0501632689999987,True,True,True,0.007359514359445735,0.3612303356516635,-0.997033525074211,1,False,CONSISTENT,15.0,-1.0,79.498809814,0.7376785284999983,0.8615112299999907,0.9946307864526158,140.176635742,86.4014498070784,196.48587079766943,,zero_from_recording_start,,zero_from_recording_start,4,1434.0,100.822875977,value,85.7750244141,value,4,1049,295.0,90.0,,zero_from_recording_start,,zero_from_recording_start,4,90.0,1344.0,,,,,,,,,,,,,,,,4
density_0_nback_0_id_50,50,d0_n0,29.4498386383,31.8005847931,36.6501464844,VALIDATED,51.9501800537,SINGLE,1.5994153022674311,1.8494153022674311,9.749415159216284,1.9494152068999995,1.9494152068999995,1.7494151592162837,33.65000009536743,32.950000047683716,False,False,False,34.700000047683716,6.799853563283719,2.3507461547999995,1.8494153022674311,1.0499999523162842,3.0001463890325653,4.849561691299996,15.300033569300005,20.1495952606,2.8994152545837153,1.950146436716281,1.1494152545837153,4.200161457067431,True,True,True,0.007636526135007934,0.20849977667234904,-0.9753552400799859,2,True,CONSISTENT,15.0,-1.0,79.38023376449996,0.7134017942600437,1.064208984500027,0.994111818680108,88.4481201172,33.03798999501754,196.5842096061455,,zero_from_recording_start,,zero_from_recording_start,4,1639.0,89.7384033203,value,102.082763672,value,4,1444,195.0,,,zero_from_recording_start,,zero_from_recording_start,4,,1639.0,,,,,,,,,,,,,,,,1
density_0_nback_0_id_51,51,d0_n0,29.4506378174,30.5504226685,35.2508087158,VALIDATED,48.8006668091,SINGLE,1.6995773314999987,8.649577379183714,,,3.999577283816283,8.499577283816283,39.200000047683716,38.65000009536743,False,False,False,,7.499191284200002,1.0997848511000008,8.649577379183714,,-3.9491913318837177,4.700386047299997,13.549858093300003,18.2502441406,,,8.09957742686743,9.749362230283715,True,False,True,0.007443501255800388,0.2612425000394746,-0.9896359097652542,1,False,CONSISTENT,15.0,-1.0,79.55758667000003,1.3125076291999702,1.346435547000027,0.9995624841569626,-32.5125732422,47.4356660284816,195.787719727,,zero_from_recording_start,,zero_from_recording_start,4,1575.0,,zero_after_lane_crossing,81.9887695312,value,4,1291,201.0,,,zero_from_recording_start,,zero_from_recording_start,4,,1575.0,,,,,83.0,,,,,,,,,,,5
density_0_nback_0_id_52,52,d0_n0,29.4491081238,30.6491603851,33.5492019653,VALIDATED,43.9493522644,SINGLE,1.4508395195325683,1.5008397102674316,1.6008396149,1.5508396625837158,1.5508396625837158,1.4508395195325683,32.15000009536743,31.59999990463257,False,False,False,31.75,4.100798130067432,1.2000522613000015,1.5008397102674316,-0.40000009536743164,1.3992018699325683,2.9000415802,10.400150299099998,13.300191879299998,1.1008396149,1.7992019653,0.9508395195325683,2.700891971567433,True,True,True,0.007471573126662028,0.7815137706703831,-0.9966284482640599,1,False,CONSISTENT,15.0,-1.0,79.32395935000001,0.7393386841399974,0.8988111609740201,0.9939849236738463,123.280395508,87.31395334735937,196.53442729941847,,zero_from_recording_start,,zero_from_recording_start,4,1479.0,94.1590576172,value,85.1485595703,value,4,1314,138.0,27.0,,zero_from_recording_start,,zero_from_recording_start,4,27.0,1452.0,,,,,,,,,,,,,,,,4
density_0_nback_0_id_53,53,d0_n0,29.4490642548,30.1996383667,33.7996482849,VALIDATED,48.6991767883,SINGLE,1.900361537932568,2.0003616809837155,2.2003617286674313,2.0503616332999997,2.0503616332999997,1.8003616332999997,32.200000047683716,31.59999990463257,False,False,False,31.09999990463257,8.450351715099998,0.7505741119000007,2.0003616809837155,-1.1000001430511475,1.599648237216286,3.6000099182000014,14.8995285034,18.4995384216,0.900361537932568,2.6996483802674334,1.400361537932568,2.750935792883716,True,True,True,0.007661775673863527,0.48825068078714823,-0.9976947348650603,1,False,CONSISTENT,15.0,-1.0,78.98329162600001,0.7042841672780149,0.8276672359999964,0.9953946759634863,121.684082031,79.70011037027892,196.92946511620204,,zero_from_recording_start,,zero_from_recording_start,4,1573.0,93.6690673828,value,83.1130371094,value,4,1062,242.0,269.0,,zero_from_recording_start,,zero_from_recording_start,4,269.0,1304.0,,,,,,,,,,,,,,,,1
density_0_nback_0_id_54,54,d0_n0,29.4504299164,30.8504810333,34.2005157471,VALIDATED,43.200050354,SINGLE,0.6995189190162847,0.8495190143837164,8.849519014383716,0.8995189667000005,0.8995189667000005,0.6495189667000005,31.700000047683716,31.40000009536743,False,False,False,41.549999952316284,3.099484205216285,1.4000511168999985,0.8495190143837164,9.849999904632568,2.500515699416283,3.3500347137999995,8.9995346069,12.349569320699999,10.699518919016285,-7.349484205216285,0.5495190620674322,2.249570131283715,True,True,True,0.007323033295913487,0.36719186426555683,-0.9966481097885606,1,True,CONSISTENT,15.0,-1.0,79.92724609350003,0.751413727349967,0.8445744511900273,0.9953925625422103,134.507446289,70.57781601391493,195.93765099472085,,zero_from_recording_start,,zero_from_recording_start,4,1463.0,98.7066650391,value,83.248046875,value,4,1277,119.0,67.0,,zero_from_recording_start,,zero_from_recording_start,4,67.0,1396.0,,,,,,,,,,,,,,,,4
density_0_nback_0_id_55,55,d0_n0,29.4500293732,31.0504245758,36.5001487732,VALIDATED,45.9500656128,SINGLE,3.249575376516283,3.3495755195674306,3.499575376516283,3.399575471883715,3.399575471883715,3.249575376516283,34.40000009536743,32.84999990463257,False,False,False,33.90000009536743,4.249851226799997,1.6003952026000015,3.3495755195674306,-0.5,2.1001486778325713,5.449724197400002,9.4499168396,14.899641037000002,2.8495755195674306,2.6001486778325713,1.7995753288325673,4.949970722167432,True,True,True,0.007600442601008974,0.301384810895202,-0.9806555332878121,2,True,CONSISTENT,15.0,-1.0,79.70150756799998,0.7729629521000049,0.8139801030000342,0.9980420986995726,76.8123779297,40.88211699337623,196.21468137104506,,zero_from_recording_start,,zero_from_recording_start,4,833.0,93.2061767578,value,104.896484375,value,4,1391,127.0,,,zero_from_recording_start,,zero_from_recording_start,4,,1518.0,21.0,664.0,,,,,,,,,,,,,,8
density_0_nback_0_id_56,56,d0_n0,29.4505233765,30.1008453369,34.9000396729,VALIDATED,43.2502059937,SINGLE,1.9491546154162833,2.2491545677325675,2.599154710783715,2.599154710783715,2.599154710783715,2.4491546154162833,32.34999990463257,31.34999990463257,False,False,False,32.25,4.199960231732568,0.6503219603999995,2.2491545677325675,-0.09999990463256836,2.550039768267432,4.799194335999999,8.3501663208,13.149360656799999,2.149154663099999,2.6500396729,1.2491545677325675,2.899476528132567,True,True,True,0.007336435887739879,0.47301181081500815,-0.9957419303803873,1,True,CONSISTENT,15.0,-1.0,80.12306213400001,0.7788978571500038,0.8789219261950052,0.9955016162225468,118.079467773,56.26467482347931,195.87901018191576,,zero_from_recording_start,,zero_from_recording_start,4,1464.0,93.7220458984,value,83.4304199219,value,4,1192,129.0,143.0,,zero_from_recording_start,,zero_from_recording_start,4,143.0,1321.0,,,,,,,,,,,,,,,,4
density_0_nback_0_id_57,57,d0_n0,29.4502639771,30.8500270844,33.0500183105,VALIDATED,41.9501266479,SINGLE,0.8499729632837152,0.8999729155999994,0.9499728679162835,0.8999729155999994,0.8999729155999994,0.799973010967431,31.75,31.200000047683716,False,False,False,,,1.3997631073,0.8999729155999994,,1.3000183105000005,2.1999912261,8.900108337399999,11.100099563499999,,,0.3499729632837152,2.2997360228999995,True,True,True,0.007350982562552116,0.8415753447852444,-0.9972912035257291,1,False,CONSISTENT,15.0,-1.0,79.02809143099998,0.7799084664180015,0.8286285400000111,0.9927514264933259,134.019165039,100.75132378419555,196.80596025148878,,zero_from_recording_start,,zero_from_recording_start,4,791.0,98.0924072266,value,88.9412841797,value,4,1290,147.0,,,zero_from_recording_start,,zero_from_recording_start,4,,1437.0,14.0,632.0,,,,,,,,,,,,,,2
density_0_nback_0_id_5,5,d0_n0,29.4498996735,31.3998680115,34.1999778748,VALIDATED,35.7499809265,MULTI_FIRST_TAKEN_AS_END_OF_FIRST_MANUAL_EPISODE,1.000132083867431,1.1001319884999994,1.2001318931325677,1.1001319884999994,1.1001319884999994,0.9501318931325677,32.5,32.049999952316284,False,False,False,31.799999952316284,6.65002202983257,1.9499683380000015,1.1001319884999994,-0.7000000476837158,1.6999778747999983,2.8001098632999977,1.5500030517000027,4.350112915,0.40013194081628356,2.399977922483714,0.6501319408162836,3.050100326500001,True,True,True,0.0075512346701826286,0.620176337166023,-0.9977171585874302,1,False,CONSISTENT,15.0,-1.0,79.52586364799998,0.74602279650002,0.8346860413799817,0.9945747470858464,114.626098633,72.88711673608923,196.5704218312674,,zero_from_recording_start,,zero_from_recording_start,4,1314.0,93.0141601562,value,85.1682128906,value,4,1084,188.0,13.0,,zero_from_recording_start,,zero_from_recording_start,4,13.0,1301.0,,,,,29.0,,,,,,,,,,,9
density_0_nback_0_id_6,6,d0_n0,29.4499454498,31.6499767303,36.7500419617,VALIDATED,42.1501617432,SINGLE,0.8000233173837152,1.000023365067431,2.4000232220162836,1.000023365067431,1.000023365067431,1.9000232220162836,32.65000009536743,31.950000047683716,False,False,False,35.75,,2.2000312804999993,1.000023365067431,3.0999999046325684,4.1000418663325675,5.100065231399999,5.400119781500003,10.500185012900001,4.100023269699999,1.0000419616999991,0.30002331738371524,3.2000546455674304,True,True,True,0.007511804972378253,0.6632083590862081,-0.9951859353009771,1,False,CONSISTENT,15.0,-1.0,79.70985412600001,0.7368301390999903,0.7690734869999858,0.9961245606264768,110.803833008,7.432251516148384,196.2309460446538,,zero_from_recording_start,,zero_from_recording_start,4,789.0,91.9847412109,value,78.2557373047,value,4,1245,62.0,136.0,,zero_from_recording_start,,zero_from_recording_start,4,136.0,1307.0,6.0,648.0,,,,,,,,,,,,,,2
density_0_nback_0_id_7,7,d0_n0,29.4009151459,30.3007507324,34.3508758545,VALIDATED,46.2506828308,SINGLE,1.449249267599999,2.2992491722325674,5.999249219916283,2.4992492199162832,2.4992492199162832,5.799249172232567,32.59999990463257,31.09999990463257,False,False,False,31.65000009536743,4.949124097816281,0.8998355865000001,2.2992491722325674,-0.9499998092651367,1.750875949867435,4.0501251221000025,11.899806976299999,15.949932098400001,1.3492493629674307,2.700875759132572,0.7992491722325674,3.1990847587325675,True,True,True,0.007495087497717738,0.44772041315104666,-0.9980895980132691,1,False,CONSISTENT,15.0,-1.0,80.2444610595,0.7683715104679912,1.0245976447120029,0.9962885812786211,110.228027344,64.35854300251434,197.19300774149502,,zero_from_recording_start,,zero_from_recording_start,4,1525.0,90.4614257812,value,79.7963867188,value,4,1186,120.0,219.0,,zero_from_recording_start,,zero_from_recording_start,4,219.0,1306.0,,,,,,,,,,,,,,,,5
density_0_nback_0_id_8,8,d0_n0,29.4497642517,31.0503063202,33.4005775452,VALIDATED,53.650592804,SINGLE,0.4996936321162835,0.6496937274837151,0.7996935844325677,0.6496937274837151,0.6496937274837151,0.7496936321162835,31.700000047683716,31.200000047683716,False,False,False,,6.549422502483715,1.6005420685000011,0.6496937274837151,,1.700577497516285,2.350271225,20.250015258799998,22.600286483799998,,,0.14969372748371512,2.2502357959837163,True,True,True,0.007620490434113455,0.4690272156737759,-0.9963593379311523,1,True,CONSISTENT,15.0,-1.0,79.534454345,0.7346874239499989,0.9403684132300043,0.9932749883420534,135.002563477,91.48427910310212,196.46013687767328,,zero_from_recording_start,,zero_from_recording_start,4,1673.0,99.2213134766,value,88.1297607422,value,4,1134,190.0,349.0,,zero_from_recording_start,,zero_from_recording_start,4,349.0,1324.0,,,,,,,,,,,,,,,,1
density_0_nback_0_id_9,9,d0_n0,29.4500198364,31.7499485016,35.1502151489,VALIDATED,44.2500495911,SINGLE,1.5000514984000013,1.650051593767433,1.8000514507162855,1.7000515460837171,1.7000515460837171,1.6000514030325697,33.40000009536743,33.0,False,False,False,41.25,2.549784898783713,2.2999286651999995,1.650051593767433,7.849999904632568,1.7502150535325711,3.400266647300004,9.099834442199999,12.500101089500003,9.500051498400001,-6.099784851099997,1.2500514984000013,3.9499802589674324,True,True,True,0.007445844882554985,0.4825328760260554,-0.9974909452387336,2,True,CONSISTENT,15.0,-1.0,79.20500183099998,0.6725509648500193,0.8193054200000347,0.9939667483863892,93.1680908203,53.40207362071893,196.8389396293878,,zero_from_recording_start,,zero_from_recording_start,4,811.0,87.8497314453,value,85.037109375,value,4,1366,118.0,,,zero_from_recording_start,,zero_from_recording_start,4,,1484.0,8.0,665.0,,,,,,,,,,,,,,2
density_0_nback_1_id_10,10,d0_n1,34.2493057251,35.9499168396,43.5499000549,VALIDATED,63.4492340088,SINGLE,2.0500831604,2.150083065032568,2.400083065032568,5.150083065032568,1.100083112716284,2.0000832080837156,38.09999990463257,37.90000009536743,False,False,False,40.049999952316284,7.3501000404674315,1.7006111144999991,2.150083065032568,1.9500000476837158,5.449900150267432,7.5999832153,19.899333953899998,27.499317169199998,4.100083112716284,3.499900102583716,1.9500832557674315,3.8506941795325673,True,True,True,0.16989542060355864,0.23247977691790114,-0.9917430096422618,2,False,NOT_CONSISTENT,37.0,-1.0,788.2822875940001,98.26766309371504,102.86608907249115,0.7830937704222812,86.8540039062,23.659039906692986,135.75816286514416,,zero_from_recording_start,,zero_from_recording_start,4,1114.0,42.2087402344,value,47.9331054688,value,4,1557,245.0,65.0,,zero_from_recording_start,,zero_from_recording_start,4,385.0,1466.0,33.0,720.0,,,,16.0,,,,,,,,,,5
density_0_nback_1_id_11,11,d0_n1,34.2008247375,35.8000335693,41.1509399414,VALIDATED,58.9009590149,SINGLE,2.04996633533257,2.1499664783837176,3.5999665260674334,2.249966383016286,2.249966383016286,2.04996633533257,37.950000047683716,37.15000009536743,False,False,False,38.700000047683716,3.699059963232571,1.5992088317999986,2.1499664783837176,0.75,3.2009398937162814,5.350906372099999,17.750019073500006,23.100925445600005,2.8999664783837176,2.4509398937162814,1.3499665260674334,3.749175310183716,True,True,True,0.17300454047941727,0.2975431130301734,-0.9921356913367719,2,False,NOT_CONSISTENT,37.0,-1.0,789.2052001930001,99.0283595064171,103.6736454866367,0.7903600457734731,88.2504882812,52.41599454451319,135.65514979834788,,zero_from_recording_start,,zero_from_recording_start,4,959.0,42.2814941406,value,47.7666015625,value,4,1527,138.0,,,zero_from_recording_start,,zero_from_recording_start,4,548.0,1154.0,163.0,656.0,76.0,,31.0,,82.0,,,,,,,,,2
density_0_nback_1_id_12,12,d0_n1,34.1494140625,35.4995117188,39.999458313,VALIDATED,62.4999198914,SINGLE,2.3004882335162833,2.4004883765674307,5.800488233516283,2.4004883765674307,2.4004883765674307,2.250488281199999,37.90000009536743,35.950000047683716,False,False,False,37.299999952316284,6.250541687000002,1.350097656300001,2.4004883765674307,-0.6000001430511475,2.0994582176325665,4.499946594199997,22.5004615784,27.000408172599997,1.8004882335162833,2.699458360683714,0.45048832888371493,3.7505860328674316,True,True,True,0.17143504525602163,0.34196830994716626,-0.9926943499673884,2,False,NOT_CONSISTENT,37.0,-1.0,789.4999999980001,99.73966064267209,104.12072790952914,0.780311384235808,88.2126464844,65.26689148456595,135.96764881316423,,zero_from_recording_start,,zero_from_recording_start,4,986.0,40.95703125,value,45.1164550781,value,4,1608,188.0,,,zero_from_recording_start,,zero_from_recording_start,4,533.0,1256.0,165.0,699.0,61.0,,46.0,,8.0,,,,,,,,,3
density_0_nback_1_id_13,13,d0_n1,34.199546814,35.9995765686,41.7990989685,VALIDATED,55.3491973877,SINGLE,1.60042333603257,1.8004233837162857,3.10042333603257,3.7004234790837174,1.1504235267674332,1.5504233837162857,37.799999952316284,37.40000009536743,False,False,False,38.450000047683716,0.30090093613257096,1.800029754599997,1.8004233837162857,0.6500000953674316,3.999099016183713,5.799522399899999,13.550098419200005,19.349620819100004,2.4504234790837174,3.3490989208162816,1.4004235267674332,3.6004531383162828,True,True,True,0.16699057239741397,0.24247275533824864,-0.9925221581284277,2,False,NOT_CONSISTENT,37.0,-1.0,788.8280029285,99.73770403724406,103.94647169041298,0.7765578418981877,89.9899902344,47.234032668833116,135.75020218869057,,zero_from_recording_start,,zero_from_recording_start,4,1020.0,41.8679199219,value,52.0087890625,value,4,1442,186.0,,,zero_from_recording_start,,zero_from_recording_start,4,275.0,1402.0,152.0,534.0,29.0,,78.0,,,,,,,,,,,1
density_0_nback_1_id_14,14,d0_n1,34.2001571655,36.6003036499,39.5503044128,VALIDATED,45.25025177,SINGLE,0.7996964454674327,0.899696350100001,0.9996962547325694,0.899696350100001,0.899696350100001,0.7996964454674327,37.5,37.200000047683716,False,False,False,,8.949695587199997,2.400146484399997,0.899696350100001,,2.0503044128000028,2.950000762900004,5.699947357199996,8.6499481201,,,0.5996963977837169,3.299842834499998,True,True,True,0.17281278662318217,0.3777708689233768,-0.9908187464305644,3,False,NOT_CONSISTENT,37.0,-1.0,789.30230713,101.08462572186002,104.67712432214807,0.7644487789607566,93.0637207031,71.28525094386625,135.29085440862147,,zero_from_recording_start,,zero_from_recording_start,3,1025.0,40.4309082031,value,45.7001953125,value,3,1204,236.0,,,zero_from_recording_start,,zero_from_recording_start,3,155.0,1350.0,140.0,340.0,,,65.0,,,,,,,,,,,3
density_0_nback_1_id_15,15,d0_n1,34.199962616,36.999786377,42.6002006531,VALIDATED,51.5498466492,SINGLE,2.0502135753162847,2.400213718367432,,2.5502135753162847,2.5502135753162847,13.050213575316285,39.40000009536743,37.90000009536743,False,False,False,38.299999952316284,3.8497993945837123,2.799823760999999,2.400213718367432,-1.1000001430511475,3.200200557732572,5.600414276100004,8.949645996099996,14.5500602722,1.3002135753162847,4.300200700783719,0.9002137183674321,5.200037479367431,True,True,True,0.17245733483103912,0.19545587457394814,-0.9769006104994991,3,False,NOT_CONSISTENT,37.0,-1.0,789.2583618150001,97.4840820301501,102.72698998304406,0.7792388044501991,73.8325195312,43.567724601725,135.6174490893111,,zero_from_recording_start,,zero_from_recording_start,4,1006.0,48.8781738281,value,62.1997070312,value,4,1436,156.0,,,zero_from_recording_start,,zero_from_recording_start,4,356.0,1207.0,128.0,497.0,68.0,,39.0,,,,,,,,,,,8
density_0_nback_1_id_16,16,d0_n1,34.1993942261,35.5495834351,40.0495223999,VALIDATED,55.1501274109,SINGLE,2.3004164695325713,2.450416564900003,2.8004164695325713,2.700416564900003,2.700416564900003,2.3004164695325713,38.0,36.450000047683716,False,False,False,37.59999990463257,7.800477504732569,1.3501892089999998,2.450416564900003,-0.40000009536743164,2.049522399899999,4.499938964800002,15.100605010999999,19.6005439758,2.0504164695325713,2.4495224952674306,0.9004166125837187,3.8006057739000028,True,True,True,0.1684988268253268,0.39201532213983825,-0.9945068439063617,2,False,NOT_CONSISTENT,37.0,-1.0,789.0084838865,99.65454149197598,104.241638079567,0.7827353239328112,87.3317871094,64.55603806451448,135.7233485254249,,zero_from_recording_start,,zero_from_recording_start,4,992.0,41.8127441406,value,45.0805664062,value,4,1468,193.0,,,zero_from_recording_start,,zero_from_recording_start,4,421.0,1217.0,137.0,574.0,65.0,,42.0,,,,,,,,,,,5
density_0_nback_1_id_17,17,d0_n1,34.2004699707,35.7005691528,40.0506820679,VALIDATED,49.6505622864,SINGLE,1.2994308472,2.249430894883716,2.4494309425674317,2.349430799516284,2.349430799516284,2.249430894883716,37.950000047683716,36.549999952316284,False,False,False,37.549999952316284,4.649317979783717,1.5000991821000014,2.249430894883716,-0.40000009536743164,2.100682020216283,4.350112915099999,9.599880218500005,13.949993133600003,1.8494307995162842,2.5006821155837144,0.8494307995162842,3.749530076983717,True,True,True,0.17068135160520106,0.33990899722564355,-0.9919820528211644,2,False,NOT_CONSISTENT,37.0,-1.0,789.2928466799999,99.01370275065744,103.78234845406087,0.797329866758813,88.0747070312,62.81294579508457,135.67181306845185,,zero_from_recording_start,,zero_from_recording_start,4,951.0,41.8586425781,value,42.4831542969,value,4,1410,152.0,,,zero_from_recording_start,,zero_from_recording_start,4,351.0,1166.0,174.0,468.0,76.0,,31.0,,,,,,,,,,,3
density_0_nback_1_id_18,18,d0_n1,34.2000198364,35.8498535156,40.7002983093,VALIDATED,53.4000358582,SINGLE,1.3501465320837127,2.1001465320837127,,2.200146436716281,2.200146436716281,2.0001463890325653,37.950000047683716,36.75,False,False,False,37.799999952316284,0.949701786067429,1.6498336792000003,2.1001465320837127,-0.15000009536743164,2.7502982616162868,4.8504447936999995,12.699737548899996,17.550182342599996,1.950146436716281,2.9002983569837184,0.9001464843999969,3.749980211283713,True,True,True,0.1678891757696136,0.2315818861427125,-0.9920416472848068,2,False,NOT_CONSISTENT,37.0,-1.0,788.8740844715,99.47290038956004,103.85052464818011,0.7809944089909371,88.0751953125,57.32911218333248,135.86907353789445,,zero_from_recording_start,,zero_from_recording_start,4,1000.0,41.8581542969,value,46.5395507812,value,4,1412,188.0,,,zero_from_recording_start,,zero_from_recording_start,4,281.0,1346.0,162.0,505.0,40.0,,67.0,,,,,,,,,,,9
density_0_nback_1_id_19,19,d0_n1,34.2001533508,35.7000694275,41.2001686096,VALIDATED,52.15076828,SINGLE,1.5499305725000028,1.7999305725000028,,,4.499930620183719,4.999930620183719,37.5,36.799999952316284,False,False,False,36.65000009536743,4.349831342716286,1.4999160766999964,1.7999305725000028,-0.8499999046325684,3.7001686095999986,5.500099182100001,10.950599670400003,16.450698852500004,0.9499306678674344,4.550168514232567,1.099930524816287,3.299846649199999,True,True,True,0.17040188316551236,0.22664562335701585,-0.9920766560421092,2,False,NOT_CONSISTENT,37.0,-1.0,789.1605834949999,98.92829918735731,103.59692433363887,0.7893700787628316,93.2751464844,49.6877071137336,135.59563441351614,,zero_from_recording_start,,zero_from_recording_start,4,995.0,40.7993164062,value,44.3305664062,value,4,1435,173.0,,,zero_from_recording_start,,zero_from_recording_start,4,385.0,1186.0,134.0,514.0,72.0,,35.0,,,,,,,,,,,4
density_0_nback_1_id_1,1,d0_n1,34.1994094849,35.8501243591,45.0000305176,VALIDATED,55.1498794556,SINGLE,1.2998757362674311,2.799875736267431,3.049875736267431,3.3498756885837153,0.7998757362674311,1.1998755932162837,38.65000009536743,36.90000009536743,False,False,False,40.700000047683716,4.749969482399997,1.6507148741999984,2.799875736267431,2.049999952316284,6.350030422232571,9.149906158500002,10.149848937999998,19.2997550965,4.849875688583715,4.300030469916287,1.0498757362674311,4.4505906104674295,True,True,True,0.16865862952082436,0.14334305020470708,-0.8416466518511316,4,True,NOT_CONSISTENT,37.0,-1.0,788.87158203,98.37292442210402,103.67047139849103,0.7309388932074807,80.9289550781,41.88455864752527,135.6821627389986,,zero_from_recording_start,,zero_from_recording_start,4,1058.0,45.3969726562,value,106.9609375,value,4,1514,160.0,,,zero_from_recording_start,,zero_from_recording_start,4,9.0,1694.0,173.0,472.0,,,29.0,,,,,,,,,,,7
density_0_nback_1_id_20,20,d0_n1,34.1999053955,36.0497627258,41.0000267029,VALIDATED,59.700378418,SINGLE,2.0002372265162833,2.100237369567431,2.200237274199999,2.100237369567431,2.100237369567431,1.9502372741999991,38.15000009536743,36.84999990463257,False,False,False,,4.749973297099999,1.8498573303000043,2.100237369567431,,2.8500266075325698,4.9502639771000005,18.7003517151,23.6506156922,,,0.8002371788325675,3.950094699867435,True,True,True,0.16878446651716625,0.29217010718235487,-0.9902476178169782,2,False,NOT_CONSISTENT,37.0,-1.0,788.8260498044999,98.7833897347794,103.56048610809592,0.7856647392671611,85.8605957031,52.72601169299033,136.0632789872372,,zero_from_recording_start,,zero_from_recording_start,4,960.0,41.4936523438,value,44.2663574219,value,4,1312,142.0,337.0,,zero_from_recording_start,,zero_from_recording_start,4,700.0,1080.0,148.0,686.0,14.0,,,,,3.0,,,,,,,,5
density_0_nback_1_id_21,21,d0_n1,34.2507896423,36.2506561279,40.7501068115,VALIDATED,52.4506187439,SINGLE,1.6993439197837148,1.8493437767325673,2.049343824416283,1.999343872099999,1.999343872099999,1.5993437767325673,38.09999990463257,37.799999952316284,False,False,False,38.25,5.999893188500003,1.999866485600002,1.8493437767325673,0.15000009536743164,2.6501069068674283,4.499450683599996,11.700511932400005,16.199962616,1.999343872099999,2.5001068114999967,1.5493438244162832,3.8492102623325692,True,True,True,0.1698466580361943,0.310802611776723,-0.9885309414609275,2,False,NOT_CONSISTENT,37.0,-1.0,788.0971069325,98.82712440399595,103.62664753076695,0.7831403517182995,86.9165039062,57.549889995789265,135.6279732840784,,zero_from_recording_start,,zero_from_recording_start,4,989.0,42.1975097656,value,46.931640625,value,4,1430,176.0,,,zero_from_recording_start,,zero_from_recording_start,4,360.0,1223.0,148.0,511.0,65.0,,42.0,,,,,,,,,,,7
density_0_nback_1_id_22,22,d0_n1,34.1999359131,35.8997383118,41.3997459412,VALIDATED,46.4996604919,SINGLE,1.7502617835674315,2.8002617358837156,10.800261735883716,,5.1002616882,2.7502617835674315,38.700000047683716,37.15000009536743,False,False,False,37.15000009536743,5.200253963432566,1.699802398700001,2.8002617358837156,-1.5499999523162842,2.699745893516287,5.500007629400002,5.099914550699999,10.599922180100002,1.2502617835674315,4.249745845832571,1.2502617835674315,4.500064134583717,True,True,True,0.1783135981479193,0.25144099769702605,-0.99017202355578,2,False,NOT_CONSISTENT,37.0,-1.0,788.910095213,99.84064609854644,104.4584352427645,0.7871865558450079,79.748046875,49.76536590664993,136.0161403886133,,zero_from_recording_start,,zero_from_recording_start,4,1016.0,43.1271972656,value,47.1474609375,value,4,1299,190.0,,,zero_from_recording_start,,zero_from_recording_start,4,268.0,1212.0,121.0,392.0,49.0,,40.0,,,,,,,,,,,9
density_0_nback_1_id_23,23,d0_n1,34.2498550415,37.199760437,41.349811554,VALIDATED,49.4996299744,SINGLE,1.3502395153162823,1.4502396583674297,1.7002396583674297,1.500239610683714,1.500239610683714,1.300239562999998,38.65000009536743,38.049999952316284,False,False,False,38.15000009536743,4.600188493683717,2.9499053955000036,1.4502396583674297,-0.5,2.699811458632567,4.150051116999997,8.149818420400003,12.2998695374,0.9502396583674297,3.199811458632567,0.8502395153162823,4.400145053867433,True,True,True,0.17426630905059196,0.2655157187624291,-0.9924498879666389,2,False,NOT_CONSISTENT,37.0,-1.0,788.237304688,99.60423257378451,104.03253123981108,0.7788831417935506,80.8305664062,51.800248183327575,135.76205254570286,,zero_from_recording_start,,zero_from_recording_start,4,960.0,43.8283691406,value,49.5576171875,value,4,1410,135.0,,,zero_from_recording_start,,zero_from_recording_start,4,297.0,1227.0,180.0,448.0,64.0,,43.0,,,,,,,,,,,4
density_0_nback_1_id_24,24,d0_n1,34.250125885,37.0492706299,40.1997566223,VALIDATED,56.4996757507,SINGLE,0.8507294654674311,0.9007294177837153,1.0007293224162837,0.9507293700999995,0.9507293700999995,0.7507293224162837,37.950000047683716,37.75,False,False,False,,,2.7991447448999978,0.9007294177837153,,2.249756574616285,3.1504859924,16.2999191284,19.4504051208,,,0.7007293700999995,3.699874162683713,True,True,True,0.1715223470065859,0.31922398553019654,-0.9858476059384551,2,False,NOT_CONSISTENT,37.0,-1.0,788.2437744135,99.22552490216994,103.85552992457337,0.7837019113595893,88.6120605469,63.8741173184984,135.46363737633237,,zero_from_recording_start,,zero_from_recording_start,4,986.0,41.720703125,value,46.0024414062,value,4,1376,184.0,,,zero_from_recording_start,,zero_from_recording_start,4,542.0,1100.0,128.0,616.0,88.0,,20.0,,150.0,,,,,,,,,4
density_0_nback_1_id_25,25,d0_n1,34.2008247375,35.9507980347,40.0499954224,VALIDATED,54.7008171082,SINGLE,0.7992019653,1.1992020606674316,,1.2492020129837158,1.2492020129837158,1.1992020606674316,37.15000009536743,36.299999952316284,False,False,False,37.40000009536743,6.900004625283714,1.7499732972000004,1.1992020606674316,0.25,2.8999953270325705,4.099197387700002,14.650821685799997,18.7500190735,1.4492020606674316,2.6499953270325705,0.34920191761628416,2.949175357867432,True,True,True,0.17150295863767695,0.2561632041994797,-0.9914722277303223,2,False,NOT_CONSISTENT,37.0,-1.0,788.444641111,99.074560545046,103.921508608311,0.7816837505306267,97.8337402344,65.71318223244381,135.96786977750276,,zero_from_recording_start,,zero_from_recording_start,4,981.0,39.5219726562,value,45.7299804688,value,4,1473,182.0,,,zero_from_recording_start,,zero_from_recording_start,4,420.0,1206.0,150.0,563.0,68.0,,39.0,,,,,,,,,,,6
density_0_nback_1_id_26,26,d0_n1,34.2500190735,36.2000770569,41.0003356934,VALIDATED,48.8000640869,SINGLE,2.0499229431000003,2.2999229431000003,12.7999229431,2.3499228954162845,2.3499228954162845,2.2999229431000003,38.5,37.200000047683716,False,False,False,37.75,3.7996642589162875,1.9500579834000007,2.2999229431000003,-0.75,2.5003356933999967,4.800258636499997,7.799728393500004,12.599987030000001,1.5499229431000003,3.2503356933999967,0.9999229907837162,4.249980926500001,True,True,True,0.1738520504755709,0.273005453899799,-0.9923806293135519,1,False,NOT_CONSISTENT,37.0,-1.0,788.189086916,98.8046749131819,103.49078327626694,0.7910525093763425,81.7868652344,50.043239141801,135.69257670244227,,zero_from_recording_start,,zero_from_recording_start,4,950.0,42.2202148438,value,40.2490234375,value,4,1422,132.0,,,zero_from_recording_start,,zero_from_recording_start,4,379.0,1108.0,166.0,458.0,87.0,,20.0,,,,,,,,,,,5
density_0_nback_1_id_27,27,d0_n1,34.1997756958,36.9000167847,42.0499343872,VALIDATED,59.3503570557,SINGLE,1.2999832629837158,1.3999831676162842,1.7999832629837158,1.7999832629837158,1.0499832629837158,1.1999831199325683,38.299999952316284,38.049999952316284,False,False,False,38.950000047683716,,2.7002410889000004,1.3999831676162842,0.6500000953674316,3.7499344348837127,5.149917602499997,17.300422668500005,22.450340271,2.049983262983716,3.099934339516281,1.1499831676162842,4.1002242565162845,True,True,True,0.16697255474243294,0.2736782035153624,-0.9749895194309482,2,False,NOT_CONSISTENT,37.0,-1.0,788.7348632784999,97.50825805412494,102.86218267397987,0.7821955304726327,84.2209472656,45.12867241804126,135.79966421329104,,zero_from_recording_start,,zero_from_recording_start,4,964.0,43.0573730469,value,53.5029296875,value,4,1006,125.0,,,zero_from_recording_start,,zero_from_recording_start,4,519.0,1027.0,110.0,713.0,241.0,,,,656.0,,,,,,,,,9
density_0_nback_1_id_28,28,d0_n1,34.1998672485,36.1497268677,39.6500740051,VALIDATED,49.9996833801,SINGLE,0.4502730369325718,0.5502731799837193,1.9502730369325718,1.750273227667435,0.6002731323000035,0.40027308461628763,36.700000047683716,36.40000009536743,False,False,False,,,1.949859619199998,0.5502731799837193,,2.9500739574162864,3.5003471374000057,10.349609375,13.849956512400006,,,0.2502732276674351,2.5001327991837172,True,True,True,0.1710155210916566,0.3463140703537946,-0.9855144536668092,2,False,NOT_CONSISTENT,37.0,-1.0,789.412353516,98.77487518829555,103.5255123381221,0.7752690985164206,103.158935547,70.54567613089843,135.7398874112491,,zero_from_recording_start,,zero_from_recording_start,4,960.0,39.3525390625,value,46.4191894531,value,4,1402,169.0,,,zero_from_recording_start,,zero_from_recording_start,4,367.0,1153.0,164.0,475.0,79.0,,28.0,,,,,,,,,,,2
density_0_nback_1_id_29,29,d0_n1,34.1999816895,38.4000358582,41.8499450684,VALIDATED,52.5507888794,SINGLE,0.3999640941162852,0.5499641894837168,0.849964141800001,0.5499641894837168,0.5499641894837168,0.4499640464325694,38.950000047683716,38.450000047683716,False,False,False,,5.483623257163117e-05,4.2000541686999995,0.5499641894837168,,2.899945020716281,3.4499092101999977,10.700843811000006,14.150753021200003,,,0.04996418948371684,4.750018358183716,True,True,True,0.17343509380852823,0.2509854851537648,-0.9675132568269394,2,False,NOT_CONSISTENT,37.0,-1.0,788.429992677,100.36835889930994,104.06854218385195,0.7709280203024657,76.5959472656,46.8471940454259,135.56225455282376,,zero_from_recording_start,,zero_from_recording_start,4,1009.0,43.2575683594,value,51.2709960938,value,4,1429,174.0,,,zero_from_recording_start,,zero_from_recording_start,4,,1650.0,240.0,401.0,,,47.0,,,,,,,,,,,5
density_0_nback_1_id_2,2,d0_n1,34.1507377625,35.7000198364,40.45054245,VALIDATED,41.1505966187,MULTI_FIRST_TAKEN_AS_END_OF_FIRST_MANUAL_EPISODE,1.3999800682325656,1.5499801635999972,1.6499800682325656,1.749980211283713,0.8499801159162814,1.3499801159162814,37.25,36.950000047683716,False,False,False,36.799999952316284,7.099457502316284,1.5492820739000024,1.5499801635999972,-0.4500000476837158,3.2005424500000004,4.750522613599998,0.7000541686999995,5.450576782299997,1.0999801159162814,3.650542497683716,1.249980211283713,3.0992622374999996,True,True,True,0.1690426765915539,0.2947678408858663,-0.9920637599382385,2,False,NOT_CONSISTENT,37.0,-1.0,789.3891601545,101.503460381445,103.80718979073811,0.7722420244661872,96.033203125,59.877211508501745,135.97413639266892,,zero_from_recording_start,,zero_from_recording_start,4,990.0,39.9536132812,value,45.4948730469,value,4,1240,183.0,,,zero_from_recording_start,,zero_from_recording_start,4,,1423.0,213.0,220.0,,,,,,,,,,,,,,1
density_0_nback_1_id_30,30,d0_n1,34.149269104,36.0993804932,42.0997047424,VALIDATED,55.8995361328,SINGLE,2.350619554483714,2.4506194591162824,2.7506194114325666,4.000619411432567,1.05061960216743,2.2506194114325666,38.549999952316284,37.5,False,False,False,37.90000009536743,5.100295305283716,1.9501113892000035,2.4506194591162824,-0.6499998569488525,3.549704790083716,6.000324249199998,13.799831390400001,19.8001556396,1.80061960216743,4.1997046470325685,1.4006195067999982,4.400730848316286,True,True,True,0.1731837339692673,0.28020071985387063,-0.9929535560061898,3,False,NOT_CONSISTENT,37.0,-1.0,789.0108032225,99.50775194191,103.87634259456104,0.7736709453282433,80.8681640625,44.18966818655084,135.96131006062552,,zero_from_recording_start,,zero_from_recording_start,4,1008.0,43.1333007812,value,53.0539550781,value,4,1472,168.0,,,zero_from_recording_start,,zero_from_recording_start,4,292.0,1395.0,164.0,545.0,30.0,,77.0,,,,,,,,,,,4
density_0_nback_1_id_31,31,d0_n1,34.2501792908,36.6503181458,42.3003311157,VALIDATED,59.0002326965,SINGLE,2.0996818542,2.299681901883716,2.4996819495674316,2.4496817588325683,2.4496817588325683,2.2496819495674316,38.950000047683716,38.09999990463257,False,False,False,38.40000009536743,5.349668979667435,2.4001388550000016,2.299681901883716,-0.5499999523162842,3.350331068016281,5.650012969899997,16.699901580800002,22.3499145507,1.7496819495674316,3.9003310203325654,1.4496817588325683,4.699820756883717,True,True,True,0.17281570501166565,0.21844880547188428,-0.9865198880959508,2,False,NOT_CONSISTENT,37.0,-1.0,788.3724975575001,98.83345947157213,103.65014666181412,0.779723310246349,77.7326660156,43.20048918954567,135.40090671235689,,zero_from_recording_start,,zero_from_recording_start,4,1035.0,45.1713867188,value,54.5512695312,value,4,1514,191.0,,,zero_from_recording_start,,zero_from_recording_start,4,365.0,1380.0,122.0,622.0,34.0,,74.0,,,,,,,,,,,4
density_0_nback_1_id_32,32,d0_n1,34.1998214722,35.7498970032,39.2498931885,VALIDATED,47.3498725891,SINGLE,0.7501029968000026,0.9501030444837184,10.750102996800003,1.0001029968000026,1.0001029968000026,5.500102996800003,36.700000047683716,36.25,False,False,False,,,1.5500755309999974,0.9501030444837184,,2.5498931408162875,3.499996185300006,8.099979400599999,11.599975585900005,,,0.5001029968000026,2.500178575483716,True,True,True,0.16798654298077814,0.35393073068566233,-0.9900277350302633,2,False,NOT_CONSISTENT,37.0,-1.0,788.974304201,99.49649620207799,104.10369841957595,0.7962254268030476,103.154296875,72.18683873211815,135.8837620895266,,zero_from_recording_start,,zero_from_recording_start,4,936.0,39.3430175781,value,41.3715820312,value,4,1373,153.0,,,zero_from_recording_start,,zero_from_recording_start,4,343.0,1118.0,180.0,431.0,86.0,,21.0,,,,,,,,,,,9
density_0_nback_1_id_33,33,d0_n1,34.2500305176,35.4500656128,42.5000724792,VALIDATED,50.3996887207,SINGLE,2.1499342918325652,2.299934387199997,,,1.1499342918325652,2.049934387199997,37.75,36.75,False,False,False,38.90000009536743,3.449927568483716,1.2000350952000005,2.299934387199997,1.1500000953674316,4.7500724792,7.050006866399997,7.899616241499999,14.949623107899995,3.4499344825674285,3.6000723838325683,1.2999343871999969,3.4999694823999974,True,True,True,0.16988003155192233,0.26443418795677537,-0.9962280207756771,1,False,NOT_CONSISTENT,37.0,-1.0,788.381835938,98.83002929764298,103.50091552824995,0.7968514265897141,90.6494140625,33.761864702907054,135.35115197232324,,zero_from_recording_start,,zero_from_recording_start,4,968.0,40.9375,value,43.4462890625,value,4,1453,120.0,,,zero_from_recording_start,,zero_from_recording_start,4,356.0,1176.0,160.0,478.0,74.0,,33.0,,,,,,,,,,,6
density_0_nback_1_id_34,34,d0_n1,34.1994819641,35.749458313,39.4494934082,VALIDATED,53.6497879028,SINGLE,1.1005415916325703,1.300541639316286,2.1505417823674335,1.3505415916325703,1.3505415916325703,4.60054159163257,37.049999952316284,36.299999952316284,False,False,False,,,1.549976348899996,1.300541639316286,,2.3994934558837144,3.7000350952000005,14.200294494600001,17.900329589800002,,,0.5505416393162861,2.850517988216282,True,True,True,0.17792038845942784,0.30549999576236997,-0.9911965896944881,3,False,NOT_CONSISTENT,37.0,-1.0,789.0885009755,97.86007079992393,102.95184337970898,0.7824310500770713,99.00390625,72.8918289102041,135.87389867035273,,zero_from_recording_start,,zero_from_recording_start,4,971.0,39.2419433594,value,44.9350585938,value,4,1194,184.0,,,zero_from_recording_start,,zero_from_recording_start,4,628.0,1032.0,118.0,583.0,,,,12.0,294.0,,,,,,,,,5
density_0_nback_1_id_35,35,d0_n1,34.2003173828,36.9006309509,41.050201416,VALIDATED,52.2500495911,SINGLE,1.299369096783714,1.6993689537325665,12.449368953732566,1.799369096783714,1.799369096783714,11.74936914446743,38.59999990463257,37.5,False,False,False,38.799999952316284,5.499798536316284,2.7003135681000003,1.6993689537325665,0.20000004768371582,2.450201511367432,4.149570465099998,11.199848175100001,15.3494186402,1.8993690014162823,2.250201463683716,0.5993690490999981,4.399682521832567,True,True,True,0.1726504137338135,0.30057988984841266,-0.9939949063660837,1,False,NOT_CONSISTENT,37.0,-1.0,788.432556151,99.61225614432993,104.24853481202297,0.7913027683972126,80.9353027344,52.333904351183385,136.00031094824251,,zero_from_recording_start,,zero_from_recording_start,4,974.0,42.9428710938,value,44.6176757812,value,4,1462,155.0,,,zero_from_recording_start,,zero_from_recording_start,4,417.0,1146.0,148.0,522.0,81.0,,27.0,,,,,,,,,,,1
density_0_nback_1_id_36,36,d0_n1,34.2502593994,36.1502952576,42.2501831055,VALIDATED,60.4501571655,SINGLE,3.049704790083716,3.299704790083716,,3.549704790083716,3.549704790083716,2.999704837767432,39.450000047683716,38.84999990463257,False,False,False,38.049999952316284,5.949816942183716,1.900035858199999,3.299704790083716,-1.4000000953674316,2.800183057816284,6.0998878479,18.199974060000002,24.299861907900002,1.8997046947162843,4.2001831531837155,2.6997046470325685,5.199740648283715,True,True,True,0.1783911749617316,0.18241586540655805,-0.9888380754480741,3,False,NOT_CONSISTENT,37.0,-1.0,788.485412594,98.90972900049996,103.22137468693904,0.7744814911616116,71.8723144531,43.13783710961379,135.4405997812397,,zero_from_recording_start,,zero_from_recording_start,4,1046.0,45.7583007812,value,53.3549804688,value,4,1542,203.0,63.0,,zero_from_recording_start,,zero_from_recording_start,4,324.0,1468.0,134.0,628.0,,,,16.0,,,,,,,,,,1
density_0_nback_1_id_37,37,d0_n1,34.2006187439,37.4002876282,43.7501564026,VALIDATED,64.6998443604,SINGLE,1.8997123241162868,2.3497123718000026,2.8497123718000026,,1.1497123241162868,,39.75,38.799999952316284,False,False,False,39.299999952316284,5.649843692767433,3.199668884299996,2.3497123718000026,-0.4500000476837158,4.000156402599998,6.349868774400001,20.949687957799995,27.299556732199996,1.8997123241162868,4.450156450283714,1.3997123241162868,5.549381256099998,True,True,True,0.17888804279211581,0.2316433730264941,-0.9928111536887859,2,False,NOT_CONSISTENT,37.0,-1.0,788.8135986374999,98.59695134628345,103.13793987858276,0.7750699160035075,67.7104492188,22.370396314325443,136.009231155878,,zero_from_recording_start,,zero_from_recording_start,4,1893.0,45.5725097656,value,49.9067382812,value,4,1581,259.0,,,zero_from_recording_start,,zero_from_recording_start,4,670.0,1167.0,,,56.0,,52.0,,1.0,,,,,,,,,6
density_0_nback_1_id_38,38,d0_n1,34.1990203857,36.349281311,42.2496681213,VALIDATED,53.3493156433,SINGLE,1.1007187366837172,2.2007186413162856,,,5.800718784367433,1.0007185936325698,38.549999952316284,37.299999952316284,False,False,False,37.75,7.200331926383718,2.150260925299996,2.2007186413162856,-0.7999999523162842,3.699668168983713,5.900386810299999,11.099647522000005,17.000034332300004,1.4007186890000014,4.499668121299997,0.9507186413162856,4.350979566616282,True,True,True,0.17477066581489534,0.20052708608854486,-0.9833012146329784,3,False,NOT_CONSISTENT,37.0,-1.0,788.489074706,99.99238326412295,104.146118133448,0.7607796805918235,81.5388183594,43.95762124957769,135.86578938566137,,zero_from_recording_start,,zero_from_recording_start,4,1031.0,42.9848632812,value,54.384765625,value,4,1469,188.0,9.0,,zero_from_recording_start,,zero_from_recording_start,4,128.0,1536.0,170.0,465.0,,,,2.0,,,,,,,,,,7
density_0_nback_1_id_39,39,d0_n1,34.2003326416,35.5998878479,41.3001289368,VALIDATED,49.6001777649,SINGLE,2.9001121521,3.100112199783716,3.2001121044162844,3.2001121044162844,1.100112199783716,2.850112199783716,38.700000047683716,36.799999952316284,False,False,False,,,1.3995552063000005,3.100112199783716,,2.6001288891162844,5.7002410889,8.300048828100003,14.000289917000003,,,1.2001121044162844,4.4996674060837165,True,True,True,0.17373278639241607,0.4304538439897318,-0.8761258978452633,7,True,NOT_CONSISTENT,37.0,-1.0,789.1727294955001,97.3273128069651,103.85046351287212,0.7811987130476837,81.4719238281,62.90930704451956,135.75308613202552,,zero_from_recording_start,,zero_from_recording_start,4,956.0,47.1687011719,value,67.2404785156,value,4,1318,132.0,138.0,,zero_from_recording_start,,zero_from_recording_start,4,547.0,1032.0,143.0,492.0,10.0,,,,,3.0,1.0,1.0,,,,,,8
density_0_nback_1_id_3,3,d0_n1,34.1989974976,36.4500350952,41.099861145,VALIDATED,48.7999954224,SINGLE,1.1999650001674311,1.2999649047999995,1.8499648571162837,1.4499650001674311,1.4499650001674311,1.0499649047999995,37.75,37.450000047683716,False,False,False,36.549999952316284,8.400138855000002,2.2510375976000034,1.2999649047999995,-1.2000000476837158,3.3498611449999984,4.649826049799998,7.700134277400004,12.349960327200002,0.09996485711628367,4.549861192683714,0.9999649524837153,3.551002502400003,True,True,True,0.17276005246549508,0.22278720113727457,-0.9878775984806358,3,False,NOT_CONSISTENT,37.0,-1.0,788.474304202,100.38014173810245,103.97735625752296,0.7678391959723283,90.7612304688,55.32748020071308,135.9402498833385,,zero_from_recording_start,,zero_from_recording_start,4,1044.0,40.9873046875,value,49.955078125,value,4,1350,224.0,,,zero_from_recording_start,,zero_from_recording_start,4,26.0,1549.0,160.0,371.0,,,,,1.0,,,,,,,,,8
density_0_nback_1_id_40,40,d0_n1,34.2001571655,35.849697113,42.3994598389,VALIDATED,73.4998703003,SINGLE,3.5003027916325706,4.000302791632571,4.100302934683718,4.100302934683718,1.4003028870000023,3.9503028393162865,39.84999990463257,37.65000009536743,False,False,False,,,1.6495399474999957,4.000302791632571,,2.549459934267432,6.549762725900003,31.100410461400003,37.650173187300005,,,1.800302982367434,5.649842739132566,True,True,True,0.16827218285397944,0.34543891237846575,-0.938777931800252,6,True,NOT_CONSISTENT,37.0,-1.0,788.9508667035,99.38332519964796,103.51239037954406,0.7032534929752673,66.9301757812,48.05560711449536,135.48445715743958,,zero_from_recording_start,,zero_from_recording_start,4,1089.0,47.5778808594,value,64.2434082031,value,4,1719,243.0,,,zero_from_recording_start,,zero_from_recording_start,4,,2070.0,216.0,765.0,,,108.0,,,,,,,,,,,2
density_0_nback_1_id_41,41,d0_n1,34.200756073,38.6500930786,43.0006752014,VALIDATED,76.4999542236,SINGLE,1.9499068260325672,2.0499069690837146,2.349906921399999,2.099906921399999,2.099906921399999,1.9499068260325672,40.700000047683716,39.25,False,False,False,40.09999990463257,13.349324703232568,4.4493370056,2.0499069690837146,-0.6000001430511475,2.300675153716284,4.350582122799999,33.4992790222,37.849861145,1.4499068260325672,2.9006752967674316,0.5999069213999988,6.499243974683715,True,True,True,0.16859690150173456,0.2022138573230523,-0.986680294560686,4,False,NOT_CONSISTENT,37.0,-1.0,788.9610595734999,100.01820373852746,103.41473439613901,0.7585497554306306,57.5559082031,36.69384153059713,135.4732208804438,,zero_from_recording_start,,zero_from_recording_start,4,1241.0,49.0598144531,value,58.6398925781,value,4,1623,383.0,,,zero_from_recording_start,,zero_from_recording_start,4,,2129.0,45.0,843.0,,,123.0,,,,,,,,,,,1
density_0_nback_1_id_42,42,d0_n1,34.2000999451,36.7503509521,41.8506126404,VALIDATED,53.9001541138,SINGLE,1.7496490479000002,1.7996490002162844,1.949649095583716,1.9996490479000002,1.2496490479000002,1.699649095583716,38.549999952316284,38.25,False,False,False,39.799999952316284,4.099387407283714,2.550251007,1.7996490002162844,1.25,3.300612688083717,5.100261688300002,12.049541473399998,17.1498031617,3.0496490002162844,2.050612688083717,1.4996490479000002,4.349900007216284,True,True,True,0.1788174569276393,0.3584500538094113,-0.9876500909428063,3,False,NOT_CONSISTENT,37.0,-1.0,789.0386962929999,98.21478271867588,103.37756330206093,0.7862490423166514,81.4509277344,46.598783129542504,135.8509481591604,,zero_from_recording_start,,zero_from_recording_start,4,979.0,42.8552246094,value,51.2602539062,value,4,1496,144.0,,,zero_from_recording_start,,zero_from_recording_start,4,411.0,1198.0,151.0,548.0,69.0,,38.0,,,,,,,,,,,7
density_0_nback_1_id_43,43,d0_n1,34.1995582581,37.3495559692,42.1995925903,VALIDATED,63.2496070862,SINGLE,1.200443983116287,1.2504439354325712,,2.5504441261674344,2.5504441261674344,1.1504440308000028,38.59999990463257,38.450000047683716,False,False,False,39.90000009536743,,3.1499977110999993,1.2504439354325712,1.3000001907348633,3.5995926856674316,4.850036621100003,21.0500144959,25.900051117000004,2.5504441261674344,2.2995924949325683,1.1004440784837186,4.40044164653257,True,True,True,0.16973614528268355,0.1832528424547799,-0.9652940122373672,3,False,NOT_CONSISTENT,37.0,-1.0,788.667480465,100.59210862722948,103.58874483012812,0.760992256284839,80.9802246094,44.04943641225692,135.95519628957126,,zero_from_recording_start,,zero_from_recording_start,4,1056.0,43.0681152344,value,53.6162109375,value,4,1640,214.0,,,zero_from_recording_start,,zero_from_recording_start,4,262.0,1603.0,168.0,641.0,,,,,,11.0,,,,,,,,9
density_0_nback_1_id_44,44,d0_n1,34.2003211975,35.6505088806,41.150554657,VALIDATED,54.7501487732,SINGLE,1.8494911193999997,2.5994911193999997,3.5994911193999997,3.2994911670837155,3.2994911670837155,1.7494912147674313,38.25,37.15000009536743,False,False,False,37.75,7.3994452953162835,1.4501876830999976,2.5994911193999997,-0.5,2.9005546570000007,5.5000457764,13.599594116200002,19.099639892600003,2.0994911193999997,3.4005546570000007,1.4994912147674313,4.049678802499997,True,True,True,0.17332900409061916,0.2207139657235783,-0.9865875573782774,3,True,NOT_CONSISTENT,37.0,-1.0,788.4474487320001,99.66748657341313,104.32647697389405,0.7727390266952632,85.1794433594,57.03493481604366,135.51618138041968,,zero_from_recording_start,,zero_from_recording_start,4,1041.0,42.5544433594,value,53.78125,value,4,1418,220.0,,,zero_from_recording_start,,zero_from_recording_start,4,349.0,1296.0,113.0,541.0,50.0,,57.0,,,,,,,,,,,8
density_0_nback_1_id_45,45,d0_n1,34.2007217407,35.0500564575,42.3501281738,VALIDATED,50.5500526428,SINGLE,1.5999436378674332,1.6999435425000016,2.54994344713257,2.6499435901837174,0.6999435425000016,1.4999434948162857,36.75,36.15000009536743,False,False,False,,4.899871826199998,0.8493347168000014,1.6999435425000016,,5.600128173800002,7.300071716300003,8.199924468999995,15.499996185299999,,,1.0999436378674332,2.549278259300003,True,True,True,0.17264575292103798,0.25840363604252753,-0.9852969517100216,2,False,NOT_CONSISTENT,37.0,-1.0,788.5481567365,98.19747621836702,103.32452422164795,0.7862611215907129,102.407226562,37.732907551206715,135.74572961207247,,zero_from_recording_start,,zero_from_recording_start,4,974.0,38.3757324219,value,47.0534667969,value,4,1332,129.0,144.0,,zero_from_recording_start,,zero_from_recording_start,4,543.0,1046.0,128.0,508.0,21.0,,,,,5.0,,,,,,,,8
density_0_nback_1_id_46,46,d0_n1,34.2001571655,36.1000785828,42.0502929688,VALIDATED,55.0502700806,SINGLE,2.4999213218325664,2.649921417199998,2.9999213218325664,2.6999213695162823,2.6999213695162823,2.4999213218325664,38.75,37.09999990463257,False,False,False,38.200000047683716,6.699707031199999,1.8999214172999999,2.649921417199998,-0.5499999523162842,3.300292968800001,5.950214385999999,12.9999771118,18.9501914978,2.099921464883714,3.850292921116285,0.9999213218325664,4.549842834499998,True,True,True,0.168950617911634,0.23595897951866093,-0.9735360952351888,4,True,NOT_CONSISTENT,37.0,-1.0,789.1373291044999,98.20473633105989,104.14501995148294,0.7564078062526338,79.3586425781,56.15657819448537,135.30281806679707,,zero_from_recording_start,,zero_from_recording_start,3,1040.0,44.4658203125,value,70.7939453125,value,3,1444,201.0,,,zero_from_recording_start,,zero_from_recording_start,3,357.0,1293.0,110.0,551.0,51.0,,56.0,,,,,,,,,,,3
density_0_nback_1_id_47,47,d0_n1,34.200302124,36.500289917,39.9502830505,VALIDATED,57.3003616333,SINGLE,0.8997101783674282,1.099709987632565,1.2497100829999965,1.099709987632565,1.099709987632565,1.0497100353162807,37.59999990463257,36.59999990463257,False,False,False,37.549999952316284,8.89971685413257,2.2999877930000068,1.099709987632565,-0.04999995231628418,2.3502831458674294,3.4499931334999943,17.350078582800002,20.800071716299996,1.0497100353162807,2.4002830981837135,0.09970998763256489,3.3996977806325717,True,True,True,0.17013704084631442,0.24133931526034175,-0.9834097429927778,3,True,NOT_CONSISTENT,37.0,-1.0,788.759277343,98.523248290512,103.16003465546203,0.7621893585437403,92.3376464844,68.36631380486803,135.7320130297615,,zero_from_recording_start,,zero_from_recording_start,4,1043.0,41.3288574219,value,49.0251464844,value,4,1456,246.0,,,zero_from_recording_start,,zero_from_recording_start,4,451.0,1232.0,97.0,606.0,63.0,,44.0,,,,,,,,,,,8
density_0_nback_1_id_48,48,d0_n1,34.1504135132,36.2003974915,48.5500869751,VALIDATED,66.550239563,SINGLE,2.1496024131325697,2.249602556183717,,,0.949602603867433,1.9996025561837172,38.450000047683716,38.049999952316284,False,False,False,42.75,6.649913072583715,2.0499839782999985,2.249602556183717,4.299999952316284,10.100086927416285,12.349689483600002,18.000152587900004,30.349842071500007,6.549602508500001,5.800086975100001,1.8496024608162855,4.299586534483716,True,True,True,0.1730911294137501,0.10918121394389078,-0.6221154022127902,2,True,NOT_CONSISTENT,37.0,-1.0,788.8839721675001,98.5460205076091,103.74597147100906,0.7168478054820957,82.3801269531,27.24031964931208,135.96561187485682,,zero_from_recording_start,,zero_from_recording_start,4,1203.0,43.4790039062,value,154.125488281,value,4,1580,234.0,,,zero_from_recording_start,,zero_from_recording_start,4,,1931.0,107.0,621.0,,,117.0,,,,,,,,,,,6
density_0_nback_1_id_49,49,d0_n1,34.1999282837,36.7999038696,42.4998512268,VALIDATED,78.9998855591,SINGLE,2.550096035032567,2.750096082716283,2.9000961780837144,2.9500961303999986,0.9500961303999986,2.500096082716283,39.549999952316284,38.0,False,False,False,39.049999952316284,21.000148773200003,2.5999755859000047,2.750096082716283,-0.5,2.949851274483713,5.699947357199996,36.5000343323,42.19998168949999,2.250096082716283,3.449851274483713,1.2000961303999986,5.3500716686162875,True,True,True,0.17151869179530807,0.3127500537733888,-0.9916426651091113,3,False,NOT_CONSISTENT,37.0,-1.0,789.146423338,99.71287827335297,103.45013448386601,0.7700925525710671,70.0505371094,41.01812930903323,135.74462228001747,,zero_from_recording_start,,zero_from_recording_start,4,2179.0,46.4729003906,value,55.7490234375,value,4,1602,496.0,,,zero_from_recording_start,,zero_from_recording_start,4,181.0,1998.0,,,,,81.0,,,,,,,,,,,4
density_0_nback_1_id_4,4,d0_n1,34.1995201111,37.2995643616,41.1491508484,VALIDATED,49.5995483398,SINGLE,0.8504357337674335,1.0504355430325703,1.250435590716286,1.0504355430325703,1.0504355430325703,1.1504356860837177,38.34999990463257,37.5,False,False,False,,0.0008492469674337144,3.100044250499998,1.0504355430325703,,2.7991509437674296,3.8495864868,8.450397491400004,12.299983978200004,,,0.2004356384000019,4.150479793532568,True,True,True,0.17159107646295574,0.22957883773238513,-0.9712663042496249,3,False,NOT_CONSISTENT,37.0,-1.0,789.192626953,100.51037006390897,104.30474814756997,0.7658594951676937,83.5588378906,54.460130830937395,135.72561670974295,,zero_from_recording_start,,zero_from_recording_start,4,1094.0,42.9931640625,value,50.525390625,value,4,1304,273.0,,,zero_from_recording_start,,zero_from_recording_start,4,,1591.0,122.0,375.0,,,,,,14.0,,,,,,,,2
density_0_nback_1_id_50,50,d0_n1,34.1997947693,36.8997154236,43.7498092651,VALIDATED,60.2499275208,SINGLE,3.2002844810325684,3.300284624083716,3.900284528716284,3.9502844810325684,1.1002845764,3.2002844810325684,40.200000047683716,38.65000009536743,False,False,False,39.75,6.400190830267434,2.6999206543000014,3.300284624083716,-0.4500000476837158,3.549809217416282,6.850093841499998,16.500118255700002,23.3502120972,2.8502845764,3.999809265099998,1.7502846717674316,6.000205278383717,True,True,True,0.1682264217504007,0.22007965611886424,-0.9888312961571494,3,False,NOT_CONSISTENT,37.0,-1.0,789.00744629,99.45505113688996,103.24328643152296,0.7673924202549391,62.9189453125,28.488905632840858,135.82772664263513,,zero_from_recording_start,,zero_from_recording_start,4,1057.0,48.2075195312,value,60.1689453125,value,4,1575,184.0,,,zero_from_recording_start,,zero_from_recording_start,4,24.0,1781.0,181.0,567.0,,,46.0,,,,,,,,,,,2
density_0_nback_1_id_51,51,d0_n1,34.1993293762,36.0993461609,43.0002174377,VALIDATED,54.6494140625,SINGLE,1.7006537914162863,2.0506539344674337,2.5506539344674337,,1.2006537914162863,1.600653886783718,38.15000009536743,37.59999990463257,False,False,False,,4.749782562299998,1.9000167847,2.0506539344674337,,4.85021734233257,6.900871276800004,11.649196624799998,18.550067901600002,,,1.5006537437325704,3.9506707191674337,True,True,True,0.17455075971993217,0.2150573827983343,-0.9847375683998892,2,False,NOT_CONSISTENT,37.0,-1.0,788.7484741185001,98.90441865622412,103.41284137714217,0.7692375487992974,86.0864257812,35.86192417714674,136.0085860962171,,zero_from_recording_start,,zero_from_recording_start,4,1007.0,42.0324707031,value,56.5112304688,value,4,1463,149.0,,,zero_from_recording_start,,zero_from_recording_start,4,255.0,1409.0,168.0,517.0,28.0,,80.0,,,,,,,,,,,3
density_0_nback_1_id_52,52,d0_n1,34.2490653992,36.600025177,44.7491226196,VALIDATED,66.4999389648,SINGLE,5.199974775316285,6.349974870683717,6.499974727632569,6.449974775316285,6.449974775316285,4.999974727632569,42.950000047683716,41.049999952316284,False,False,False,39.59999990463257,9.550877332716283,2.3509597778,6.349974870683717,-3.3500001430511475,1.7991225719162856,8.149097442600002,21.750816345199993,29.899913787799996,2.9999747276325692,5.149122714967433,4.449974775316285,8.700934648483717,True,True,True,0.1821631323434682,0.14687910669015525,-0.8238444410467366,7,False,NOT_CONSISTENT,37.0,-1.0,789.2669677705001,99.39041137406002,103.0377193805233,0.7129802918951152,49.7272949219,41.14447639517536,135.00287980330035,,zero_from_recording_start,,zero_from_recording_start,3,1202.0,80.4304199219,value,99.7348632812,value,3,893,1037.0,,,zero_from_recording_start,,zero_from_recording_start,3,309.0,1407.0,351.0,377.0,214.0,,,,,,,,,,,,,2
density_0_nback_1_id_53,53,d0_n1,34.1498222351,35.8503456116,39.8996315002,VALIDATED,50.6503448486,SINGLE,1.699654340716286,1.8496544360837177,2.0496544837674335,1.9996542930325703,1.9996542930325703,1.5996544360837177,37.700000047683716,37.40000009536743,False,False,False,37.09999990463257,5.450368404432567,1.7005233765000014,1.8496544360837177,-0.6000001430511475,2.199631452516286,4.049285888600004,10.750713348399998,14.799999237000002,1.2496542930325703,2.7996315955674334,1.5496544837674335,3.550177812583719,True,True,True,0.17030239109068598,0.4154414741808449,-0.989488133381773,3,False,NOT_CONSISTENT,37.0,-1.0,789.2531127904999,98.83142089549995,103.895568726041,0.7914088183150653,90.8723144531,66.67057616667681,136.1766176025359,,zero_from_recording_start,,zero_from_recording_start,4,969.0,40.3083496094,value,45.6335449219,value,4,1409,173.0,,,zero_from_recording_start,,zero_from_recording_start,4,441.0,1076.0,145.0,499.0,86.0,,22.0,,9.0,,10.0,,,,,,,3
density_0_nback_1_id_54,54,d0_n1,34.2505226135,36.050163269,43.0003547668,VALIDATED,51.900177002,SINGLE,2.1998367309999978,2.549836635632566,3.9498367309999978,3.999836683316282,1.7998366356325661,2.049836635632566,38.59999990463257,38.049999952316284,False,False,False,39.25,4.249645233199999,1.7996406554999993,2.549836635632566,0.6500000953674316,4.400354862167433,6.950191497799999,8.899822235199998,15.850013732999997,3.1998367309999978,3.750354766800001,1.999836683316282,4.349477291132565,True,True,True,0.17490437842387815,0.23957608692362584,-0.9893029712284778,3,False,NOT_CONSISTENT,37.0,-1.0,788.3662719735,99.00529482484949,103.19439679456093,0.7785361293498698,81.3156738281,35.59832804325324,135.75133174374454,,zero_from_recording_start,,zero_from_recording_start,4,989.0,43.7302246094,value,56.0803222656,value,4,1429,131.0,,,zero_from_recording_start,,zero_from_recording_start,4,210.0,1399.0,185.0,464.0,29.0,,78.0,,,,,,,,,,,2
density_0_nback_1_id_55,55,d0_n1,34.1993598938,37.2493057251,44.6492080688,VALIDATED,62.2993011475,SINGLE,3.700694322583715,3.950694322583715,4.800694227216283,4.800694227216283,2.1006941795325673,3.6506943702674306,41.200000047683716,39.40000009536743,False,False,False,39.84999990463257,5.7507920265674315,3.0499458313000005,3.950694322583715,-1.3500001430511475,3.4492080211162843,7.399902343699999,17.650093078700003,25.049995422400002,2.6006941795325673,4.799208164167432,2.1506943702674306,7.000640153883715,True,True,True,0.16925132122909214,0.2070687830324718,-0.9766494902838432,3,False,NOT_CONSISTENT,37.0,-1.0,789.1564331059999,99.44569101386789,103.64013713698284,0.767080134385007,54.8645019531,24.894225684641704,135.7432504836063,,zero_from_recording_start,,zero_from_recording_start,4,1049.0,55.154296875,value,72.2353515625,value,4,1640,158.0,48.0,,zero_from_recording_start,,zero_from_recording_start,4,348.0,1486.0,140.0,657.0,,,,12.0,,,,,,,,,,6
density_0_nback_1_id_56,56,d0_n1,34.1994018555,35.6995353699,40.9999351501,VALIDATED,52.249256134,SINGLE,2.6504645347325706,2.8004646301000022,2.950464725467434,3.1004645824162864,1.7004647254674339,2.6004645824162864,38.5,38.15000009536743,False,False,False,38.25,6.5500648022162835,1.500133514399998,2.8004646301000022,-0.25,2.4999351501000007,5.300399780200003,11.249320983899999,16.5497207641,2.5504646301000022,2.7499351501000007,2.450464725467434,4.3005981445,True,True,True,0.17014961813139273,0.3394926042190203,-0.9902653005811073,2,False,NOT_CONSISTENT,37.0,-1.0,789.145568844,98.74520263279997,103.62853967812202,0.7852453134491217,81.8139648438,54.40664960926535,135.65700780908787,,zero_from_recording_start,,zero_from_recording_start,4,998.0,43.2932128906,value,47.7458496094,value,4,1422,180.0,,,zero_from_recording_start,,zero_from_recording_start,4,360.0,1218.0,135.0,511.0,66.0,,42.0,,,,,,,,,,,6
density_0_nback_1_id_57,57,d0_n1,34.2000465393,36.9502029419,40.2500991821,VALIDATED,56.1502342224,SINGLE,1.2497971057837134,1.3497970104162818,1.399796962732566,1.399796962732566,1.399796962732566,1.0997970104162818,38.299999952316284,38.0,False,False,False,,,2.7501564026000054,1.3497970104162818,,1.9500992297837172,3.299896240199999,15.9001350403,19.2000312805,,,1.0497970580999976,4.099953413016287,True,True,True,0.17734701818122653,0.3742185154518844,-0.989806622070627,3,False,NOT_CONSISTENT,37.0,-1.0,788.528625488,100.26243286060202,103.74646016886607,0.766278762686541,84.0295410156,63.99765375193188,135.60498214561153,,zero_from_recording_start,,zero_from_recording_start,4,1063.0,41.767578125,value,46.9985351562,value,4,1367,260.0,,,zero_from_recording_start,,zero_from_recording_start,4,,1723.0,233.0,427.0,,,96.0,,,,,,,,,,,1
density_0_nback_1_id_5,5,d0_n1,34.1992645264,36.5993156433,41.7497711182,VALIDATED,54.5498008728,SINGLE,1.3006844520674292,1.3506844043837134,6.850684404383713,,1.1506843566999976,1.250684261332566,37.950000047683716,37.75,False,False,False,37.65000009536743,4.750228881799998,2.400051116900002,1.3506844043837134,-0.2999999523162842,3.799771070516286,5.150455474899999,12.800029754599997,17.950485229499996,1.0506844520674292,4.09977102283257,1.1506843566999976,3.7507355212837155,True,True,True,0.1698101427759714,0.2962919369888789,-0.9819700834342874,2,False,NOT_CONSISTENT,37.0,-1.0,789.2371826189999,98.51643099974886,103.61865191336585,0.7858742683339923,88.0437011719,46.650009649261804,135.59489838590926,,zero_from_recording_start,,zero_from_recording_start,4,979.0,41.8918457031,value,50.2553710938,value,4,1277,146.0,,,zero_from_recording_start,,zero_from_recording_start,4,633.0,1055.0,118.0,594.0,,,,3.0,268.0,,,,,,,,,7
density_0_nback_1_id_6,6,d0_n1,34.1993103027,37.3001098633,43.7001075745,VALIDATED,56.3001213074,SINGLE,0.5998902320674304,1.7998900413325671,2.249890089016283,2.3998901843837146,0.6498901843837146,0.5498900413325671,39.09999990463257,38.84999990463257,False,False,False,,0.04989242549999773,3.1007995606000023,1.7998900413325671,,4.600107669867434,6.399997711200001,12.600013732899995,19.000011444099997,,,1.5498900413325671,4.900689601932569,True,True,True,0.16826223050332115,0.19049460529470613,-0.6329124672029385,2,True,NOT_CONSISTENT,37.0,-1.0,788.600646969,96.87115478184992,103.81958022376193,0.7570547320788656,79.9194335938,62.05792643184288,135.8688471832672,,zero_from_recording_start,,zero_from_recording_start,4,1027.0,52.3618164062,value,113.838378906,value,4,1487,155.0,84.0,,zero_from_recording_start,,zero_from_recording_start,4,263.0,1442.0,154.0,545.0,21.0,,,,,,,,,,,,,1
density_0_nback_1_id_7,7,d0_n1,34.1997146606,37.100402832,41.5503845215,VALIDATED,55.4003067017,SINGLE,1.0495972633674313,2.7995972633674313,14.399597168,2.7995972633674313,2.7995972633674313,6.049597263367431,39.90000009536743,37.799999952316284,False,False,False,38.40000009536743,6.249615430816284,2.900688171399999,2.7995972633674313,-1.5,1.6503844261325682,4.4499816894999995,13.849922180200004,18.299903869700003,1.2995972633674313,3.150384426132568,0.6995971203162838,5.70028543476743,True,True,True,0.16789500484062855,0.2464227497575986,-0.9935054347074473,2,False,NOT_CONSISTENT,37.0,-1.0,788.610961914,99.35355205533595,103.8763431306279,0.7729996178817948,66.5546875,49.552823096210616,135.70356421948182,,zero_from_recording_start,,zero_from_recording_start,4,995.0,47.0588378906,value,51.041015625,value,4,1485,166.0,,,zero_from_recording_start,,zero_from_recording_start,4,364.0,1294.0,154.0,559.0,50.0,,57.0,,,,,,,,,,,3
density_0_nback_1_id_8,8,d0_n1,34.2006416321,36.0007667542,39.0498657227,VALIDATED,58.2508926392,SINGLE,0.9492332934837151,1.0492331981162835,1.149233341167431,1.0992331504325676,1.0992331504325676,0.7992331981162835,37.049999952316284,36.59999990463257,False,False,False,,9.150134324983718,1.800125122099999,1.0492331981162835,,1.999865770383714,3.0490989684999974,19.201026916500005,22.250125885000003,,,0.5992331504325676,2.8493583202162824,True,True,True,0.1740647458453347,0.36712677192687715,-0.9906206429123515,3,False,NOT_CONSISTENT,37.0,-1.0,788.5591430675,99.34426231515208,104.00262427457994,0.7895531203630043,98.6335449219,76.1327876110255,135.44351147547604,,zero_from_recording_start,,zero_from_recording_start,4,1002.0,39.7197265625,value,43.3461914062,value,4,1491,223.0,,,zero_from_recording_start,,zero_from_recording_start,4,449.0,1260.0,131.0,632.0,56.0,,51.0,,,,,,,,,,,3
density_0_nback_1_id_9,9,d0_n1,34.2001113892,35.8999900818,41.5500793457,VALIDATED,51.9004173279,SINGLE,1.8500099182000014,1.9000098705162856,2.1000099182000014,3.250010013567433,1.000010013567433,1.8000099658837172,37.799999952316284,37.59999990463257,False,False,False,38.799999952316284,,1.6998786925999951,1.9000098705162856,1.0,3.7500793933837144,5.6500892639,10.350337982200003,16.000427246100003,2.9000098705162856,2.7500793933837144,1.7000098228325697,3.5998885631162807,True,True,True,0.1724872440720017,0.32904341677130494,-0.9896993340480594,3,False,NOT_CONSISTENT,37.0,-1.0,788.6632690455,100.23750305421751,103.91809055490398,0.7681302094468567,90.0961914062,50.833769434835794,135.99704284611104,,zero_from_recording_start,,zero_from_recording_start,4,987.0,41.0888671875,value,51.9272460938,value,4,1458,158.0,,,zero_from_recording_start,,zero_from_recording_start,4,,1638.0,238.0,413.0,,,22.0,,,,,,,,,,,4
density_0_nback_2_id_10,10,d0_n2,31.7995815277,34.0494766235,39.3995361328,VALIDATED,54.7506217957,SINGLE,1.8005232811325698,2.5505232811325698,3.1505234241837172,2.5505232811325698,2.5505232811325698,2.5005233288162856,36.59999990463257,34.25,False,False,False,36.549999952316284,4.550463914883714,2.2498950957999995,2.5505232811325698,-0.04999995231628418,2.799536228167433,5.350059509300003,15.351085662899997,20.7011451722,2.5005233288162856,2.8495361804837174,0.2005233765000014,4.800418376932569,True,True,True,0.0010817977803656647,0.1530861405212742,-0.9682549182337086,3,False,CONSISTENT,23.0,1.0,205.28273725539998,0.2314677242799803,1.090210437899998,1.000207974358097,71.4100341797,30.708768520421465,172.46284015961453,,zero_from_recording_start,,zero_from_recording_start,4,966.0,85.5614013672,value,117.226318359,value,4,1354,180.0,,,zero_from_recording_start,,zero_from_recording_start,4,,1695.0,86.0,643.0,,,161.0,,,,,,,,,,,3
density_0_nback_2_id_11,11,d0_n2,31.8001747131,33.1502952576,37.1000175476,VALIDATED,52.050163269,SINGLE,1.8997046947162843,1.9997048377674318,2.0997047424,1.9997048377674318,1.9997048377674318,1.8497047424000002,35.15000009536743,33.25,False,False,False,34.75,2.8999824524000033,1.350120544500001,1.9997048377674318,-0.40000009536743164,1.950017452232565,3.949722289999997,14.950145721400006,18.899868011400002,1.5997047424000002,2.3500175475999967,0.09970474240000016,3.349825382267433,True,True,True,0.0010927605677803949,0.33032438403890746,-0.9917500823216974,2,False,CONSISTENT,23.0,1.0,205.66882133459998,0.25063514662498676,1.149065018200048,1.0004975412849035,93.6420288086,50.62517709686522,172.51143660100033,,zero_from_recording_start,,zero_from_recording_start,4,849.0,68.2038574219,value,76.1934814453,value,4,1221,109.0,,,zero_from_recording_start,,zero_from_recording_start,4,,1641.0,206.0,586.0,,,311.0,,,,,,,,,,,4
density_0_nback_2_id_12,12,d0_n2,31.7492523193,32.4492111206,36.699306488,VALIDATED,45.5492744446,SINGLE,2.1007888317162866,2.2507889270837182,2.7507889270837182,2.2507889270837182,2.2507889270837182,2.150788784032571,34.700000047683716,32.700000047683716,False,False,False,34.09999990463257,3.200693607367434,0.6999588012999993,2.2507889270837182,-0.6000001430511475,1.999306440316282,4.2500953674,8.849967956600004,13.100063324000004,1.6507887840325708,2.5993065833674294,0.25078892708371825,2.9507477283837176,True,True,True,0.001065977547716226,0.45829693220610057,-0.9972006589728528,1,False,CONSISTENT,23.0,1.0,205.47418260549,0.2739399906700037,1.1706309318099954,1.0018400157001146,102.022094727,54.73127099010415,173.01558059400153,,zero_from_recording_start,,zero_from_recording_start,4,833.0,64.7145996094,value,69.8332519531,value,4,1160,101.0,,,zero_from_recording_start,,zero_from_recording_start,4,,1511.0,155.0,523.0,,,250.0,,,,,,,,,,,1
density_0_nback_2_id_13,13,d0_n2,31.7993583679,33.699256897,37.6493377686,VALIDATED,46.8494987488,SINGLE,1.4007430076325704,1.7507431506837179,2.4007430076325704,1.7507431506837179,1.7507431506837179,2.9007430076325704,35.450000047683716,33.950000047683716,False,False,False,35.15000009536743,3.750662326767433,1.8998985290999997,1.7507431506837179,-0.2999999523162842,2.199337720916283,3.950080871600001,9.200160980200003,13.150241851800004,1.4507431983674337,2.499337673232567,0.2507431506837179,3.6506416797837176,True,True,True,0.0011698398700991423,0.304991830126416,-0.9959916303633867,2,False,CONSISTENT,23.0,1.0,205.6678123474,0.25435256967499953,1.1211204530999908,1.0005418306083391,86.0830688477,36.98834043300794,172.23674373146994,,zero_from_recording_start,,zero_from_recording_start,4,886.0,68.5668945312,value,76.9189453125,value,4,1282,135.0,,,zero_from_recording_start,,zero_from_recording_start,4,,1537.0,131.0,520.0,,,120.0,,,,,,,,,,,2
density_0_nback_2_id_14,14,d0_n2,31.7500171661,32.5009155273,35.1001853943,VALIDATED,39.7501945496,SINGLE,0.4990844726999981,0.7490844726999981,0.8490843773325665,0.7490844726999981,0.7490844726999981,0.7490844726999981,33.25,32.549999952316284,False,False,False,,4.74981451033257,0.7508983612000009,0.7490844726999981,,1.8501853942999986,2.5992698669999967,4.650009155300005,7.249279022300001,,,0.049084425016282296,1.499982833899999,True,True,True,0.0010940294153672166,0.4322176724702807,-0.99552104585488,1,False,CONSISTENT,23.0,1.0,204.69382607971,0.1866461031900073,1.1503244638900014,1.0000933004956236,136.506652832,92.70490891627425,172.75844791383062,,zero_from_recording_start,,zero_from_recording_start,4,877.0,62.2421035767,value,67.0681152344,value,4,1117,177.0,,,zero_from_recording_start,,zero_from_recording_start,4,,1394.0,118.0,399.0,,,100.0,,,,,,,,,,,1
density_0_nback_2_id_15,15,d0_n2,31.8005638123,32.5001525879,38.0500526428,VALIDATED,48.0500869751,SINGLE,0.6998474597837188,2.5998473167325713,2.799847364416287,2.749847412100003,2.749847412100003,2.4498474597837188,35.09999990463257,34.75,False,False,False,34.65000009536743,4.449947357200003,0.6995887755999988,2.5998473167325713,-0.4499998092651367,2.950052738167429,5.5499000549,10.000034332300004,15.549934387200004,2.1498475074674346,3.4000525474325656,2.249847412100003,3.29943609233257,True,True,True,0.0010459129053711363,0.19628980655395256,-0.9626166841991383,3,True,CONSISTENT,23.0,1.0,204.8843765261,0.23039169366997497,0.9590797422999913,1.0011021362323351,98.272644043,53.1759567814587,171.94484577913684,,zero_from_recording_start,,zero_from_recording_start,4,920.0,72.8369140625,value,104.361572266,value,4,1351,161.0,,,zero_from_recording_start,,zero_from_recording_start,4,,1561.0,127.0,514.0,,,49.0,,,,,,,,,,,6
density_0_nback_2_id_16,16,d0_n2,31.8001308441,33.0000953674,37.6000442505,VALIDATED,50.0508804321,SINGLE,1.0999045372325682,1.9499046802837157,3.7499046326,1.9499046802837157,1.9499046802837157,1.0999045372325682,34.950000047683716,33.09999990463257,False,False,False,36.0,4.5499558448674335,1.1999645233000003,1.9499046802837157,1.0499999523162842,2.6500442028162823,4.599948883099998,12.450836181600003,17.0507850647,2.9999046326,1.600044250499998,0.0999045372325682,3.149869203583716,True,True,True,0.001219290700649573,0.24549306082891126,-0.9949773347688535,2,False,CONSISTENT,23.0,1.0,205.29133558264,0.14892244341001515,1.138336658260016,1.000395131597854,97.0044555664,35.69478034813818,172.41893776026396,,zero_from_recording_start,,zero_from_recording_start,4,900.0,67.6129150391,value,76.0297851562,value,4,1293,150.0,,,zero_from_recording_start,,zero_from_recording_start,4,,1601.0,112.0,589.0,,,158.0,,,,,,,,,,,3
density_0_nback_2_id_17,17,d0_n2,31.8001346588,33.5002365112,36.6501617432,VALIDATED,44.5003395081,SINGLE,0.5497634411162835,0.899763584167431,1.1997635364837151,0.899763584167431,0.899763584167431,1.0997633934325677,34.40000009536743,33.65000009536743,False,False,False,34.34999990463257,3.6998381614325666,1.7001018523999996,0.899763584167431,-0.05000019073486328,2.25016164783257,3.149925232000001,7.850177764899996,11.000102996899997,0.8497633934325677,2.3001618385674334,0.14976358416743096,2.5998654365674305,True,True,True,0.0010594138127111032,0.3269343710239545,-0.9940444547390795,1,False,CONSISTENT,23.0,1.0,205.29622364013,0.2465834617600109,1.1091947555700017,1.0005015272260833,110.097229004,56.93413223365522,172.4886639383406,,zero_from_recording_start,,zero_from_recording_start,4,856.0,66.1614837646,value,72.3615722656,value,4,1132,125.0,,,zero_from_recording_start,,zero_from_recording_start,4,,1490.0,127.0,507.0,,,233.0,,,,,,,,,,,5
density_0_nback_2_id_18,18,d0_n2,31.8001861572,32.7999458313,36.65001297,VALIDATED,46.2497444153,SINGLE,1.2000541686999995,1.5500540733325678,1.8500542640674311,1.5500540733325678,1.5500540733325678,1.5500540733325678,34.34999990463257,33.299999952316284,False,False,False,34.049999952316284,4.749987125367433,0.9997596741000017,1.5500540733325678,-0.2999999523162842,2.3000130653674304,3.8500671386999983,9.599731445300002,13.449798584,1.2500541210162837,2.6000130176837146,0.5000541210162837,2.5498137474325695,True,True,True,0.0011009352918638692,0.2538570777171027,-0.9924933114973725,2,False,CONSISTENT,23.0,1.0,204.4930458069,0.19414482139999906,1.3479270939000116,1.0000032796477354,110.250671387,56.79843431669215,171.34921793410325,,zero_from_recording_start,,zero_from_recording_start,3,891.0,65.009765625,value,71.8405761719,value,3,1308,160.0,,,zero_from_recording_start,,zero_from_recording_start,3,,1525.0,137.0,497.0,,,57.0,,,,,,,,,,,7
density_0_nback_2_id_19,19,d0_n2,31.7500152588,33.5005683899,37.4498901367,VALIDATED,46.9501075745,MULTI_FIRST_TAKEN_AS_END_OF_FIRST_MANUAL_EPISODE,1.1994316577837125,1.4994316100999967,11.699431657783713,1.4994316100999967,1.4994316100999967,1.1494317054674283,35.0,33.84999990463257,False,False,False,34.799999952316284,2.0501098633000012,1.750553131100002,1.4994316100999967,-0.20000004768371582,2.4498901366999988,3.9493217467999955,9.500217437800003,13.449539184599999,1.2994315624162809,2.6498901843837146,0.34943151473256506,3.2499847411999987,True,True,True,0.001291035105187417,0.20716450096967284,-0.9911725399692748,2,False,CONSISTENT,23.0,1.0,204.6913037302,0.17525968502000636,1.149119853299993,1.000209675332607,95.4949951172,40.237600377520025,172.95838418580135,,zero_from_recording_start,,zero_from_recording_start,4,891.0,67.4226074219,value,76.2736816406,value,4,1168,144.0,,,zero_from_recording_start,,zero_from_recording_start,4,,1538.0,89.0,558.0,,,226.0,,,,,,,,,,,2
density_0_nback_2_id_20,20,d0_n2,31.7494239807,33.6494560242,36.8994865417,VALIDATED,64.5995864868,SINGLE,1.7005438804325692,1.900543928116285,1.9505438804325692,1.900543928116285,1.900543928116285,1.8505439758000009,35.549999952316284,33.700000047683716,False,False,False,,7.550513505983716,1.9000320434999978,1.900543928116285,,1.3494865893837158,3.250030517500001,27.700099945100007,30.950130462600008,,,0.05054402348371667,3.800575971616283,True,True,True,0.0012448010685620395,0.4569369519978188,-0.9976508880543665,2,False,CONSISTENT,23.0,1.0,204.8887062069,0.20991744963999961,1.0982017524000014,1.000538654418578,83.1075439453,52.4581332868424,172.8592127311584,,zero_from_recording_start,,zero_from_recording_start,4,879.0,68.2110595703,value,72.6534423828,value,4,1225,143.0,,,zero_from_recording_start,,zero_from_recording_start,4,,1892.0,253.0,760.0,,,524.0,,,,,,,,,,,3
density_0_nback_2_id_21,21,d0_n2,31.7500324249,33.0500526428,36.5498809814,VALIDATED,47.3500175476,SINGLE,1.1999473572000028,1.3499474525674344,1.499947309516287,1.3499474525674344,1.3499474525674344,1.2999472618325711,34.40000009536743,33.09999990463257,False,False,False,34.450000047683716,3.950119018599999,1.3000202178999984,1.3499474525674344,0.04999995231628418,2.1498808860325695,3.499828338600004,10.800136566199996,14.2999649048,1.3999474048837186,2.0998809337162854,0.049947261832571144,2.649967670467433,True,True,True,0.0011554041143343602,0.25535821567776185,-0.9932366621403246,1,False,CONSISTENT,23.0,1.0,205.46296691915,0.2198371887750028,1.1417160034499716,1.0006589812053417,109.826293945,59.86507605190148,173.37173672889446,,zero_from_recording_start,,zero_from_recording_start,4,876.0,64.5860595703,value,70.7453613281,value,4,1112,147.0,,,zero_from_recording_start,,zero_from_recording_start,4,,1546.0,112.0,558.0,,,287.0,,,,,,,,,,,9
density_0_nback_2_id_22,22,d0_n2,31.7495994568,33.7994766235,37.299785614,VALIDATED,42.1494483948,SINGLE,1.0005233288162856,1.2005233765000014,2.4005234241837172,1.2005233765000014,1.2005233765000014,1.100523471867433,35.0,33.799999952316284,False,False,False,34.799999952316284,5.600214481367431,2.0498771667,1.2005233765000014,-0.20000004768371582,2.299785614000001,3.5003089905000024,4.849662780799996,8.349971771299998,1.0005233288162856,2.499785661683717,0.0005233288162855843,3.2504005432000014,True,True,True,0.001157538772808659,0.3221170769374698,-0.9959639219123382,2,False,CONSISTENT,23.0,1.0,204.6906776426,0.1976619719000098,1.10006332399999,1.0001455767776557,95.5750732422,44.239344119123125,172.88652837071083,,zero_from_recording_start,,zero_from_recording_start,4,909.0,67.4847412109,value,76.2387695312,value,4,1183,165.0,,,zero_from_recording_start,,zero_from_recording_start,4,,1442.0,96.0,437.0,,,94.0,,,,,,,,,,,8
density_0_nback_2_id_23,23,d0_n2,31.7500705719,34.0000953674,37.3997650146,VALIDATED,43.550075531,SINGLE,0.8499045372325682,1.0999045372325682,1.5999045372325682,1.0999045372325682,1.0999045372325682,1.3999047279674315,35.09999990463257,34.049999952316284,False,False,False,35.09999990463257,2.500235080767432,2.2500247955,1.0999045372325682,0.0,2.2997651099674314,3.3996696471999996,6.150310516399998,9.549980163599997,1.0999045372325682,2.2997651099674314,0.04990458491628402,3.349929332732568,True,True,True,0.0013068972276584962,0.3380167810983113,-0.9922123899812793,1,False,CONSISTENT,23.0,1.0,205.2860336301,0.22622108437499122,1.0772628782999902,1.0008945568936327,93.6553344727,42.709532947551935,173.09126779431418,,zero_from_recording_start,,zero_from_recording_start,4,840.0,68.2121582031,value,77.3842773438,value,4,1180,94.0,,,zero_from_recording_start,,zero_from_recording_start,4,,1471.0,135.0,496.0,,,197.0,,,,,,,,,,,6
density_0_nback_2_id_24,24,d0_n2,31.7501678467,33.5007781982,36.3501853943,VALIDATED,51.0002174377,SINGLE,0.8992218971674291,0.9492218494837132,1.0492217541162816,0.9492218494837132,0.9492218494837132,0.8492217064325658,34.450000047683716,34.299999952316284,False,False,False,,,1.7506103515000042,0.9492218494837132,,1.9001853466162828,2.849407196099996,14.650032043400003,17.4994392395,,,0.7992217541162816,2.6998322009837175,True,True,True,0.0012601997417819304,0.39926773618902356,-0.9934466151690428,1,False,CONSISTENT,23.0,1.0,204.59094715125,0.09994649879999429,1.2374143597500051,1.0000762295926287,107.884094238,64.3070211855281,172.4667069498698,,zero_from_recording_start,,zero_from_recording_start,4,896.0,65.283782959,value,71.5900878906,value,4,1252,171.0,,,zero_from_recording_start,,zero_from_recording_start,4,,1619.0,108.0,615.0,,,196.0,,,,,,,,,,,2
density_0_nback_2_id_25,25,d0_n2,31.7499465942,32.7999305725,36.2497215271,VALIDATED,45.6498184204,SINGLE,1.0000693798162814,1.150069475183713,1.2500693798162814,1.150069475183713,1.150069475183713,1.1000695228674289,33.950000047683716,32.799999952316284,False,False,False,33.84999990463257,4.350278377532568,1.049983978300002,1.150069475183713,-0.10000014305114746,2.2997214794162844,3.4497909545999974,9.400096893300002,12.8498878479,1.0500693321325656,2.399721622467432,6.937981628141188e-05,2.200053453483715,True,True,True,0.0012043696854430604,0.2688525967462339,-0.9946101669723887,1,False,CONSISTENT,23.0,1.0,204.6890411376,0.19627075207998246,1.1518058773000348,1.0001062534997436,119.625610352,65.95650805666926,172.78562824828865,,zero_from_recording_start,,zero_from_recording_start,4,856.0,63.8416061401,value,70.4281005859,value,4,1154,133.0,,,zero_from_recording_start,,zero_from_recording_start,4,,1512.0,136.0,520.0,,,225.0,,,,,,,,,,,8
density_0_nback_2_id_26,26,d0_n2,31.800151825,33.4000167847,37.3003044128,VALIDATED,42.9006271362,SINGLE,0.8999831676162842,1.3499832153,9.449983119932568,1.3499832153,1.3499832153,1.3499832153,34.75,33.84999990463257,False,False,False,35.450000047683716,3.149695634883713,1.5998649596999996,1.3499832153,0.7000000476837158,2.5503044128000028,3.9002876281000027,5.600322723399998,9.5006103515,2.049983262983716,1.850304365116287,0.44998311993256834,2.9498481749999996,True,True,True,0.0010830628390139118,0.23497253709415727,-0.9931553702787018,1,False,CONSISTENT,23.0,1.0,204.4929618835,0.20130691516000918,1.148441314500019,0.9999948971534174,100.831359863,40.79207100575889,171.14999366584237,,zero_from_recording_start,,zero_from_recording_start,3,862.0,66.1323242188,value,73.2996826172,value,3,1151,118.0,,,zero_from_recording_start,,zero_from_recording_start,3,46.0,893.0,79.0,516.0,518.0,,188.0,,,,,,,,,,,7
density_0_nback_2_id_27,27,d0_n2,31.7499504089,33.4998245239,37.4495048523,VALIDATED,45.4502563477,SINGLE,1.4001755714674289,1.6501755714674289,2.0001754760999972,1.6501755714674289,1.6501755714674289,1.9001755714674289,35.15000009536743,33.75,False,False,False,33.59999990463257,8.100495100016282,1.7498741150000043,1.6501755714674289,-1.5500001907348633,2.2995047569325706,3.9496803283999995,8.000751495399996,11.950431823799995,0.1001753807325656,3.849504947667434,0.25017547609999724,3.400049686467433,True,True,True,0.001183490271374911,0.24333634855037317,-0.9758361989015824,2,True,CONSISTENT,23.0,1.0,204.888406753,0.0267581935199928,1.1310939793000045,1.000334628850459,92.264465332,49.49044891368442,172.5247867718231,,zero_from_recording_start,,zero_from_recording_start,4,973.0,68.1414794922,value,84.6225585938,value,4,1063,226.0,,,zero_from_recording_start,,zero_from_recording_start,4,,1509.0,21.0,515.0,,,220.0,,,,,,,,,,,7
density_0_nback_2_id_28,28,d0_n2,31.7500476837,33.4504966736,35.4501647949,VALIDATED,45.0506095886,SINGLE,0.39950323103256835,0.4995033740837158,0.6495032310325684,0.4995033740837158,0.4995033740837158,0.34950327871628417,33.950000047683716,33.59999990463257,False,False,False,,39.24983525278372,1.7004489899,0.4995033740837158,,1.5001647472162816,1.9996681212999974,9.6004447937,11.600112914999997,,,0.14950323103256835,2.1999523639837157,True,True,True,0.001136964691564556,0.5527703086540398,-0.989151948613857,1,False,CONSISTENT,23.0,1.0,205.08845740573503,0.17663067598996918,1.315831839864984,1.0005446032608327,119.965820312,85.22395160301227,172.98807393510722,,zero_from_recording_start,,zero_from_recording_start,4,848.0,64.1683578491,value,68.7580566406,value,4,1132,141.0,,,zero_from_recording_start,,zero_from_recording_start,4,,1501.0,127.0,526.0,,,228.0,,,,,,,,,,,1
density_0_nback_2_id_29,29,d0_n2,31.7497844696,34.8006858826,39.9497909546,VALIDATED,36.3497390747,MULTI_FIRST_TAKEN_AS_END_OF_FIRST_MANUAL_EPISODE,0.24931406971628434,0.49931406971628434,0.8493142127674318,0.49931406971628434,0.49931406971628434,2.599314212767432,35.299999952316284,34.84999990463257,False,False,False,,5.950209140767434,3.0509014129999983,0.49931406971628434,,4.649791002283713,5.149105071999998,-3.6000518799000005,1.549053192099997,,,0.049314022032568516,3.5502154827162826,True,True,False,0.0010954967182927806,0.30544865149748507,-0.959992977129562,1,True,CONSISTENT,23.0,1.0,205.0890054707,0.05436649353998743,0.17969989860000624,1.0005527743367717,89.1500244141,31.02532931234553,172.63341769320283,,zero_from_recording_start,,zero_from_recording_start,4,967.0,67.6677246094,value,129.846191406,value,4,1019,170.0,,,zero_from_recording_start,,zero_from_recording_start,4,,1326.0,97.0,262.0,,,137.0,,,,,,,,,,,7
density_0_nback_2_id_2,2,d0_n2,31.7504806519,33.7009391785,37.5504341125,VALIDATED,48.549987793,SINGLE,1.3990607261325678,1.449060916867431,1.7490608691837153,1.4990608691837153,1.4990608691837153,1.3490607738162836,35.15000009536743,34.34999990463257,False,False,False,34.75,1.849565982867432,1.950458526600002,1.449060916867431,-0.40000009536743164,2.400434017132568,3.849494933999999,10.9995536805,14.8490486145,1.0490608214999995,2.8004341124999996,0.6490607261325678,3.399519443467433,True,True,True,0.0011904623005388616,0.3113445139546924,-0.9955277459280428,2,False,CONSISTENT,23.0,1.0,204.69090270995,0.19785404242499283,1.127502441650023,1.0001236491558965,91.8363647461,37.303361440825135,172.3823956265389,,zero_from_recording_start,,zero_from_recording_start,4,829.0,67.7200927734,value,76.2828369141,value,4,1245,80.0,,,zero_from_recording_start,,zero_from_recording_start,4,,1570.0,168.0,573.0,,,245.0,,,,,,,,,,,3
density_0_nback_2_id_30,30,d0_n2,31.7491226196,33.449131012,37.8996925354,VALIDATED,47.1992607117,SINGLE,2.400868892632566,2.5508689879999977,2.850868940316282,2.5508689879999977,2.5508689879999977,2.4508690833674294,36.0,33.90000009536743,False,False,False,35.549999952316284,3.6003074646,1.700008392400001,2.5508689879999977,-0.4500000476837158,1.8996925353999998,4.4505615233999976,9.2995681763,13.750129699699997,2.100868940316282,2.3496925830837156,0.45086908336742937,4.250877380399999,True,True,True,0.001199855143521468,0.2590465474544588,-0.9968814238416481,2,False,CONSISTENT,23.0,1.0,205.475223541,0.2357566832799989,1.1095161442000006,0.9994249874614758,72.810546875,30.010108273624287,173.136421214259,,zero_from_recording_start,,zero_from_recording_start,4,897.0,71.1383056641,value,77.9259033203,value,4,1236,141.0,,,zero_from_recording_start,,zero_from_recording_start,4,,1543.0,112.0,534.0,,,166.0,,,,,,,,,,,6
density_0_nback_2_id_31,31,d0_n2,31.8001327515,33.000289917,38.0502510071,VALIDATED,49.3501625061,SINGLE,2.649710178367428,2.7997100353162807,3.4497101306837124,2.7997100353162807,2.7997100353162807,2.649710178367428,35.799999952316284,33.799999952316284,False,False,False,34.950000047683716,5.799748897532567,1.200157165500002,2.7997100353162807,-0.8499999046325684,2.2502510547837176,5.049961090099998,11.299911498999997,16.349872589099995,1.9497101306837124,3.100250959416286,0.7997100353162807,3.9998672008162828,True,True,True,0.001192358214597122,0.23146613416484219,-0.9951345367784071,2,False,CONSISTENT,23.0,1.0,204.8875331878,0.20600128177497368,1.1341037752000034,1.000306036030635,77.2033691406,26.61768138093303,171.9733345926121,,zero_from_recording_start,,zero_from_recording_start,4,917.0,70.2261962891,value,78.5112304688,value,4,1318,158.0,,,zero_from_recording_start,,zero_from_recording_start,4,,1586.0,105.0,564.0,,,110.0,,,,,,,,,,,6
density_0_nback_2_id_32,32,d0_n2,31.8007316589,33.2009277344,36.1005744934,VALIDATED,42.9004936218,SINGLE,0.6490721702325715,0.7990722656000031,1.049072265600003,0.7990722656000031,0.7990722656000031,1.0990722179162873,34.0,33.25,False,False,False,,,1.4001960754999985,0.7990722656000031,,2.1005744934000035,2.8996467590000066,6.799919128399999,9.699565887400006,,,0.04907226560000311,2.1992683411000016,True,True,True,0.0011511587257537655,0.31358486965007215,-0.993805792112762,1,False,CONSISTENT,23.0,1.0,205.26815605119998,0.21609497022498658,0.9538288121000278,1.0005153495590053,119.335021973,69.74433015614711,172.2467934219742,,zero_from_recording_start,,zero_from_recording_start,4,838.0,64.8692321777,value,70.5614013672,value,4,1166,118.0,,,zero_from_recording_start,,zero_from_recording_start,4,,1458.0,125.0,495.0,,,174.0,,,,,,,,,,,8
density_0_nback_2_id_33,33,d0_n2,31.7504024506,33.050327301,36.5002059937,VALIDATED,48.5503158569,SINGLE,0.9496726989999971,1.0496726036325654,10.799672603632565,1.0496726036325654,1.0496726036325654,0.9496726989999971,34.09999990463257,33.299999952316284,False,False,False,33.799999952316284,2.9997940063,1.2999248504000036,1.0496726036325654,-0.2999999523162842,2.4002060890674315,3.449878692699997,12.0501098632,15.499988555899996,0.7496726513162812,2.7002060413837157,0.24967265131628125,2.349597454032569,True,True,True,0.0010843225176003835,0.22690001559596018,-0.996680602497416,1,False,CONSISTENT,23.0,1.0,204.89307308189,0.1818828581100007,1.1374673844100016,1.0003130986329325,116.258850098,60.57864507124697,172.77099389614875,,zero_from_recording_start,,zero_from_recording_start,4,863.0,63.0980834961,value,70.5296630859,value,4,1201,135.0,,,zero_from_recording_start,,zero_from_recording_start,4,,1571.0,135.0,573.0,,,235.0,,,,,,,,,,,4
density_0_nback_2_id_34,34,d0_n2,31.8000926971,33.4505577087,36.3005599976,VALIDATED,46.5004272461,SINGLE,0.8994421959325649,1.0494422912999966,1.1994423866674282,1.0494422912999966,1.0494422912999966,1.0494422912999966,34.5,33.5,False,False,False,,,1.650465011600005,1.0494422912999966,,1.800559997599997,2.8500022888999936,10.199867248500006,13.0498695374,,,0.049442291299996555,2.6999073029000016,True,True,True,0.001237289833087746,0.422445398039265,-0.9965892523528576,2,False,CONSISTENT,23.0,1.0,205.29790902163,0.21487247943998966,1.3096272943699887,1.0008889438462085,107.682861328,66.46450857922058,172.21507464084615,,zero_from_recording_start,,zero_from_recording_start,4,869.0,65.096862793,value,71.1019287109,value,4,1287,145.0,,,zero_from_recording_start,,zero_from_recording_start,4,,1529.0,151.0,509.0,,,97.0,,,,,,,,,,,7
density_0_nback_2_id_35,35,d0_n2,31.750535965,33.7001571655,37.1003036499,VALIDATED,47.1008338928,SINGLE,0.9998428821837138,1.299842834499998,1.549842834499998,1.299842834499998,1.299842834499998,1.2498428821837138,35.0,33.84999990463257,False,False,False,35.200000047683716,3.899696350100001,1.949621200500001,1.299842834499998,0.20000004768371582,2.100303649899999,3.400146484399997,10.000530242899998,13.400676727299995,1.4998428821837138,1.9003036022162831,0.1498427391325663,3.249464034999999,True,True,True,0.0011436747530181774,0.31201641101674066,-0.9963177643158709,2,False,CONSISTENT,23.0,1.0,205.09131336215,0.17382335664999715,1.2966032031499992,1.0005929388853159,95.6551513672,48.303572885852695,172.86168560443303,,zero_from_recording_start,,zero_from_recording_start,4,881.0,67.5865478516,value,75.3471679688,value,4,1177,141.0,,,zero_from_recording_start,,zero_from_recording_start,4,,1542.0,117.0,544.0,,,224.0,,,,,,,,,,,2
density_0_nback_2_id_36,36,d0_n2,31.7500743866,34.1503410339,37.2500953674,VALIDATED,55.8501663208,SINGLE,0.6496589184162858,0.8496589661000016,1.19965887073257,0.8496589661000016,0.8496589661000016,1.1496589184162858,35.0,34.200000047683716,False,False,False,,10.349904537232568,2.400266647299997,0.8496589661000016,,2.2500953674,3.0997543335000017,18.6000709534,21.6998252869,,,0.0496590137837174,3.2499256133999985,True,True,True,0.001284247144110633,0.2140148279492586,-0.9916864135869725,2,True,CONSISTENT,23.0,1.0,204.6888704299,0.19577198018000103,1.0910749434000024,1.0001470414360338,95.6409912109,46.598093298924155,172.6679170436329,,zero_from_recording_start,,zero_from_recording_start,4,1021.0,67.5679931641,value,77.517578125,value,4,1304,278.0,,,zero_from_recording_start,,zero_from_recording_start,4,,1716.0,24.0,671.0,,,134.0,,,,,,,,,,,2
density_0_nback_2_id_37,37,d0_n2,31.800201416,34.4504699707,38.550151825,VALIDATED,49.6001586914,SINGLE,0.9995300769837172,1.199530124667433,11.049530029300001,1.199530124667433,1.199530124667433,1.0995299816162856,35.65000009536743,34.5,False,False,False,36.65000009536743,3.4498481749999996,2.6502685546999984,1.199530124667433,1.0,2.9001517296325687,4.099681854300002,11.050006866399997,15.149688720699999,2.199530124667433,1.9001517296325687,0.04953002930000139,3.8497986793674315,True,True,True,0.001084770685330143,0.25787155797811456,-0.9894372395821198,2,False,CONSISTENT,23.0,1.0,205.67211341849998,0.2343482969999826,0.9988613131000079,1.0005643987171626,82.489074707,21.76494702671074,172.5616634466455,,zero_from_recording_start,,zero_from_recording_start,4,904.0,70.2629394531,value,85.3657226562,value,4,1211,135.0,,,zero_from_recording_start,,zero_from_recording_start,4,,1591.0,110.0,577.0,,,245.0,,,,,,,,,,,4
density_0_nback_2_id_38,38,d0_n2,31.7501010895,32.4002113342,36.2496833801,VALIDATED,48.5002555847,SINGLE,1.0497887134837143,1.3997886181162826,1.8997886181162826,1.3997886181162826,1.3997886181162826,1.49978876116743,33.799999952316284,32.549999952316284,False,False,False,33.65000009536743,5.450316667583714,0.6501102447000022,1.3997886181162826,-0.14999985694885254,2.449683427783718,3.8494720459000007,12.250572204599997,16.100044250499998,1.24978876116743,2.5996832847325706,0.14978861811628263,2.049898862816285,True,True,True,0.0011826532625601775,0.17613437772943527,-0.9941506925458404,2,False,CONSISTENT,23.0,1.0,204.88812065129997,0.01952552772496574,1.14047431930004,1.000217051923121,123.294189453,65.66602374163635,172.7273029205744,,zero_from_recording_start,,zero_from_recording_start,4,907.0,63.5331878662,value,70.0985107422,value,4,1228,184.0,,,zero_from_recording_start,,zero_from_recording_start,4,,1569.0,105.0,557.0,,,157.0,,,,,,,,,,,9
density_0_nback_2_id_39,39,d0_n2,31.8002967834,32.90026474,37.8502120972,VALIDATED,45.500087738,SINGLE,2.399735212316287,2.5497353076837186,2.649735212316287,2.5497353076837186,2.5497353076837186,2.399735212316287,35.450000047683716,35.0,False,False,False,,,1.099967956599997,2.5497353076837186,,2.400212049516284,4.949947357200003,7.649875640799998,12.599822998,,,2.0997352600000028,3.6497032642837155,True,True,True,0.0011792411867540449,0.38608143323097227,-0.900570544287628,5,True,CONSISTENT,23.0,1.0,205.69086456321,0.16396713266000518,1.1149482721899915,1.0008658236050976,90.3431396484,60.599687006505256,172.50866765249864,,zero_from_recording_start,,zero_from_recording_start,4,871.0,72.8289794922,value,105.05859375,value,4,1199,116.0,,,zero_from_recording_start,,zero_from_recording_start,4,,1509.0,129.0,509.0,,,194.0,,,,,,,,,,,6
density_0_nback_2_id_40,40,d0_n2,31.8006496429,33.7505569458,37.7004547119,VALIDATED,45.2000617981,SINGLE,2.0494430065162845,2.2494430542000003,2.4994430542000003,2.3494429588325687,2.3494429588325687,2.2494430542000003,36.0,35.09999990463257,False,False,False,,,1.949907302899998,2.2494430542000003,,1.7004547119000009,3.949897766100001,7.499607086200001,11.449504852300002,,,1.3494429588325687,4.199350357099998,True,True,True,0.0010916655878232047,0.645322527816743,-0.9858508187178149,2,False,CONSISTENT,23.0,1.0,205.4577388767,0.22706985534999546,1.1155796042999953,1.0007682418677826,73.6390380859,37.058613026612704,172.17856979346305,,zero_from_recording_start,,zero_from_recording_start,4,848.0,70.6312255859,value,78.3051757812,value,4,1297,96.0,,,zero_from_recording_start,,zero_from_recording_start,4,,1503.0,262.0,393.0,,,110.0,,,,,,,,,,,4
density_0_nback_2_id_41,41,d0_n2,31.7503643036,33.3004341125,36.7997741699,VALIDATED,66.1000900269,SINGLE,1.349565982867432,1.5495657921325687,1.6995658875000004,1.5495657921325687,1.5495657921325687,1.2995657921325687,34.84999990463257,34.299999952316284,False,False,False,34.59999990463257,5.050225734732571,1.5500698088999982,1.5495657921325687,-0.25,1.949774265267429,3.4993400573999978,29.300315857000008,32.799655914400006,1.2995657921325687,2.199774265267429,0.9995658398162846,3.099635601032567,True,True,True,0.0012303277260781976,0.34470933959294164,-0.995994419381598,2,False,CONSISTENT,23.0,1.0,205.08680820450002,0.17763042459997536,1.1304006576999654,1.0005244399317812,99.0866088867,54.8874256217405,172.97201653511377,,zero_from_recording_start,,zero_from_recording_start,4,911.0,65.7395019531,value,72.4122314453,value,4,951,177.0,,,zero_from_recording_start,,zero_from_recording_start,4,,1921.0,194.0,816.0,,,793.0,,,,,,,,,,,3
density_0_nback_2_id_42,42,d0_n2,31.6994171143,33.8993873596,40.0502510071,VALIDATED,51.8997650146,SINGLE,2.000612735767433,2.300612688083717,2.550612688083717,2.4006125927162856,2.4006125927162856,2.4006125927162856,36.200000047683716,35.34999990463257,False,False,False,,5.699748992899998,2.1999702452999976,2.300612688083717,,3.850250959416286,6.150863647500003,11.849514007499998,18.000377655,,,1.4506125450325698,4.500582933383715,True,True,True,0.001150211207959511,0.20584623799207258,-0.748983717429384,6,True,CONSISTENT,23.0,1.0,204.89097023,0.2041454312849865,1.091512679999994,1.000380776346735,74.285949707,40.54333648245846,173.30058938994947,,zero_from_recording_start,,zero_from_recording_start,4,963.0,76.5611572266,value,143.317504883,value,4,1420,164.0,,,zero_from_recording_start,,zero_from_recording_start,4,,1638.0,113.0,562.0,,,54.0,,,,,,,,,,,5
density_0_nback_2_id_43,43,d0_n2,31.7493095398,33.0998268127,36.4996147156,VALIDATED,56.5997886658,SINGLE,1.05017328266743,1.2501730919325666,1.55017328266743,1.2501730919325666,1.2501730919325666,1.1501731872999983,34.34999990463257,33.09999990463257,False,False,False,35.799999952316284,9.250385284399997,1.350517272900003,1.2501730919325666,1.4500000476837158,2.149614810967435,3.3997879029000018,20.100173950199995,23.499961853099997,2.7001731396162825,0.6996147632837193,0.00017309193256664912,2.6006903648325697,True,True,True,0.001144679465575855,0.27373172561459874,-0.9947138183053162,2,False,CONSISTENT,23.0,1.0,204.69295263259,0.18962945964998426,1.3606591228100058,1.00016940713181,110.48614502,60.78850526737522,172.87288392923614,,zero_from_recording_start,,zero_from_recording_start,4,964.0,63.9284133911,value,70.4753417969,value,4,1214,236.0,,,zero_from_recording_start,,zero_from_recording_start,4,,1732.0,56.0,712.0,,,282.0,,,,,,,,,,,8
density_0_nback_2_id_44,44,d0_n2,31.7993106842,33.1495628357,37.6493988037,VALIDATED,49.1995697021,SINGLE,1.5504372119837129,1.7504372596674287,2.2504372596674287,2.100437164299997,2.100437164299997,1.4504370689325654,34.90000009536743,34.549999952316284,False,False,False,35.34999990463257,6.050601243983714,1.3502521515000012,1.7504372596674287,0.4499998092651367,2.7493987083325706,4.499835967999999,11.550170898399998,16.050006866399997,2.2004370689325654,2.299398899067434,1.4004371166162812,3.10068941116743,True,True,True,0.001060121756158963,0.24073534272591357,-0.9921890716557863,2,True,CONSISTENT,23.0,1.0,204.89341533160498,0.181435895175008,1.3275548222950135,1.0003993506296234,98.3251953125,38.331867054637804,171.89547663139868,,zero_from_recording_start,,zero_from_recording_start,4,913.0,66.3021240234,value,78.1549072266,value,4,1220,162.0,,,zero_from_recording_start,,zero_from_recording_start,4,,1583.0,97.0,573.0,,,201.0,,,,,,,,,,,6
density_0_nback_2_id_45,45,d0_n2,31.7498531342,32.3991317749,35.6493682861,VALIDATED,47.7997055054,SINGLE,0.7508683204674327,0.9008681774162852,1.1508681774162852,0.9008681774162852,0.9008681774162852,0.7508683204674327,33.299999952316284,32.450000047683716,False,False,False,,8.500631809267432,0.6492786407000004,0.9008681774162852,,2.3493683337837155,3.2502365112000007,12.150337219299999,15.4005737305,,,0.05086827278371686,1.5501468181162856,True,True,True,0.0011903351833150028,0.20553378664582383,-0.9903454514192533,1,False,CONSISTENT,23.0,1.0,204.90536737448,0.18805303572000295,1.3020606042200313,1.0002295467129163,135.583435059,79.17076710593398,172.99325198866492,,zero_from_recording_start,,zero_from_recording_start,4,926.0,61.3321075439,value,66.6207275391,value,4,1015,215.0,,,zero_from_recording_start,,zero_from_recording_start,4,,1556.0,41.0,589.0,,,326.0,,,,,,,,,,,9
density_0_nback_2_id_46,46,d0_n2,32.0999221802,33.0997543335,35.6497116089,VALIDATED,47.9998054504,SINGLE,0.6502456664999983,0.8002457618674299,0.9502456188162824,0.8002457618674299,0.8002457618674299,0.8002457618674299,33.90000009536743,33.450000047683716,False,False,False,,7.400288343416285,0.9998321533000052,0.8002457618674299,,1.7497115135325672,2.549957275399997,12.350093841499998,14.900051116899995,,,0.3502457141837141,1.800077915167435,True,True,True,0.0014078083325396902,0.3778191058411715,-0.996210125916168,1,False,CONSISTENT,23.0,1.0,204.93652057679,0.23575944883498606,1.5504064560099948,1.000280440611391,147.32043457,100.8069826777335,197.1067479148853,,zero_from_recording_start,,zero_from_recording_start,4,909.0,88.9055786133,value,88.6280593872,value,4,1214,198.0,,,zero_from_recording_start,,zero_from_recording_start,4,,1559.0,110.0,540.0,,,147.0,,,,,,,,,,,5
density_0_nback_2_id_47,47,d0_n2,31.8004894257,33.3505783081,36.5504646301,VALIDATED,49.6504364014,SINGLE,0.39942169190000243,0.8994216919000024,1.1494216919000024,0.8994216919000024,0.8994216919000024,4.349421739583718,34.25,33.40000009536743,False,False,False,34.40000009536743,6.199535369899998,1.5500888823999972,0.8994216919000024,0.15000009536743164,2.3004646301000022,3.1998863220000047,13.099971771299998,16.299858093300003,1.049421787267434,2.1504645347325706,0.04942178726743407,2.4495105742999996,True,True,True,0.0011445677377281524,0.2355560147760608,-0.9885960120003144,1,True,CONSISTENT,23.0,1.0,205.26992320996,0.22431659681001292,1.1302690510400168,1.0003398944549593,113.578308105,61.44825739837078,172.34371304071354,,zero_from_recording_start,,zero_from_recording_start,4,900.0,65.6906585693,value,73.8023681641,value,4,1318,171.0,,,zero_from_recording_start,,zero_from_recording_start,4,,1592.0,126.0,566.0,,,103.0,,,,,,,,,,,9
density_0_nback_2_id_48,48,d0_n2,31.8001613617,32.6001319885,41.2501220703,VALIDATED,59.2496948242,SINGLE,4.599868059183713,4.849868059183713,4.999867916132565,4.849868059183713,4.849868059183713,4.699867963816281,37.450000047683716,35.40000009536743,False,False,False,32.700000047683716,8.449877977383714,0.799970626800004,4.849868059183713,-4.75,3.8001220226162857,8.649990081799999,17.999572753899997,26.649562835699996,0.09986805918371289,8.550122022616286,2.7998681068674287,5.649838685983717,True,True,True,0.0012514461365144664,0.11921934866200039,-0.9291269745864006,5,True,CONSISTENT,23.0,1.0,205.68656349179997,0.17091083522497996,1.312276840400017,1.0008821558982959,63.7598876953,22.759351997375724,172.63715226282253,,zero_from_recording_start,,zero_from_recording_start,3,1110.0,99.0340576172,value,156.987304688,value,3,776,960.0,,,zero_from_recording_start,,zero_from_recording_start,3,,1784.0,13.0,661.0,,,48.0,,,,,,,,,,,8
density_0_nback_2_id_49,49,d0_n2,31.8000564575,33.8499717712,37.7000236511,VALIDATED,58.3501091003,SINGLE,1.3000283241674282,1.7000281811162807,2.250028133432565,1.7000281811162807,1.7000281811162807,1.8000283241674282,35.549999952316284,34.200000047683716,False,False,False,35.59999990463257,5.999976396583719,2.049915313700005,1.7000281811162807,0.04999995231628418,2.1500236987837127,3.8500518798999934,20.650085449200006,24.5001373291,1.750028133432565,2.1000237464674285,0.3500282764837124,3.7499434948162857,True,True,True,0.0010606019964833095,0.29972093732090616,-0.9947931066214699,2,False,CONSISTENT,23.0,1.0,205.6709518429,0.22612571702501327,1.1746978765000051,1.000947517451881,84.2206420898,36.66751629323765,172.53959338864698,,zero_from_recording_start,,zero_from_recording_start,4,922.0,69.3178710938,value,77.9427490234,value,4,1300,170.0,,,zero_from_recording_start,,zero_from_recording_start,4,,1765.0,130.0,713.0,,,295.0,,,,,,,,,,,2
density_0_nback_2_id_4,4,d0_n2,31.7500667572,32.1499061584,35.650062561,VALIDATED,49.0496368408,SINGLE,0.950093746232568,1.1500937939162839,1.3500938415999997,1.1500937939162839,1.1500937939162839,1.1500937939162839,33.299999952316284,32.15000009536743,False,False,False,,9.099937439000001,0.3998394012000013,1.1500937939162839,,2.3500626086837144,3.5001564025999983,13.3995742798,16.899730682399998,,,9.393696743131841e-05,1.5499331951162851,True,True,True,0.0009912041428848447,0.18085423855857927,-0.9871703593305544,1,False,CONSISTENT,23.0,1.0,205.30741834614997,0.16068887712503255,1.2956585889500332,1.0004798464436848,135.645507812,80.15088936080537,173.2804066311749,,zero_from_recording_start,,zero_from_recording_start,4,973.0,62.6899642944,value,69.0083007812,value,4,1269,262.0,,,zero_from_recording_start,,zero_from_recording_start,4,,1580.0,70.0,537.0,,,49.0,,,,,,,,,,,1
density_0_nback_2_id_50,50,d0_n2,31.8003520966,33.6996574402,38.8004837036,VALIDATED,56.3004608154,SINGLE,2.600342512116285,2.7503426074837165,2.850342512116285,2.7503426074837165,2.7503426074837165,2.7003426551674323,36.450000047683716,34.25,False,False,False,35.84999990463257,7.84951639176743,1.8993053435999983,2.7503426074837165,-0.6000001430511475,2.3504836559162854,5.100826263400002,17.4999771118,22.6008033752,2.150342464432569,2.950483798967433,0.5503425598000007,4.649647951083715,True,True,True,0.0013225010306054468,0.2338314356442679,-0.9423430305194122,4,True,CONSISTENT,23.0,1.0,205.11249637569998,0.15719699862501813,1.3005132675000084,1.00100744392791,70.9672851562,42.60914950459315,172.18939435145026,,zero_from_recording_start,,zero_from_recording_start,4,986.0,81.1690673828,value,113.369384766,value,4,811,212.0,,,zero_from_recording_start,,zero_from_recording_start,4,,1726.0,135.0,605.0,,,703.0,,,,,,,,,,,4
density_0_nback_2_id_51,51,d0_n2,31.749174118,33.8495559692,38.049697876,VALIDATED,46.5497207642,SINGLE,1.3004441261674344,1.5504441261674344,6.000443935432571,1.5504441261674344,1.5504441261674344,5.400444030800003,35.40000009536743,34.59999990463257,False,False,False,,0.00030207631628087483,2.100381851199998,1.5504441261674344,,2.6496977806325717,4.200141906800006,8.5000228882,12.700164795000006,,,0.7504439354325712,3.6508259773674325,True,True,True,0.0010659186368521857,0.26669643590687453,-0.9929958592385426,2,False,CONSISTENT,23.0,1.0,204.49293708800002,0.4854639055599885,1.3782405855999968,0.9999983771284588,86.5560302734,28.238129069520735,172.6705369922662,,zero_from_recording_start,,zero_from_recording_start,4,884.0,69.0584716797,value,80.0050048828,value,4,1221,125.0,,,zero_from_recording_start,,zero_from_recording_start,4,,1531.0,114.0,533.0,,,185.0,,,,,,,,,,,1
density_0_nback_2_id_52,52,d0_n2,31.8000011444,33.4496994019,39.2492713928,VALIDATED,62.0996322632,SINGLE,3.65030050273257,4.000300645783717,4.5503005981000015,4.000300645783717,4.000300645783717,4.000300645783717,37.450000047683716,33.59999990463257,False,False,False,37.09999990463257,6.600728511832571,1.649698257499999,4.000300645783717,-0.35000014305114746,1.7992713451162814,5.799571990899999,22.850360870400003,28.6499328613,3.65030050273257,2.149271488167429,0.1503005027325699,5.649998903283716,True,True,True,0.0011133354454970672,0.5637993292756246,-0.9866354871425347,3,False,CONSISTENT,23.0,1.0,205.2736968997,0.24176979112500874,0.987060546199956,1.0005440959612444,48.8400878906,15.051225049908759,172.0611900576682,,zero_from_recording_start,,zero_from_recording_start,4,987.0,84.0938720703,value,96.6422119141,value,4,798,204.0,,,zero_from_recording_start,,zero_from_recording_start,4,,1842.0,199.0,656.0,,,840.0,,,,,,,,,,,1
density_0_nback_2_id_53,53,d0_n2,31.7498092651,33.1490631104,36.6498298645,VALIDATED,46.9991569519,SINGLE,1.3009369372837156,1.4509367942325682,1.5509369372837156,1.4509367942325682,1.4509367942325682,1.3009369372837156,34.59999990463257,33.15000009536743,False,False,False,34.200000047683716,3.7001700401325692,1.3992538452999987,1.4509367942325682,-0.39999985694885254,2.0498299598674308,3.500766754099999,10.349327087399999,13.850093841499998,1.0509369372837156,2.4498298168162833,0.0009369849674314423,2.850190639532567,True,True,True,0.0011089101311008269,0.34728579254031394,-0.9962432764589789,2,False,CONSISTENT,23.0,1.0,205.49724531214002,0.19758634555599877,1.1358036989599896,1.0095979990823092,104.991333008,56.900525165151045,173.48057138133802,,zero_from_recording_start,,zero_from_recording_start,4,875.0,65.0381698608,value,70.7620849609,value,4,1146,144.0,,,zero_from_recording_start,,zero_from_recording_start,4,,1539.0,128.0,536.0,,,249.0,,,,,,,,,,,5
density_0_nback_2_id_54,54,d0_n2,31.8002281189,32.800819397,36.7002067566,VALIDATED,44.1003990173,SINGLE,1.5991806983674337,1.6491806506837179,1.8991806506837179,1.6491806506837179,1.6491806506837179,1.5991806983674337,34.450000047683716,32.84999990463257,False,False,False,44.200000047683716,,1.0005912780999964,1.6491806506837179,9.75,2.2502067089162807,3.8993873595999986,7.400192260700003,11.299579620300001,11.399180650683718,-7.499793291083719,0.049180507632570425,2.6497719287837143,True,True,True,0.0010195456750993186,0.31989157565418924,-0.9943141363118818,2,False,CONSISTENT,23.0,1.0,205.30268383026,0.1645278934649923,1.1176118851400076,1.000386765891066,108.842163086,55.75142732750222,172.50217474314974,,zero_from_recording_start,,zero_from_recording_start,4,850.0,66.2379837036,value,72.3322753906,value,4,1259,118.0,,,zero_from_recording_start,,zero_from_recording_start,4,,1482.0,160.0,472.0,,,105.0,,,,,,,,,,,1
density_0_nback_2_id_55,55,d0_n2,31.7501049042,33.7500762939,39.7002220154,VALIDATED,52.100227356,SINGLE,3.349923610732567,3.9499237537837146,4.1499238014674305,3.9499237537837146,3.9499237537837146,3.849923610732567,37.700000047683716,34.59999990463257,False,False,False,36.25,5.299777984599999,1.9999713897000007,3.9499237537837146,-1.4500000476837158,2.0002219677162856,5.9501457215,12.400005340599996,18.350151062099997,2.499923706099999,3.4502220154000014,0.8499236107325672,5.949895143483715,True,True,True,0.0012270070772978545,0.2336394935667633,-0.9800963360166114,4,False,CONSISTENT,23.0,1.0,205.088116646,0.2100000385750036,1.1069059367000023,1.0004685235767723,50.6812744141,22.188200427121934,172.85453439778337,,zero_from_recording_start,,zero_from_recording_start,4,925.0,93.8781738281,value,116.881835938,value,4,1449,133.0,,,zero_from_recording_start,,zero_from_recording_start,4,,1642.0,149.0,568.0,,,60.0,,,,,,,,,,,4
density_0_nback_2_id_56,56,d0_n2,31.7991924286,32.7494621277,36.8993186951,VALIDATED,47.0488319397,SINGLE,2.1505379676674323,2.2505378723000007,2.350537776932569,2.2505378723000007,2.2505378723000007,2.1505379676674323,35.0,33.40000009536743,False,False,False,34.549999952316284,4.8506813049,0.9502696990999979,2.2505378723000007,-0.4500000476837158,1.8993186950999998,4.1498565674000005,10.149513244600001,14.299369812000002,1.8005378246162849,2.3493187427837157,0.6505379676674323,3.2008075713999986,True,True,True,0.0011542575913625233,0.4100969537388254,-0.9936985619497063,2,False,CONSISTENT,23.0,1.0,205.27528858165,0.22201251957497448,1.157847404350008,1.000702633656658,95.9236450195,53.49378772483872,172.0915532624081,,zero_from_recording_start,,zero_from_recording_start,4,871.0,67.8386230469,value,74.8306884766,value,4,1129,135.0,,,zero_from_recording_start,,zero_from_recording_start,4,,1540.0,111.0,558.0,,,276.0,,,,,,,,,,,8
density_0_nback_2_id_57,57,d0_n2,31.8001346588,33.3501014709,36.0497817993,VALIDATED,45.3997001648,SINGLE,0.7998986244674313,0.999898433732568,1.4498984814162839,0.999898433732568,0.999898433732568,1.3998985290999997,34.34999990463257,33.5,False,False,False,,,1.5499668120999992,0.999898433732568,,1.6997818946674315,2.6996803283999995,9.349918365500002,12.049598693900002,,,0.14989852909999968,2.5498652458325672,True,True,True,0.0011202320548480416,0.6587542367495,-0.9950374664508045,2,False,CONSISTENT,23.0,1.0,204.4929466249,0.1988330837999967,1.1546745297000314,0.9999999999999877,110.261047363,71.22097481717576,171.43837623131765,,zero_from_recording_start,,zero_from_recording_start,3,852.0,65.0328292847,value,70.1893310547,value,3,1325,133.0,,,zero_from_recording_start,,zero_from_recording_start,3,,1507.0,181.0,474.0,,,49.0,,,,,,,,,,,3
density_0_nback_2_id_5,5,d0_n2,31.7998714447,33.5998802185,38.4500389099,VALIDATED,56.8498802185,SINGLE,2.1501197815000026,2.3001198768674342,2.500119686132571,2.3501198291837184,2.3501198291837184,2.3001198768674342,35.90000009536743,34.75,False,False,False,35.799999952316284,7.19996118546743,1.8000087737999984,2.3001198768674342,-0.10000014305114746,2.55003881453257,4.850158691400004,18.399841308599996,23.25,2.200119733816287,2.6500389575837175,1.1501197815000026,4.100128650667433,True,True,True,0.001161115627793662,0.2498254557437951,-0.9737050775529381,6,True,CONSISTENT,23.0,1.0,204.89360427878,0.18511733949999326,1.3353843688200016,0.99987222136175,80.423034668,47.0350634384838,171.82706014839553,,zero_from_recording_start,,zero_from_recording_start,4,987.0,76.1014404297,value,108.639648438,value,4,1362,220.0,,,zero_from_recording_start,,zero_from_recording_start,4,,1736.0,80.0,669.0,,,154.0,,,,,,,,,,,5
density_0_nback_2_id_6,6,d0_n2,31.6995048523,32.8003044128,35.8503227234,VALIDATED,43.4493789673,SINGLE,0.49969553951628143,0.8496956825674289,1.0496954918325656,0.8496956825674289,0.8496956825674289,0.9496955871999972,33.65000009536743,32.84999990463257,False,False,False,32.950000047683716,3.649677276600002,1.100799560500004,0.8496956825674289,-0.7000000476837158,2.2003226280325663,3.050018310599995,7.599056243900002,10.649074554499997,0.14969563488371307,2.900322675716282,0.04969549183256561,1.950495243067433,True,True,True,0.0011763087880905044,0.2484351669107438,-0.9883444020380273,1,False,CONSISTENT,23.0,1.0,204.4931125638,0.19545679144001155,1.3487720496000009,1.0000057361815062,126.29486084,72.75110812967654,173.4775370688109,,zero_from_recording_start,,zero_from_recording_start,4,833.0,62.587852478,value,66.9107666016,value,4,1171,118.0,,,zero_from_recording_start,,zero_from_recording_start,4,,1468.0,118.0,517.0,,,179.0,,,,,,,,,,,3
density_0_nback_2_id_7,7,d0_n2,31.7496109009,34.1500968933,38.2501907349,VALIDATED,48.0998954773,SINGLE,0.9999032020674292,1.699903011332566,2.5999031066999976,1.949903011332566,1.949903011332566,0.8499031066999976,35.84999990463257,34.950000047683716,False,False,False,35.84999990463257,3.749809265099998,2.4004859924000037,1.699903011332566,0.0,2.4001908302674337,4.1000938416,9.8497047424,13.949798584,1.699903011332566,2.4001908302674337,0.7999031543837134,4.10038900373257,True,True,True,0.001203264607997649,0.3013750939011477,-0.995677258337203,2,False,CONSISTENT,23.0,1.0,205.27637290980002,0.2271282201000133,0.8868503564999912,1.0006714679806918,77.0794677734,25.414219075088827,173.11192599562807,,zero_from_recording_start,,zero_from_recording_start,4,885.0,71.4425048828,value,82.5183105469,value,4,1384,122.0,,,zero_from_recording_start,,zero_from_recording_start,4,,1561.0,148.0,528.0,,,55.0,,,,,,,,,,,1
density_0_nback_2_id_8,8,d0_n2,31.7995948792,33.3004722595,35.8503761292,VALIDATED,53.0502586365,SINGLE,0.5495276451325708,0.6995277405000024,0.7995276451325708,0.6995277405000024,0.6995277405000024,0.5495276451325708,34.0,33.34999990463257,False,False,False,,6.149623870799999,1.5008773802999968,0.6995277405000024,,1.8503761292000007,2.549903869700003,17.199882507299996,19.749786377,,,0.0495276451325708,2.2004051207999993,True,True,True,0.00116750908921099,0.34796113659211203,-0.9919949789034136,1,False,CONSISTENT,23.0,1.0,205.382848739855,0.1448741915350126,1.213418960344967,1.00072145669475,119.540893555,76.68231723826578,172.60453306533967,,zero_from_recording_start,,zero_from_recording_start,4,895.0,65.0678100586,value,70.78125,value,4,1267,180.0,,,zero_from_recording_start,,zero_from_recording_start,4,,1661.0,119.0,647.0,,,214.0,,,,,,,,,,,5
density_10_nback_0_id_10,10,d10_n0,21.1004562378,22.500202179,30.650396347,VALIDATED,45.9496269226,SINGLE,2.449797868683717,6.0497977733162855,6.149797916367433,6.09979772563257,6.09979772563257,2.399797916367433,28.549999952316284,27.5,False,False,False,37.299999952316284,2.4996037483674307,1.399745941199999,6.0497977733162855,8.75,2.1003963946837167,8.150194168000002,15.299230575599996,23.449424743599998,14.799797773316286,-6.649603605316283,4.999797821000001,7.449543714516285,True,True,True,0.06159742574091337,0.43311034083415334,-0.9752184844700577,4,True,CONSISTENT,24.0,1.0,1189.463623047,0.6124267584997938,1.8305664019999313,0.9953081876258976,33.7269287109,4.047333016380639,190.96644891190581,244.944580078,value,228.876647949,value,4,,3.65576195717,value,29.0690917969,value,4,1321,104.0,,108.882202148,value,81.4801025391,value,4,1260.0,,1296.0,223.0,94.0,,94.0,,,,,,165.0,,,,,1
density_10_nback_0_id_11,11,d10_n0,21.1001262665,22.8506965637,27.550245285,VALIDATED,38.1001701355,SINGLE,0.9993033409325669,2.5993034839837144,3.29930353166743,2.8993034362999985,2.8993034362999985,2.4493033886162827,25.450000047683716,24.75,False,False,False,24.59999990463257,1.9997546673162852,1.750570297200003,2.5993034839837144,-0.8500001430511475,2.100245237316283,4.699548721299998,10.549924850500002,15.2494735718,1.749303340932567,2.9502453803674307,1.8993034362999985,4.349873781183717,True,True,True,0.06257501566837337,0.40882782262637635,-0.9940859316760988,1,False,CONSISTENT,24.0,1.0,1189.1292114255002,0.7850952128597327,1.9390258754997376,0.9943353753852491,83.5378417969,35.06970215793843,190.6564389049838,,zero_after_far_value,,zero_after_far_value,4,,52.4211425781,value,44.4844970703,value,4,1248,114.0,,25.4691162109,value,21.8409423828,value,4,1168.0,,1187.0,175.0,96.0,,,,,,,,98.0,,,,,6
density_10_nback_0_id_12,12,d10_n0,21.099521637,21.6993141174,25.899061203,VALIDATED,40.6491088867,SINGLE,1.0506858825999998,1.1506857872325682,3.3006858826,1.2006859779674315,1.2006859779674315,2.9506859779674315,22.84999990463257,22.5,False,False,False,23.09999990463257,4.20093870163257,0.5997924804000014,1.1506857872325682,0.25,3.0490612983674303,4.1997470855999985,14.7500476837,18.9497947693,1.4006857872325682,2.7990612983674303,0.8006858825999998,1.7504782676325696,True,True,True,0.05921361028307683,0.3903854966340454,-0.9960962101954887,1,False,CONSISTENT,24.0,1.0,1189.390350342,0.7328369175500256,1.913360596000075,0.990712919133702,145.127075195,68.80694994867625,190.9749224866688,,zero_after_far_value,,zero_after_far_value,4,,130.267700195,value,46.8117675781,value,4,1269,143.0,,35.3452148438,value,28.7280273438,value,4,1175.0,,1266.0,146.0,103.0,,,,,,,,134.0,,,,,2
density_10_nback_0_id_13,13,d10_n0,21.1491680145,22.9496307373,27.0998306274,VALIDATED,36.5498847961,SINGLE,1.2503693103837143,2.3503692150162827,2.5503692626999985,2.3503692150162827,2.3503692150162827,2.0503692626999985,25.299999952316284,24.90000009536743,False,False,False,24.75,4.150169372600001,1.8004627228000025,2.3503692150162827,-0.5499999523162842,1.7998306750837152,4.150199890099998,9.450054168700003,13.600254058800001,1.8003692626999985,2.3498306273999994,1.9503693580674302,4.150831937816285,True,True,True,0.06327963399367405,0.3555607226210901,-0.9970773088778071,2,False,CONSISTENT,24.0,1.0,1188.831573486,0.7231628439399629,1.8327331549999144,0.9968717250436256,86.1956787109,43.85872877323242,189.2339910053352,,zero_after_far_value,,zero_after_far_value,4,,52.5802001953,value,44.7288818359,value,4,1193,138.0,,26.7795410156,value,23.9561767578,value,4,1103.0,,1163.0,168.0,,,,,,,,,228.0,,,,,4
density_10_nback_0_id_16,16,d10_n0,21.1497879028,22.4498920441,27.3003253937,VALIDATED,49.9503746033,SINGLE,2.2501080035837155,3.350107908216284,3.600107908216284,3.400107860532568,3.400107860532568,3.2501080035837155,25.799999952316284,23.25,False,False,False,25.450000047683716,13.1996746063,1.3001041413000003,3.350107908216284,-0.34999990463256836,1.5003254413837155,4.850433349599999,22.6500492096,27.500482559199998,3.0001080035837155,1.8503253460162838,0.8001079558999997,4.650212049516284,True,True,True,0.06276479348433145,0.5720216729504112,-0.9975512624728254,1,False,CONSISTENT,24.0,1.0,1189.0440673829999,0.7359619099502197,1.8302001990002736,0.9940197629179433,73.1008300781,35.762638952274415,189.36845794531726,,zero_after_far_value,,zero_after_far_value,4,,48.3929443359,value,40.7332763672,value,4,1299,300.0,,27.0479736328,value,26.5975341797,value,4,1299.0,,1353.0,246.0,,,,,,,,,300.0,,,,,1
density_10_nback_0_id_17,17,d10_n0,21.1001434326,21.6501579285,24.6998519897,VALIDATED,36.3002891541,SINGLE,0.5498421191837153,0.9998421668674311,1.3998420238162836,0.9998421668674311,0.9998421668674311,1.1998419761325678,22.65000009536743,21.700000047683716,False,False,False,22.25,4.200148105667431,0.5500144959000011,0.9998421668674311,-0.40000009536743164,2.049851894332569,3.0496940612000003,11.600437164399999,14.6501312256,0.5998420714999995,2.449851989700001,0.04984211918371528,1.5498566627674322,True,True,True,0.06246401888311648,0.27584145292942813,-0.9911759901701347,1,False,CONSISTENT,24.0,1.0,1188.8469543455,0.6392517094549817,1.850921627499929,0.9966881319097509,151.458862305,96.04590401618128,190.9559211085039,,zero_after_far_value,,zero_after_far_value,4,,130.334838867,value,53.9058837891,value,4,1165,142.0,,35.9360351562,value,33.0050048828,value,4,1079.0,,1200.0,126.0,105.0,,19.0,,,,,,142.0,,,,,7
density_10_nback_0_id_18,18,d10_n0,21.1005496979,22.0002174377,25.5505199432,VALIDATED,35.8001365662,SINGLE,1.199782609983714,1.5997824669325666,1.7997825146162825,1.64978265766743,1.64978265766743,1.699782609983714,23.59999990463257,22.549999952316284,False,False,False,23.299999952316284,4.499480009116283,0.8996677398000017,1.5997824669325666,-0.2999999523162842,1.9505200385674328,3.5503025054999995,10.249616623000001,13.799919128500001,1.2997825146162825,2.250519990883717,0.5497825146162825,2.4994502067325683,True,True,True,0.061680015628452725,0.37490933055978376,-0.9929529083093245,1,False,CONSISTENT,24.0,1.0,1189.6788940430001,0.6222534189998896,1.848083491999887,0.9969634040519006,126.555419922,78.45822259652692,191.14472233726738,,zero_after_far_value,,zero_after_far_value,4,,127.916381836,value,49.8684082031,value,4,1151,165.0,,33.1108398438,value,28.0283203125,value,4,1075.0,,1181.0,135.0,97.0,,,,,,,,144.0,,,,,5
density_10_nback_0_id_19,19,d10_n0,21.2001686096,24.200012207,28.4006404877,VALIDATED,40.6505317688,SINGLE,1.399987697632568,1.8499877453162838,12.499987840683715,1.8499877453162838,1.8499877453162838,1.6999878883674313,26.049999952316284,24.59999990463257,False,False,False,25.59999990463257,4.249359607667433,2.9998435974000017,1.8499877453162838,-0.4500000476837158,2.3506405353837145,4.200628280699998,12.249891281100002,16.4505195618,1.399987697632568,2.8006405830674304,0.39998769763256803,4.849831342716286,True,True,True,0.06980479124863936,0.21208705275884246,-0.9885071674931875,2,False,CONSISTENT,24.0,1.0,1189.8194580079999,0.650595090600052,1.5236816450001243,0.9915363383588914,72.5720214844,22.693895426090382,188.86674682958582,,zero_after_far_value,,zero_after_far_value,4,,51.5168457031,value,49.3040771484,value,4,1238,175.0,,22.5769042969,value,15.8572998047,value,4,1211.0,,1192.0,221.0,,,,,,,,,202.0,,,,,1
density_10_nback_0_id_1,1,d10_n0,21.1491756439,22.0001220703,25.5491752625,VALIDATED,45.750213623,SINGLE,0.9998779296999984,1.0498778820162826,1.2498779296999984,1.0498778820162826,1.0498778820162826,0.8998780250674301,23.049999952316284,22.84999990463257,False,False,False,28.25,0.0008246898162838079,0.8509464264000002,1.0498778820162826,5.200000047683716,2.499175310183716,3.549053192199999,20.2010383605,23.7500915527,6.2498779296999984,-2.7008247374999996,0.8498778343325668,1.9008243084162828,True,True,True,0.0631431374722651,0.25732949001259353,-0.8583427344565077,1,False,CONSISTENT,24.0,1.0,1189.0301208495,0.6575744614998712,1.8672180165001464,0.9963173939058112,140.014770508,78.83594646585762,189.4068961440321,,zero_after_far_value,,zero_after_far_value,4,,130.016601562,value,50.1092529297,value,4,1135,322.0,,34.9086303711,value,28.2169189453,value,4,951.0,,1336.0,179.0,256.0,,58.0,,,,,,308.0,,,,,3
density_10_nback_0_id_20,20,d10_n0,21.1501674652,22.5002746582,27.1001377106,VALIDATED,41.8502578735,SINGLE,1.9497253894837172,2.0997252464325697,2.4997253418000014,2.149725437167433,2.149725437167433,1.9497253894837172,24.59999990463257,23.90000009536743,False,False,False,26.049999952316284,4.3998622894000015,1.3501071929999995,2.0997252464325697,1.4500000476837158,2.50013780596743,4.5998630524,14.7501201629,19.3499832153,3.5497252941162856,1.0501377582837144,1.399725437167433,3.4498324394325692,True,True,True,0.06671496203064142,0.3434060363120273,-0.9954050039511282,1,False,CONSISTENT,24.0,1.0,1189.069641113,0.6960510295399672,1.8358764690001408,0.9942830111089007,102.157958984,39.587283385672336,189.54039722859656,,zero_after_far_value,,zero_after_far_value,4,,55.7712402344,value,39.30859375,value,4,1319,118.0,,31.1455078125,value,29.3005371094,value,4,1226.0,,1262.0,175.0,103.0,,,,,,,,108.0,,,,,1
density_10_nback_0_id_21,21,d10_n0,21.1998977661,23.5508308411,26.9001350403,VALIDATED,36.2504920959,SINGLE,1.2991690635325668,1.4491691588999984,1.59916925426743,1.4491691588999984,1.4491691588999984,1.34916925426743,25.0,23.65000009536743,False,False,False,25.049999952316284,4.0498650073837155,2.3509330750000004,1.4491691588999984,0.04999995231628418,1.9001350403000004,3.3493041991999988,9.3503570556,12.699661254799999,1.4991691112162826,1.8501350879837162,0.09916925426743006,3.800102233899999,True,True,True,0.06634598827810172,0.38114382238455075,-0.9942679027706901,2,False,CONSISTENT,24.0,1.0,1189.521209717,0.5673187297049708,1.6899719200000618,0.991996214777234,94.8500976562,52.26454959637362,188.57013234357152,,zero_after_far_value,,zero_after_far_value,4,,55.2401123047,value,47.7875976562,value,4,1187,138.0,,27.4427490234,value,22.2769775391,value,4,1099.0,,1157.0,168.0,97.0,,,,,,,,129.0,,,,,8
density_10_nback_0_id_22,22,d10_n0,21.1496982574,21.6497306824,26.9998664856,VALIDATED,32.5999031067,SINGLE,1.1502692699162829,3.3502693175999987,3.700269222232567,3.3502693175999987,3.3502693175999987,1.1002693175999987,25.0,23.450000047683716,False,False,False,27.25,8.200133562083717,0.5000324250000006,3.3502693175999987,2.25,1.9998664855999984,5.350135803199997,5.600036621099999,10.950172424299996,5.600269317599999,-0.25013351440000164,1.8002693652837145,3.8503017425999992,True,True,True,0.06280460973687295,0.29194997630377945,-0.9966986762855145,1,False,CONSISTENT,24.0,1.0,1188.6924438475,0.8492431650900243,2.01751709149994,0.99725843219848,90.2644042969,39.98381656381773,189.03627153086015,,zero_after_far_value,,zero_after_far_value,3,,51.4946289062,value,39.0428466797,value,3,1032,220.0,,30.6888427734,value,30.0979003906,value,3,1025.0,,1028.0,224.0,,,,,,,,,227.0,,,,,6
density_10_nback_0_id_23,23,d10_n0,21.0999946594,23.6500205994,29.9502162933,VALIDATED,35.9999809265,MULTI_FIRST_TAKEN_AS_END_OF_FIRST_MANUAL_EPISODE,0.9999794959674304,4.549979448283715,4.699979305232567,4.549979448283715,4.549979448283715,4.349979400599999,28.200000047683716,23.700000047683716,False,False,False,24.700000047683716,1.8997836113325697,2.550025940000001,4.549979448283715,-3.5,1.7502162456162829,6.3001956938999975,6.049764633200002,12.3499603271,1.0499794482837146,5.250216245616283,0.04997944828371459,7.100005388283716,True,True,True,0.05918338238429098,0.41218287065467957,-0.9382063563622897,2,False,CONSISTENT,24.0,1.0,1189.5933227535,0.6784179725002104,1.802429196500043,0.9938013284240542,39.1528320312,12.477014758820896,191.11244067232064,247.210327148,value,235.644836426,value,4,,61.8724365234,value,18.3956298828,value,4,1236,68.0,,0.463257014751,value,90.8267822266,value,4,1182.0,,935.0,385.0,70.0,,16.0,,,,,,68.0,,,,,8
density_10_nback_0_id_24,24,d10_n0,21.0995349884,23.1498165131,26.2496433258,VALIDATED,39.9999580383,SINGLE,0.8501834869000007,0.9001834392162849,1.0001835822674323,0.950183391532569,0.950183391532569,0.8501834869000007,24.049999952316284,23.450000047683716,False,False,False,,,2.050281524700001,0.9001834392162849,,2.199643373483717,3.0998268127000017,13.7503147125,16.8501415252,,,0.3001835345837165,2.9504649639162857,True,True,True,0.05865779333526793,0.3759051202966531,-0.9891611392449555,2,True,CONSISTENT,24.0,1.0,1189.271240235,0.6173980719200244,1.7822265629999947,0.9949346105664972,115.904663086,64.36243113754568,190.6615293732309,,zero_after_far_value,,zero_after_far_value,4,,126.920166016,value,48.5141601562,value,4,1229,171.0,,31.2706298828,value,24.6802978516,value,4,1149.0,,1247.0,153.0,,,,,,,,,251.0,,,,,1
density_10_nback_0_id_25,25,d10_n0,21.1003818512,23.249961853,26.6002826691,VALIDATED,38.7995529175,SINGLE,0.7000381946837173,1.0000381470000015,1.2500381470000015,1.0500380993162857,1.0500380993162857,1.1500382423674331,24.25,23.5,False,False,False,23.34999990463257,5.249717235532568,2.149580001799997,1.0000381470000015,-0.9000000953674316,2.3502826691000003,3.3503208161000018,12.199270248400001,15.549591064500003,0.10003805163256985,3.250282764467432,0.2500381470000015,3.1496181487999984,True,True,True,0.06212822839703827,0.22701915057360883,-0.9915656147932317,2,False,CONSISTENT,24.0,1.0,1189.237792969,0.6463623029999326,1.7939453139999841,0.9949101707635436,111.294067383,57.91102104524039,190.81422541306006,,zero_after_far_value,,zero_after_far_value,4,,127.257202148,value,48.5745849609,value,4,1221,155.0,,30.3441162109,value,22.7629394531,value,4,1131.0,,1217.0,159.0,,,,,,,,,245.0,,,,,9
density_10_nback_0_id_26,26,d10_n0,21.149723053,22.6999511719,27.3999233246,VALIDATED,34.6999816895,SINGLE,1.5000488757837154,2.3500487804162837,9.450048923467431,2.3500487804162837,2.3500487804162837,6.350048780416284,25.049999952316284,23.549999952316284,False,False,False,25.09999990463257,3.1000766754000004,1.5502281189000016,2.3500487804162837,0.04999995231628418,2.3499233722837154,4.699972152699999,7.3000583649,12.000030517599999,2.400048732732568,2.299923419967431,0.8500487804162837,3.9002768993162853,True,True,True,0.06268259166409719,0.31478833848376675,-0.9969182317359362,1,False,CONSISTENT,24.0,1.0,1189.2110900875,0.701873777200035,1.6625671365000017,0.9941064238696571,92.4796142578,37.8709252041676,189.35099439572807,,zero_after_far_value,,zero_after_far_value,4,,54.5562744141,value,44.7943115234,value,4,1173,121.0,,27.1290283203,value,22.5432128906,value,4,1095.0,,1122.0,172.0,97.0,,,,,,,,102.0,,,,,9
density_10_nback_0_id_27,27,d10_n0,21.2003498077,23.9499320984,31.2497501373,VALIDATED,40.7003288269,SINGLE,2.95006799696743,3.0000679492837143,3.1000678539162827,3.150067806232567,2.1000678539162827,2.900067806232567,26.950000047683716,26.799999952316284,False,False,False,28.09999990463257,3.600249767332567,2.749582290700001,3.0000679492837143,1.1499998569488525,4.2997500896162855,7.2998180389,9.450578689599997,16.750396728499997,4.150067806232567,3.149750232667433,2.8500678539162827,5.7496502399837155,True,True,True,0.06932058704544149,0.3574966395250821,-0.8270200044449658,2,True,CONSISTENT,24.0,1.0,1190.0342102045001,0.518548585419966,1.6878356914996857,0.9913509266533707,58.4488525391,22.171427479133087,189.0210461942613,,zero_after_far_value,199.021057129,value,4,,54.2381591797,value,60.2497558594,value,4,1292,120.0,,14.306640625,value,46.0330810547,value,4,1255.0,,1063.0,349.0,,,,,,,,,157.0,,,,,5
density_10_nback_0_id_28,28,d10_n0,21.1998329163,22.4502277374,26.6997051239,VALIDATED,39.1496429443,SINGLE,0.749772310283717,0.9497723579674329,3.0497722626000012,0.999772310283717,0.999772310283717,0.749772310283717,23.40000009536743,22.950000047683716,False,False,False,25.0,6.600294828416285,1.2503948210999987,0.9497723579674329,1.5999999046325684,3.2997050285325678,4.249477386500001,12.449937820399999,16.6994152069,2.5497722626000012,1.6997051238999994,0.49977231028371705,2.2001671790674315,True,True,True,0.06600245882657435,0.2872968126870685,-0.9947448986088091,1,False,CONSISTENT,24.0,1.0,1189.8511352545,0.6311950672500188,1.8440551764999782,0.9931002755656319,132.384399414,53.23432068523396,188.88513437071725,,zero_after_far_value,,zero_after_far_value,4,,128.915405273,value,44.91796875,value,4,1206,175.0,,34.2256469727,value,25.8311767578,value,4,1143.0,,1218.0,163.0,,,,,,,,,238.0,,,,,3
density_10_nback_0_id_29,29,d10_n0,21.1997032166,22.4495983124,36.0496635437,VALIDATED,44.8497924805,SINGLE,0.9504017829674325,1.2504017352837167,1.9504017829674325,1.2504017352837167,1.2504017352837167,1.1504015922325692,23.700000047683716,22.5,False,False,False,28.299999952316284,,1.2498950957999995,1.2504017352837167,4.599999904632568,12.349663496016284,13.6000652313,8.8001289368,22.4001941681,5.850401639916285,7.749663591383715,0.050401687600000855,2.500296831083716,True,True,True,0.0657006112362132,0.4225697188654875,-0.8004773928886396,3,False,CONSISTENT,24.0,1.0,1189.1598510745,0.6852111856000419,1.8742065384999478,0.9958190451845061,124.435546875,3.6722934904106967,188.31596895712357,,zero_after_far_value,111.065673828,value,4,,126.866210938,value,54.2934570312,value,4,1387,109.0,,33.8507080078,value,209.079711914,value,4,1109.0,,1270.0,226.0,317.0,,,,,,16.0,,54.0,,,,,9
density_10_nback_0_id_2,2,d10_n0,21.1500549316,22.8507518768,26.3504753113,VALIDATED,33.0001487732,SINGLE,1.0492482185674312,1.2992482185674312,1.3992481231999996,1.2992482185674312,1.2992482185674312,1.1992480755162838,24.15000009536743,23.40000009536743,False,False,False,23.799999952316284,2.6495246887000015,1.7006969452000007,1.2992482185674312,-0.35000014305114746,2.200475215932567,3.499723434499998,6.649673461900004,10.149396896400003,0.9492480755162838,2.5504753589837144,0.5492482185674312,2.999945163767432,True,True,True,0.06586837966792113,0.3586746677477115,-0.9969432335686387,1,False,CONSISTENT,24.0,1.0,1189.037506104,0.6737487805300362,1.8304138180001246,0.9945390468376156,113.518188477,61.4138465278413,189.3715129313175,,zero_after_far_value,,zero_after_far_value,4,,126.669433594,value,47.0970458984,value,4,1124,104.0,,30.8922119141,value,25.1380615234,value,4,1056.0,,1104.0,155.0,99.0,,31.0,,,,,,104.0,,,,,5
density_10_nback_0_id_30,30,d10_n0,21.1505622864,22.9505138397,26.5005168915,VALIDATED,41.5507850647,SINGLE,1.1994862556674306,1.4494862556674306,1.7494862079837148,1.4994862079837148,1.4994862079837148,1.3994860649325673,24.40000009536743,23.90000009536743,False,False,False,24.200000047683716,5.199483156183717,1.7999515533000014,1.4494862556674306,-0.20000004768371582,2.100516796132567,3.5500030517999974,15.050268173200003,18.600271225,1.2494862079837148,2.3005168438162826,0.9494862556674306,3.249437808967432,True,True,True,0.06675388065531916,0.29100058539894114,-0.9969722010444129,2,False,CONSISTENT,24.0,1.0,1188.7582397465,0.7706970254748399,1.893005369500088,0.9981138154594782,107.468261719,58.712443070111476,189.02681517598458,,zero_after_far_value,,zero_after_far_value,4,,125.969726562,value,47.4755859375,value,4,1272,158.0,,29.9904785156,value,24.2518310547,value,4,1186.0,,1271.0,159.0,,,,,,,,,244.0,,,,,8
density_10_nback_0_id_32,32,d10_n0,21.1492099762,22.2500896454,25.0997829437,VALIDATED,32.5497322083,SINGLE,0.4999103546000008,0.8999104499674324,1.1999104022837166,0.8999104499674324,0.8999104499674324,4.899910449967432,23.15000009536743,22.299999952316284,False,False,False,,,1.1008796691999976,0.8999104499674324,,1.9497828483325677,2.8496932983,7.449949264600001,10.2996425629,,,0.04991030691628495,2.00079011916743,True,True,True,0.06335759813559382,0.3162108847381501,-0.9956888190299277,1,True,CONSISTENT,24.0,1.0,1189.052368164,0.6489257820801413,1.8385009730000093,0.9943422260995125,137.573730469,87.75908954892859,189.33219592787648,,zero_after_far_value,,zero_after_far_value,4,,129.746826172,value,52.2751464844,value,4,1101,149.0,,34.5817871094,value,30.349609375,value,4,1006.0,,1115.0,135.0,108.0,,,,,,,,136.0,,,,,6
density_10_nback_0_id_33,33,d10_n0,21.1002655029,22.1497554779,26.600276947,VALIDATED,60.9501686096,SINGLE,1.0002446174674304,7.350244522099999,,,5.600244522099999,0.900244474416283,29.5,28.15000009536743,False,False,False,24.0,27.79972314836743,1.0494899750000002,7.350244522099999,-5.5,-2.899723052999999,4.4505214691,34.3498916626,38.8004131317,1.8502445220999988,2.600276947000001,6.00024461746743,8.399734497099999,True,False,True,0.06210471019638612,0.14235561909587757,-0.992032899439143,1,False,CONSISTENT,24.0,1.0,1189.0231628425001,0.7133728012999427,1.8884582554996996,0.9924119235677012,-18.4097900391,51.35582538282077,190.4809658061539,33.3312988281,value,,zero_after_far_value,4,,,zero_after_lane_crossing,42.0302734375,value,4,1195,623.0,,,zero_after_lane_crossing,28.6953125,value,4,1195.0,,1595.0,223.0,,,,,,,,,623.0,,,,,2
density_10_nback_0_id_34,34,d10_n0,21.1505126953,23.4005355835,26.500459671,VALIDATED,36.5005264282,SINGLE,0.7994644641837141,0.9994645118674299,1.1994643211325666,0.9994645118674299,0.9994645118674299,0.8494644164999983,24.40000009536743,23.450000047683716,False,False,False,,,2.2500228882,0.9994645118674299,,2.10045957563257,3.0999240875,10.000066757199995,13.099990844699995,,,0.049464464183714085,3.24948740006743,True,True,True,0.0649919670758274,0.34676298145380147,-0.9892699747630865,1,True,CONSISTENT,24.0,1.0,1189.9582824705,0.5336364730999775,1.8498229984998034,0.9953081566868791,108.496582031,63.42176048720867,190.19793988059735,,zero_after_far_value,,zero_after_far_value,4,,126.602294922,value,50.6469726562,value,4,1180,149.0,,30.3741455078,value,21.5718994141,value,4,1091.0,,1164.0,165.0,93.0,,,,,,,,145.0,,,,,9
density_10_nback_0_id_35,35,d10_n0,21.1496276855,23.1002883911,26.4001178741,VALIDATED,35.6996459961,SINGLE,0.8497116565837146,1.199711561216283,1.4997115135325672,1.199711561216283,1.199711561216283,1.1497116088999988,24.299999952316284,23.299999952316284,False,False,False,25.049999952316284,4.949882030532567,1.9506607056000007,1.199711561216283,0.75,2.100117921783717,3.299829483,9.299528122000002,12.599357605000002,1.949711561216283,1.350117921783717,0.19971156121628297,3.1503722668162837,True,True,True,0.06290111669086405,0.321017986431168,-0.996641735533895,1,False,CONSISTENT,24.0,1.0,1189.0993347165,0.6199462909650606,1.7441711385001781,0.9949402025337498,110.196533203,59.844903859611186,189.37068968527402,,zero_after_far_value,,zero_after_far_value,4,,126.549926758,value,46.8802490234,value,4,1174,139.0,,30.0354003906,value,25.3614501953,value,4,1078.0,,1158.0,155.0,99.0,,,,,,,,136.0,,,,,4
density_10_nback_0_id_37,37,d10_n0,21.0997962952,21.1998462677,27.2999305725,VALIDATED,40.9498023987,SINGLE,3.500153779983716,3.6001536846162843,14.5501537323,3.6501536369325684,3.6501536369325684,3.4501538276674317,24.799999952316284,24.549999952316284,False,False,False,22.950000047683716,3.8500695228674324,0.10004997249999903,3.6001536846162843,-1.8499999046325684,2.499930620183715,6.100084304799999,13.649871826200002,19.749956131,1.750153779983716,4.349930524816283,3.3501536846162843,3.7002036571162833,True,True,True,0.05959687782172623,0.20047860839299,-0.9961963901019982,1,False,CONSISTENT,24.0,1.0,1188.8104248045001,0.7564086928498455,1.7055053674998817,0.9931079022594591,94.8001708984,32.44920073085028,190.28838434610378,,zero_after_far_value,,zero_after_far_value,4,,122.650390625,value,116.394287109,value,4,1262,156.0,,31.5540771484,value,25.0655517578,value,4,1201.0,,1240.0,178.0,,,,,,,,,217.0,,,,,2
density_10_nback_0_id_38,38,d10_n0,21.0993556976,21.3993186951,27.0491886139,VALIDATED,66.0497741699,MULTI_FIRST_TAKEN_AS_END_OF_FIRST_MANUAL_EPISODE,1.0006814002674318,4.4506812095325685,12.250681400267432,4.500681400267432,4.500681400267432,4.300681352583716,25.84999990463257,23.700000047683716,False,False,False,25.25,4.3508114814674315,0.2999629974999998,4.4506812095325685,-0.5999999046325684,1.1991887092674318,5.6498699188,39.000585556000004,44.650455474800005,3.8506813049,1.7991886139000002,2.300681352583716,4.750644207032568,True,True,True,0.05984713917681886,0.24655708065713686,-0.9740119085885757,1,False,CONSISTENT,24.0,1.0,1188.6780090335,0.9126831076849953,1.809112553499972,0.9977000918552961,62.5769042969,26.920730975427873,190.2426378355558,,zero_after_far_value,,zero_after_far_value,4,,38.7971191406,value,27.4893798828,value,4,1798,123.0,,36.2979736328,value,41.3890380859,value,4,1701.0,,1749.0,172.0,73.0,,,,,,,,147.0,,,,,8
density_10_nback_0_id_39,39,d10_n0,21.1499214172,22.5494995117,36.649597168,VALIDATED,43.0495834351,SINGLE,1.7005004883000012,5.500500440616285,5.80050039293257,5.900500535983717,3.850500583667433,4.450500488300001,28.049999952316284,26.84999990463257,False,False,False,33.15000009536743,,1.3995780944999971,5.500500440616285,5.1000001430511475,8.599597215683715,14.100097656300001,6.399986267099997,20.5000839234,10.600500583667433,3.499597072632568,4.30050039293257,6.9000785351162826,True,True,True,0.06328626395385786,0.20611027207931054,-0.649180617583154,8,True,CONSISTENT,24.0,1.0,1189.2900390625,0.6185790988999542,1.7926025424999352,0.9969812656570527,42.6522216797,15.181970294603804,189.63034563316148,248.138366699,value,88.5374755859,value,4,,60.4133300781,value,88.9517822266,value,4,1344,116.0,,2.46667504311,value,182.60369873,value,4,1223.0,,1218.0,242.0,141.0,,,,,,19.0,,77.0,,,,,4
density_10_nback_0_id_3,3,d10_n0,21.1001586914,23.0999031067,26.4501438141,VALIDATED,31.4999065399,SINGLE,0.7500967979325672,0.950096845616283,4.200096845616283,0.950096845616283,0.950096845616283,0.9000968932999989,24.049999952316284,23.450000047683716,False,False,False,23.200000047683716,8.549856185900001,1.9997444153000004,0.950096845616283,-0.8499999046325684,2.4001438617837145,3.3502407073999976,5.049762725800001,8.400003433199998,0.10009694098371469,3.250143766416283,0.3500969409837147,2.9498412609162834,True,True,True,0.06130363057573995,0.2772425951298045,-0.9946664158488155,2,False,CONSISTENT,24.0,1.0,1189.7387084954998,0.5403442368502283,1.699890135500027,0.997332106763063,116.290283203,60.59467727654949,191.16324220790017,,zero_after_far_value,,zero_after_far_value,4,,127.314697266,value,48.0661621094,value,4,1003,226.0,,30.8796386719,value,23.6911621094,value,4,979.0,,1043.0,186.0,,,,,,,,,250.0,,,,,7
density_10_nback_0_id_40,40,d10_n0,21.0991516113,22.5494117737,25.599363327,VALIDATED,34.349395752,SINGLE,1.3005881309325673,1.4005882739837148,1.5505881309325673,1.4005882739837148,1.4005882739837148,1.1505882739837148,23.950000047683716,23.65000009536743,False,False,False,,,1.4502601623999993,1.4005882739837148,,1.6493632793162831,3.049951553299998,8.750032425,11.799983978299998,,,1.1005883216674306,2.850848436383714,True,True,True,0.058720415566685676,0.516123399664849,-0.9915732022437859,2,True,CONSISTENT,24.0,1.0,1189.1735839845,0.7074218772498966,1.9141845664998982,0.9940202401756871,118.063598633,80.24484687147213,190.7529638023644,,zero_after_far_value,,zero_after_far_value,4,,126.935546875,value,52.685546875,value,4,1087,199.0,,31.8942871094,value,25.4998779297,value,4,1060.0,,1149.0,137.0,90.0,,,,,,,,136.0,,,,,6
density_10_nback_0_id_41,41,d10_n0,21.1493988037,22.8498783112,31.1499404907,VALIDATED,48.2997093201,SINGLE,1.8501217364837146,5.200121641116283,5.30012178416743,5.250121593432567,5.250121593432567,5.200121641116283,28.049999952316284,26.25,False,False,False,24.15000009536743,6.150059461616284,1.7004795075000025,5.200121641116283,-3.8999998569488525,3.0999405383837164,8.3000621795,17.1497688294,25.4498310089,1.3001217841674304,6.999940395332569,3.4001216887999988,6.9006011486162855,True,True,True,0.06398647073291278,0.22944505596917233,-0.9310473336995221,8,True,CONSISTENT,24.0,1.0,1189.567687988,0.6989013668000325,1.6981811550001567,0.995568011673557,51.6671142578,24.8741774755321,189.91919108804058,239.16583252,value,199.238342285,value,4,,6.8173828125,value,59.6237792969,value,4,1396,169.0,,103.455078125,value,46.8070068359,value,4,1355.0,,1279.0,286.0,,,,,,,,,210.0,,,,,5
density_10_nback_0_id_42,42,d10_n0,21.1497745514,23.2004451752,27.6003704071,VALIDATED,39.0005531311,SINGLE,1.499554872483717,1.5495548248000013,1.6495547294325696,1.5995547771162855,1.5995547771162855,1.449554920167433,24.75,24.40000009536743,False,False,False,37.09999990463257,5.099629640583714,2.0506706237999985,1.5495548248000013,12.349999904632568,2.8503704071000016,4.399925231900003,11.400182723999997,15.8001079559,13.89955472943257,-9.499629497532567,1.199554920167433,3.6002254486,True,True,True,0.06225748622908553,0.40354481044346635,-0.9860667251895375,2,False,CONSISTENT,24.0,1.0,1189.8454589845,0.6416839632999768,1.7905273474998467,0.9910172813121699,101.088378906,42.79107140531665,190.07376664905433,,zero_after_far_value,,zero_after_far_value,4,,57.2510986328,value,52.4194335938,value,4,1202,177.0,,28.0672607422,value,16.3433837891,value,4,1160.0,,1186.0,193.0,,,,,,,,,219.0,,,,,3
density_10_nback_0_id_43,43,d10_n0,21.1498622894,22.7495155334,30.7997207642,VALIDATED,43.2504272461,SINGLE,1.9504845142837155,2.100484371232568,5.900484561967431,2.5004844665999997,2.5004844665999997,1.9004845619674313,24.84999990463257,24.09999990463257,False,False,False,28.299999952316284,4.850279331167432,1.5996532439999989,2.100484371232568,3.450000047683716,5.949720859567432,8.0502052308,12.450706481900003,20.500911712700002,5.550484418916284,2.4997208118837158,1.350484371232568,3.700137615232567,True,True,True,0.0629941864994295,0.26044062968875725,-0.9423297004758802,5,False,CONSISTENT,24.0,1.0,1189.4604797365,0.6223449680001067,1.8134460464998483,0.9947571917979533,97.4754638672,11.925659249573647,189.81825309049432,,zero_after_far_value,219.463745117,value,4,,55.3259277344,value,38.7026367188,value,4,1299,166.0,,28.9248046875,value,69.0012207031,value,4,1270.0,,1133.0,332.0,,,,,,,,,195.0,,,,,6
density_10_nback_0_id_44,44,d10_n0,21.1503067017,22.2998714447,26.9502811432,VALIDATED,40.7504234314,SINGLE,1.2501285076162851,1.8001284599325693,2.8001284599325693,2.6501286029837168,2.6501286029837168,1.1501286029837168,24.09999990463257,23.34999990463257,False,False,False,24.40000009536743,6.299718856799998,1.1495647429999991,1.8001284599325693,0.3000001907348633,2.850281238567433,4.6504096985000025,13.8001422882,18.450551986700003,2.1001286506674326,2.55028104783257,1.0501284599325693,2.9496932029325684,True,True,True,0.06548825690377436,0.47829077312162926,-0.9946408880654516,2,True,CONSISTENT,24.0,1.0,1189.658050537,0.6262023949998365,1.8486633319998873,0.99264811993769,114.838989258,52.70353325471222,189.90602973953625,,zero_after_far_value,,zero_after_far_value,4,,125.855957031,value,48.7174072266,value,4,1215,200.0,,32.3354492188,value,21.1148681641,value,4,1176.0,,1226.0,189.0,,,,,,,,,239.0,,,,,4
density_10_nback_0_id_45,45,d10_n0,21.1502075195,21.750164032,25.8008384705,VALIDATED,49.8500061035,SINGLE,0.7998359203162835,1.149836063367431,8.449836015683715,1.149836063367431,1.149836063367431,2.2498359679999993,22.90000009536743,21.950000047683716,False,False,False,23.450000047683716,4.749161481816284,0.5999565125000004,1.149836063367431,0.5499999523162842,2.900838375132569,4.0506744385,24.049167633,28.0998420715,1.6998360156837151,2.3508384228162846,0.19983601568371512,1.7497925758674313,True,True,True,0.06486367504228203,0.18164209661244743,-0.9871179523132411,1,False,CONSISTENT,24.0,1.0,1190.0350952145,0.655468753700211,1.7117919904999326,0.9910358088384581,144.478271484,74.54675877863208,190.1829293273012,,zero_after_far_value,,zero_after_far_value,4,,130.115722656,value,49.6593017578,value,4,1381,214.0,,35.9954833984,value,26.9005126953,value,4,1333.0,,1436.0,159.0,,,,,,,,,262.0,,,,,7
density_10_nback_0_id_46,46,d10_n0,21.1496601105,22.3997631073,25.7996234894,VALIDATED,31.0495834351,SINGLE,1.0002369880674316,1.150236845016284,6.900236845016284,1.150236845016284,1.150236845016284,1.1002368927,23.549999952316284,22.40000009536743,False,False,False,23.950000047683716,9.000376462916286,1.250102996799999,1.150236845016284,0.40000009536743164,2.249623537083714,3.399860382099998,5.249959945700002,8.6498203278,1.5502369403837157,1.8496234417162825,0.00023698806743155387,2.400339841816283,True,True,True,0.06227668563042811,0.2770920462668816,-0.9950472459150083,1,False,CONSISTENT,24.0,1.0,1189.949066162,0.5563537589999669,1.7569885289999547,0.9935537722517017,128.41027832,73.29937075203792,190.19641715280045,,zero_after_far_value,,zero_after_far_value,4,,127.603149414,value,48.5747070312,value,4,984,236.0,,34.0380859375,value,28.0981445312,value,4,960.0,,1043.0,177.0,,,,,,,,,260.0,,,,,7
density_10_nback_0_id_47,47,d10_n0,21.2001514435,22.150144577,25.9001159668,VALIDATED,41.2500953674,MULTI_FIRST_TAKEN_AS_END_OF_FIRST_MANUAL_EPISODE,1.1498553753162852,1.6998553276325694,2.4498553276325694,1.6998553276325694,1.6998553276325694,2.299855470683717,23.84999990463257,22.40000009536743,False,False,False,23.34999990463257,8.099884033199999,0.9499931334999978,1.6998553276325694,-0.5,2.050116062167433,3.7499713898000024,15.349979400599999,19.0999507904,1.1998553276325694,2.550116062167433,0.2498555183674327,2.6498484611325672,True,True,True,0.06916909382635236,0.22093581051977979,-0.9946197039692873,2,False,CONSISTENT,24.0,1.0,1189.9270019535,0.5552978477000124,1.7873535105002247,0.9936410353713132,121.286376953,73.27891037979528,188.89431198941438,,zero_after_far_value,,zero_after_far_value,4,,126.941894531,value,49.8361816406,value,4,1205,219.0,,32.8510742188,value,25.7855224609,value,4,1164.0,,1260.0,164.0,,,,,,,,,260.0,,,,,7
density_10_nback_0_id_48,48,d10_n0,21.1499385834,21.7502613068,24.9997463226,VALIDATED,43.0003128052,SINGLE,1.0997385978325696,1.1497387885674328,1.5497386455162854,1.1497387885674328,1.1497387885674328,0.9997386932000012,22.90000009536743,22.65000009536743,False,False,False,,7.2502536774,0.6003227233999979,1.1497387885674328,,2.0997462272325684,3.2494850158000013,18.000566482599996,21.250051498399998,,,0.8997387885674328,1.7500615119674308,True,True,True,0.06322968758147875,0.37612088676573113,-0.9954500804826326,1,False,CONSISTENT,24.0,1.0,1188.942443848,0.7408813473520695,1.960510253999928,0.9936957154058452,143.751586914,91.10912854885656,189.35790894118605,,zero_after_far_value,,zero_after_far_value,4,,130.480102539,value,53.5909423828,value,4,1200,260.0,,35.3342285156,value,30.0986328125,value,4,1192.0,,1279.0,181.0,,,,,,,,,268.0,,,,,9
density_10_nback_0_id_49,49,d10_n0,21.0999755859,24.1506195068,33.1004333496,VALIDATED,58.1506881714,SINGLE,2.5493805408837176,2.69938039783257,2.94938039783257,2.7493805885674334,2.7493805885674334,2.5493805408837176,26.84999990463257,26.15000009536743,False,False,False,26.65000009536743,7.149566650399997,3.050643920899997,2.69938039783257,-0.19999980926513672,6.250433444967435,8.949813842800005,25.050254821799996,34.0000686646,2.4993805885674334,6.450433254232571,1.9993805885674334,5.750024318732567,True,True,True,0.058820823412789235,0.25155281046374434,-0.5970241847015431,5,True,CONSISTENT,24.0,1.0,1189.6565551765,0.620959475500058,1.682434081500105,0.9936929142404447,56.9957275391,14.145347243772578,191.19228157433116,,zero_after_far_value,165.574707031,value,4,,51.8023681641,value,53.0905761719,value,4,1556,207.0,,17.0065917969,value,24.4412841797,value,4,1550.0,,1474.0,289.0,,,,,,,,,213.0,,,,,1
density_10_nback_0_id_4,4,d10_n0,21.1507015228,23.4501590729,26.5001392365,VALIDATED,31.1996212006,SINGLE,0.5998408794162842,0.8998408317325683,1.1998410224674316,0.8998408317325683,0.8998408317325683,1.1498408317325683,24.34999990463257,23.5,False,False,False,,8.699860811183715,2.2994575501000014,0.8998408317325683,,2.1501393318674324,3.049980163600001,4.6994819640999985,7.749462127699999,,,0.04984092709999999,3.1992983818325698,True,True,True,0.06568058016142038,0.29767043470428967,-0.993057036487395,1,True,CONSISTENT,24.0,1.0,1189.2114257815,0.6722045915048284,1.8415527374997964,0.9912651715382337,109.160644531,60.45649110222995,189.46983477070535,,zero_after_far_value,,zero_after_far_value,4,,127.271850586,value,49.1605224609,value,4,994,229.0,,29.6916503906,value,22.8420410156,value,4,970.0,,1034.0,189.0,,,,,,,,,253.0,,,,,3
density_10_nback_0_id_50,50,d10_n0,21.100233078,22.5502643585,26.0499763489,VALIDATED,39.1002464294,SINGLE,1.2497355938162826,1.5497355461325668,1.9497356414999985,1.5497355461325668,1.5497355461325668,1.34973573686743,24.09999990463257,22.59999990463257,False,False,False,23.950000047683716,5.900023698783716,1.4500312805000029,1.5497355461325668,-0.14999985694885254,1.9499764442674312,3.499711990399998,13.050270080500002,16.5499820709,1.3997356891837143,2.0999763012162838,0.04973554613256681,2.9997668266325697,True,True,True,0.061943342982223634,0.35525282914928585,-0.9959174895678212,2,True,CONSISTENT,24.0,1.0,1189.584991455,0.6830139185001031,1.9075622570001087,0.9930891831980738,115.155151367,72.803783295497,190.92951002644767,,zero_after_far_value,,zero_after_far_value,4,,127.248168945,value,53.1921386719,value,4,1208,174.0,,30.6387939453,value,22.0207519531,value,4,1121.0,,1235.0,147.0,94.0,,,,,,,,167.0,,,,,6
density_10_nback_0_id_51,51,d10_n0,21.1003036499,22.5006103516,27.6501464844,VALIDATED,38.0502319336,SINGLE,1.499389648400001,1.699389696083717,1.999389648400001,1.8493895530325695,1.8493895530325695,1.5993895530325695,24.200000047683716,23.65000009536743,False,False,False,22.59999990463257,4.899853467916284,1.4003067017,1.699389696083717,-1.6000001430511475,3.4501464367162846,5.1495361328000016,10.400085449200002,15.549621582000004,0.09938955303256947,5.050146579767432,1.1493897437674327,3.099696397783717,True,True,True,0.0615804589756609,0.18217863832786785,-0.9844711632537215,2,False,CONSISTENT,24.0,1.0,1188.845306397,0.7010925299699352,1.8645324690000962,0.9969641216710008,111.495605469,36.48026507254946,190.44745454160142,,zero_after_far_value,,zero_after_far_value,4,,126.388793945,value,48.0306396484,value,4,1074,162.0,,31.5239257812,value,18.8774414062,value,4,996.0,,1176.0,184.0,124.0,,124.0,,,,,,240.0,,,,,2
density_10_nback_0_id_52,52,d10_n0,21.1496944427,22.3999481201,26.6995544434,VALIDATED,49.0997695923,SINGLE,1.0500519275837163,1.6500518322162847,5.800051927583716,1.7000517845325689,1.7000517845325689,2.0500519275837163,24.049999952316284,22.700000047683716,False,False,False,23.34999990463257,10.100445508916284,1.2502536774,1.6500518322162847,-0.7000000476837158,2.649554491083716,4.299606323300001,22.4002151489,26.6998214722,0.9500517845325689,3.349554538767432,0.30005192758371635,2.9003055096162846,True,True,True,0.061950547438270866,0.30064946621600647,-0.9148841206179454,4,False,CONSISTENT,24.0,1.0,1189.76260376,0.5510925257197868,1.9180602989999898,0.9929520006933878,115.965576172,58.32706724575844,190.00164286225453,,zero_after_far_value,,zero_after_far_value,4,,125.938842773,value,48.6062011719,value,4,976,480.0,,32.5983886719,value,22.1864013672,value,4,1028.0,,1409.0,125.0,,,,26.0,125.0,,,196.0,331.0,47.0,,,,3
density_10_nback_0_id_53,53,d10_n0,21.1491603851,22.5491161346,25.4992389679,VALIDATED,35.4991874695,SINGLE,1.0008838177162858,1.30088377003257,1.4508838654000016,1.30088377003257,1.30088377003257,1.2508838177162858,23.84999990463257,23.0,False,False,False,23.5,4.300760984416286,1.3999557494999983,1.30088377003257,-0.34999990463256836,1.64923906326743,2.9501228333,9.999948501600002,12.950071334900002,0.9508838654000016,1.9992389678999984,0.4508838654000016,2.7008395195325683,True,True,True,0.06274464928743383,0.46283730449909555,-0.996932857496367,1,False,CONSISTENT,24.0,1.0,1189.4132080075,0.6840209961997971,1.8487548874998083,0.9949264812391163,120.900268555,80.7530145385253,189.74348940700546,,zero_after_far_value,,zero_after_far_value,4,,126.572998047,value,50.7592773438,value,4,1152,157.0,,33.2384033203,value,28.4621582031,value,4,1058.0,,1166.0,143.0,101.0,,,,,,,,150.0,,,,,7
density_10_nback_0_id_54,54,d10_n0,21.0997638702,22.0498695374,26.3993148804,VALIDATED,34.8498382568,SINGLE,1.6001305579674323,1.7501304149162848,2.1501305102837165,2.000130414916285,2.000130414916285,1.550130367232569,23.799999952316284,23.25,False,False,False,,0.0006852149674330121,0.950105667199999,1.7501304149162848,,2.5993149280837144,4.349445342999999,8.4505233764,12.799968719399999,,,1.2001304626000007,2.700236082116284,True,True,True,0.059494450006152146,0.35950636380523937,-0.9947920404653948,1,False,CONSISTENT,24.0,1.0,1189.3192443849998,0.7962036125402164,1.9948425250001947,0.9961361546483424,121.563354492,56.708226925523654,190.939640985588,,zero_after_far_value,,zero_after_far_value,4,,127.230957031,value,43.7073974609,value,4,1175,96.0,,32.5418701172,value,28.4992675781,value,4,1100.0,,1142.0,155.0,101.0,,26.0,,,,,,96.0,,,,,3
density_10_nback_0_id_55,55,d10_n0,21.2001552582,23.5504226685,26.9999980927,VALIDATED,37.750213623,SINGLE,1.049577236132567,1.1495773791837145,1.4495773314999987,1.1495773791837145,1.1495773791837145,1.0995774268674303,24.700000047683716,23.59999990463257,False,False,False,24.299999952316284,5.400002002667431,2.3502674103000025,1.1495773791837145,-0.40000009536743164,2.2999980450162845,3.449575424199999,10.7502155303,14.1997909545,0.7495772838162829,2.699998140383716,0.04957723613256704,3.499844789483717,True,True,True,0.06916344249631919,0.2685778715562568,-0.994813909340995,2,False,CONSISTENT,24.0,1.0,1189.9896240235,0.49293823015007093,1.7847900415001732,0.9965961365788532,102.009033203,50.30619358175143,189.05815045281065,,zero_after_far_value,,zero_after_far_value,4,,57.3287353516,value,48.0557861328,value,4,1215,140.0,,28.5212402344,value,21.5863037109,value,4,1141.0,,1187.0,168.0,96.0,,,,,,,,118.0,,,,,2
density_10_nback_0_id_56,56,d10_n0,21.2003097534,22.1506843567,26.8999652863,VALIDATED,39.3004875183,SINGLE,1.5993156432999989,1.6993155479325672,6.699315547932567,2.099315643299999,2.099315643299999,1.4993157386674305,23.84999990463257,23.34999990463257,False,False,False,25.299999952316284,4.95003461833257,0.950374603300002,1.6993155479325672,1.4500000476837158,3.0499653816674304,4.749280929599998,12.400522232000004,17.1498031616,3.149315595616283,1.5999653339837145,1.1993155479325672,2.6496901512325692,True,True,True,0.06769138172305829,0.2996626362901035,-0.9932608224435827,1,False,CONSISTENT,24.0,1.0,1189.639648438,0.6751831038501223,1.8806152299998757,0.9921702273633194,121.041870117,47.237979670417886,188.6699217406904,,zero_after_far_value,,zero_after_far_value,4,,126.704345703,value,42.6447753906,value,4,1233,152.0,,33.0642089844,value,26.9653320312,value,4,1151.0,,1218.0,167.0,,,,,,,,,234.0,,,,,9
density_10_nback_0_id_57,57,d10_n0,21.1500587463,22.8501396179,26.3501491547,VALIDATED,35.0504226685,SINGLE,0.8498604297837176,1.8498604297837176,1.949860334416286,1.8498604297837176,1.8498604297837176,1.6498603821000017,24.700000047683716,24.40000009536743,False,False,False,,,1.7000808715999973,1.8498604297837176,,1.6501491070162828,3.5000095368000004,8.7002735138,12.2002830506,,,1.5498604774674334,3.549941301383715,True,True,True,0.06508011166530202,0.5531579134158885,-0.9971623292096511,2,False,CONSISTENT,24.0,1.0,1189.7716369625,0.6166992187098913,1.9097595205000744,0.9910763579289507,100.917724609,62.29189863562869,190.04257662217827,,zero_after_far_value,,zero_after_far_value,4,,56.2357177734,value,46.9875488281,value,4,1148,153.0,,29.6086425781,value,25.5815429688,value,4,1088.0,,1144.0,157.0,97.0,,,,,,,,116.0,,,,,5
density_10_nback_0_id_5,5,d10_n0,21.100194931,23.3003635406,27.1997432709,VALIDATED,42.7002258301,SINGLE,1.2496364117162848,1.549636364032569,1.799636364032569,1.5996365547674323,1.5996365547674323,1.4996364117162848,24.84999990463257,23.799999952316284,False,False,False,24.299999952316284,5.250256776783715,2.2001686095999986,1.549636364032569,-0.5499999523162842,2.3497433662674325,3.8993797303000015,15.500482559200002,19.399862289500003,0.9996364117162848,2.8997433185837167,0.4996364117162848,3.7498049736325676,True,True,True,0.06188645294075828,0.2726525668828424,-0.9930484815153335,2,False,CONSISTENT,24.0,1.0,1189.2474365235,0.6613769562000016,1.8048095664998982,0.9967344311252959,97.5263671875,44.1394046000522,190.94418438235385,,zero_after_far_value,,zero_after_far_value,4,,56.2229003906,value,46.8184814453,value,4,1293,160.0,,27.5003662109,value,21.5881347656,value,4,1221.0,,1284.0,169.0,,,,,,,,,232.0,,,,,3
density_10_nback_0_id_6,6,d10_n0,21.199848175,23.1498718262,27.2498836517,VALIDATED,35.9498939514,MULTI_FIRST_TAKEN_AS_END_OF_FIRST_MANUAL_EPISODE,0.8501281738000017,0.9001281261162859,1.0501282214837175,0.9001281261162859,0.9001281261162859,0.8001282214837175,24.049999952316284,23.75,False,False,False,,29.60011625293257,1.9500236511999987,0.9001281261162859,,3.199883699383715,4.100011825500001,8.7000102997,12.800022125200002,,,0.6001281738000017,2.8501517773162846,True,True,True,0.06494698946601717,0.23936870528278642,-0.9815911694339384,1,False,CONSISTENT,24.0,1.0,1189.8121643064999,0.664910890900137,1.62777709650004,0.9946642131493343,116.828735352,43.730731039982686,189.0006047420287,,zero_after_far_value,,zero_after_far_value,4,,127.435058594,value,45.8677978516,value,4,1076,149.0,,31.7346191406,value,22.3850097656,value,4,981.0,,1143.0,176.0,191.0,,94.0,,,,,,147.0,,,,,5
density_10_nback_0_id_7,7,d10_n0,21.1498985291,22.7002353668,27.0002231598,VALIDATED,37.00025177,SINGLE,1.3997645378325672,1.6497645378325672,2.099764585516283,1.7997646331999988,1.7997646331999988,1.6997647285674304,24.34999990463257,23.799999952316284,False,False,False,24.90000009536743,4.199776887883715,1.5503368377000015,1.6497645378325672,0.5500001907348633,2.6502232551674325,4.299987793,10.000028610199998,14.300016403199997,2.1997647285674304,2.1002230644325692,1.099764585516283,3.2001013755325687,True,True,True,0.06366392650154083,0.2712427785361391,-0.9958198277464806,1,False,CONSISTENT,24.0,1.0,1188.8505249025,0.6981201155201461,1.8222045855000033,0.9982424026508763,108.439086914,45.06895462842786,189.11325464760617,,zero_after_far_value,,zero_after_far_value,4,,125.856933594,value,43.4370117188,value,4,1208,131.0,,30.4095458984,value,25.1311035156,value,4,1115.0,,1172.0,167.0,97.0,,,,,,,,127.0,,,,,2
density_10_nback_0_id_8,8,d10_n0,21.1500682831,22.5997028351,25.8492107391,VALIDATED,36.8490524292,SINGLE,0.8502972125837154,1.0502972602674312,1.9502971172162837,1.0502972602674312,1.0502972602674312,0.8002972602674312,23.65000009536743,22.799999952316284,False,False,False,24.5,1.25078916553257,1.4496345519999991,1.0502972602674312,0.8499999046325684,2.1992106437325667,3.249507903999998,10.999841690100002,14.2493495941,1.9002971648999996,1.3492107390999983,0.20029711721628374,2.4999318122674303,True,True,True,0.0660376832329211,0.27107937529347365,-0.9957391625712918,1,False,CONSISTENT,24.0,1.0,1188.8955078125,0.8020262055980992,1.7686767534999035,0.9965499790886294,125.398925781,71.56145574861957,189.28521319035303,,zero_after_far_value,,zero_after_far_value,4,,127.82409668,value,48.8427734375,value,4,1187,149.0,,32.8950195312,value,27.3121337891,value,4,1089.0,,1190.0,146.0,101.0,,,,,,,,146.0,,,,,7
density_10_nback_0_id_9,9,d10_n0,21.1500816345,22.6501502991,32.0003128052,VALIDATED,43.0501556396,SINGLE,5.74984979626743,5.949849605532567,6.049849748583714,5.949849605532567,5.949849605532567,5.849849700899998,28.59999990463257,23.200000047683716,False,False,False,25.5,2.0496871471162876,1.5000686646000005,5.949849605532567,-3.0999999046325684,3.400312900567428,9.350162506099995,11.049842834400003,20.400005340499998,2.8498497008999983,6.5003128051999965,0.5498497485837142,7.449918270132567,True,True,True,0.06446182231719197,0.18362040963541904,-0.8409905509755904,8,True,CONSISTENT,24.0,1.0,1189.9974670410002,0.6653076213497684,1.880584715999703,0.9941144013237481,36.3681640625,11.83347678661994,190.23557719683768,242.280334473,value,192.869628906,value,4,,6.31555223465,value,70.1668701172,value,4,1313,146.0,,104.83972168,value,37.2580566406,value,4,1288.0,,1160.0,299.0,50.0,,,,,,,,121.0,,,,,8
density_10_nback_1_id_10,10,d10_n1,26.0500030518,27.4995384216,33.1497993469,VALIDATED,42.5492782593,SINGLE,3.0004615783999995,3.2004616260837153,4.200461626083715,3.2004616260837153,3.2004616260837153,3.0004615783999995,30.700000047683716,27.700000047683716,False,False,False,31.09999990463257,9.500200748467435,1.4495353697999995,3.2004616260837153,0.39999985694885254,2.4497992992162807,5.650260925299996,9.399478912400006,15.049739837700002,3.600461483032568,2.049799442267428,0.20046162608371532,4.649996995883715,True,True,True,0.0012699148477775654,0.17453400138448466,-0.9822965393929706,2,False,CONSISTENT,31.0,-1.0,74.34124755900001,0.2297828673499829,1.2961425789999907,1.0,83.8380737305,38.89786535740425,197.0299449502515,,zero_after_far_value,,zero_after_far_value,4,,22.9203491211,value,31.5765991211,value,4,1009,393.0,,170.833984375,value,149.14453125,value,4,1039.0,,512.0,938.0,18.0,,48.0,,,,,,393.0,,,,,2
density_10_nback_1_id_11,11,d10_n1,26.0499591827,27.4500141144,33.3499259949,VALIDATED,42.1505393982,SINGLE,3.2499859332837175,3.9999859332837175,4.2499859332837175,4.14998579023257,4.14998579023257,4.049985885600002,31.450000047683716,30.049999952316284,False,False,False,28.75,2.0000739097325706,1.400054931699998,3.9999859332837175,-2.700000047683716,1.899925947216282,5.8999118804999995,8.800613403300005,14.700525283800005,1.2999858856000017,4.599925994899998,2.599985837916286,5.4000408649837155,True,True,True,0.0013044616343017982,0.3541116508011096,-0.98555466159507,2,True,CONSISTENT,31.0,-1.0,74.10690307649998,0.2729721066600234,1.5247650144999625,1.000028984724179,61.220703125,23.68588222951657,197.18467270212093,,zero_after_far_value,,zero_after_far_value,4,,4.12085008621,value,12.3256835938,value,4,1311,83.0,,171.234130859,value,157.095153809,value,4,1225.0,,285.0,1158.0,143.0,,49.0,,,,,,75.0,,,,,8
density_10_nback_1_id_12,12,d10_n1,26.0502262115,27.1500854492,34.1001434326,VALIDATED,50.0008926392,SINGLE,1.0999145508000012,3.1499145031162854,3.8499145508000012,4.099914550800001,2.0999145508000012,2.6999144554325696,30.299999952316284,29.700000047683716,False,False,False,32.450000047683716,2.3498566150837163,1.0998592376999987,3.1499145031162854,2.1500000953674316,3.8001434802837153,6.950057983400001,15.900749206600004,22.850807190000005,5.299914598483717,1.6501433849162837,2.549914598483717,4.249773740816284,True,True,True,0.0013326167425042907,1.1320439173776518,-0.9549119768606208,3,False,CONSISTENT,31.0,-1.0,74.34127807600004,0.3198695184249587,1.3050842280000268,1.0000000007499863,82.172668457,4.053841871109253,196.924071527426,,zero_after_far_value,,zero_after_far_value,4,,39.6362304688,value,11.2171020508,value,4,1449,102.0,,1.50927698612,value,157.452209473,value,4,1397.0,,302.0,1297.0,120.0,,48.0,,,,,,82.0,,,,,4
density_10_nback_1_id_13,13,d10_n1,26.0502758026,29.0002346039,33.150177002,VALIDATED,42.6502418518,SINGLE,1.8997654914674307,2.0997653007325674,2.799765348416283,2.0997653007325674,2.0997653007325674,2.049765348416283,31.09999990463257,29.049999952316284,False,False,False,31.700000047683716,4.749823093367432,2.9499588012999993,2.0997653007325674,0.6000001430511475,2.050177097367431,4.1499423980999985,9.500064849799998,13.650007247899996,2.699765443783715,1.4501769543162837,0.04976534841628322,5.049724102032567,True,True,True,0.001306631589546488,0.40034725155094053,-0.9911865253387001,2,True,CONSISTENT,31.0,-1.0,74.56347656300005,0.2578414556744556,0.9039611820000459,1.0000196182424694,74.8164672852,34.69028475643912,196.57267888796378,,zero_after_far_value,,zero_after_far_value,4,,9.72784423828,value,18.2407226562,value,4,1247,157.0,,168.752990723,value,152.70489502,value,4,1222.0,,309.0,1143.0,43.0,,48.0,,,,,,187.0,,,,,6
density_10_nback_1_id_14,14,d10_n1,26.0495891571,27.9996700287,31.2495994568,VALIDATED,34.7998771667,SINGLE,1.0003299713000011,1.5003299713000011,1.7503299713000011,1.5003299713000011,1.5003299713000011,1.5503299236162853,29.5,28.0,False,False,False,,7.650400638567433,1.9500808715999973,1.5003299713000011,,1.7495994567999986,3.2499294280999997,3.5502777099000014,6.800207138000001,,,0.0003299713000011195,3.4504108428999984,True,True,True,0.0012711167217420562,0.6117889805113794,-0.997517307304907,2,False,CONSISTENT,31.0,-1.0,74.78567504899999,0.22206878649998885,1.4741668700000048,1.0000228888492522,106.946563721,69.04885219657444,196.56113702917688,,zero_after_far_value,,zero_after_far_value,4,,4.69085693359,value,7.28393602371,value,4,1040,208.0,,179.694519043,value,169.919677734,value,4,1029.0,,337.0,959.0,43.0,,48.0,,,,,,224.0,,,,,4
density_10_nback_1_id_15,15,d10_n1,26.0996589661,27.9503726959,35.1994132996,VALIDATED,43.8997192383,SINGLE,4.699627399467431,5.149627208732568,5.399627208732568,5.249627351783715,5.249627351783715,5.149627208732568,33.09999990463257,30.950000047683716,False,False,False,32.5,3.0505867003999967,1.850713729799999,5.149627208732568,-0.5999999046325684,2.099413394967435,7.249040603700003,8.700305938699998,15.9493465424,4.5496273040999995,2.6994132996000033,2.9996273517837153,7.000340938532567,True,True,True,0.0013311827024577337,0.19160459589885345,-0.9726280605440585,4,False,CONSISTENT,31.0,-1.0,73.89678955099998,0.5625328063900212,1.2270355229999836,1.0000457773235454,44.6248168945,15.418491076791414,196.01191152684675,247.943115234,value,226.291809082,value,4,,25.8907470703,value,49.392578125,value,4,686,134.0,,141.972351074,value,116.700866699,value,4,1272.0,,342.0,1136.0,44.0,,658.0,,,,,,162.0,,,,,2
density_10_nback_1_id_16,16,d10_n1,26.0494499207,28.1993045807,33.9990615845,VALIDATED,52.1493034363,SINGLE,0.8006954192999984,1.0006954669837143,3.1006953716162826,1.0006954669837143,1.0006954669837143,2.70069551466743,29.200000047683716,28.25,False,False,False,32.0,8.750938415500002,2.1498546600000026,1.0006954669837143,2.799999952316284,4.799061536816282,5.799757003799996,18.150241851800004,23.9499988556,3.8006954192999984,1.999061584499998,0.050695419299998434,3.150550126983717,True,True,True,0.0012323371803381255,0.37627836660249503,-0.9936321960548111,2,False,CONSISTENT,31.0,-1.0,74.35516357400002,0.339218425969986,1.2246093740000106,1.000022421467287,113.835968018,17.3935180300127,196.80505261496327,,zero_after_far_value,,zero_after_far_value,4,,3.81854200363,value,22.0637817383,value,4,1351,243.0,,181.145568848,value,145.475952148,value,4,1356.0,,366.0,1276.0,43.0,,48.0,,,,,,243.0,,,,,2
density_10_nback_1_id_17,17,d10_n1,26.1005077362,27.4003715515,32.4003944397,VALIDATED,40.9502944946,SINGLE,2.849628448499999,3.299628496183715,3.4496283531325673,3.299628496183715,3.299628496183715,3.2496285438674306,30.700000047683716,27.65000009536743,False,False,False,29.799999952316284,3.7496056556674304,1.2998638153000002,3.299628496183715,-0.9000000953674316,1.7003943920162854,5.0000228882,8.5499000549,13.5499229431,2.399628400816283,2.600394487383717,0.2496285438674306,4.599492311483715,True,True,True,0.0014753024371239598,0.26650639746281574,-0.9851617532729076,2,False,CONSISTENT,31.0,-1.0,73.67459106500002,0.4051315303199772,1.79002380430002,1.0000000000000213,83.4115600586,49.73363992695916,197.04212847095897,,zero_after_far_value,,zero_after_far_value,4,,7.8037109375,value,13.3053588867,value,4,1235,135.0,,172.859619141,value,160.137817383,value,4,1172.0,,296.0,1122.0,43.0,,48.0,,,,,,203.0,,,,,9
density_10_nback_1_id_18,18,d10_n1,26.1000576019,27.6501598358,33.9002304077,VALIDATED,47.3001327515,SINGLE,1.149840116516284,3.5498402118837156,3.5998401641999997,3.5998401641999997,3.5998401641999997,3.449840068832568,31.200000047683716,30.299999952316284,False,False,False,30.799999952316284,7.949769496932568,1.5501022338999988,3.5498402118837156,-0.40000009536743164,2.7002303600162847,6.2500705719,13.399902343800001,19.6499729157,3.149840116516284,3.1002304553837163,2.649840116516284,5.099942445783714,True,True,True,0.0012818761954485375,0.30651799880251757,-0.8939845740307819,4,True,CONSISTENT,31.0,-1.0,75.00793456999997,0.22897796554997132,1.554199218999969,1.0,73.7880554199,45.45706228502767,194.724566664565,,zero_after_far_value,227.529052734,value,4,,11.1624755859,value,46.5240478516,value,4,628,870.0,,164.223754883,value,119.470397949,value,4,1277.0,,394.0,1151.0,44.0,,47.0,,,,,,224.0,,,,,3
density_10_nback_1_id_19,19,d10_n1,26.0495491028,27.7002906799,33.4997367859,VALIDATED,46.6998825073,SINGLE,1.2997093200999998,3.4497094154674315,3.649709224732568,3.4997093677837157,3.4997093677837157,3.2497093677837157,31.15000009536743,28.34999990463257,False,False,False,31.200000047683716,5.60026311873257,1.6507415770999998,3.4497094154674315,0.04999995231628418,2.3497366905325663,5.799446105999998,13.200145721400006,18.999591827400003,3.4997093677837157,2.299736738216282,0.6497092247325682,5.100450992567431,True,True,True,0.0013357620078947212,0.17987935487899692,-0.9707532660140383,2,True,CONSISTENT,31.0,-1.0,74.36904907199997,0.3772644045100321,1.3229370119999544,1.0000000007347842,71.336730957,32.89008208853797,196.86002569372133,,zero_after_far_value,249.683105469,value,4,,7.29980516434,value,24.6433105469,value,4,1304,181.0,,170.855407715,value,145.670410156,value,4,1309.0,,305.0,1229.0,44.0,,48.0,,1.0,,,,181.0,,,,,3
density_10_nback_1_id_1,1,d10_n1,26.0495834351,27.5499267578,32.949131012,VALIDATED,48.5500221252,SINGLE,1.5500731468325668,2.85007333756743,3.050073146832567,2.85007333756743,2.85007333756743,2.6500732898837143,30.40000009536743,27.59999990463257,False,False,False,31.34999990463257,6.700869083367429,1.500343322700001,2.85007333756743,0.9499998092651367,2.5491309166325706,5.399204254200001,15.6008911132,21.0000953674,3.800073146832567,1.599131107367434,0.050073146832566806,4.350416660267431,True,True,True,0.0011556832723071916,0.3026291799314926,-0.9104750888126317,4,True,CONSISTENT,31.0,-1.0,74.56347656300005,0.26562347361495353,1.529769898000069,1.0,89.2972717285,60.10483588257397,196.78470875476668,,zero_after_far_value,237.026428223,value,4,,8.10803222656,value,36.8240966797,value,4,1149,374.0,,172.332397461,value,133.149169922,value,4,1317.0,,374.0,1197.0,43.0,,48.0,,,,,,211.0,,,,,1
density_10_nback_1_id_20,20,d10_n1,26.0504207611,28.4002914429,31.0504817963,VALIDATED,53.1003684998,SINGLE,0.7997086047837172,0.9497084617325697,1.249708652467433,0.9497084617325697,0.9497084617325697,1.249708652467433,29.34999990463257,28.450000047683716,False,False,False,,9.799518108332567,2.349870681799999,0.9497084617325697,,1.7004818916674331,2.650190353400003,22.049886703499997,24.7000770569,,,0.04970860478371719,3.2995791435325685,True,True,True,0.0012451229841457887,0.3888338672461895,-0.9944818060666418,2,True,CONSISTENT,31.0,-1.0,74.56350708000002,0.27110900899998003,1.4212951660000215,1.0000000000000426,109.28793335,72.98927619496568,196.67029289456312,,zero_after_far_value,,zero_after_far_value,4,,20.4842529297,value,18.4331054688,value,4,1463,152.0,,182.903869629,value,172.541259766,value,4,1414.0,,325.0,1337.0,19.0,,47.0,,,,,,229.0,,,,,2
density_10_nback_1_id_21,21,d10_n1,26.0499992371,28.5499572754,32.6000442505,VALIDATED,45.4499969482,SINGLE,1.0000426769162836,1.2500426769162836,6.400042772283715,1.2500426769162836,1.2500426769162836,1.1500427722837152,29.799999952316284,28.59999990463257,False,False,False,30.65000009536743,5.49995565413257,2.499958038300001,1.2500426769162836,0.8500001430511475,2.800044298183714,4.0500869750999975,12.849952697700004,16.900039672800002,2.100042819967431,1.9500441551325665,0.05004262923256775,3.7500007152162844,True,True,True,0.001361738080135,0.22426040754631188,-0.9847443931244134,1,False,CONSISTENT,31.0,-1.0,75.00793456999997,0.21989135719998673,1.2966156009999708,1.0,101.344482422,43.20755376108576,196.37245558883168,,zero_after_far_value,,zero_after_far_value,4,,6.05853319168,value,13.1459960938,value,4,1279,181.0,,176.955993652,value,158.063720703,value,4,1267.0,,302.0,1206.0,44.0,,48.0,,,,,,197.0,,,,,6
density_10_nback_1_id_22,22,d10_n1,26.1005687714,28.1001777649,33.5001373291,VALIDATED,37.9501075745,SINGLE,2.9998221397325686,3.1998221874162844,3.549822330467432,3.2498221397325686,3.2498221397325686,3.049822330467432,31.299999952316284,30.049999952316284,False,False,False,30.84999990463257,5.499862670900001,1.9996089935000008,3.1998221874162844,-0.4500000476837158,2.200137376783715,5.3999595642,4.449970245400003,9.849929809600003,2.7498221397325686,2.650137424467431,1.9498221874162844,5.199431180916285,True,True,True,0.0011554983908994517,0.2823987848375833,-0.9953643231030477,2,False,CONSISTENT,31.0,-1.0,73.67559814449999,0.5042648318000147,1.2119293204999906,1.0000228884742506,69.6597290039,23.531865119226296,196.143797203501,,zero_after_far_value,,zero_after_far_value,4,,8.11718845367,value,14.7551879883,value,4,1145,166.0,,166.981018066,value,152.618347168,value,4,1136.0,,290.0,1069.0,44.0,,48.0,,,,,,179.0,,,,,4
density_10_nback_1_id_23,23,d10_n1,26.0494689941,27.7000675201,33.0494232178,VALIDATED,40.6496353149,SINGLE,3.6999325752674324,3.7999324799000007,3.899932384532569,3.7999324799000007,3.7999324799000007,3.6999325752674324,31.5,27.90000009536743,False,False,False,29.25,3.350576877567434,1.6505985259999996,3.7999324799000007,-2.25,1.5494232177999976,5.349355697699998,7.600212097100005,12.949567794800004,1.5499324799000007,3.7994232177999976,0.19993257526743236,5.4505310059,True,True,True,0.0013569815858254849,0.2866452775538168,-0.9931623845367729,2,False,CONSISTENT,31.0,-1.0,74.3551483155,0.3349380493500007,1.2665710455000294,1.0,62.7241821289,31.875980971131128,196.80184335522011,,zero_after_far_value,,zero_after_far_value,4,,6.74060106277,value,12.383605957,value,4,1264,101.0,,168.346801758,value,157.281066895,value,4,1182.0,,293.0,1120.0,43.0,,48.0,,,,,,188.0,,,,,9
density_10_nback_1_id_24,24,d10_n1,32.1505584717,33.950214386,39.2002754211,VALIDATED,50.6001396179,SINGLE,1.4497857093674327,1.8497855663162852,3.099785566316285,2.6497855186325694,2.6497855186325694,1.4497857093674327,35.799999952316284,35.0,False,False,False,,,1.799655914299997,1.8497855663162852,,3.4002754687837182,5.250061035100003,11.399864196799996,16.6499252319,,,1.049785614000001,3.6494414806162823,True,True,True,0.28556595708416105,0.4837416907313812,-0.8792786345544251,3,True,CONSISTENT,31.0,-1.0,74.39149475149998,0.2776245109150189,1.5300903324999808,0.9994109326599135,99.9103088379,55.665158924401766,193.28746825699832,125.148925781,value,89.0701293945,value,4,,156.179321289,value,33.6480712891,value,4,1284,126.0,,15.352722168,value,237.751708984,value,4,1074.0,,604.0,817.0,73.0,,142.0,,59.0,,132.0,25.0,182.0,,170.0,20.0,125.0,3
density_10_nback_1_id_25,25,d10_n1,26.0999851227,27.7496509552,33.9000663757,VALIDATED,42.199382782,SINGLE,2.6503491401674317,2.950349092483716,3.9003491401674317,3.7503490448,3.7503490448,3.6503491401674317,30.700000047683716,29.75,False,False,False,31.450000047683716,3.6999335289325685,1.6496658324999984,2.950349092483716,0.75,3.200066328016284,6.1504154205,8.299316406300001,14.4497318268,3.700349092483716,2.450066328016284,2.0003490448,4.600014924983714,True,True,True,0.0013456126309713513,0.285330241409985,-0.9922712703101387,2,True,CONSISTENT,31.0,-1.0,73.6746215820001,0.5639793394649004,1.2337493890001099,1.000022888099253,78.1954956055,15.371857694154702,196.1153842824081,,zero_after_far_value,,zero_after_far_value,4,,3.06939697266,value,16.2944946289,value,4,1281,114.0,,176.485717773,value,151.198425293,value,4,1227.0,,282.0,1161.0,44.0,,48.0,,,,,,172.0,,,,,7
density_10_nback_1_id_26,26,d10_n1,26.099937439,27.5494918823,33.100063324,VALIDATED,41.3496131897,SINGLE,2.3505082130674317,2.900508165383716,3.2005081177,2.9505081177,2.9505081177,2.3505082130674317,30.450000047683716,28.59999990463257,False,False,False,32.049999952316284,1.5999367236837188,1.4495544432999985,2.900508165383716,1.5999999046325684,2.6500632763162812,5.550571441699997,8.249549865700004,13.800121307400001,4.500508070016284,1.0500633716837129,1.0505080223325685,4.350062608683714,True,True,True,0.0014055541389128544,0.20191917122287337,-0.9893344764471679,2,False,CONSISTENT,31.0,-1.0,73.67459106500002,0.3424453727749956,1.2771148690000302,1.0000000000000366,87.1165771484,30.95010757983051,196.22767837660834,,zero_after_far_value,,zero_after_far_value,4,,6.34460401535,value,12.0609130859,value,4,1252,125.0,,173.139648438,value,156.353637695,value,4,1194.0,,286.0,1139.0,44.0,,48.0,,,,,,187.0,,,,,8
density_10_nback_1_id_27,27,d10_n1,26.0992183685,28.6500148773,32.4498786926,VALIDATED,56.1496696472,SINGLE,1.4999852180674331,1.5999851227000015,1.8499851227000015,1.5999851227000015,1.5999851227000015,1.3499851227000015,30.25,29.700000047683716,False,False,False,,0.00012135508371358128,2.5507965087999978,1.5999851227000015,,2.1998786926000022,3.7998638153000037,23.699790954599997,27.4996547699,,,1.0499851703837173,4.150781631499999,True,True,True,0.0012363736358816622,0.305453746674721,-0.9925514431953159,3,False,CONSISTENT,31.0,-1.0,73.896820069,0.37302446297999836,1.067657471000004,1.0000226545919113,92.2972412109,49.980233647099496,195.90177784491692,,zero_after_far_value,,zero_after_far_value,4,,21.1961669922,value,25.3657226562,value,4,695,136.0,,174.904724121,value,157.539978027,value,4,1506.0,,329.0,1394.0,90.0,,892.0,,,,,,127.0,,,,,3
density_10_nback_1_id_28,28,d10_n1,26.049823761,27.3998718262,34.3498535156,VALIDATED,41.9499015808,SINGLE,2.3001282214837175,2.3501281738000017,2.5501282214837175,2.650128126116286,1.2501282691674334,2.20012807843257,29.75,29.15000009536743,False,False,False,32.90000009536743,3.7501463890325653,1.3500480651999993,2.3501281738000017,3.1500000953674316,4.599853515600003,6.949981689400005,7.600048065199999,14.550029754600004,5.500128269167433,1.4498534202325715,1.7501282691674334,3.700176239000001,True,True,True,0.0012215613511163729,0.7675242367744923,-0.9904181529551334,3,True,CONSISTENT,31.0,-1.0,74.78570556700004,0.21959495457496486,1.3205413830000339,1.0000000006428433,96.9710083008,2.8051910331602232,196.51696802870606,,zero_after_far_value,,zero_after_far_value,4,,0.339783012867,value,16.5456542969,value,4,1282,108.0,,184.109436035,value,151.82824707,value,4,1232.0,,275.0,1163.0,43.0,,48.0,,,,,,163.0,,,,,6
density_10_nback_1_id_29,29,d10_n1,26.0495738983,28.85014534,32.0495567322,VALIDATED,42.549697876,SINGLE,0.39985465999999903,1.1998546123162832,1.2498545646325674,1.1998546123162832,1.1998546123162832,1.0998547076837148,30.049999952316284,28.950000047683716,False,False,False,,0.00044322011628139535,2.8005714417000007,1.1998546123162832,,1.9995567798837186,3.199411392200002,10.5001411438,13.699552536000002,,,0.09985470768371485,4.000426054016284,True,True,True,0.0013269435376676768,0.25884083611519687,-0.9879335744135037,2,False,CONSISTENT,31.0,-1.0,75.00570678700001,0.2199401850000129,1.1735839840000182,1.0,96.440032959,55.412967463498596,196.33192953631251,,zero_after_far_value,,zero_after_far_value,4,,6.87341308594,value,11.9692993164,value,4,698,139.0,,174.931335449,value,161.488647461,value,4,1197.0,,329.0,1122.0,44.0,,614.0,,,,,,210.0,,,,,8
density_10_nback_1_id_2,2,d10_n1,26.0996818542,27.9505653381,32.199672699,VALIDATED,39.6497344971,SINGLE,1.0494346619000012,1.2994346619000012,2.7994346619000012,1.2994346619000012,1.2994346619000012,2.449434757267433,29.25,28.34999990463257,False,False,False,29.049999952316284,3.2003273963674346,1.8508834838999988,1.2994346619000012,-0.20000004768371582,2.949672698999997,4.249107360899998,7.450061798100002,11.699169159,1.0994346142162854,3.149672746683713,0.3994345665325696,3.1503181458,True,True,True,0.0012634217998543714,0.32226246966945726,-0.9909498971850248,2,True,CONSISTENT,31.0,-1.0,73.89682006800007,0.37676506092492873,1.2408447260000628,1.0000000006428194,112.885375977,55.127372323205044,196.04076942702747,,zero_after_far_value,,zero_after_far_value,4,,3.74664306641,value,14.7966918945,value,4,1214,129.0,,180.698791504,value,157.881347656,value,4,1164.0,,333.0,1059.0,119.0,,49.0,,,,,,109.0,,,,,7
density_10_nback_1_id_30,30,d10_n1,26.1007328033,28.0503234863,33.649810791,VALIDATED,45.5004882812,SINGLE,2.899676561383714,3.2996764183325666,4.59967660906743,3.2996764183325666,3.2996764183325666,3.2496764660162825,31.34999990463257,28.09999990463257,False,False,False,31.65000009536743,4.850189209,1.9495906830000003,3.2996764183325666,0.3000001907348633,2.299810886367432,5.5994873046999984,11.850677490199999,17.450164794899997,3.59967660906743,1.9998106956325685,0.04967641833256664,5.249267101332567,True,True,True,0.0012837216106589458,0.2881763906808064,-0.9913842212964958,3,True,CONSISTENT,31.0,-1.0,73.67459106400003,0.48670654338797303,1.2021789540000327,1.0000457769485265,65.505279541,23.267955055650408,196.31508196443036,,zero_after_far_value,,zero_after_far_value,4,,17.2241210938,value,26.5339355469,value,4,1296,164.0,,169.714111328,value,149.505432129,value,4,1311.0,,299.0,1209.0,19.0,,48.0,,,,,,178.0,,,,,9
density_10_nback_1_id_31,31,d10_n1,26.0496006012,27.6996173859,33.7003555298,VALIDATED,48.5503425598,SINGLE,3.3003826140999983,3.45038270946743,3.6503825187325667,3.500382661783714,3.500382661783714,3.3503825664162825,31.15000009536743,29.59999990463257,False,False,False,30.09999990463257,8.149644374832569,1.6500167847,3.45038270946743,-1.0500001907348633,2.550355434432568,6.000738143899998,14.849987030000001,20.8507251739,2.4003825187325667,3.600355625167431,1.9003825187325667,5.10039949416743,True,True,True,0.001273959234386912,0.2631324552098326,-0.9885140470255992,3,True,CONSISTENT,31.0,-1.0,74.563476563,0.21928405799997108,1.2882690440000033,1.000000000000032,69.5501403809,23.552357561054013,196.76240043745744,,zero_after_far_value,,zero_after_far_value,4,,5.33233594894,value,20.6289672852,value,4,1310,213.0,,171.248962402,value,147.493103027,value,4,1315.0,,342.0,1229.0,43.0,,48.0,,,,,,213.0,,,,,9
density_10_nback_1_id_32,32,d10_n1,26.0503940582,27.600227356,33.1005249023,VALIDATED,39.2503738403,SINGLE,3.1497726439999987,3.6497726439999987,3.7997727393674303,3.6497726439999987,3.6497726439999987,3.6497726439999987,31.25,30.049999952316284,False,False,False,,,1.549833297800003,3.6497726439999987,,1.8505249023000019,5.500297546300001,6.149848937999998,11.650146484299999,,,2.449772596316283,5.199605941800002,True,True,True,0.00117775057135967,0.3210746005996289,-0.9844445246598946,2,False,CONSISTENT,31.0,-1.0,75.00793456999997,0.22059936439996478,1.5164184569999577,1.0,68.1104125977,33.85148566144743,196.32631665798135,,zero_after_far_value,,zero_after_far_value,5,,6.55664110184,value,15.8621826172,value,5,1230,105.0,,171.294311523,value,154.889648438,value,5,1151.0,,284.0,1099.0,44.0,,48.0,,,,,,188.0,,,,,4
density_10_nback_1_id_33,33,d10_n1,26.0501346588,27.8007507324,32.3007545471,VALIDATED,45.7007713318,SINGLE,1.2492492199162832,1.8992493152837149,11.749249219916283,1.8992493152837149,1.8992493152837149,,29.700000047683716,28.0,False,False,False,29.549999952316284,4.349245548267433,1.7506160735999998,1.8992493152837149,-0.15000009536743164,2.600754499416283,4.500003814699998,13.4000167847,17.900020599399998,1.7492492199162832,2.7507545947837144,0.19924926759999906,3.6498653888837147,True,True,True,0.0012517779096490205,0.18334199840214757,-0.9870391530050646,2,False,CONSISTENT,31.0,-1.0,74.78570556699998,0.22103881825002603,1.2986907959999883,1.0000000000000362,101.344238281,44.58784450084871,196.40125522054535,,zero_after_far_value,,zero_after_far_value,4,,3.32299804688,value,7.29089403152,value,4,1337,129.0,,181.120178223,value,166.412109375,value,4,1267.0,,297.0,1217.0,43.0,,48.0,,,,,,204.0,,,,,1
density_10_nback_1_id_34,34,d10_n1,26.1003341675,27.7002906799,32.4503707886,VALIDATED,44.5002822876,SINGLE,2.4997093677837157,2.7997093201,2.9997093677837157,2.849709272416284,2.849709272416284,2.7497093677837157,30.5,28.84999990463257,False,False,False,,8.449629306767434,1.5999565123999986,2.7997093201,,1.9503707885999972,4.750080108699997,12.049911499000004,16.7999916077,,,1.1497092247325682,4.399665832499998,True,True,True,0.0013019115556398998,0.3244921224616189,-0.980221736217131,4,True,CONSISTENT,31.0,-1.0,74.11904907200005,0.5277709963749473,1.3119354250000583,1.0,85.390411377,55.63340949829934,195.7210393007898,,zero_after_far_value,,zero_after_far_value,4,,5.44659423828,value,19.9114379883,value,4,1266,176.0,,174.853942871,value,151.811645508,value,4,1239.0,,331.0,1158.0,44.0,,47.0,,,,,,206.0,,,,,8
density_10_nback_1_id_35,35,d10_n1,26.0495147705,27.899520874,32.7494544983,VALIDATED,42.7997169495,SINGLE,1.9504790306325681,2.650479078316284,7.100479126,2.650479078316284,2.650479078316284,2.900479078316284,30.549999952316284,27.90000009536743,False,False,False,30.75,4.500545501700003,1.8500061035000002,2.650479078316284,0.20000004768371582,2.1994545459837127,4.849933624299997,10.050262451200005,14.900196075500002,2.8504791259999998,1.9994544982999969,0.00047922136743139276,4.500485181816284,True,True,True,0.0013380509082716958,0.2651994326862548,-0.9941037510288925,2,False,CONSISTENT,31.0,-1.0,74.563476562,0.2096115111999949,1.491729735000007,1.0,85.3746337891,41.09506516574179,196.70547589399166,,zero_after_far_value,,zero_after_far_value,4,,7.70910596848,value,14.48828125,value,4,1269,139.0,,172.100402832,value,156.394165039,value,4,1219.0,,308.0,1148.0,43.0,,48.0,,,,,,194.0,,,,,6
density_10_nback_1_id_36,36,d10_n1,26.0497150421,27.699754715,33.2997283936,VALIDATED,45.4496841431,SINGLE,3.2002453803674307,3.4002451896325674,3.500245332683715,3.4502453803674307,3.4502453803674307,3.4002451896325674,31.09999990463257,30.40000009536743,False,False,False,30.90000009536743,4.950271606400001,1.6500396729000002,3.4002451896325674,-0.19999980926513672,2.1997284889674305,5.599973678599998,12.149955749500002,17.7499294281,3.2002453803674307,2.399728298232567,2.7002453803674307,5.050284862532568,True,True,True,0.0012832133691057486,0.20266903309889847,-0.9782411118137107,3,True,CONSISTENT,31.0,-1.0,74.56347656299997,0.21837158219997826,1.2873382579999486,1.0000000003750353,71.1760864258,33.082768725971846,196.7993736265496,,zero_after_far_value,,zero_after_far_value,4,,5.99371290207,value,19.8031005859,value,4,1300,160.0,,172.411010742,value,150.984130859,value,4,1278.0,,316.0,1192.0,43.0,,48.0,,,,,,187.0,,,,,6
density_10_nback_1_id_37,37,d10_n1,26.0998268127,30.6000919342,34.5498085022,VALIDATED,47.6499252319,SINGLE,1.1499080657999983,1.4499080181162824,2.1499080657999983,1.4499080181162824,1.4499080181162824,1.04990816116743,32.049999952316284,30.65000009536743,False,False,False,30.700000047683716,4.400191545483715,4.5002651215,1.4499080181162824,-1.3499999046325684,2.499808549883717,3.9497165679999995,13.100116729699998,17.049833297699998,0.09990811348371409,3.8498084545162854,0.04990816116742991,5.9501731396162825,True,True,True,0.00120646769212054,0.2807282035042863,-0.9944771408803709,2,False,CONSISTENT,31.0,-1.0,74.09129333549996,0.36001968305004156,0.6317291267999536,1.0000000007348864,61.9780883789,17.19232969444599,195.8442595729557,,zero_after_far_value,240.078979492,value,4,,29.0168457031,value,42.1082763672,value,4,755,144.0,,155.205810547,value,131.912902832,value,4,1369.0,,321.0,1231.0,19.0,,653.0,,,,,,164.0,,,,,1
density_10_nback_1_id_38,38,d10_n1,26.0997180939,27.6494293213,34.1491622925,VALIDATED,43.9993515015,SINGLE,2.450570583332567,2.5505707263837145,3.200570583332567,2.6005706786999987,2.6005706786999987,2.400570631016283,30.200000047683716,28.549999952316284,False,False,False,30.950000047683716,4.550837755183714,1.5497112273999996,2.5505707263837145,0.75,3.9491622448162857,6.4997329712,9.850189209,16.3499221802,3.3005707263837145,3.1991622448162857,0.9005706310162829,4.100281953783714,True,True,True,0.0014517374146785712,0.16305569327177602,-0.9277900797910836,3,True,CONSISTENT,31.0,-1.0,73.89685058600003,0.7404464722749707,1.2706604010000149,1.0,89.9436645508,42.775030382667744,195.90404652376145,,zero_after_far_value,225.320922852,value,4,,17.850402832,value,57.2236938477,value,4,633,798.0,,177.232543945,value,116.875,value,4,1275.0,,358.0,1121.0,19.0,,48.0,,,,,,185.0,,,,,6
density_10_nback_1_id_39,39,d10_n1,26.0492744446,27.8493442535,34.9999656677,VALIDATED,46.0992698669,SINGLE,1.2506556511325684,3.950655698816284,4.350655794183716,3.950655698816284,3.950655698816284,4.250655651132568,31.799999952316284,28.09999990463257,False,False,False,,3.9000344276674284,1.8000698088999982,3.950655698816284,,3.199965715383719,7.150621414200003,11.099304199199999,18.249925613400002,,,0.2506556511325684,5.750725507716282,True,True,True,0.0011805075994552891,0.24942328446156395,-0.6769949411100216,4,True,CONSISTENT,31.0,-1.0,74.563476562,0.37332000732998694,1.293533325000027,1.0000000000000315,61.2602539062,42.271319929169934,196.61223955104327,,zero_after_far_value,205.156005859,value,4,,22.7853393555,value,76.7453613281,value,4,1328,147.0,,164.07635498,value,96.9465942383,value,4,1332.0,,357.0,1165.0,19.0,,47.0,,,,,,171.0,,,,,2
density_10_nback_1_id_3,3,d10_n1,26.0496120453,28.8998889923,32.6498756409,VALIDATED,38.59948349,SINGLE,1.0001111030674323,1.200110912332569,2.1001110077000007,1.200110912332569,1.200110912332569,0.9001109600162849,30.09999990463257,29.65000009536743,False,False,False,29.0,6.650124311416285,2.8502769469999976,1.200110912332569,-1.0999999046325684,2.549875736267431,3.7499866486,5.949607849099998,9.699594497699998,0.1001110077000007,3.6498756408999995,0.7501111030674323,4.050387859332567,True,True,True,0.0012255284505176356,0.26584820267044257,-0.9946787500970572,2,False,CONSISTENT,31.0,-1.0,74.369049072,0.3164962770000002,0.7152252190000041,1.0,95.5999450684,43.130435441511054,196.78559390210458,,zero_after_far_value,,zero_after_far_value,4,,7.34600782394,value,13.9486083984,value,4,1140,183.0,,175.762634277,value,158.402526855,value,4,1127.0,,317.0,1054.0,43.0,,48.0,,,,,,201.0,,,,,5
density_10_nback_1_id_40,40,d10_n1,26.0997428894,29.7998771667,32.7001190186,VALIDATED,43.0494995117,SINGLE,0.8001227379325684,0.9501228333,1.1001229286674317,1.0001227856162842,1.0001227856162842,0.8001227379325684,30.75,30.09999990463257,False,False,False,,,3.7001342772999983,0.9501228333,,1.9501190185999988,2.900241851899999,10.3493804931,13.249622344999999,,,0.3001227379325684,4.650257110599998,True,True,True,0.001187444958417451,0.4164764932049689,-0.9864559688875186,4,True,CONSISTENT,31.0,-1.0,73.89685058599997,0.6943099975330312,0.7114639282000326,1.0000000007499863,84.7129211426,53.67461959239532,195.91679399387735,,zero_after_far_value,249.883300781,value,4,,23.8045654297,value,34.6881103516,value,4,604,808.0,,169.962463379,value,148.109008789,value,4,1238.0,,380.0,1080.0,73.0,,48.0,,,,,,149.0,,,,,8
density_10_nback_1_id_41,41,d10_n1,26.0504703522,27.0002040863,33.700138092,VALIDATED,51.6502037048,SINGLE,3.4497959613837175,3.6497960090674333,4.09979581833257,3.799795866016286,3.799795866016286,3.84979581833257,30.65000009536743,28.09999990463257,False,False,False,28.450000047683716,6.549861907999997,0.949733734099997,3.6497960090674333,-2.200000047683716,3.0501379966325715,6.699934005700005,17.950065612799996,24.6499996185,1.4497959613837175,5.250138044316287,1.09979581833257,4.59952974316743,True,True,True,0.0012437947332678211,0.23008089369143617,-0.9711614242489865,4,True,CONSISTENT,31.0,-1.0,74.0010757445,0.6078231811000165,1.4363784785000036,1.0000000007500163,86.0497436523,47.278016985229186,197.20097658063696,,zero_after_far_value,231.57220459,value,4,,23.0745849609,value,51.4136352539,value,4,625,961.0,,168.632263184,value,124.243652344,value,4,1410.0,,370.0,1263.0,19.0,,47.0,,,,,,204.0,,,,,7
density_10_nback_1_id_42,42,d10_n1,26.099615097,28.2505912781,34.9006347656,VALIDATED,45.2495918274,SINGLE,1.7494087219,2.2994086742162843,3.8494086265325684,2.3994088172674317,2.3994088172674317,2.1494088172674317,30.549999952316284,29.34999990463257,False,False,False,31.799999952316284,4.349365234399997,2.150976181099999,2.2994086742162843,1.25,4.350634813283719,6.650043487500003,10.3489570618,16.999000549300003,3.5494086742162843,3.100634813283719,1.0994086265325684,4.450384855316283,True,True,True,0.0013953821469106357,0.23847081824990188,-0.9549897084953555,6,True,CONSISTENT,31.0,-1.0,73.67462158199999,0.9267162322250178,1.1251678470000002,1.0000000007499863,84.4058532715,31.170874143730735,196.16324272092012,,zero_after_far_value,217.966491699,value,4,,19.3594360352,value,63.9323120117,value,4,1320,137.0,,173.06652832,value,107.28894043,value,4,1323.0,,348.0,1157.0,19.0,,48.0,,,,,,163.0,,,,,1
density_10_nback_1_id_43,43,d10_n1,26.0502796173,27.8001117706,32.7496109009,VALIDATED,51.0502166748,SINGLE,1.0498881340325674,2.949888229399999,6.799888134032567,2.949888229399999,2.949888229399999,5.499888181716283,30.75,27.84999990463257,False,False,False,31.049999952316284,7.800389051416282,1.7498321533000016,2.949888229399999,0.2999999523162842,1.9996109009000023,4.949499130300001,18.300605773899996,23.250104904199997,3.2498881817162832,1.699610948583718,0.04988813403256742,4.699720382700001,True,True,True,0.0013485618636891578,0.18876446939499106,-0.9458394965111063,3,False,CONSISTENT,31.0,-1.0,74.7579345705,0.19428329494998592,1.2493133545000035,1.0,84.6271972656,55.21366156281835,196.59094354580617,,zero_after_far_value,247.690002441,value,4,,23.6976318359,value,36.8851928711,value,4,606,968.0,,168.669067383,value,144.509216309,value,4,1355.0,,377.0,1244.0,19.0,,47.0,,,,,,247.0,,,,,4
density_10_nback_1_id_44,44,d10_n1,26.0500774384,27.6000576019,32.3998603821,VALIDATED,44.7007484436,SINGLE,1.0499424934674302,2.3499424457837144,13.54994249346743,2.3499424457837144,2.3499424457837144,0.9499423504162827,29.950000047683716,27.65000009536743,False,False,False,30.40000009536743,6.200139522532567,1.5499801635000026,2.3499424457837144,0.4500000476837158,2.449860334416286,4.7998027802,12.300888061499997,17.100690841699997,2.79994249346743,1.99986028673257,0.04994249346743018,3.899922609283717,True,True,True,0.0013948067505445533,0.164844371272262,-0.9646929076446542,3,True,CONSISTENT,31.0,-1.0,74.56353759700002,0.32136535709998526,1.2743682860000263,1.0000000000000857,94.5682373047,53.57061239780138,196.6250683282333,,zero_after_far_value,,zero_after_far_value,4,,17.4904785156,value,27.3851318359,value,4,1281,166.0,,179.590209961,value,154.385314941,value,4,1271.0,,325.0,1169.0,19.0,,47.0,,,,,,204.0,,,,,2
density_10_nback_1_id_45,45,d10_n1,26.0493392944,27.3492946625,33.2997016907,VALIDATED,123.699188232,SINGLE,3.1007053851837156,3.200705289816284,3.3507053851837156,3.3007054328674315,3.3007054328674315,3.0507054328674315,30.549999952316284,30.200000047683716,False,False,False,29.34999990463257,62.50029826161629,1.299955368100001,3.200705289816284,-1.2000000476837158,2.7497017383837132,5.950407028199997,90.3994865413,96.3498935695,2.000705242132568,3.949701786067429,2.8507053851837156,4.500660657916285,True,True,True,0.001294670898195024,0.2304286901278477,-0.9817417892903479,2,True,CONSISTENT,31.0,-1.0,74.147064209,0.44477539065000754,1.3727874760000134,0.9999999999999791,84.6324462891,36.527674902612574,197.1487304211481,,zero_after_far_value,,zero_after_far_value,4,,19.6116943359,value,31.5601196289,value,4,1078,1341.0,,172.826843262,value,145.958557129,value,4,1713.0,,2203.0,870.0,19.0,,47.0,,607.0,,,,1341.0,,,,,5
density_10_nback_1_id_46,46,d10_n1,26.1004543304,27.5502204895,31.4002056122,VALIDATED,36.8500671387,SINGLE,0.8997795581837167,1.0497794151325692,13.1997795105,1.0497794151325692,1.0497794151325692,0.9497795105000009,28.59999990463257,27.65000009536743,False,False,False,,7.799794435483715,1.4497661590999975,1.0497794151325692,,2.8002057075674323,3.8499851227000015,5.449861526499998,9.2998466492,,,0.09977960586743251,2.4995455742325667,True,True,True,0.001316671375505283,0.1968413501372049,-0.945419912658105,2,True,CONSISTENT,31.0,-1.0,73.67459106399997,0.45458984400004,1.3194427479999717,1.0000057237702142,128.094268799,72.97351477484953,196.2380844576867,,zero_after_far_value,,zero_after_far_value,4,,24.1777954102,value,25.3912353516,value,4,1077,211.0,,183.550109863,value,161.88269043,value,4,1097.0,,339.0,997.0,18.0,,48.0,,,,,,221.0,,,,,9
density_10_nback_1_id_47,47,d10_n1,26.0501689911,28.6001873016,33.2500305176,VALIDATED,48.0500984192,SINGLE,0.5998127460837175,1.0498127937674333,2.8498127460837175,1.0498127937674333,1.0498127937674333,2.1498126984000017,29.65000009536743,28.65000009536743,False,False,False,31.049999952316284,7.949969530083713,2.550018310499997,1.0498127937674333,1.3999998569488525,3.600030422232571,4.649843216000004,14.800067901599995,19.4499111176,2.449812650716286,2.2000305652837184,0.049812793767433305,3.5998311042674302,True,True,True,0.0014593649345168902,0.17898401082577764,-0.9433607731827479,3,True,CONSISTENT,31.0,-1.0,74.563476563,0.23534393236000709,1.188568115999999,1.0,103.593933105,48.593113194520086,196.6168469570093,,zero_after_far_value,240.152709961,value,4,,21.6155395508,value,43.3723754883,value,4,615,898.0,,180.249206543,value,136.685791016,value,4,1329.0,,371.0,1190.0,18.0,,48.0,,,,,,214.0,,,,,5
density_10_nback_1_id_48,48,d10_n1,26.0503101349,27.1001091003,52.0502090454,VALIDATED,70.4002914429,SINGLE,5.049890995067432,5.549890995067432,10.24989080433257,5.799890995067432,5.599890947383717,6.999890804332569,32.65000009536743,31.40000009536743,False,False,False,27.200000047683716,18.449790954599997,1.0497989654000008,5.549890995067432,-5.450000047683716,19.40020895003257,24.950099945100003,18.350082397499996,43.300182342599996,0.09989094738371662,24.850208997716287,4.299890995067432,6.599689960467433,True,True,True,0.0013557880351049258,0.09049492261928746,-0.6022353685598147,2,False,CONSISTENT,31.0,-1.0,74.78570556600005,0.21427917521295897,1.554321289000029,1.0,59.1253967285,2.5073384955157745,196.40181669602964,243.463928223,value,,zero_after_far_value,4,,40.9179077148,value,63.7498779297,value,4,1401,435.0,,140.01373291,value,212.706665039,value,4,1516.0,,694.0,1314.0,18.0,,172.0,,,,,39.0,435.0,,,,,7
density_10_nback_1_id_49,49,d10_n1,26.0501976013,28.9994449615,32.6501693726,VALIDATED,58.8493843079,SINGLE,1.4505550861837158,1.6005549431325683,1.7005550861837158,1.6005549431325683,1.6005549431325683,1.4505550861837158,30.59999990463257,30.09999990463257,False,False,False,,9.999830722767435,2.949247360200001,1.6005549431325683,,2.0501694679674287,3.650724411099997,26.199214935300006,29.849939346400003,,,1.1005549431325683,4.549802303332569,True,True,True,0.0013475219883713437,0.3070398152880583,-0.9921883358417012,3,False,CONSISTENT,31.0,-1.0,74.34124755799996,0.26042327942003285,1.0893402099999747,1.0000227701460647,86.2143554688,49.39700403460035,196.95263212572894,,zero_after_far_value,,zero_after_far_value,4,,23.2240600586,value,30.7544555664,value,4,603,1125.0,,169.859802246,value,150.639343262,value,4,1511.0,,377.0,1399.0,18.0,,48.0,,,,,,247.0,,,,,3
density_10_nback_1_id_4,4,d10_n1,26.0501880646,29.8000545502,31.9500617981,VALIDATED,37.9000396729,SINGLE,0.24994540211628546,0.3999454974837171,0.7499454021162855,0.3999454974837171,0.3999454974837171,0.8499455451674329,30.200000047683716,29.84999990463257,False,False,False,,9.049938201900002,3.7498664855999984,0.3999454974837171,,1.7500617504162825,2.1500072478999996,5.949977874800002,8.099985122700001,,,0.049945354432569644,4.1498119830837155,True,True,True,0.0013376526460087811,0.626763194480753,-0.9921652269598448,2,False,CONSISTENT,31.0,-1.0,74.31127929699997,0.23531956657603245,0.7657470704999696,1.0000112109289203,93.7588500977,58.18143280588791,196.89714832619123,,zero_after_far_value,,zero_after_far_value,4,,7.75775098801,value,12.3715209961,value,4,1073,236.0,,174.818725586,value,162.486022949,value,4,1078.0,,359.0,998.0,43.0,,48.0,,,,,,236.0,,,,,5
density_10_nback_1_id_50,50,d10_n1,26.049943924,28.3501338959,33.0998458862,VALIDATED,47.3997383118,SINGLE,1.8998661040999991,2.099866151783715,2.2998661994674308,2.099866151783715,2.099866151783715,2.0498661994674308,30.450000047683716,28.40000009536743,False,False,False,30.09999990463257,5.500154018432568,2.3001899719,2.099866151783715,-0.35000014305114746,2.649845838516285,4.7497119903,14.2998924256,19.0496044159,1.7498660087325675,2.9998459815674323,0.04986619946743076,4.400056123683715,True,True,True,0.0012769322293651173,0.16077802083532078,-0.9781015226159641,3,True,CONSISTENT,31.0,-1.0,74.11907959000001,0.5108749386149894,1.1757049560000326,1.0000000000000426,88.4093933105,46.963799470871706,197.15437288338566,,zero_after_far_value,245.76940918,value,4,,22.3615722656,value,38.0673828125,value,4,1317,182.0,,173.208984375,value,142.868652344,value,4,1332.0,,350.0,1197.0,18.0,,48.0,,,,,,197.0,,,,,8
density_10_nback_1_id_51,51,d10_n1,26.0495262146,28.1997451782,35.699508667,VALIDATED,45.1994590759,SINGLE,2.6502547264325678,2.9002547264325678,4.600254774116284,3.0002548694837152,3.0002548694837152,2.7502548694837152,31.09999990463257,29.59999990463257,False,False,False,,3.6004912853162807,2.1502189636000004,2.9002547264325678,,4.599508762367435,7.499763488800003,9.499950408899998,16.9997138977,,,1.4002547264325678,5.050473690032568,True,True,True,0.0013338355326285778,0.18877346078981183,-0.9647127855811355,3,False,CONSISTENT,31.0,-1.0,74.78570556700004,0.22319679181496072,1.2472534190000317,0.9999999999999578,79.9442443848,18.39854342191998,196.4455453728011,,zero_after_far_value,209.028808594,value,4,,27.3864746094,value,72.43359375,value,4,1323,132.0,,163.624023438,value,98.9025878906,value,4,1340.0,,364.0,1139.0,18.0,,48.0,,,,,,145.0,,,,,4
density_10_nback_1_id_52,52,d10_n1,26.0496902466,28.7001285553,34.0500640869,VALIDATED,49.1493644714,SINGLE,0.8498713970162832,0.9998714923837149,4.749871492383715,4.649871349332567,1.049871444699999,0.799871444699999,29.700000047683716,29.0,False,False,False,31.299999952316284,3.7999358177325675,2.6504383087,0.9998714923837149,1.5999999046325684,4.350064039216285,5.3499355316,15.099300384499998,20.449235916099997,2.5998713970162832,2.7500641345837167,0.29987144469999905,3.650309801083715,True,True,True,0.0013253483470251541,0.38271480679703473,-0.9881652152166125,3,True,CONSISTENT,31.0,-1.0,74.78570556599999,0.2212837218499956,1.1360778809999772,1.0000000007499863,102.636779785,21.303786611001613,196.5823526400265,,zero_after_far_value,248.265319824,value,4,,20.678894043,value,34.3688964844,value,4,1206,328.0,,179.848632812,value,141.331542969,value,4,1368.0,,310.0,1272.0,19.0,,48.0,,,,,,195.0,,,,,5
density_10_nback_1_id_53,53,d10_n1,26.0496349335,27.5995883942,33.249710083,VALIDATED,45.2496833801,SINGLE,2.9004116057999987,3.1504116057999987,3.6504116057999987,3.1504116057999987,3.1504116057999987,3.500411510432567,30.75,28.09999990463257,False,False,False,29.049999952316284,5.150290012367435,1.549953460700003,3.1504116057999987,-1.7000000476837158,2.4997100829999965,5.650121688799995,11.999973297100006,17.6500949859,1.4504115581162829,4.199710130683712,0.500411510432567,4.700365066500002,True,True,True,0.0012527969563879292,0.21086986777299213,-0.969799941205334,3,True,CONSISTENT,31.0,-1.0,75.00622558599997,0.22044372599998496,1.5133666989999597,1.0,80.623046875,41.29492564593668,196.35856164239902,,zero_after_far_value,248.704345703,value,4,,19.7338256836,value,35.0081787109,value,4,1289,169.0,,172.531494141,value,144.006835938,value,4,1300.0,,299.0,1206.0,20.0,,47.0,,,,,,185.0,,,,,9
density_10_nback_1_id_54,54,d10_n1,26.0508270264,27.4003925323,33.6998672485,VALIDATED,42.6503410339,SINGLE,3.0996074677000003,3.3996074200162845,3.5996074677000003,3.499607563067432,3.499607563067432,3.299607515383716,30.799999952316284,29.75,False,False,False,,3.450132846867433,1.3495655058999994,3.3996074200162845,,2.8998672961837144,6.299474716199999,8.9504737854,15.249948501599999,,,2.3496074677000003,4.749172925916284,True,True,True,0.001280120234697441,0.24522302968174908,-0.9699812251453531,3,True,CONSISTENT,31.0,-1.0,74.34127807599998,0.33017349260003215,1.538604735999968,1.0000000000000426,76.4963684082,32.86240961271988,196.89277696037516,,zero_after_far_value,244.987731934,value,4,,17.6479492188,value,38.0018310547,value,4,720,117.0,,174.012207031,value,139.147521973,value,4,1256.0,,332.0,1120.0,84.0,,615.0,,,,,,112.0,,,,,5
density_10_nback_1_id_55,55,d10_n1,26.0492458344,28.5999946594,35.1000099182,VALIDATED,48.7991294861,SINGLE,3.4000053406,3.8500053882837157,4.6500053406,4.250005245232568,4.250005245232568,4.200005292916284,32.450000047683716,31.84999990463257,False,False,False,31.90000009536743,4.599990129483714,2.5507488249999994,3.8500053882837157,-0.5499999523162842,2.6500098705162856,6.500015258800001,13.699119567899999,20.1991348267,3.3000054359674316,3.2000098228325697,3.2500052452325683,6.400754213283715,True,True,True,0.001275411299125335,0.16134895985755787,-0.9701954158791882,3,False,CONSISTENT,31.0,-1.0,74.119049072,0.42589569120000803,1.1108398439999974,1.0000196182424694,57.7027587891,18.748119688856917,197.2011333525549,249.866760254,value,223.51776123,value,4,,34.9155883789,value,58.2231445312,value,4,652,876.0,,146.961914062,value,116.332214355,value,4,1383.0,,366.0,1210.0,18.0,,48.0,,,,,,175.0,,,,,1
density_10_nback_1_id_56,56,d10_n1,26.0502700806,28.7499542236,33.2994842529,VALIDATED,44.149684906,SINGLE,2.3500456810325687,2.5000457764000004,2.6000456810325687,2.5000457764000004,2.5000457764000004,2.3000457287162845,31.25,29.40000009536743,False,False,False,30.84999990463257,5.300515651732567,2.699684142999999,2.5000457764000004,-0.40000009536743164,2.049484252900001,4.549530029300001,10.850200653099996,15.399730682399998,2.1000456810325687,2.4494843482674327,0.650045871767432,5.199729919399999,True,True,True,0.0012492797298008698,0.3401970076904003,-0.9685327640105765,2,False,CONSISTENT,31.0,-1.0,74.5773468015,0.3018051149399994,1.1232604985000023,1.0,75.3895263672,42.38508184046796,196.58718858276146,,zero_after_far_value,245.273681641,value,4,,26.0394897461,value,38.2479858398,value,4,1279,155.0,,164.004333496,value,141.832580566,value,4,1279.0,,330.0,1152.0,18.0,,48.0,,,,,,185.0,,,,,7
density_10_nback_1_id_57,57,d10_n1,26.1000747681,27.4999847412,33.1001625061,VALIDATED,48.0996055603,SINGLE,1.900015354167433,1.9500153064837171,3.7500152588000013,1.9500153064837171,1.9500153064837171,1.8500151634325697,29.450000047683716,27.65000009536743,False,False,False,,,1.399909973099998,1.9500153064837171,,3.6501624584162826,5.6001777649,14.9994430542,20.5996208191,,,0.15001535416743295,3.349925279583715,True,True,True,0.001287417497828504,0.19629988507231672,-0.8367081543380003,6,True,CONSISTENT,31.0,-1.0,73.68858337449997,0.9841491693400315,1.2886505124999559,1.0000994633061104,105.69354248,54.17408085764928,196.0962764518974,,zero_after_far_value,240.064697266,value,4,,18.8463134766,value,43.7738647461,value,4,612,901.0,,182.342651367,value,134.399230957,value,4,1287.0,,412.0,1149.0,19.0,,48.0,,,,,,255.0,,,,,7
density_10_nback_1_id_5,5,d10_n1,26.049654007,28.6995182037,33.7498893738,VALIDATED,46.3000259399,SINGLE,0.8504817486162857,3.0004818439837173,3.200481891667433,3.0504817963000015,3.0504817963000015,2.90048170093257,31.700000047683716,29.25,False,False,False,30.84999990463257,5.4001107215674296,2.6498641966999976,3.0004818439837173,-0.8500001430511475,2.0498893261162863,5.050371170100004,12.5501365661,17.600507736200004,2.15048170093257,2.8998894691674337,0.5504817963000015,5.650346040683715,True,True,True,0.0012357302272598197,0.2436772422408537,-0.9679081879732967,4,True,CONSISTENT,31.0,-1.0,74.34124755900007,0.3441101070799455,0.912689209000078,1.0000114444604251,68.4194335938,37.586704579372054,196.98266720225934,,zero_after_far_value,239.261657715,value,4,,16.9912719727,value,34.9647216797,value,4,625,852.0,,157.085388184,value,133.18737793,value,4,1274.0,,371.0,1154.0,43.0,,48.0,,,,,,208.0,,,,,1
density_10_nback_1_id_6,6,d10_n1,26.050163269,27.7500228882,36.4998817444,VALIDATED,46.9002037048,SINGLE,0.8499770164325682,2.3999772071674315,3.4999771118,3.549977064116284,1.4999771117999998,0.7499771117999998,30.15000009536743,29.299999952316284,False,False,False,34.200000047683716,3.8001182079162845,1.6998596192000015,2.3999772071674315,4.049999952316284,6.349881649032568,8.7498588562,10.4003219604,19.1501808166,6.449977159483716,2.299881696716284,1.549977064116284,4.099836826367433,True,True,True,0.0012831314010705482,0.19127800131608472,-0.8878716982787023,3,True,CONSISTENT,31.0,-1.0,74.78572082550001,0.2234245293199919,1.2836761475000031,1.0000000000000848,89.7478942871,22.923820771717672,196.43200883337423,,zero_after_far_value,185.052307129,value,4,,2.97479200363,value,93.6975097656,value,4,680,810.0,,178.841003418,value,71.3251342773,value,4,1325.0,,399.0,1139.0,43.0,,48.0,,,,,,170.0,,,,,7
density_10_nback_1_id_7,7,d10_n1,26.0504684448,28.6000175476,33.1498641968,VALIDATED,43.9004859924,SINGLE,1.1499824523999997,1.6499824523999997,3.0999825000837156,1.8999824523999997,1.8999824523999997,0.9499824047162839,30.25,29.5,False,False,False,30.75,4.500135898567429,2.5495491028000004,1.6499824523999997,0.5,2.899864196800003,4.549846649200003,10.750621795599997,15.3004684448,2.1499824523999997,2.399864196800003,0.8999824523999997,4.1995315552,True,True,True,0.001229412734798363,0.30032812658660585,-0.9953366760468506,2,False,CONSISTENT,31.0,-1.0,74.78570556699998,0.057495116600023266,1.2589416509999865,1.0000000006964964,91.9358825684,32.03187377138162,196.4953766918757,,zero_after_far_value,,zero_after_far_value,4,,7.44140577316,value,15.3830566406,value,4,1295,135.0,,175.245239258,value,155.647277832,value,4,1248.0,,301.0,1177.0,43.0,,48.0,,,,,,187.0,,,,,4
density_10_nback_1_id_8,8,d10_n1,26.0997905731,28.0992355347,,CLOCK_EXCEPTION,52.1497840881,SINGLE,1.3507645129837158,1.3507645129837158,1.4007644653,1.4007644653,1.4007644653,0.7007644176162842,29.450000047683716,29.15000009536743,False,False,False,,,1.9994449615999983,1.3507645129837158,,,,,24.0505485534,,,1.0507645606674316,3.350209474583714,True,,,0.0012798723445767949,0.34664372084940603,-0.9708196090407353,0,False,CONSISTENT,31.0,-1.0,73.7984695435,0.37501983690000185,1.7364120485,1.0,109.300018311,,196.4949906417443,,zero_after_far_value,,,4,,4.61199998856,value,,,4,1370,,,180.125427246,value,,,4,1347.0,,344.0,1298.0,295.0,,48.0,,,224.0,,,,,,,,9
density_10_nback_1_id_9,9,d10_n1,26.1001224518,27.9000892639,35.4000968933,VALIDATED,49.0500221252,SINGLE,2.9999108314674316,3.549910783783716,3.649910688416284,3.549910783783716,3.549910783783716,3.4999108314674316,31.450000047683716,27.950000047683716,False,False,False,30.799999952316284,6.099903106699998,1.7999668120999992,3.549910783783716,-0.6500000953674316,3.9500968456162866,7.500007629400002,13.6499252319,21.1499328613,2.899910688416284,4.600096940983718,0.04991078378371583,5.349877595883715,True,True,True,0.0011807721357395588,0.13383581225388472,-0.79323349151406,8,True,CONSISTENT,31.0,-1.0,73.7023468015,1.0592346192499988,1.2644500725000114,1.0,73.882019043,48.813173274189815,196.10784417257645,,zero_after_far_value,187.932495117,value,4,,27.7504882812,value,93.6692504883,value,4,658,874.0,,158.569335938,value,75.8682861328,value,4,1333.0,,434.0,1146.0,19.0,,48.0,,,,,,228.0,,,,,9
density_10_nback_2_id_10,10,d10_n2,26.8997211456,28.5495586395,35.5999107361,VALIDATED,44.5992088318,SINGLE,1.5004413128162852,2.7504413128162852,4.300441265132569,4.400441408183717,0.9004414081837169,1.4004414081837169,31.299999952316284,29.799999952316284,False,False,False,32.549999952316284,3.3000893592674316,1.649837493899998,2.7504413128162852,1.25,4.299910783783716,7.050352096600001,8.999298095699999,16.0496501923,4.000441312816285,3.049910783783716,1.2504413128162852,4.400278806716283,True,True,True,0.002256761066059231,0.34558112996292134,-0.9835515282069377,2,False,CONSISTENT,15.0,-1.0,79.75982666050001,0.8128280639449876,0.8266601561000044,0.9988783517278156,83.0893554688,16.198510095257266,176.23031338550598,193.282287598,value,155.18963623,value,4,,21.9244384766,value,39.6201171875,value,4,1383,108.0,,135.842163086,value,85.9262695312,value,4,1342.0,,800.0,691.0,,,,,,,,,149.0,,,,,4
density_10_nback_2_id_11,11,d10_n2,26.8996601105,28.6498336792,32.9997215271,VALIDATED,42.2998466492,SINGLE,2.400166273116284,2.5001664161674313,2.6001663207999997,2.5501663684837155,2.5501663684837155,2.3501663207999997,31.15000009536743,30.299999952316284,False,False,False,30.34999990463257,2.2002785205837156,1.7501735686999993,2.5001664161674313,-0.8000001907348633,1.8497214317325685,4.3498878479,9.300125122099999,13.650012969999999,1.700166225432568,2.649721622467432,1.6501662731162838,4.250339984867431,True,True,True,0.002635437070494814,0.37190276068897343,-0.9896083719521755,2,True,CONSISTENT,15.0,-1.0,79.64846801750002,0.8287010193999749,0.8678741454999681,0.9957581633950264,79.8836669922,45.08939383282966,176.34967156431924,200.304321289,value,190.592407227,value,4,,15.7873544693,value,16.5532226562,value,4,1328,117.0,,143.297363281,value,128.754760742,value,4,1260.0,,775.0,670.0,74.0,,,,,,,,111.0,,,,,9
density_10_nback_2_id_12,12,d10_n2,26.9495868683,27.3504886627,31.7497177124,VALIDATED,43.5000801086,SINGLE,1.1995112896162858,2.1495113373000017,6.74951124193257,2.199511289616286,2.199511289616286,1.0995113849837175,29.5,28.40000009536743,False,False,False,28.75,4.800282239916285,0.4009017943999993,2.1495113373000017,-0.75,2.249717712399999,4.399229049700001,11.750362396200003,16.149591445900004,1.3995113373000017,2.999717712399999,1.0495114326674333,2.550413131700001,True,True,True,0.002219640010234912,0.4137432721823937,-0.9910983324223772,2,False,CONSISTENT,15.0,-1.0,79.06356811500001,0.8361244202500018,0.8906707760000074,0.9966001487162106,115.001464844,66.37095008647232,176.331321834008,207.299682617,value,201.043212891,value,4,,16.6677246094,value,12.7642822266,value,4,1026,149.0,,155.127563477,value,142.904907227,value,4,1020.0,,1398.0,72.0,309.0,,295.0,,,,,,141.0,,,,,6
density_10_nback_2_id_13,13,d10_n2,26.9003047943,29.3496646881,34.2497062683,VALIDATED,42.7996635437,SINGLE,2.5503354072674327,2.8003354072674327,3.0503354072674327,2.9503352642162852,2.9503352642162852,2.600335359583717,32.15000009536743,31.34999990463257,False,False,False,30.950000047683716,2.850293636332566,2.4493598938000005,2.8003354072674327,-1.2000000476837158,2.099706172932571,4.9000415802000035,8.549957275399997,13.4499988556,1.6003353595837169,3.2997062206162866,2.0003352165325694,5.249695301067433,True,True,True,0.002668214078890044,0.3813344185564052,-0.9901663995612273,3,True,CONSISTENT,15.0,-1.0,79.36627197300001,0.7824920647999875,0.8070068359999993,1.001944288661063,59.994140625,22.86291254213032,176.4708055160316,195.470458984,value,182.114624023,value,4,,14.9948730469,value,18.1007080078,value,4,1344,111.0,,135.61529541,value,116.713012695,value,4,1279.0,,792.0,663.0,,,,,,,,,176.0,,,,,8
density_10_nback_2_id_14,14,d10_n2,26.9003543854,27.8501663208,30.300409317,VALIDATED,35.150554657,SINGLE,0.8998336792000003,0.9498336315162845,0.9998335838325687,0.9498336315162845,0.9498336315162845,0.8998336792000003,28.799999952316284,28.049999952316284,False,False,False,,11.349590778367432,0.9498119353999996,0.9498336315162845,,1.5004093646837156,2.4502429962,4.850145340000001,7.300388336200001,,,0.19983363151628453,1.8996455669162842,True,True,True,0.0024573625762938298,0.641500030608852,-0.994669730589478,2,False,CONSISTENT,15.0,-1.0,79.36636352499997,0.7552734380000315,0.7862854000000254,0.9988216852459813,130.338745117,95.92194688989535,176.4680533020081,208.089599609,value,205.75390625,value,4,,17.0087890625,value,15.5834960938,value,4,1021,282.0,,159.146240234,value,152.832519531,value,4,1021.0,,822.0,481.0,,,,,,,,,282.0,,,,,6
density_10_nback_2_id_15,15,d10_n2,26.9000720978,30.5500297546,36.9000854492,VALIDATED,44.3008804321,SINGLE,1.2999701500325678,2.099970340767431,2.6499702930837152,2.099970340767431,2.099970340767431,1.8999702930837152,32.65000009536743,30.59999990463257,False,False,False,32.09999990463257,2.6499145031162854,3.6499576568000016,2.099970340767431,-0.5500001907348633,4.250085353832567,6.350055694599998,7.400794982900003,13.7508506775,1.5499701500325678,4.80008554456743,0.04997015003256777,5.749927997567433,True,True,True,0.002664241107245184,0.14543438617860555,-0.7746329503201548,3,True,CONSISTENT,15.0,-1.0,79.3840789795,0.9831176757799994,1.007537842299996,1.0001489709887026,62.8741455078,25.715989635489247,176.36583749903812,180.143554688,value,115.206420898,value,4,,27.9840087891,value,77.2933349609,value,4,1360,126.0,,120.263916016,value,41.3408203125,value,4,1339.0,,840.0,646.0,,,,,,,,,147.0,,,,,1
density_10_nback_2_id_16,16,d10_n2,26.9000492096,28.5506896973,33.1507873535,VALIDATED,45.1509094238,SINGLE,1.2993102073325673,3.3993103503837148,6.149310350383715,3.449310302699999,3.449310302699999,5.799310207332567,31.950000047683716,28.90000009536743,False,False,False,30.15000009536743,4.549212694183716,1.6506404877000023,3.3993103503837148,-1.7999999523162842,1.2007873058162843,4.600097656199999,12.000122070300002,16.6002197265,1.5993103980674306,3.0007872581325685,0.3493103980674306,5.049950838083717,True,True,True,0.0023755735181447113,0.4469302566464714,-0.9933840886657953,2,True,CONSISTENT,15.0,-1.0,79.70954895,0.8025619506500007,0.822494507000016,0.9976240269918819,61.560546875,40.55315231836764,176.43755016199484,198.954223633,value,191.238342285,value,4,,12.6330566406,value,14.9095458984,value,4,1370,133.0,,139.689819336,value,128.848266602,value,4,1311.0,,783.0,720.0,,,,,,,,,192.0,,,,,4
density_10_nback_2_id_17,17,d10_n2,27.0000743866,28.1002063751,32.4000740051,VALIDATED,41.1000518799,SINGLE,0.7497935295325675,2.1997935772162833,2.299793720267431,2.349793672583715,1.849793672583715,2.099793672583715,30.299999952316284,30.09999990463257,False,False,False,29.40000009536743,4.449925899532566,1.1001319884999994,2.1997935772162833,-0.8999998569488525,2.100074052783718,4.299867630000001,8.699977874799998,12.9998455048,1.2997937202674308,3.0000739097325706,1.9997935295325675,3.2999255657162827,True,True,True,0.0026936080346232237,0.3007503675110255,-0.9773992400546335,2,True,CONSISTENT,15.0,-1.0,79.0503692625,0.9036254880899989,0.9981383679450033,0.9983708380001187,99.4326171875,63.680645026125475,175.1406855577947,203.04284668,value,187.615600586,value,4,,18.0682373047,value,22.3321533203,value,4,1281,139.0,,148.612426758,value,127.504150391,value,4,1216.0,,778.0,642.0,,,,,,,,,204.0,,,,,8
density_10_nback_2_id_18,18,d10_n2,26.9501113892,28.400056839,34.2500610352,VALIDATED,63.2501449585,SINGLE,1.6999430656325671,2.899943113316283,3.849943160999999,3.0499432086837146,3.0499432086837146,3.7999432086837146,31.299999952316284,28.799999952316284,False,False,False,31.65000009536743,1.3499388694325702,1.4499454498000013,2.899943113316283,0.35000014305114746,2.950061082883714,5.850004196199997,29.000083923300004,34.8500881195,3.2499432563674304,2.6000609398325665,0.39994311331628296,4.349888563116284,True,True,True,0.002164701093719889,0.3194115271516989,-0.8583211182900022,3,True,CONSISTENT,15.0,-1.0,79.02168273950002,1.2209075925799737,1.3602905269999894,0.9959714994682529,85.3919677734,60.79532802009659,176.57850227713166,192.331665039,value,145.458007812,value,4,,23.2810058594,value,54.7713623047,value,4,1495,192.0,,135.022644043,value,80.0327148438,value,4,1473.0,,1718.0,146.0,177.0,,177.0,,,,,,214.0,,,,,1
density_10_nback_2_id_19,19,d10_n2,26.9002304077,28.3003139496,34.6501731873,VALIDATED,46.800819397,SINGLE,1.349686145767432,2.4996860027162846,4.349686145767432,4.549685955032569,1.9496860504000004,2.1996860504000004,30.799999952316284,30.34999990463257,False,False,False,29.65000009536743,4.44982671733257,1.400083541899999,2.4996860027162846,-1.1499998569488525,3.850173234983714,6.349859237699999,12.1506462097,18.5005054474,1.349686145767432,5.000173091932567,2.049685955032569,3.8997695446162837,True,True,True,0.0025273310505347516,0.4226010115728432,-0.9842450666617779,3,False,CONSISTENT,15.0,-1.0,79.56964111299999,0.756777954850017,0.7834625250000045,0.9982731511460678,84.9530029297,11.190086429940905,176.18445292743175,203.91418457,value,183.644226074,value,4,,14.3579101562,value,14.2785644531,value,4,1372,164.0,,150.67578125,value,119.73815918,value,4,1365.0,,792.0,744.0,,,,,,,,,171.0,,,,,5
density_10_nback_2_id_1,1,d10_n2,26.8994789124,29.1990127563,31.6989536285,VALIDATED,46.699836731,SINGLE,0.4009871483325682,0.5009872913837157,0.6509871483325682,0.5009872913837157,0.5009872913837157,0.4009871483325682,29.700000047683716,29.25,False,True,False,29.299999952316284,6.151046276132568,2.299533843900001,0.5009872913837157,-0.40000009536743164,1.9989535808162842,2.4999408722,15.000883102499998,17.500823974699998,0.10098719601628403,2.398953676183716,0.05098724369999985,2.8005211352837165,True,True,True,0.010148179572716133,0.4183151928703529,-0.9846696735586,2,True,CONSISTENT,15.0,-1.0,79.323745728,0.82453918466,0.8473052969999912,0.9936998028539257,110.010253906,71.71406636156397,176.47607990317152,206.082275391,value,196.136047363,value,4,,17.1649169922,value,17.6727294922,value,4,1361,172.0,,154.579467773,value,139.377441406,value,4,1309.0,,804.0,729.0,64.0,,,,,,,,160.0,,,,,2
density_10_nback_2_id_20,20,d10_n2,26.9499568939,29.5504302979,32.450717926,VALIDATED,51.9503936768,SINGLE,1.0995697974674314,1.1495697497837156,1.249569654416284,1.1495697497837156,1.1495697497837156,1.0995697974674314,30.700000047683716,30.049999952316284,False,False,False,,,2.600473403999999,1.1495697497837156,,1.7507178783162871,2.9002876281000027,19.499675750799994,22.399963378899997,,,0.499569654416284,3.7500431537837144,True,True,True,0.002427077809829395,0.40278594040823035,-0.9954349514685542,2,False,CONSISTENT,15.0,-1.0,79.37173461899997,0.7809875492400238,0.8046874998000249,1.0010960661466317,89.6105957031,55.54174657291537,175.6423136021108,202.94720459,value,194.553283691,value,4,,16.1575927734,value,15.1246337891,value,4,1490,149.0,,147.371704102,value,134.288208008,value,4,1428.0,,849.0,790.0,,,,,,,,,211.0,,,,,4
density_10_nback_2_id_21,21,d10_n2,26.9007053375,29.1002025604,32.5507965088,VALIDATED,63.4001274109,SINGLE,1.4497973919162845,1.4997973442325687,1.5997974872837162,1.4997973442325687,1.4997973442325687,1.3997974396000004,30.59999990463257,30.15000009536743,False,False,False,30.549999952316284,5.749203443516286,2.1994972229,1.4997973442325687,-0.04999995231628418,1.9507966041674294,3.450593948399998,30.8493309021,34.2999248505,1.4497973919162845,2.0007965564837136,1.049797534967432,3.6992945671325685,True,True,True,0.0024449885118109998,0.3149659779355686,-0.9922722105019655,2,False,CONSISTENT,15.0,-1.0,79.99632263200002,0.7067291257999955,0.7464823724900214,0.9972550365836865,90.3218994141,50.254001007845474,176.09762882027314,203.477172852,value,195.967895508,value,4,,15.8977050781,value,12.9403076172,value,4,1400,181.0,,150.808532715,value,138.04309082,value,4,1374.0,,1730.0,137.0,198.0,,286.0,88.0,,,,,207.0,,,,,4
density_10_nback_2_id_22,22,d10_n2,26.9492492676,29.19962883,34.5994377136,VALIDATED,38.1498832703,SINGLE,3.45037126536743,3.5503711699999982,3.6503710746325666,3.6003711223162824,3.6003711223162824,3.4003710746325666,32.75,32.25,False,False,False,29.299999952316284,7.150562286400003,2.2503795624000027,3.5503711699999982,-3.450000047683716,1.8494377135999969,5.399808883599995,3.550445556700005,8.9502544403,0.10037112231628242,5.299437761283713,3.0503711699999982,5.800750732400001,True,True,True,0.0021554214169404212,0.42123045083897065,-0.9850952940846752,3,False,CONSISTENT,15.0,-1.0,79.61511230449995,0.7167472845000589,0.7440338135000673,0.9971349634657274,52.6899414062,24.35041315522696,176.1429615414058,189.17175293,value,173.576538086,value,4,,18.7120361328,value,25.73828125,value,4,1165,198.0,,127.753051758,value,107.317016602,value,4,1165.0,,829.0,534.0,,,,,,,,,198.0,,,,,2
density_10_nback_2_id_23,23,d10_n2,26.9493350983,28.5493240356,33.1502418518,VALIDATED,42.4501419067,MULTI_FIRST_TAKEN_AS_END_OF_FIRST_MANUAL_EPISODE,1.3006758690325668,7.400676012083714,10.700675964399998,,4.750675916716283,7.250675916716283,35.950000047683716,35.59999990463257,False,False,False,29.950000047683716,4.449758052832571,1.599988937300001,7.400676012083714,-6.0,-2.7997581958837188,4.6009178161999955,9.2999000549,13.900817871099996,1.4006760120837143,3.2002418041162812,7.050675869032567,9.000664949383715,True,False,True,0.002662590491255422,0.2308749229254074,-0.9875348918331888,2,False,CONSISTENT,15.0,-1.0,79.1185760495,0.8321807866999847,0.846389771499986,0.9968483156567458,-10.8148193359,41.708429269049375,175.42730651165266,104.004150391,value,189.997802734,value,4,,,zero_after_lane_crossing,15.7916259766,value,4,1327,122.0,,,zero_after_lane_crossing,128.990478516,value,4,1258.0,,783.0,666.0,71.0,,,,,,,,120.0,,,,,7
density_10_nback_2_id_24,24,d10_n2,26.9498271942,29.8000640869,32.5999794006,VALIDATED,46.4002113342,SINGLE,0.39993596078371496,0.649935960783715,0.7499358654162833,0.649935960783715,0.649935960783715,0.5999360084674308,30.450000047683716,30.0,False,False,False,,,2.8502368927,0.649935960783715,,2.149979352916283,2.799915313699998,13.800231933600003,16.6001472473,,,0.19993591309999914,3.500172853483715,True,True,True,0.0022587859046920154,0.36080922039120766,-0.9808582502197803,2,True,CONSISTENT,15.0,-1.0,79.25704956050001,0.8275337219349821,0.8928375244999813,0.9951204856617464,95.0634765625,56.823756067409334,176.1387657093907,203.695678711,value,190.080444336,value,4,,16.5272216797,value,19.2624511719,value,4,1333,195.0,,148.815673828,value,129.516235352,value,4,1311.0,,803.0,725.0,,,,,,,,,217.0,,,,,5
density_10_nback_2_id_25,25,d10_n2,26.9002094269,28.149389267,32.4496231079,VALIDATED,46.8997192383,SINGLE,1.2506108283674315,6.400610685316284,12.900610685316284,,4.550610780683716,1.5006108283674315,34.549999952316284,34.09999990463257,False,False,False,29.700000047683716,5.650376796732566,1.2491798401000018,6.400610685316284,-4.849999904632568,-2.1003768444162816,4.3002338409000025,14.450096130399999,18.7503299713,1.5506107806837157,2.7496230602162868,5.950610637632568,7.649790525416286,True,False,True,0.0026307058984780213,0.23407207517541911,-0.9905417462277074,3,False,CONSISTENT,15.0,-1.0,79.35342407200002,0.7791618344999804,0.7983703619999858,0.996664658333335,18.0123291016,55.21200641382239,176.49393535338982,112.132080078,value,194.032226562,value,4,,,zero_after_lane_crossing,15.8032226562,value,4,1357,180.0,,,zero_after_lane_crossing,133.748168945,value,4,1328.0,,788.0,749.0,,,,,,,,,209.0,,,,,5
density_10_nback_2_id_26,26,d10_n2,26.9496383667,28.6996154785,33.0500297546,VALIDATED,41.8998947144,SINGLE,0.9003844261325682,3.0503845215,3.3003845215,3.100384473816284,3.100384473816284,2.9503846168674315,31.75,29.25,False,False,False,30.40000009536743,2.499970197716287,1.7499771117999998,3.0503845215,-1.3499999046325684,1.300029754599997,4.350414276099997,8.849864959800001,13.200279235899998,1.7003846168674315,2.6500296592325654,0.5503845214999998,4.8003616333,True,True,True,0.0023278433125055956,0.30297364382917835,-0.9928312088555684,2,True,CONSISTENT,15.0,-1.0,79.50399780249998,0.824272155750009,0.8384552005000216,1.000992240550916,64.8671875,40.56159274907792,175.31757991493387,200.583374023,value,193.617797852,value,4,,12.0629882812,value,12.6955566406,value,4,1315,123.0,,143.254089355,value,132.878051758,value,4,1251.0,,782.0,656.0,72.0,,,,,,,,115.0,,,,,6
density_10_nback_2_id_27,27,d10_n2,26.9500846863,28.7001342773,31.4002857208,VALIDATED,57.7504615784,SINGLE,0.5998656750162858,0.7498657703837175,0.89986562733257,0.7498657703837175,0.7498657703837175,0.64986562733257,29.450000047683716,28.84999990463257,False,False,False,,4.499714374567432,1.7500495909999998,0.7498657703837175,,1.9502856731162836,2.700151443500001,26.3501758576,29.0503273011,,,0.14986562733257003,2.4999153613837173,True,True,True,0.0021612247593392787,0.3593602172886368,-0.986522305667727,2,True,CONSISTENT,15.0,-1.0,79.08316040049996,0.848022460500033,0.8917083735000517,0.9946650664363308,116.556518555,73.97525671238263,176.3995941332742,206.993530273,value,201.862060547,value,4,,17.1005859375,value,13.7487792969,value,4,1595,160.0,,153.563842773,value,143.174560547,value,4,1527.0,,966.0,789.0,73.0,,,,,,,,155.0,,,,,1
density_10_nback_2_id_28,28,d10_n2,26.8996696472,28.0004711151,34.5996208191,VALIDATED,43.8504486084,SINGLE,1.4495289325837142,1.6995289325837142,3.2995288372162825,3.5495288372162825,0.89952898026743,1.64952898026743,29.700000047683716,29.200000047683716,False,False,False,32.200000047683716,4.4003791809000035,1.100801467900002,1.6995289325837142,2.5,4.899620771416281,6.599149703999995,9.250827789300004,15.849977493299999,4.199528932583714,2.3996207714162807,1.1995289325837142,2.800330400483716,True,True,True,0.0024389452206118813,0.37363602105288257,-0.9931253793633911,2,True,CONSISTENT,15.0,-1.0,80.08013915999999,0.7914672856000209,0.8119659420000005,0.999223799092962,109.444335938,13.163424976869953,176.19550326100045,206.636230469,value,182.975585938,value,4,,16.4298095703,value,16.1087646484,value,4,1337,140.0,,155.125488281,value,117.960693359,value,4,1310.0,,786.0,691.0,,,,,,,,,167.0,,,,,8
density_10_nback_2_id_29,29,d10_n2,26.9506282806,28.9506225586,31.9506950378,VALIDATED,43.7501983643,SINGLE,0.34937739371628496,0.5493774414000008,0.9493775367674324,0.5493774414000008,0.5493774414000008,2.2993774414000008,29.5,29.0,False,False,False,,0.0493049622000008,1.999994277999999,0.5493774414000008,,2.450695037799999,3.0000724792,11.799503326499998,14.799575805699998,,,0.04937744140000078,2.5493717194,True,True,True,0.002369340602291049,0.2752439494010096,-0.9537786629627019,2,True,CONSISTENT,15.0,-1.0,79.11491394049997,0.8314239502500242,0.916702270500025,0.9944027197806794,115.052734375,62.48968072163136,175.8825608719935,207.239379883,value,199.700927734,value,4,,16.5545654297,value,12.6761474609,value,4,1280,194.0,,155.069458008,value,140.852722168,value,4,1241.0,,831.0,643.0,59.0,,,,,,,,174.0,,,,,6
density_10_nback_2_id_2,2,d10_n2,26.9500465393,28.8500213623,33.2500076294,VALIDATED,39.9493522644,SINGLE,0.9499785900162827,1.8999786376999985,2.04997873306743,1.9999785423325669,1.9999785423325669,0.7499785423325669,30.75,30.40000009536743,False,False,False,29.700000047683716,3.099992275232566,1.8999748230000009,1.8999786376999985,-1.0499999523162842,2.5000076294000024,4.399986267100001,6.699344634999996,11.099330902099997,0.8499786853837143,3.5500075817162866,1.5499787330674302,3.7999534606999994,True,True,True,0.002527665414853168,0.36130359291076364,-0.9862503080082902,3,True,CONSISTENT,15.0,-1.0,79.50845336950002,0.821411895734989,0.845611571500001,0.9968210535735669,88.8763427734,48.567005287658006,175.24974725042478,201.198181152,value,180.864624023,value,4,,17.3552246094,value,24.3946533203,value,4,1261,137.0,,145.319946289,value,118.166870117,value,4,1230.0,,800.0,598.0,62.0,,,,,,,,106.0,,,,,9
density_10_nback_2_id_30,30,d10_n2,26.8999843597,28.6995658875,34.2994346619,VALIDATED,50.2998390198,SINGLE,3.400434017132568,3.5004341601837154,8.350434064816284,3.5504341124999996,3.5504341124999996,3.350434064816284,32.200000047683716,29.40000009536743,False,False,False,29.75,4.750565290416283,1.799581527800001,3.5004341601837154,-2.450000047683716,2.0994346142162854,5.599868774400001,16.000404357899995,21.600273132299996,1.0504341124999996,4.549434661900001,0.7004342078674313,5.300015687983716,True,True,True,0.002616378471156823,0.2893742041378601,-0.9896168688231632,3,True,CONSISTENT,15.0,-1.0,79.64233398399998,0.6923522952500178,0.873855591000023,0.9968322228179399,58.2915039062,22.26999365152544,176.4845062316075,195.965087891,value,181.646240234,value,4,,14.359375,value,18.9088134766,value,4,1439,167.0,,135.956542969,value,116.092773438,value,4,1430.0,,817.0,789.0,,,,,,,,,176.0,,,,,7
density_10_nback_2_id_31,31,d10_n2,26.9003314972,28.3508014679,34.1001930237,VALIDATED,47.3503646851,SINGLE,1.99919843673257,2.299198627467433,2.6991984844162857,2.6491985321000016,2.6491985321000016,7.949198484416286,30.65000009536743,29.84999990463257,False,False,False,29.90000009536743,6.599807023983715,1.4504699706999986,2.299198627467433,-0.75,3.4501929283325694,5.749391555800003,13.250171661399996,18.9995632172,1.5491986274674332,4.200192928332569,1.49919843673257,3.749668598167432,True,True,True,0.0024929202046236744,0.21632888049646207,-0.9803129034565777,3,True,CONSISTENT,15.0,-1.0,79.6303405765,0.7125167847199805,0.8347320555000124,0.9962386580415237,90.8109130859,33.03666527876817,176.01859256617746,201.730224609,value,175.178466797,value,4,,17.2039794922,value,26.1258544922,value,4,1390,157.0,,147.549072266,value,111.474487305,value,4,1362.0,,803.0,744.0,,,,,,,,,185.0,,,,,7
density_10_nback_2_id_32,32,d10_n2,26.9500541687,28.450466156,31.5996551514,VALIDATED,43.8004760742,SINGLE,0.8495337963162832,0.9495339393674307,1.0995337963162832,0.9495339393674307,0.9495339393674307,0.8995337486325674,29.40000009536743,28.549999952316284,False,False,False,,12.300344943967431,1.5004119873000015,0.9495339393674307,,2.1996550560325687,3.1491889953999994,12.200820922799998,15.350009918199998,,,0.09953379631628323,2.449945926667432,True,True,True,0.0023288681846337623,0.32520144906598836,-0.9857391765921626,2,False,CONSISTENT,15.0,-1.0,79.82598876950001,0.6907577519999819,0.7459031343340143,0.9959603744064791,116.768066406,70.82495669990911,175.2760684166327,206.759765625,value,199.679016113,value,4,,17.3331298828,value,14.7238769531,value,4,1144,171.0,,154.731445312,value,141.826171875,value,4,1124.0,,1402.0,74.0,,,161.0,,,,,,352.0,,,,,2
density_10_nback_2_id_33,33,d10_n2,26.950296402,28.6502971649,33.7501182556,VALIDATED,45.3002052307,SINGLE,2.499702930467432,8.799702882783716,11.3497028351,,5.449702739732569,10.5997028351,37.450000047683716,36.549999952316284,False,False,False,30.549999952316284,3.3998818397674313,1.7000007629000002,8.799702882783716,-6.900000095367432,-3.6998817920837155,5.099821090700001,11.550086975100001,16.649908065800002,1.8997027874162846,3.200118303283716,7.899702787416285,10.499703645683717,True,False,True,0.002405533965696665,0.21592993425712764,-0.9866196095908268,2,False,CONSISTENT,15.0,-1.0,79.09408569300001,0.8350311283999986,0.8926696780000043,0.9986850202752342,-33.6782226562,32.60396770951218,175.75822346657634,89.1843261719,value,185.643127441,value,4,,,zero_after_lane_crossing,17.2174072266,value,4,1376,129.0,,,zero_after_lane_crossing,120.281616211,value,4,1321.0,,789.0,716.0,,,,,,,,,184.0,,,,,3
density_10_nback_2_id_34,34,d10_n2,26.9494915009,28.5499858856,34.0995826721,VALIDATED,47.6997718811,SINGLE,3.0500140190325666,3.35001420976743,3.60001420976743,3.35001420976743,3.35001420976743,3.400014162083714,31.90000009536743,29.15000009536743,False,False,False,,,1.6004943847000028,3.35001420976743,,2.199582576732567,5.549596786499997,13.600189209,19.149785995499997,,,0.6000142097674299,4.950508594467433,True,True,True,0.002137915040927772,0.20021183575330267,-0.9200774146606691,6,True,CONSISTENT,15.0,-1.0,79.76905822750004,0.7412582399999679,0.7474060054999541,0.9974753952067651,66.0614013672,40.34481130148559,175.80094562335677,196.860168457,value,170.251953125,value,4,,15.2220458984,value,31.0133056641,value,4,946,245.0,,137.869262695,value,105.433654785,value,4,1309.0,,1486.0,68.0,,,,,363.0,,,,245.0,,,,,6
density_10_nback_2_id_35,35,d10_n2,26.9498710632,29.8005867004,33.1504249573,VALIDATED,42.0505371094,SINGLE,0.6994132995999998,1.0494132042325681,1.2994132042325681,1.0494132042325681,1.0494132042325681,1.1494133472837156,30.84999990463257,30.0,False,False,False,30.549999952316284,2.9495749473325716,2.8507156372000004,1.0494132042325681,-0.2999999523162842,2.3004250526674284,3.3498382568999965,8.9001121521,12.249950408999997,0.7494132519162839,2.6004250049837125,0.19941329959999976,3.9001288414325685,True,True,True,0.0023699273014024377,0.2929126516325442,-0.993954702360336,2,False,CONSISTENT,15.0,-1.0,79.73095703100003,0.780119323799967,0.7904052739999656,0.9979666535561488,86.6275634766,43.31465212509955,175.27822089004377,200.990722656,value,188.217285156,value,4,,16.9984130859,value,17.5673828125,value,4,1309,132.0,,147.596191406,value,128.569091797,value,4,1247.0,,786.0,655.0,,,,,,,,,194.0,,,,,8
density_10_nback_2_id_36,36,d10_n2,26.900800705,28.8505134583,34.3505783081,VALIDATED,50.3002662659,SINGLE,1.8994865417,3.4994864463325683,3.699486494016284,3.5494866370674316,3.5494866370674316,3.3994865417,32.34999990463257,30.15000009536743,False,False,False,,5.099421739583718,1.9497127532999983,3.4994864463325683,,2.000578403467429,5.5000648497999975,15.949687957800002,21.4497528076,,,1.2994866370674316,5.449199199632567,True,True,True,0.0024238939900027632,0.23942055537586723,-0.9628432598460738,3,True,CONSISTENT,15.0,-1.0,80.06588745049999,0.8041687019500059,0.8260650644999998,0.9980596404705651,57.0751953125,27.885341695926197,176.2063848677954,193.481628418,value,174.467529297,value,4,,15.9411621094,value,24.9660644531,value,4,1451,154.0,,134.447265625,value,110.02746582,value,4,1428.0,,823.0,782.0,,,,,,,,,177.0,,,,,8
density_10_nback_2_id_37,37,d10_n2,26.9495677948,28.749797821,37.0998344421,VALIDATED,51.2499847412,SINGLE,2.2502021789999986,4.850202083632567,5.15020227436743,5.050202131316283,5.050202131316283,4.750202178999999,33.59999990463257,30.40000009536743,False,False,False,30.40000009536743,5.250165462532571,1.8002300262000013,4.850202083632567,-3.1999998092651367,3.4998345374674287,8.350036621099996,14.150150299100005,22.5001869202,1.6502022743674303,6.699834346732565,1.6502022743674303,6.650432109832568,True,True,True,0.0023433285893367213,0.20269022963161,-0.768833513952965,10,True,CONSISTENT,15.0,-1.0,79.67150878900003,0.6907623294999835,0.85159301799996,0.9976579426246317,27.0517578125,2.0584843294166406,176.05901322770708,193.908081055,value,135.759277344,value,4,,9.21899414062,value,53.6157226562,value,4,1434,190.0,,130.077514648,value,62.0998535156,value,4,1406.0,,944.0,680.0,,,,,,,,,218.0,,,,,3
density_10_nback_2_id_38,38,d10_n2,26.8994007111,29.0494232178,34.0999679565,VALIDATED,47.399307251,SINGLE,1.8505768775674305,1.9505767821999989,2.050576686832567,2.000576734516283,2.000576734516283,1.8505768775674305,31.0,30.299999952316284,False,False,False,,5.700031995816282,2.150022506700001,1.9505767821999989,,3.0999679565000022,5.050544738700001,13.299339294500001,18.349884033200002,,,1.250576734516283,4.1005992889,True,True,True,0.002398887119525313,0.22181128199486347,-0.9582500497141224,3,True,CONSISTENT,15.0,-1.0,80.159347534,0.7266082769999969,0.732666015999996,0.9969599259642177,82.828125,32.87480241617048,176.13572662628786,201.051269531,value,176.343505859,value,4,,16.0589599609,value,24.6534423828,value,4,1362,185.0,,144.486572266,value,111.393310547,value,4,1330.0,,843.0,704.0,,,,,,,,,217.0,,,,,4
density_10_nback_2_id_39,39,d10_n2,26.9491825104,28.6491584778,34.4991912842,VALIDATED,61.5992240906,SINGLE,3.3508415221999996,3.8008415698837155,4.000841617567431,3.8508415221999996,3.8508415221999996,3.700841426832568,32.450000047683716,30.700000047683716,False,False,False,28.75,19.600808620432566,1.6999759674000003,3.8008415698837155,-3.700000047683716,2.049191236516286,5.850032806400002,27.1000328064,32.9500656128,0.10084152219999964,5.749191284200002,2.0508415698837155,5.500817537283716,True,True,True,0.0025230016020686597,0.2884995775416203,-0.9328675937348264,3,True,CONSISTENT,15.0,-1.0,79.14727783199999,0.8158966068600193,0.8451690668999987,0.9957144560919724,55.7604980469,30.219160036469503,175.4748452531224,193.529785156,value,170.451171875,value,4,,15.6353759766,value,28.7315673828,value,4,1703,128.0,,134.211303711,value,105.727416992,value,4,1648.0,,1060.0,771.0,,,,,,,,,183.0,,,,,1
density_10_nback_2_id_3,3,d10_n2,26.9498748779,27.2995510101,35.1497879028,VALIDATED,42.1000061035,SINGLE,1.4004490375837158,1.6004490852674316,7.4504489899,7.7004489899,1.0504488945325683,7.250448942216284,28.90000009536743,28.59999990463257,False,False,False,27.40000009536743,10.250212192567432,0.34967613219999905,1.6004490852674316,-1.5,6.249787807432568,7.8502368927,6.9502182007,14.8004550934,0.10044908526743157,7.749787807432568,1.3004488945325683,1.9501252174674306,True,True,True,0.002379344064164203,0.20762327526979893,-0.888906893224936,4,False,CONSISTENT,15.0,-1.0,79.86940002450001,0.8047149656999977,0.8603057855000031,0.9955538639028237,127.882446289,28.60963218987143,175.30300113862904,208.057250977,value,154.980529785,value,4,,16.9365234375,value,40.8634033203,value,4,1182,260.0,,158.824707031,value,88.3956298828,value,4,1182.0,,908.0,534.0,,,,,,,,,260.0,,,,,3
density_10_nback_2_id_40,40,d10_n2,26.9500045776,27.6495037079,34.7995605469,VALIDATED,46.8493881226,SINGLE,2.8504962921000008,2.950496196732569,3.1004962921000008,3.0504963397837166,3.0504963397837166,2.7504963874674324,30.59999990463257,30.299999952316284,False,False,False,,,0.6994991302999978,2.950496196732569,,4.1995606422674285,7.150056838999998,12.0498275757,19.199884414699998,,,2.650496244416285,3.649995327032567,True,True,True,0.002125143785679592,0.20150403689221846,-0.7561344539796272,10,True,CONSISTENT,15.0,-1.0,79.57162475549998,0.925968170525013,0.9410095219000283,0.994134371883146,93.7718505859,66.954302727741,175.99207732649154,201.281982422,value,127.763977051,value,4,,18.1832275391,value,71.1760253906,value,4,1325,211.0,,144.58972168,value,58.9790039062,value,4,1275.0,,904.0,632.0,63.0,,,,,,,,198.0,,,,,9
density_10_nback_2_id_41,41,d10_n2,26.9499759674,27.8998088837,33.0501251221,VALIDATED,86.6002426147,SINGLE,1.950191020932568,2.1501910686162837,2.700191020932568,2.3501911162999995,2.3501911162999995,2.1001911162999995,30.049999952316284,29.549999952316284,False,False,False,29.299999952316284,6.149874925583717,0.9498329163000001,2.1501910686162837,-0.75,3.000125169783715,5.1503162383999985,53.550117492599995,58.70043373099999,1.4001910686162837,3.750125169783715,1.6501910686162837,3.100023984916284,True,True,True,0.0022741469763482187,0.23706409040049964,-0.9736586179759463,4,True,CONSISTENT,15.0,-1.0,79.28831481949999,0.88453140246501,0.9041137685000251,0.995673985104459,104.073364258,54.77236985370472,176.11411158420782,204.580200195,value,180.866149902,value,4,,17.4123535156,value,26.0358886719,value,4,2150,182.0,,149.449645996,value,117.497680664,value,4,2119.0,,1511.0,821.0,,,,,,,,,213.0,,,,,9
density_10_nback_2_id_42,42,d10_n2,26.9502124786,28.9001560211,35.4501876831,VALIDATED,44.8000221252,SINGLE,3.2498440742674326,3.4498438835325693,3.799844026583717,3.799844026583717,3.799844026583717,3.399843931216285,32.34999990463257,31.5,False,False,False,31.950000047683716,4.949812412267434,1.949943542499998,3.4498438835325693,-0.39999985694885254,3.100187778467429,6.5500316619999985,9.349834442100004,15.899866104100003,3.049844026583717,3.5001876354162818,2.599843978900001,5.399787426032567,True,True,True,0.0023958233098261817,0.23066411815248772,-0.8400850242233361,6,True,CONSISTENT,15.0,-1.0,79.42684936500001,0.8860626222199898,0.9354858400999859,0.9977948242756536,63.8673095703,36.21258259448723,175.58722435800846,187.845092773,value,140.18762207,value,4,,21.9868164062,value,55.2177734375,value,4,1360,135.0,,127.573120117,value,71.3312988281,value,4,1316.0,,829.0,666.0,,,,,,,,,179.0,,,,,2
density_10_nback_2_id_43,43,d10_n2,26.9500598907,28.8998394012,33.9502105713,VALIDATED,50.4495010376,SINGLE,1.450160503432567,1.650160551116283,2.5501606464837145,2.5001606941674304,2.5001606941674304,1.450160503432567,30.549999952316284,29.799999952316284,False,False,False,32.90000009536743,6.049789428700002,1.9497795105000009,1.650160551116283,2.3500001430511475,3.4002106189837136,5.0503711700999965,16.499290466300003,21.5496616364,4.00016069416743,1.0502104759325661,0.9001605511162829,3.5999400616162838,True,True,True,0.002547968844660808,0.2967394369868507,-0.959444001641524,4,True,CONSISTENT,15.0,-1.0,79.37104797399999,0.849578857390007,0.8949279782000019,0.9956225505555653,91.9426269531,43.212620814618916,175.66594764429865,204.331970215,value,170.274169922,value,4,,15.3884277344,value,32.0531005859,value,4,1405,203.0,,149.164123535,value,105.726623535,value,4,1398.0,,854.0,754.0,,,,,,,,,210.0,,,,,2
density_10_nback_2_id_44,44,d10_n2,26.9497432709,28.3002109528,34.3501815796,VALIDATED,46.8996925354,SINGLE,1.3997890948837153,1.9497890471999995,2.299788951832568,2.6997890471999995,0.9497890471999995,1.2997889518325678,30.25,29.40000009536743,False,False,False,31.65000009536743,6.399818420400003,1.3504676818999997,1.9497890471999995,1.4000000953674316,4.100181579599997,6.049970626799997,12.549510955800002,18.5994815826,3.349789142567431,2.7001814842325658,1.099789142567431,3.300256729099999,True,True,True,0.002520507240275329,0.2615906068500545,-0.9615391484477872,3,True,CONSISTENT,15.0,-1.0,79.19871520999999,0.8301910398600129,0.8559112551000254,0.9954482191488692,97.8217773438,29.25925526778208,175.64894391561685,205.867553711,value,174.350708008,value,4,,15.2869873047,value,25.9487304688,value,4,1354,183.0,,151.543212891,value,108.654174805,value,4,1351.0,,810.0,727.0,,,,,,,,,186.0,,,,,1
density_10_nback_2_id_45,45,d10_n2,26.9507350922,28.6501102448,33.9500045776,VALIDATED,53.5500450134,SINGLE,2.5998897551999995,2.949889659832568,3.0998897551999995,2.999889850567431,2.999889850567431,2.8998897075162837,31.59999990463257,30.25,False,False,False,31.15000009536743,10.249995470083718,1.6993751526000018,2.949889659832568,-0.4499998092651367,2.3500046729674295,5.299894332799997,19.600040435800004,24.8999347686,2.499889850567431,2.8000044822325663,1.5998897551999995,4.64926481243257,True,True,True,0.002520799301964057,0.21460948853192696,-0.9671298943543164,2,True,CONSISTENT,15.0,-1.0,79.18238830549998,0.8238578796850298,0.9788055419000017,0.9974461803887746,73.8017578125,36.229052022549546,175.8578532562215,196.488525391,value,176.908447266,value,4,,17.2735595703,value,25.4132080078,value,4,1334,337.0,,138.352050781,value,112.375610352,value,4,1334.0,,1605.0,66.0,,,,,,,,,337.0,,,,,3
density_10_nback_2_id_46,46,d10_n2,26.8996257782,27.5496349335,31.899646759,VALIDATED,38.1002426147,SINGLE,0.9503650665000016,10.750365018816286,12.55036497113257,12.950365066500002,4.30036497113257,12.100365161867433,38.299999952316284,35.65000009536743,False,False,False,29.25,9.550353288683716,0.6500091552999976,10.750365018816286,-9.049999952316284,-6.400353193316285,4.350011825500001,6.200595855700001,10.550607681200002,1.7003650665000016,2.6496467589999995,8.100365161867433,11.400374174116283,True,False,True,0.0018976297444544394,0.21563659973687935,-0.9703506245558899,4,False,CONSISTENT,15.0,-1.0,80.09764099099999,0.791816711630009,0.867653369736999,0.9972436901845109,-34.3278808594,69.18575572378953,175.8205693195107,79.9377441406,value,193.856323242,value,4,,,zero_after_lane_crossing,18.7896728516,value,4,1116,246.0,,,zero_after_lane_crossing,137.915222168,value,4,1116.0,,818.0,544.0,,,,,,,,,246.0,,,,,8
density_10_nback_2_id_47,47,d10_n2,26.900806427,28.7004051208,32.7505187988,VALIDATED,47.3002586365,SINGLE,0.7995948792000007,0.9995949268837165,1.2495949268837165,0.9995949268837165,0.9995949268837165,0.9995949268837165,29.700000047683716,29.200000047683716,False,False,False,28.799999952316284,8.949481248883714,1.7995986938000001,0.9995949268837165,-0.9000000953674316,3.050518751116286,4.050113678000002,14.549739837699995,18.599853515699998,0.0995948315162849,3.9505188464837175,0.49959492688371654,2.7991936206837167,True,True,True,0.0024674168089076293,0.2874083860348569,-0.9482075069124806,2,True,CONSISTENT,15.0,-1.0,79.21469116199998,0.7585563661500139,1.0891265870000097,0.9969807835065216,110.018310547,55.629995815614166,176.39643011898852,206.084533691,value,186.302124023,value,4,,16.9835205078,value,21.8253173828,value,4,1326,219.0,,153.187683105,value,125.022399902,value,4,1317.0,,822.0,723.0,,,,,,,,,228.0,,,,,3
density_10_nback_2_id_48,48,d10_n2,26.9000911713,28.7999782562,40.7000083923,VALIDATED,60.40001297,SINGLE,0.9000217914837165,3.750021696116285,4.700021743800001,5.800021648432569,3.050021648432569,3.4500217438000007,32.549999952316284,32.15000009536743,False,True,False,28.90000009536743,4.549991607700001,1.8998870848999978,3.750021696116285,-3.6499998569488525,8.150008439983715,11.9000301361,19.7000045777,31.6000347138,0.10002183916743235,11.800008296932567,3.3500218391674323,5.649908781016283,True,True,True,0.0015563012745604733,0.38614527037837754,-0.6627531592188257,10,True,CONSISTENT,15.0,-1.0,79.93638610850002,0.7507431023499763,0.7673492434999787,0.9954927885128433,64.4244384766,13.852709820930771,176.4575975398724,181.131347656,value,57.8690185547,value,4,,27.4880371094,value,45.9216308594,value,4,1471,237.0,,121.526367188,value,224.4296875,value,4,1451.0,,1417.0,391.0,98.0,,100.0,,,,,22.0,237.0,,,,,5
density_10_nback_2_id_49,49,d10_n2,27.0001468658,29.5002307892,34.7500648499,VALIDATED,67.900100708,SINGLE,1.7497692108000003,1.949769258483716,2.149769306167432,2.149769306167432,2.149769306167432,1.7997691631162844,31.450000047683716,30.75,False,False,False,,11.199935197783716,2.5000839233999983,1.949769258483716,,3.3000648022162835,5.2498340607,33.1500358581,38.39986991879999,,,1.2497692108000003,4.449853181883714,True,True,True,0.0021426702449230672,0.2520243057687789,-0.9525161964468024,4,False,CONSISTENT,15.0,-1.0,79.13333129899999,0.840656280750018,1.0811309812000047,1.002496051613318,75.1275634766,19.30912035749841,175.26359281393732,198.869262695,value,174.580444336,value,4,,15.8374023438,value,23.1177978516,value,4,1669,289.0,,139.744995117,value,106.349121094,value,4,1669.0,,1333.0,625.0,,,,,,,,,289.0,,,,,5
density_10_nback_2_id_4,4,d10_n2,26.8999919891,29.3500671387,32.59998703,VALIDATED,38.7003517151,SINGLE,0.8999328613000017,1.0999329089837175,1.2999329566674334,1.0999329089837175,1.0999329089837175,1.0999329089837175,30.450000047683716,29.450000047683716,False,False,False,,7.700012922316283,2.4500751496,1.0999329089837175,,2.1499869823162854,3.249919891300003,6.100364685099997,9.3502845764,,,0.09993290898371754,3.5500080585837175,True,True,True,0.0025280950194060954,0.31195383515083497,-0.9951758912479977,2,False,CONSISTENT,15.0,-1.0,79.40721130399999,0.7472373959050259,0.7637481680000064,0.9971877082217415,94.3134765625,51.3047238606954,176.58845021011356,203.19909668,value,193.9921875,value,4,,16.7738037109,value,15.1083984375,value,4,1163,210.0,,149.571899414,value,134.682373047,value,4,1163.0,,790.0,583.0,,,,,,,,,210.0,,,,,7
density_10_nback_2_id_50,50,d10_n2,26.8998947144,29.0997276306,33.9993438721,VALIDATED,46.5998268127,SINGLE,2.0502724647674313,2.3502724170837155,3.8502724170837155,2.3502724170837155,2.3502724170837155,2.250272274032568,31.450000047683716,29.65000009536743,False,False,False,30.799999952316284,5.350656032532569,2.199832916200002,2.3502724170837155,-0.6500000953674316,2.549343824416283,4.899616241499999,12.600482940600003,17.5000991821,1.7002723217162838,3.199343919783715,0.5502724647674313,4.550105333283717,True,True,True,0.0024157866601612213,0.20178821417625567,-0.9644348299829156,5,True,CONSISTENT,15.0,-1.0,79.560180664,0.7716156006999967,0.7933959959999868,0.9956956971553751,76.75,41.404826217808754,176.4274928365151,195.996459961,value,170.154663086,value,4,,18.4027099609,value,31.3717041016,value,4,1380,152.0,,138.128173828,value,105.466247559,value,4,1338.0,,814.0,718.0,,,,,,,,,194.0,,,,,9
density_10_nback_2_id_51,51,d10_n2,26.9497699738,28.1997661591,35.6498413086,VALIDATED,47.7004623413,SINGLE,4.950233936267431,5.050233840899999,5.250233888583715,5.150233745532567,5.150233745532567,4.950233936267431,33.25,31.40000009536743,False,False,False,28.299999952316284,5.450158596032566,1.2499961853000023,5.050233840899999,-4.950000047683716,2.3998413086000028,7.450075149500002,12.0506210327,19.500696182200002,0.10023379321628312,7.349841356283719,3.2002339362674306,6.300230026200001,True,True,True,0.002203134505473121,0.19866143757373353,-0.9463907653607975,5,False,CONSISTENT,15.0,-1.0,79.64140319850003,0.8246765132799815,0.8742370604999792,0.9984174790671023,51.9639892578,21.253658964965016,175.84447542441833,177.471679688,value,150.798522949,value,4,,27.9237060547,value,44.0142822266,value,4,1390,164.0,,113.254882812,value,80.1541748047,value,4,1381.0,,829.0,725.0,,,,,,,,,173.0,,,,,6
density_10_nback_2_id_52,52,d10_n2,26.9500656128,28.6991081238,32.6999397278,VALIDATED,45.500087738,SINGLE,1.3508918285162856,2.5008919238837173,2.65089178083257,2.5008919238837173,2.5008919238837173,2.5008919238837173,31.200000047683716,28.799999952316284,False,False,False,,5.350060224516284,1.749042510999999,2.5008919238837173,,1.4999396801162845,4.000831604000002,12.800148010199997,16.8009796142,,,0.10089182851628564,4.249934434883716,True,True,True,0.002158354682098817,0.5345298605750982,-0.9911614244675829,3,True,CONSISTENT,15.0,-1.0,80.11810302749998,0.7723976134500106,0.831047117891984,0.9984046313296475,79.3146972656,52.87578260712152,175.50219003054764,200.91229248,value,191.536193848,value,4,,15.3012695312,value,17.1143798828,value,4,1345,165.0,,143.735656738,value,130.52355957,value,4,1288.0,,808.0,702.0,,,,,,,,,222.0,,,,,7
density_10_nback_2_id_53,53,d10_n2,26.9500427246,28.5001811981,33.4001731873,VALIDATED,47.9501266479,SINGLE,1.89981889726743,2.64981889726743,8.199818849583714,2.8498187065325666,2.8498187065325666,1.8498187065325666,31.15000009536743,29.5,False,False,False,29.40000009536743,7.7998268603837175,1.5501384735000023,2.64981889726743,-1.75,2.2501730919325666,4.899991989199997,14.549953460600001,19.449945449799998,0.8998188972674299,4.000173091932567,0.9998188018999983,4.199957370767432,True,True,True,0.002308696738066731,0.21525764578519377,-0.9764540525835782,3,True,CONSISTENT,15.0,-1.0,79.677459717,0.8067413329999837,0.838745117000002,0.9996886782698261,79.2120361328,41.622109612536086,175.50081466409284,202.23046875,value,185.182678223,value,4,,14.2800292969,value,19.5529785156,value,4,1328,230.0,,145.190185547,value,122.036376953,value,4,1328.0,,828.0,730.0,,,,,,,,,230.0,,,,,8
density_10_nback_2_id_54,54,d10_n2,26.9496936798,28.1496105194,34.5004272461,VALIDATED,43.9999275208,SINGLE,3.6503894329162847,4.050389528283716,4.200389385232569,4.1003894806000005,4.1003894806000005,3.5503895282837163,32.200000047683716,31.549999952316284,False,False,False,31.700000047683716,3.9995727538999972,1.1999168396000002,4.050389528283716,-0.5,2.300427198416287,6.350816726700003,9.499500274699997,15.8503170014,3.5503895282837163,2.800427198416287,3.4003894329162847,5.2503063678837165,True,True,True,0.0024709665568157287,0.23738211450511656,-0.9526950374051961,3,False,CONSISTENT,15.0,-1.0,79.58581543000003,0.7409912107999901,0.753982542999978,0.9961755735325974,61.7738037109,31.727975482327675,175.24839054213183,192.46282959,value,166.895629883,value,4,,17.7391357422,value,31.7843017578,value,4,1337,142.0,,132.472167969,value,100.645751953,value,4,1305.0,,830.0,649.0,53.0,,,,,,,,121.0,,,,,7
density_10_nback_2_id_55,55,d10_n2,27.0004673004,29.4509735107,35.6502075195,VALIDATED,48.850276947,SINGLE,4.499026536983717,4.799026489300001,4.949026584667433,4.849026441616285,4.849026441616285,4.699026584667433,34.25,31.40000009536743,False,False,False,,5.8497924805,2.4505062102999986,4.799026489300001,,1.4002075195000003,6.199234008800001,13.200069427499997,19.3993034363,,,1.9490265846674326,7.2495326996,True,True,True,0.0024203784589871716,0.2961219120285658,-0.9601793262601669,5,False,CONSISTENT,15.0,-1.0,79.19924926799999,0.779854583055009,0.8141937252000275,0.9995156899454665,34.1351318359,16.33384409182614,175.22812975426558,170.678100586,value,155.190429688,value,4,,29.0152587891,value,38.6171875,value,4,1440,137.0,,104.988525391,value,85.7800292969,value,4,1389.0,,846.0,731.0,,,,,,,,,188.0,,,,,3
density_10_nback_2_id_56,56,d10_n2,26.9001274109,30.3999614716,35.1999320984,VALIDATED,43.6002845764,SINGLE,1.3000385760837148,1.6500384807162831,3.3000385760837148,3.100038528399999,2.100038528399999,1.1500384807162831,32.049999952316284,31.5,False,False,False,33.15000009536743,3.9500679969674337,3.4998340606999996,1.6500384807162831,1.1000001430511475,3.1499321460837137,4.799970626799997,8.400352478000002,13.200323104799999,2.7500386237674306,2.0499320030325663,1.100038528399999,5.149872541416283,True,True,True,0.0024722439906475183,0.4793271414359464,-0.9717553758482025,3,False,CONSISTENT,15.0,-1.0,79.46029663050001,0.854609680979982,0.8805694584999912,0.9968996889209296,65.6097412109,14.599674282251023,176.27150212885135,192.286437988,value,166.952758789,value,4,,18.7872314453,value,29.4161376953,value,4,1355,117.0,,132.718811035,value,98.8366699219,value,4,1312.0,,800.0,672.0,,,,,,,,,160.0,,,,,5
density_10_nback_2_id_57,57,d10_n2,26.9002361298,28.3501796722,34.0000038147,VALIDATED,46.4001045227,SINGLE,3.549820423167432,3.749820232432569,4.1498203278000005,3.8498203754837164,3.8498203754837164,3.499820232432569,32.09999990463257,31.34999990463257,False,False,False,,,1.4499435423999998,3.749820232432569,,1.9000039100674329,5.649824142500002,12.400100707999997,18.0499248505,,,2.999820232432569,5.199763774832569,True,True,True,0.0025290307142558344,0.27617020627071354,-0.9338575205481014,6,True,CONSISTENT,15.0,-1.0,80.04124450649999,0.6809387213000037,0.8374481204999995,0.9954207980639217,61.0308837891,38.58833423058146,175.74246333413313,195.717773438,value,172.752929688,value,4,,15.1042480469,value,29.0599365234,value,4,1348,179.0,,136.01159668,value,107.928405762,value,4,1306.0,,845.0,682.0,,,,,,,,,221.0,,,,,9
density_10_nback_2_id_5,5,d10_n2,26.9501018524,29.5502166748,35.0498352051,VALIDATED,47.2501945496,SINGLE,1.5497832298325669,2.6497833728837143,4.549783229832567,2.6997833251999985,2.6997833251999985,1.4497833251999985,32.200000047683716,30.59999990463257,False,False,False,33.59999990463257,5.300164699532566,2.600114822400002,2.6497833728837143,1.3999998569488525,2.849835157416287,5.499618530300001,12.2003593445,17.699977874800002,4.049783229832567,1.4498353004674343,1.0497832298325669,5.249898195283716,True,True,True,0.002262130566188769,0.24311496332016153,-0.9562877267500701,4,True,CONSISTENT,15.0,-1.0,79.08628845250001,0.872639465064983,0.9212188716999776,0.9957165205130627,61.0157470703,17.462687542694276,176.2164460036351,194.448364258,value,169.551879883,value,4,,16.1215820312,value,27.6726074219,value,4,1382,162.0,,133.219116211,value,100.631713867,value,4,1356.0,,832.0,712.0,,,,,,,,,188.0,,,,,2
density_10_nback_2_id_6,6,d10_n2,26.9502677917,28.4504299164,34.9501991272,VALIDATED,42.0001716614,SINGLE,0.49957013128371486,0.5995700359162832,3.599570035916283,0.5995700359162832,0.5995700359162832,0.4495701789674307,29.049999952316284,28.799999952316284,False,False,False,,5.149800777432567,1.500162124700001,0.5995700359162832,,5.900199174883717,6.4997692108,7.049972534200002,13.549741745000002,,,0.3495700359162832,2.099732160616284,True,True,True,0.0021772398018608547,0.22135873420800903,-0.8372344557411671,2,True,CONSISTENT,15.0,-1.0,79.08668518100001,0.9332458490999883,1.0168304440999947,0.9973751803118508,125.735717773,33.6153967657164,176.4631012706806,207.717163086,value,155.473388672,value,4,,17.1479492188,value,41.2646484375,value,4,1310,129.0,,156.815979004,value,88.0766601562,value,4,1270.0,,804.0,635.0,,,,,,,,,169.0,,,,,9
density_10_nback_2_id_7,7,d10_n2,27.0000305176,29.2002716064,35.0000610352,VALIDATED,45.949256897,SINGLE,1.7997283935999988,2.149728298232567,2.599728345916283,2.349728345916283,2.349728345916283,1.849728345916283,31.34999990463257,30.59999990463257,False,False,False,31.34999990463257,4.549938917116286,2.200241088800002,2.149728298232567,0.0,3.6500611305674298,5.799789428799997,10.9491958618,16.748985290599997,2.149728298232567,3.6500611305674298,1.3997282982325672,4.349969387032569,True,True,True,0.0023325696571993484,0.21128674601627748,-0.9396285962374937,4,True,CONSISTENT,15.0,-1.0,79.03224182149998,0.9692398071100286,0.9790649413000097,0.9994442373845376,77.8033447266,33.20302337292875,175.24194145054972,198.662475586,value,154.439453125,value,4,,16.6491699219,value,42.0682373047,value,4,1379,138.0,,139.841674805,value,85.5100097656,value,4,1332.0,,828.0,689.0,,,,,,,,,185.0,,,,,6
density_10_nback_2_id_8,8,d10_n2,26.9000968933,28.5500297546,30.6000347137,VALIDATED,54.1501083374,SINGLE,0.5499701500325678,0.6499702930837152,0.7499701977162836,0.6499702930837152,0.6499702930837152,0.4999701977162836,29.200000047683716,28.65000009536743,False,False,False,,8.599965333983715,1.6499328613000017,0.6499702930837152,,1.4000346660162855,2.0500049591000007,23.550073623699998,25.6000785828,,,0.09997034076743105,2.299903154383717,True,True,True,0.002380020335680064,0.6668784333054838,-0.9921716623141572,2,True,CONSISTENT,15.0,-1.0,79.27192687949997,0.8370147713000335,1.742492674499971,0.996121826967784,121.204711914,90.2302371423197,176.3894126274205,207.295288086,value,203.970092773,value,4,,17.2340087891,value,15.9256591797,value,4,1448,235.0,,157.201293945,value,150.182495117,value,4,1428.0,,897.0,786.0,,,,,,,,,255.0,,,,,8
density_10_nback_2_id_9,9,d10_n2,26.9500274658,28.6003475189,34.4501113892,VALIDATED,45.8500022888,SINGLE,3.7996525764674303,3.949652433416283,4.0996525287837144,3.999652385732567,3.999652385732567,3.8996524810999986,32.549999952316284,30.0,False,False,False,30.700000047683716,1.8998885154325649,1.6503200530999997,3.949652433416283,-1.8499999046325684,1.9001114368837193,5.849763870300002,11.399890899599995,17.249654769899998,2.0996525287837144,3.7501113415162877,1.3996524810999986,5.5999724865162825,True,True,True,0.002593188048647925,0.37737050761058977,-0.9838885875180031,4,True,CONSISTENT,15.0,-1.0,79.023529053,0.7879882809800052,1.0550994870000068,0.9966235256063978,50.6313476562,23.95829271597389,175.6665831389527,196.202331543,value,177.27154541,value,4,,12.6561279297,value,22.5317382812,value,4,1388,128.0,,133.991638184,value,109.937133789,value,4,1340.0,,815.0,701.0,60.0,,,,,,,,116.0,,,,,7
density_20_nback_0_id_10,10,d20_n0,48.6003189087,49.4007225037,55.7502212524,VALIDATED,66.8005142212,SINGLE,4.349277496299997,4.449277400932566,4.649277448616282,4.499277591667429,4.499277591667429,4.299277543983713,53.84999990463257,53.40000009536743,False,False,False,53.450000047683716,4.749778747599997,0.8004035950000059,4.449277400932566,-0.39999985694885254,1.9002213477674346,6.3494987487,11.050292968800001,17.3997917175,4.049277543983713,2.300221204716287,3.999277591667429,5.249680995932572,True,True,True,0.03131490817266133,0.24206336284693156,-0.9938741438446781,2,False,CONSISTENT,24.0,-1.0,93.83830261199999,0.34783706727500885,1.134475706999993,0.9992443326740762,54.3626708984,16.013370973744568,178.442671648697,43.7001953125,value,41.2462158203,value,4,,10.6906738281,value,14.4815673828,value,4,1737,136.0,,47.8776855469,value,44.5327148438,value,4,1664.0,,1379.0,557.0,89.0,,61.0,,2.0,,47.0,,136.0,,,,,6
density_20_nback_0_id_12,12,d20_n0,48.6495780945,49.1997795105,54.0995750427,VALIDATED,67.1504058838,SINGLE,1.1502203941325675,1.1502203941325675,1.250220537183715,1.2002205848674308,1.2002205848674308,1.1002204418162833,50.34999990463257,49.65000009536743,False,False,False,50.65000009536743,4.150424957299997,0.5502014160000002,1.1502203941325675,0.3000001907348633,3.749575138067435,4.899795532200002,13.050830841100002,17.950626373300004,1.4502205848674308,3.4495749473325716,0.4502205848674308,1.7004218101325677,True,True,True,0.029359221622151495,0.38612915622278277,-0.9882454988036314,2,True,CONSISTENT,24.0,-1.0,93.374908447,0.4463500981999857,1.0841369620000023,1.0004374700361371,135.948242188,52.29978174339954,178.7746570956402,48.8269042969,value,42.9407958984,value,4,,14.7150878906,value,12.9808349609,value,4,1736,139.0,,50.2401123047,value,45.5075683594,value,4,1707.0,,1322.0,621.0,97.0,,67.0,,1.0,,,,139.0,,,,,8
density_20_nback_0_id_13,13,d20_n0,48.7005805969,51.5499458313,55.7501831055,VALIDATED,68.6000213623,SINGLE,1.6500542163837153,1.9500541686999995,2.4500541686999995,1.9500541686999995,1.9500541686999995,2.350054264067431,53.5,52.84999990463257,False,False,False,53.90000009536743,2.899816989867432,2.849365234400004,1.9500541686999995,0.40000009536743164,2.2501831054999997,4.200237274199999,12.849838256799998,17.050075530999997,2.350054264067431,1.850183010132568,1.3000540733325678,4.7994194031000035,True,True,True,0.034546475881662514,0.38437552282784065,-0.9939896852193658,2,False,CONSISTENT,24.0,-1.0,93.36663818400001,0.5035274506350013,0.9746093760000178,0.9951557797879981,62.6423339844,18.875466953971166,177.38785321270825,43.8541259766,value,39.48828125,value,4,,10.1420898438,value,16.2593994141,value,4,1756,123.0,,48.6875,value,42.7102050781,value,4,1759.0,,1335.0,636.0,74.0,,90.0,,2.0,,15.0,,123.0,,,,,9
density_20_nback_0_id_16,16,d20_n0,48.6492767334,49.7995452881,55.4001579285,VALIDATED,71.0999145508,SINGLE,2.050454616532569,4.000454664216285,4.150454759583717,4.000454664216285,4.000454664216285,3.8504548072674325,53.799999952316284,53.299999952316284,False,False,False,53.34999990463257,7.499842166867431,1.1502685546999984,4.000454664216285,-0.4500000476837158,1.6001579761837164,5.600612640400001,15.699756622299994,21.300369262699995,3.550454616532569,2.050158023867432,3.500454664216285,5.1507232189162835,True,True,True,0.03154735270842163,0.500685261923272,-0.9915578320272073,2,False,CONSISTENT,24.0,-1.0,94.28433227549999,0.22293090850000397,1.1821746825000048,0.9999685547964876,56.850402832,24.88630917314372,177.42494364246542,42.5521240234,value,40.5260009766,value,4,,12.2177734375,value,15.6324462891,value,4,1745,206.0,,46.3316650391,value,42.9978027344,value,4,1607.0,,1319.0,703.0,82.0,,70.0,,1.0,,127.0,,206.0,,,,,6
density_20_nback_0_id_17,17,d20_n0,48.6004524231,49.7510299683,55.0498428345,VALIDATED,64.7001876831,SINGLE,3.2989699840162814,3.448970079383713,3.5989699363325656,3.448970079383713,3.448970079383713,3.248970031699997,53.200000047683716,49.799999952316284,False,False,False,52.59999990463257,2.5501570701325704,1.1505775452000009,3.448970079383713,-0.6000001430511475,1.8498427868162821,5.298812866199995,9.6503448486,14.949157714799995,2.8489699363325656,2.4498429298674296,0.04896998401628139,4.599547624583714,True,True,True,0.03136426502671022,0.32753639384391675,-0.9764771208905785,3,True,CONSISTENT,24.0,-1.0,93.97512817350001,0.3845790863749841,1.0855865475000002,0.9981054884935229,71.7716674805,39.69426152403927,178.73514319838668,42.3258056641,value,36.9768066406,value,4,,13.7440185547,value,21.9045410156,value,4,1716,123.0,,45.3017578125,value,36.599609375,value,4,1623.0,,1640.0,253.0,79.0,,53.0,,1.0,,68.0,,123.0,,,,,6
density_20_nback_0_id_18,18,d20_n0,48.650302887,49.450088501,60.5001716614,VALIDATED,74.350189209,SINGLE,1.899911403632565,2.4499115943674283,3.4999115466837125,3.399911403632565,3.399911403632565,2.899911403632565,51.90000009536743,50.549999952316284,False,False,False,52.90000009536743,6.299828290916281,0.799785614000001,2.4499115943674283,1.0,8.600171566032571,11.0500831604,13.850017547600004,24.900100708000004,3.4499115943674283,7.6001715660325715,1.0999114513162809,3.2496972083674294,True,True,True,0.03392891803214886,0.40564630688701514,-0.8813593239952807,5,True,CONSISTENT,24.0,-1.0,93.5750579835,0.9078712466200003,1.2884216304999967,0.9949544255692212,101.622070312,47.0355146724285,177.58600947158092,43.3529052734,value,,zero_after_mid_value,4,,15.1829833984,value,91.0986328125,value,4,1755,203.0,,45.6842041016,value,26.2751464844,value,4,1667.0,,1837.0,206.0,216.0,,127.0,,1.0,,,,203.0,43.0,,,,2
density_20_nback_0_id_19,19,d20_n0,48.6002845764,49.4502792358,55.1005363464,VALIDATED,67.3500442505,SINGLE,2.7997207642000035,2.949720859567435,12.049720764200003,2.9997208118837193,2.9997208118837193,2.699720859567435,52.40000009536743,51.950000047683716,False,False,False,50.09999990463257,3.99946355823257,0.8499946593999965,2.949720859567435,-2.3000001907348633,2.700536251032567,5.650257110600002,12.249507904100007,17.89976501470001,0.6497206688325718,5.00053644176743,2.4997208118837193,3.7997155189674316,True,True,True,0.03140215826869229,0.1787468252702276,-0.9846284117157372,2,False,CONSISTENT,24.0,-1.0,93.76068115249998,0.39818115242502045,1.0683288574999779,0.9976884764650417,85.2647705078,28.242957384831065,178.56680571165975,46.6427001953,value,42.1411132812,value,4,,9.96447753906,value,12.1751708984,value,4,1730,151.0,,50.0688476562,value,46.2877197266,value,4,1654.0,,1318.0,629.0,88.0,,65.0,,1.0,,54.0,,151.0,,,,,7
density_20_nback_0_id_20,20,d20_n0,48.6501426697,50.200012207,55.7503089905,VALIDATED,69.0503768921,SINGLE,3.7999877929999997,3.9499878883674313,4.199987888367431,3.9499878883674313,3.9499878883674313,3.849987745316284,54.15000009536743,50.5,False,False,False,,,1.5498695372999975,3.9499878883674313,,1.6003088951325708,5.550296783500002,13.300067901600002,18.850364685100004,,,0.29998779299999967,5.499857425667429,True,True,True,0.033770425094626806,0.4674589675125549,-0.9870586066271624,2,False,CONSISTENT,24.0,-1.0,93.41941833450001,0.4840713504799879,1.1891021725000002,0.9996058600813249,45.2569580078,15.211366835994678,177.91977402177034,44.6320800781,value,40.1342773438,value,4,,7.09155321121,value,12.5310058594,value,4,1858,79.0,,51.3693847656,value,50.0062255859,value,4,1739.0,,1788.0,193.0,163.0,,31.0,,1.0,12.0,,,79.0,,,,,6
density_20_nback_0_id_21,21,d20_n0,48.6494750977,49.8495330811,55.0503692627,VALIDATED,69.4495925903,SINGLE,1.100466966583717,3.5004668235325695,5.150466918900001,3.5004668235325695,3.5004668235325695,4.450466871216285,53.34999990463257,49.84999990463257,False,False,False,53.09999990463257,5.799630641932566,1.2000579834000007,3.5004668235325695,-0.25,1.7003693580674337,5.200836181600003,14.399223327599998,19.6000595092,3.2504668235325695,1.9503693580674337,0.0004668235325695491,4.70052480693257,True,True,True,0.031219565355662587,0.2587431368467492,-0.9885610093803285,2,False,CONSISTENT,24.0,-1.0,93.57162475550001,0.4446334837999899,1.0701293945000145,0.9978778374764126,65.2423095703,31.480389289701534,178.31555647301371,44.5760498047,value,41.2749023438,value,4,,9.45642089844,value,12.947265625,value,4,1734,177.0,,49.5014648438,value,45.5611572266,value,4,1683.0,,1326.0,662.0,91.0,,76.0,,1.0,,37.0,,177.0,,,,,2
density_20_nback_0_id_22,22,d20_n0,48.6504592896,49.900604248,,ABSENT_COLUMN,61.7501296997,SINGLE,1.0493957996837153,3.0493957996837153,3.3993957043162837,4.899395704316284,1.2493958473674311,1.0993957519999995,52.950000047683716,52.65000009536743,False,False,False,55.59999990463257,,1.2501449584,3.0493957996837153,2.6499998569488525,,,,11.849525451699996,5.699395656632568,,2.749395847367431,4.299540758083715,True,,,0.03390252705415028,2.069632765345041,-0.9215235803934608,3,False,CONSISTENT,24.0,-1.0,93.208282471,0.572902678974998,1.1051330570000033,0.9916440247757283,70.1976928711,,178.2967060780072,48.6734619141,value,,,4,,5.6455078125,value,,,4,1399,,,53.7255859375,value,,,4,1370.0,,1723.0,110.0,463.0,,27.0,,1.0,406.0,,,,,,,,1
density_20_nback_0_id_23,23,d20_n0,48.6496810913,50.700176239,55.3000259399,VALIDATED,62.2500267029,SINGLE,1.1998238563674306,2.4498238563674306,8.149823665632567,2.4498238563674306,2.4498238563674306,2.4498238563674306,53.15000009536743,51.15000009536743,False,False,False,52.65000009536743,2.199974060099997,2.0504951476999977,2.4498238563674306,-0.5,2.1500258445325713,4.599849700900002,6.9500007629999985,11.5498504639,1.9498238563674306,2.6500258445325713,0.4498238563674306,4.500319004067428,True,True,True,0.03161872047524005,0.28933475455593544,-0.9917077136678832,2,False,CONSISTENT,24.0,-1.0,93.94606018100001,0.24808731026500866,1.0464935309999959,0.9990773264883431,69.1647949219,26.277129141906773,177.62855365245557,44.3315429688,value,40.4857177734,value,4,,10.0671386719,value,14.8006591797,value,4,1707,82.0,,49.0390625,value,43.8634033203,value,4,1582.0,,1310.0,535.0,76.0,,55.0,,1.0,,105.0,,82.0,,,,,5
density_20_nback_0_id_24,24,d20_n0,48.5999832153,49.6000099182,51.8498573303,VALIDATED,64.5497665405,SINGLE,0.5999901294837144,0.7999901771674303,0.8499901294837144,0.7999901771674303,0.7999901771674303,0.6499900817999986,50.40000009536743,49.84999990463257,False,False,False,,,1.0000267029000014,0.7999901771674303,,1.4498572349325656,2.249847412099996,12.699909210200005,14.9497566223,,,0.24998998643256698,1.8000168800674317,True,True,True,0.029015936864098167,1.3733155301057747,-0.9745631616437251,2,False,CONSISTENT,24.0,-1.0,94.15048217749998,0.19961700458000706,1.0717773434999742,0.9998944949155459,133.0625,97.40659995723863,178.3307212457372,49.1563720703,value,48.3850097656,value,4,,14.0467529297,value,10.1323242188,value,4,1635,168.0,,50.6020507812,value,51.1429443359,value,4,1606.0,,1811.0,80.0,117.0,,87.0,,1.0,,,,168.0,,,,,7
density_20_nback_0_id_25,25,d20_n0,48.6992797852,49.7493286133,56.1492614746,VALIDATED,66.349281311,SINGLE,1.1506714820674304,3.7006714343837146,4.15067148206743,4.500671386699999,3.1506714820674304,3.6506714820674304,53.450000047683716,53.09999990463257,False,False,False,54.09999990463257,3.9007384777162812,1.050048828100003,3.7006714343837146,0.6499998569488525,2.699261426916287,6.399932861300002,10.200019836399996,16.599952697699997,4.350671291332567,2.0492615699674346,3.350671291332567,4.750720262483718,True,True,True,0.031623160581454174,0.3554626980812199,-0.9897071827859267,2,True,CONSISTENT,24.0,-1.0,93.40548706,0.49531745927500737,1.1260223379999985,0.9954091002353663,59.3383178711,6.217458551196202,177.4213907320602,47.029296875,value,39.4735107422,value,4,,5.90039110184,value,12.3828115463,value,4,1744,120.0,,52.9392089844,value,51.3603515625,value,4,1679.0,,1805.0,121.0,127.0,,61.0,,1.0,,,,120.0,,,,,3
density_20_nback_0_id_26,26,d20_n0,48.6501045227,50.3000297546,54.450012207,VALIDATED,64.4501037598,SINGLE,1.1499702930837188,1.7499701977162871,11.099970340767435,1.7499701977162871,1.7499701977162871,1.949970245400003,52.049999952316284,50.34999990463257,False,False,False,62.5,0.04998779299999967,1.6499252318999993,1.7499701977162871,10.450000047683716,2.400012254683716,4.149982452400003,10.0000915528,14.150074005200004,12.199970245400003,-8.049987793,0.049970150032571325,3.3998954296162864,True,True,True,0.03381128143341388,0.19573119743279774,-0.991412595666176,2,False,CONSISTENT,24.0,-1.0,93.76676940899998,0.39334907555502313,1.2956695549999893,0.9995401130916347,95.1661376953,45.283501343560935,177.43338984797214,45.8031005859,value,42.0399169922,value,4,,12.0186767578,value,14.6711425781,value,4,1696,131.0,,48.5788574219,value,43.7512207031,value,4,1607.0,,1664.0,224.0,80.0,,60.0,,1.0,,70.0,,131.0,,,,,4
density_20_nback_0_id_27,27,d20_n0,48.6499557495,50.8996696472,55.8997383118,VALIDATED,68.550201416,SINGLE,1.000330448167432,3.750330448167432,3.800330400483716,3.750330448167432,3.750330448167432,3.6003303528000004,54.65000009536743,54.049999952316284,False,False,False,51.950000047683716,4.900261640516284,2.2497138976999977,3.750330448167432,-2.700000047683716,1.2497382164325685,5.0000686646000005,12.650463104199993,17.650531768799993,1.0503304004837162,3.9497382641162844,3.1503303051162845,6.00004434586743,True,True,True,0.03173811100750406,0.8230270309485102,-0.9894682179206191,3,True,CONSISTENT,24.0,-1.0,93.14036560049996,0.587272286520033,1.02294921849996,0.9963195847009426,34.0809326172,12.271191387234332,178.6995574022019,44.4261474609,value,39.408203125,value,4,,7.03869581223,value,12.3718261719,value,4,1758,133.0,,51.3883056641,value,49.1501464844,value,4,1705.0,,1824.0,147.0,133.0,,79.0,,1.0,,,,133.0,,,,,2
density_20_nback_0_id_28,28,d20_n0,48.6501426697,49.5500717163,56.8000450134,VALIDATED,65.6000976562,SINGLE,1.749928236016281,2.1499283313837125,3.0999283790674284,3.1999282836999967,1.0999283790674284,2.1999282836999967,51.700000047683716,51.0,False,False,False,53.84999990463257,0.5499548912325665,0.8999290466000005,2.1499283313837125,2.1499998569488525,5.100044965716286,7.249973297099999,8.800052642800004,16.050025939900003,4.299928188332565,2.9500451087674335,1.4499282836999967,3.049857377983713,True,True,True,0.03384761609682417,0.5222176018290294,-0.9912586780951796,3,True,CONSISTENT,24.0,-1.0,93.53753662099999,0.4305877687000148,1.0504150389999722,0.9982697605023192,102.030151367,8.206414069419914,178.3578840256862,48.6126708984,value,35.7934570312,value,4,,10.1407470703,value,29.4187011719,value,4,1699,136.0,,51.2021484375,value,30.8970947266,value,4,1692.0,,1750.0,161.0,83.0,,75.0,,1.0,,,,136.0,,,,,9
density_20_nback_0_id_29,29,d20_n0,48.6494750977,49.9999160767,56.199924469,VALIDATED,65.2993927002,SINGLE,0.9000840186674282,0.9500839709837123,4.100083827932565,4.0000839232999965,1.0000839232999965,0.7500839232999965,50.950000047683716,50.75,False,False,False,,7.557868371321774e-05,1.3504409790000054,0.9500839709837123,,5.249924421316287,6.200008392299999,9.0994682312,15.299476623499999,,,0.7500839232999965,2.3005249499837177,True,True,True,0.031549212529622415,0.2533592171995651,-0.973177479918563,2,False,CONSISTENT,24.0,-1.0,93.2854156495,0.6257415766399959,1.1921539304999698,0.9993413474986164,120.139160156,21.171134397566888,178.08384712411205,49.5357666016,value,32.8127441406,value,4,,12.1176757812,value,27.88671875,value,4,1644,155.0,,51.0718994141,value,31.3739013672,value,4,1666.0,,1759.0,146.0,84.0,,105.0,,1.0,,,,155.0,,,,,4
density_20_nback_0_id_2,2,d20_n0,48.6503601074,50.3499107361,55.1497993469,VALIDATED,63.0504188538,SINGLE,2.3000893592674316,2.4000892639,2.5500893592674316,2.450089216216284,2.450089216216284,2.2500891685325684,52.75,51.950000047683716,False,False,False,51.25,2.950200557732572,1.6995506287000026,2.4000892639,-1.5,2.3997993468999965,4.7998886107999965,7.9006195069,12.700508117699997,0.9000892639,3.8997993468999965,1.6000893115837158,4.099639892600003,True,True,True,0.03391895100730135,0.358733244894743,-0.9655945281687969,3,True,CONSISTENT,24.0,-1.0,93.64669799850003,0.48945159875997746,1.1772766115000195,0.9994364471421616,79.4274291992,39.72404855955612,177.4935599062756,44.1962890625,value,35.2609863281,value,4,,11.5869140625,value,23.9781494141,value,4,1684,107.0,,47.9696044922,value,34.5750732422,value,4,1660.0,,1326.0,535.0,94.0,,69.0,,1.0,,,,107.0,,,,,8
density_20_nback_0_id_30,30,d20_n0,48.5999298096,49.3502464294,55.2500648499,VALIDATED,65.6995925903,SINGLE,2.149753570599998,4.749753475232566,12.999753475232566,4.749753475232566,4.749753475232566,2.0997536182837138,54.09999990463257,49.59999990463257,False,False,False,52.450000047683716,3.599935054732569,0.7503166198000031,4.749753475232566,-1.6499998569488525,1.150064945267431,5.899818420499997,10.4495277404,16.349346160899998,3.0997536182837138,2.8000648022162835,0.2497534752325663,5.500070095032569,True,True,True,0.028983522209594114,0.14573781544946193,-0.9878138337201143,3,False,CONSISTENT,24.0,-1.0,93.73239135800002,0.34816298452398653,1.0655365000000216,0.998466493192217,56.6234130859,35.40783740476462,178.8270107204234,39.4567871094,value,38.0546875,value,4,,18.4741210938,value,22.5562744141,value,4,1685,140.0,,39.9904785156,value,36.0756835938,value,4,1685.0,,1766.0,147.0,88.0,,87.0,,1.0,,,,140.0,,,,,5
density_20_nback_0_id_32,32,d20_n0,48.6503295898,50.6502456665,55.4505233765,VALIDATED,63.00025177,SINGLE,0.9997544288674334,3.19975423813257,3.3497543335000017,3.3497543335000017,2.7997543811837176,2.9997544288674334,53.84999990463257,53.549999952316284,False,False,False,,,1.9999160766999964,3.19975423813257,,1.600523471867433,4.800277710000003,7.549728393499997,12.3500061035,,,2.899754285816286,5.1996703148325665,True,True,True,0.03405129124931431,0.4450643648898913,-0.9926684376405809,2,False,CONSISTENT,24.0,-1.0,94.14552307149998,0.20168304402001808,1.26420593349998,0.9998049081664547,53.291809082,21.236169006174297,177.5686991092228,43.5389404297,value,40.8859863281,value,4,,9.62243652344,value,12.8804931641,value,4,1693,114.0,,48.9464111328,value,45.8854980469,value,4,1608.0,,1303.0,557.0,88.0,,52.0,,1.0,,50.0,,114.0,,,,,1
density_20_nback_0_id_33,33,d20_n0,48.6000595093,49.6498336792,54.7999038696,VALIDATED,68.1001815796,SINGLE,0.9001662731162838,11.700166225432568,,,7.3501663208,,61.34999990463257,58.450000047683716,False,False,False,51.549999952316284,4.300096035032567,1.0497741698999974,11.700166225432568,-9.799999952316284,-6.550096035032567,5.150070190400001,13.300277710000003,18.450347900400004,1.9001662731162838,3.249903917283717,8.800166368483715,12.749940395332565,True,False,True,0.031232224432616702,0.1422803709989451,-0.9898772237012826,1,False,CONSISTENT,24.0,-1.0,94.20285034150001,0.3043365485000038,1.1203002925000192,0.9991695426363392,-112.276977539,31.34566539472702,177.94277403269294,63.2917480469,value,43.9151611328,value,4,,,zero_after_lane_crossing,8.61315917969,value,4,1755,158.0,,,zero_after_lane_crossing,49.7467041016,value,4,1572.0,,1296.0,666.0,102.0,,48.0,,1.0,,130.0,,158.0,,,,,5
density_20_nback_0_id_34,34,d20_n0,48.6503334045,49.5006523132,54.5503692627,VALIDATED,65.8009338379,SINGLE,1.1493477821674318,3.0993475914325685,3.5493476391162844,3.0993475914325685,3.0993475914325685,3.399347782167432,52.59999990463257,49.549999952316284,False,False,False,,,0.8503189086999967,3.0993475914325685,,1.9503693580674337,5.049716949500002,11.250564575200002,16.300281524700004,,,0.04934763911628437,3.9496665001325653,True,True,True,0.03370190924823211,0.16872213346012216,-0.9558151451800654,5,True,CONSISTENT,24.0,-1.0,93.30928039499999,0.6677642825400213,1.0241699219999845,0.9995029212803723,83.0951538086,55.61783703863453,178.09265606172679,45.2310791016,value,33.154296875,value,4,,10.8758535385,value,25.4149169922,value,4,1676,169.0,,48.9395751953,value,33.0008544922,value,4,1639.0,,1318.0,598.0,108.0,,69.0,,2.0,,,,169.0,,,,,4
density_20_nback_0_id_35,35,d20_n0,48.6501426697,49.4999961853,54.8493804932,VALIDATED,65.1499252319,SINGLE,3.3000037670162854,3.500003814700001,3.6000037193325696,3.500003814700001,3.500003814700001,3.3500037193325696,53.0,49.65000009536743,False,False,False,52.0,4.400619506799998,0.849853515599996,3.500003814700001,-1.0,1.8493804932000018,5.349384307900003,10.300544738699998,15.6499290466,2.500003814700001,2.8493804932000018,0.15000391006743286,4.349857330299997,True,True,True,0.03386368502181122,0.24941015605454608,-0.9921223943628044,3,False,CONSISTENT,24.0,-1.0,93.75219726549999,0.3218475345400172,1.0480957035000102,0.9969785872225926,79.3638916016,45.39153853865583,177.51923527403017,40.8708496094,value,38.0168457031,value,4,,17.1730957031,value,23.484375,value,4,1684,142.0,,42.0655517578,value,34.8811035156,value,4,1680.0,,1742.0,161.0,81.0,,75.0,,2.0,,,,142.0,,,,,9
density_20_nback_0_id_37,37,d20_n0,48.6001815796,49.4000663757,59.4500350952,VALIDATED,73.300453186,SINGLE,2.4499335289325685,6.9499335289325685,7.0999336243,7.749933719667432,5.899933576616284,4.549933671983716,56.34999990463257,56.09999990463257,False,False,False,52.200000047683716,3.5499649047999995,0.7998847961000024,6.9499335289325685,-4.1499998569488525,3.100035190567432,10.0499687195,13.850418090799998,23.9003868103,2.799933671983716,7.250035047516285,6.6999335289325685,7.749818325032571,True,True,True,0.031342970731030775,0.14830662761173907,-0.8270138009794952,6,False,CONSISTENT,24.0,-1.0,93.87681579599999,0.5324066163100184,1.185913085999971,0.9980605267098407,51.6929321289,23.91077411847664,178.19185432022323,16.71875,value,,zero_after_mid_value,4,,4.24096679688,value,43.3288574219,value,4,1805,155.0,,55.8735351562,value,19.4068603516,value,4,1758.0,,1878.0,166.0,153.0,,105.0,,1.0,,,,155.0,22.0,,,,5
density_20_nback_0_id_38,38,d20_n0,48.6001091003,49.1994857788,57.0995559692,VALIDATED,70.4994506836,SINGLE,1.650514125832565,2.350514173516281,2.5005142688837125,2.5005142688837125,0.9505143165674284,2.2505142688837125,51.549999952316284,50.299999952316284,False,False,False,49.299999952316284,2.6004440784837186,0.5993766785000005,2.350514173516281,-2.25,5.549556016883713,7.900070190399994,13.399894714400006,21.2999649048,0.10051417351628089,7.799556016883713,1.100514173516281,2.9498908520162814,True,True,True,0.031320359965426904,0.5528048444467807,-0.9849376399351221,3,True,CONSISTENT,24.0,-1.0,93.83970642150001,0.39126701320998836,1.1338043215000084,0.9996682515694029,105.403869629,7.026587235580718,178.195631472442,47.8753662109,value,35.1055908203,value,4,,11.3298339844,value,35.9781494141,value,4,1787,86.0,,50.2329101562,value,24.9249267578,value,4,1874.0,,1846.0,164.0,38.0,,136.0,12.0,1.0,,,,86.0,,,,,2
density_20_nback_0_id_39,39,d20_n0,48.6500396729,50.4501075745,63.1007575989,VALIDATED,72.0503692627,SINGLE,0.6998925208674294,1.599892377816282,10.549892425499998,1.599892377816282,1.599892377816282,0.6998925208674294,52.049999952316284,50.75,False,False,False,56.200000047683716,,1.800067901600002,1.599892377816282,4.150000095367432,11.050757646583719,12.6506500244,8.949611663799999,21.6002616882,5.7498924731837135,6.900757551216287,0.29989242549999773,3.399960279416284,True,True,True,0.03372090829317451,0.12480694704320615,-0.5585801287193648,9,False,CONSISTENT,24.0,-1.0,93.5568695065,0.9431064607649973,1.0597839354999934,0.9957555580935296,92.6682128906,24.97101555384586,177.63887539103,49.0144042969,value,10.1877441406,value,4,,8.86059570312,value,132.684082031,value,4,1822,110.0,,51.8439941406,value,18.2746582031,value,4,1361.0,,1447.0,594.0,570.0,,108.0,,1.0,,,,110.0,,,,,3
density_20_nback_0_id_3,3,d20_n0,48.6500968933,50.1505622864,71.3505477905,VALIDATED,75.1506958008,MULTI_FIRST_TAKEN_AS_END_OF_FIRST_MANUAL_EPISODE,1.7994377612837127,1.9494376182325652,7.199437618232565,2.899437665916281,2.899437665916281,1.7994377612837127,52.09999990463257,51.25,False,False,False,58.450000047683716,3.899452209499998,1.5004653931000007,1.9494376182325652,6.3500001430511475,19.250547885867434,21.1999855041,3.800148010299992,25.00013351439999,8.299437761283713,12.900547742816286,1.0994377135999969,3.449903011332566,True,True,True,0.033792625572933124,0.09442344888667363,-0.5583909769889741,5,True,CONSISTENT,24.0,-1.0,93.78834533699998,0.6954078670100131,1.1119079589999785,0.9968221296741784,92.0817260742,6.332699959394074,177.43467294543177,47.1655273438,value,,zero_after_mid_value,4,,10.0227050781,value,13.4194335938,value,4,1777,251.0,,50.4831542969,value,23.3095703125,value,4,1721.0,,1768.0,93.0,131.0,,74.0,,1.0,,,,251.0,242.0,,,,1
density_20_nback_0_id_40,40,d20_n0,48.650642395,50.1003723145,54.90026474,VALIDATED,63.5498123169,SINGLE,2.549627780867432,2.6996276378162847,2.8496277331837163,2.799627780867432,2.799627780867432,2.549627780867432,52.799999952316284,51.200000047683716,False,False,False,,,1.449729919500001,2.6996276378162847,,2.100264787683713,4.799892425499998,8.649547576900005,13.449440002400003,,,1.0996277331837163,4.149357557316286,True,True,True,0.03383165665015603,0.5308480776566827,-0.8883690599058726,3,True,CONSISTENT,24.0,-1.0,93.46667480450002,0.5902252199019841,0.9926605225000031,0.997157832819048,74.7153320312,30.87676297332446,178.293259564781,48.0303955078,value,42.3682861328,value,4,,7.04370117188,value,9.04052734375,value,4,1560,130.0,,52.4963378906,value,49.3548583984,value,4,1599.0,,1779.0,91.0,141.0,,179.0,,1.0,,,,130.0,,,,,7
density_20_nback_0_id_41,41,d20_n0,48.6000137329,50.1492042542,54.3499794006,VALIDATED,81.1993103027,SINGLE,2.250795841167431,2.4007956981162835,2.550795793483715,2.4007956981162835,2.4007956981162835,2.2007956504325676,52.549999952316284,50.15000009536743,False,False,False,,7.950020551716285,1.5491905212999981,2.4007956981162835,,1.7999794482837146,4.200775146399998,26.8493309021,31.050106048499998,,,0.0007958411674309218,3.9499862194162816,True,True,True,0.031425064370937436,0.4837526626415801,-0.9898089606040841,3,True,CONSISTENT,24.0,-1.0,93.951446533,0.30976676931501146,1.0525665279999714,0.9994365617680029,86.4457397461,57.718021790225215,178.3538583013348,42.6789550781,value,35.5568847656,value,4,,14.4107666016,value,24.3175048828,value,4,1839,233.0,,45.4020996094,value,34.0638427734,value,4,1610.0,,1378.0,845.0,70.0,,140.0,,1.0,10.0,310.0,,233.0,,,,,8
density_20_nback_0_id_42,42,d20_n0,48.6500663757,49.8503417969,59.6003799438,VALIDATED,72.0497131348,SINGLE,1.5496582984674347,1.6996581554162873,2.0496582984674347,1.9496581554162873,1.9496581554162873,1.4996581077325715,51.549999952316284,50.950000047683716,False,False,False,49.950000047683716,4.949620008516284,1.200275421199997,1.6996581554162873,-1.5999999046325684,8.050379991483716,9.750038146900003,12.449333191000001,22.199371337900004,0.09965825078371893,9.650379896116284,1.099658250783719,2.8999335766162844,True,True,True,0.03308093382448939,0.2834263269365093,-0.7236600066480644,4,True,CONSISTENT,24.0,-1.0,94.0423126215,0.4304199228999863,0.9518890374999955,0.9991932594478048,104.843811035,16.88378880344994,177.91537433790887,49.7181396484,value,,zero_after_mid_value,4,,9.67639160156,value,38.5114746094,value,4,1813,144.0,,51.9833984375,value,17.9002685547,value,4,1693.0,,1821.0,201.0,203.0,,82.0,,1.0,,,,144.0,18.0,,,,4
density_20_nback_0_id_43,43,d20_n0,48.649307251,49.3502082825,54.3001708984,VALIDATED,69.2499389648,SINGLE,1.0497918128674328,2.299791812867433,3.099791765183717,2.299791812867433,2.299791812867433,1.0497918128674328,51.65000009536743,49.84999990463257,False,False,False,52.5,7.149829149283718,0.7009010314999955,2.299791812867433,0.8499999046325684,2.650170803032566,4.949962615899999,14.949768066399997,19.899730682299996,3.149791717500001,1.8001708983999976,0.49979162213256956,3.0006928443674283,True,True,True,0.030751662073936085,0.15797948672301199,-0.9457116973630026,3,True,CONSISTENT,24.0,-1.0,94.0471343995,0.352674102895012,1.1650848385000216,0.9986552885180394,107.789367676,70.42108240178646,177.86634008177944,44.5983886719,value,31.6420898438,value,4,,14.81640625,value,34.6862792969,value,4,1627,216.0,,46.6346435547,value,24.2329101562,value,4,1726.0,,1850.0,134.0,42.0,,141.0,,,,,,216.0,,,,,1
density_20_nback_0_id_44,44,d20_n0,48.6496009827,50.0000648499,55.6494941711,VALIDATED,69.5499267578,SINGLE,1.599935054732569,1.6999351977837165,2.1499352454674323,2.9999351501000007,1.1499352454674323,1.5499351024162848,51.700000047683716,51.5,False,False,False,52.90000009536743,7.800505876583713,1.3504638671999984,1.6999351977837165,1.2000000476837158,3.9494941234162866,5.649429321200003,13.900432586699992,19.549861907899995,2.8999352454674323,2.7494940757325708,1.4999351501000007,3.050399064983715,True,True,True,0.03148084548150487,0.5226016403647435,-0.9816379979556045,1,True,CONSISTENT,24.0,-1.0,93.83160400349999,0.4045921330700075,0.9462738034999916,0.998823096967436,101.837341309,30.945847856705065,177.9418491740694,48.8743896484,value,36.3734130859,value,4,,10.1815185547,value,25.5369873047,value,4,1721,216.0,,51.1920166016,value,33.201171875,value,4,1672.0,,1736.0,255.0,103.0,,53.0,,1.0,,,,216.0,,,,,3
density_20_nback_0_id_45,45,d20_n0,48.6491241455,50.2990188599,55.3490905762,VALIDATED,75.2992401123,SINGLE,2.700981140099998,2.8009810447325663,2.9009811877837137,2.8009810447325663,2.8009810447325663,2.700981140099998,53.09999990463257,50.299999952316284,False,False,False,50.40000009536743,8.650909423800002,1.6498947144000056,2.8009810447325663,-2.6999998092651367,2.24909067156743,5.050071716299996,19.9501495361,25.000221252399996,0.10098123546742954,4.949090480832567,0.000981092416282081,4.450875759132572,True,True,True,0.031433674240553454,0.19950759211625452,-0.9724950658981043,2,True,CONSISTENT,24.0,-1.0,93.59510803200001,0.5625446320949841,1.1239166249999926,0.9927597677331859,73.5231323242,38.22085949294921,178.13628539562743,43.3041992188,value,34.466796875,value,4,,12.2473144531,value,25.5942382812,value,4,1616,377.0,,46.9571533203,value,33.0374755859,value,4,1692.0,,1584.0,521.0,92.0,,111.0,,1.0,,,,321.0,,,,,1
density_20_nback_0_id_46,46,d20_n0,48.5994110107,49.5493049622,54.8493461609,VALIDATED,60.4492530823,SINGLE,3.1006951331674344,3.1506950854837186,3.300694942432571,3.1506950854837186,3.1506950854837186,3.050694942432571,52.700000047683716,51.25,False,False,False,,18.450653791416286,0.9498939514999947,3.1506950854837186,,2.149346113216282,5.300041198700001,5.599906921399999,10.8999481201,,,1.7006950378000028,4.100589036983713,True,True,True,0.030323631548013336,0.3330870093620864,-0.980546587774647,2,False,CONSISTENT,24.0,-1.0,93.89294433600001,0.3361724853899858,1.0012969980000292,0.9985215746896152,85.8436889648,45.05391682146579,177.98082768572564,40.9001464844,value,39.1348876953,value,4,,17.0865478516,value,23.7180175781,value,4,1357,424.0,,42.5225830078,value,34.6499023438,value,4,1346.0,,1426.0,383.0,39.0,,27.0,,1.0,,,,424.0,,,,,6
density_20_nback_0_id_47,47,d20_n0,48.7001037598,50.0498924255,56.4002227783,VALIDATED,72.900177002,SINGLE,1.150107622183718,1.8001074791325706,4.050107479132571,1.8001074791325706,1.8001074791325706,3.7001075745000023,51.84999990463257,50.049999952316284,False,False,False,54.09999990463257,10.399777174016286,1.3497886656999967,1.8001074791325706,2.25,4.55022287366743,6.3503303528,16.49995422370001,22.85028457650001,4.050107479132571,2.3002228736674297,0.00010752681628645178,3.1498961448325673,True,True,True,0.03458503229119876,0.24579502041083512,-0.9323913711788847,3,True,CONSISTENT,24.0,-1.0,93.2396240235,0.7949184895374998,1.1495971674999907,0.9992319904580025,98.4761962891,15.537721242597284,177.45140413183114,48.3852539062,value,33.2108154297,value,4,,10.0887451172,value,27.0037841797,value,4,1612,257.0,,50.9788818359,value,32.5600585938,value,4,1695.0,,1400.0,658.0,106.0,,188.0,,1.0,,,,257.0,,,,,1
density_20_nback_0_id_48,48,d20_n0,48.7000770569,49.2501525879,65.5001220703,VALIDATED,84.7500762939,SINGLE,5.199847459783719,10.049847364416287,11.799847364416287,13.099847316732571,4.799847364416287,9.899847507467435,59.299999952316284,59.09999990463257,False,False,False,62.450000047683716,7.899878025067437,0.5500755309999974,10.049847364416287,3.1500000953674316,6.20012211798371,16.249969482399997,19.2499542236,35.499923706,13.199847459783719,3.0501220226162786,9.849847316732571,10.599922895416285,True,True,True,0.035953452018905846,0.02709629410262445,0.54769678060945,-7,False,CONSISTENT,24.0,-1.0,93.17433166500001,1.2859901427399882,1.295822143799981,0.9942980028538633,89.3829345703,7.502892552063926,177.47622782252677,23.8266601562,value,,zero_after_far_value,4,,14.8273925781,value,29.3940429688,value,4,1418,259.0,,7.9351811409,value,26.7371826172,value,4,1949.0,,2096.0,198.0,86.0,,615.0,,2.0,,,,259.0,,,,,3
density_20_nback_0_id_49,49,d20_n0,48.6501502991,50.0001373291,62.5501289368,VALIDATED,95.0499801636,SINGLE,1.4998626709000007,4.649862766267432,5.4498627185837165,8.799862623216285,3.6998627185837165,4.399862766267432,54.65000009536743,54.34999990463257,False,False,False,,9.549870967832568,1.3499870300000012,4.649862766267432,,7.9001288414325685,12.5499916077,32.4998512268,45.0498428345,,,4.349862575532569,5.9998497962674335,True,True,True,0.03380824406500901,0.17271897339376197,-0.8354416454100501,9,True,CONSISTENT,24.0,-1.0,93.55647277800001,0.9427841188699801,1.0755920410000357,0.9986416934836315,67.2663574219,20.88259868097353,177.52966704955824,21.1317138672,value,,zero_after_far_value,4,,41.3310546875,value,116.001953125,value,4,1394,553.0,,17.1070556641,value,32.2797851562,value,4,2119.0,,1975.0,525.0,91.0,,552.0,,1.0,,,,290.0,,,,,7
density_20_nback_0_id_4,4,d20_n0,48.6501960754,49.3503913879,52.2001876831,VALIDATED,64.3003234863,SINGLE,0.799608707467435,0.9996085167325717,1.1496086121000033,0.9996085167325717,0.9996085167325717,1.049608707467435,50.34999990463257,49.40000009536743,False,False,False,51.700000047683716,7.549812316900002,0.7001953125,0.9996085167325717,1.3500001430511475,1.8501877784674292,2.849796295200001,12.100135803200004,14.949932098400005,2.349608659783719,0.5001876354162818,0.049608707467434954,1.6998038292325717,True,True,True,0.033600377212199106,0.34953825399926436,-0.9916837174686669,1,False,CONSISTENT,24.0,-1.0,93.51341247599998,0.24507980340001864,0.9950866699999779,0.9986971451953709,134.739807129,88.4459159968376,177.49099525784527,48.5155029297,value,49.1899414062,value,4,,30.0854492188,value,30.8856201172,value,4,1277,204.0,,41.84765625,value,37.7497558594,value,4,1481.0,,1790.0,96.0,25.0,,405.0,176.0,,,,,204.0,,,,,9
density_20_nback_0_id_50,50,d20_n0,48.7000770569,49.2000045776,54.4995613098,VALIDATED,69.9500579834,SINGLE,2.1999955177674337,2.8999953270325705,,2.9499955177674337,2.9499955177674337,2.8499953747162863,52.09999990463257,49.75,False,False,False,51.59999990463257,6.5504386425162835,0.49992752069999824,2.8999953270325705,-0.5,2.3995614051674323,5.299556732200003,15.4504966736,20.750053405800003,2.3999953270325705,2.8995614051674323,0.5499954224000021,3.3999228477325687,True,True,True,0.03503097755795955,0.14211494271412087,-0.983238521801709,3,True,CONSISTENT,24.0,-1.0,93.214859009,0.5906036374900082,1.1253204350000061,0.9962932401990698,96.1549682617,52.607273007570946,177.43090081825886,45.0888671875,value,37.6983642578,value,4,,13.2214355469,value,21.6330566406,value,4,1746,177.0,,47.3773193359,value,36.7230224609,value,4,1721.0,,1395.0,603.0,100.0,,74.0,,1.0,,,,177.0,,,,,7
density_20_nback_0_id_51,51,d20_n0,48.6500320435,49.4506835938,56.0001831055,VALIDATED,69.9999771118,SINGLE,3.6993165015674307,3.749316453883715,3.8493163585162833,3.749316453883715,3.749316453883715,3.6493163108325675,53.200000047683716,50.5,False,False,False,,5.599816799132569,0.8006515503000031,3.749316453883715,,2.800183057816284,6.549499511699999,13.999794006300007,20.549293518000006,,,1.049316406199999,4.549968004183718,True,True,True,0.0338310766364799,0.21831434316821197,-0.9769995643525774,2,False,CONSISTENT,24.0,-1.0,93.41752624499999,0.5625297546850134,0.9285125729999919,0.9943974747571395,75.4718017578,28.628840606867495,178.13557427295055,40.2248535156,value,35.1766357422,value,4,,16.3937988281,value,31.4897460938,value,4,1752,174.0,,42.7114257812,value,27.7232666016,value,4,1731.0,,1779.0,221.0,95.0,,72.0,,2.0,,,,174.0,,,,,8
density_20_nback_0_id_52,52,d20_n0,48.6498260498,50.3998641968,54.2494010925,VALIDATED,78.7993240356,SINGLE,0.9001357555162812,1.0501358508837129,1.5001358985674287,1.0501358508837129,1.0501358508837129,0.850135803199997,51.450000047683716,50.700000047683716,False,False,False,53.09999990463257,6.15059900286743,1.750038147000005,1.0501358508837129,1.6499998569488525,2.7994010448162854,3.8495368956999982,24.549922943099993,28.39945983879999,2.7001357078325654,1.1494011878674328,0.30013585088371286,2.800173997883718,True,True,True,0.0314046195942944,0.24112259384823254,-0.9349492557070443,3,True,CONSISTENT,24.0,-1.0,93.98327636699999,0.4120418548150212,1.0992889409999833,0.998932765207233,107.464477539,56.926966455655354,177.66465063385263,49.5551757812,value,37.3486328125,value,4,,10.3471679688,value,20.0888671875,value,4,1694,309.0,,51.5865478516,value,38.3382568359,value,4,1736.0,,2071.0,104.0,130.0,,164.0,,,8.0,,,309.0,,,,,9
density_20_nback_0_id_53,53,d20_n0,48.6495628357,49.3992538452,54.3992080688,VALIDATED,67.3995666504,SINGLE,2.000746250167431,3.250746250167431,3.3507461547999995,3.250746250167431,3.250746250167431,3.1007461547999995,52.65000009536743,49.950000047683716,False,False,False,51.65000009536743,4.150791883516284,0.7496910094999976,3.250746250167431,-1.0,1.7492079734325685,4.9999542236,13.000358581600004,18.000312805200004,2.250746250167431,2.7492079734325685,0.5507462024837153,4.000437259667429,True,True,True,0.029431788742227287,0.3090351466671903,-0.9801406376768391,2,False,CONSISTENT,24.0,-1.0,94.26675414999997,0.24201049811002803,1.1702728269999625,0.9998575122359517,85.0172729492,53.9946935301294,177.68349031078955,43.0053710938,value,38.2288818359,value,4,,14.0603027344,value,20.9779052734,value,4,1714,161.0,,45.6763916016,value,37.4000244141,value,4,1704.0,,1698.0,250.0,83.0,,73.0,,,,,,161.0,,,,,6
density_20_nback_0_id_54,54,d20_n0,48.6498451233,49.6492042542,55.5992393494,VALIDATED,64.2991943359,SINGLE,1.1507956981162835,3.2007956504325676,3.4007956981162835,3.4007956981162835,1.550795793483715,1.1507956981162835,52.84999990463257,52.34999990463257,False,False,False,,2.8007607459674304,0.9993591309000038,3.2007956504325676,,2.749239444767433,5.9500350952000005,8.699954986499996,14.649990081699997,,,2.7007956504325676,4.2001547813325715,True,True,True,0.03122624823166658,0.352187292310785,-0.9765005270548345,2,True,CONSISTENT,24.0,-1.0,93.65130615300001,0.4543884268399864,1.1615448000000015,0.9975462647691908,73.6088867188,26.462838025038742,177.4645588083846,46.7386474609,value,36.1804199219,value,4,,8.13122558594,value,21.0522460938,value,4,1697,105.0,,51.2878417969,value,37.6862792969,value,4,1694.0,,1671.0,214.0,86.0,,82.0,,1.0,,,,105.0,,,,,9
density_20_nback_0_id_55,55,d20_n0,48.6492729187,49.6997947693,55.2993545532,VALIDATED,65.7492294312,SINGLE,0.8502051830162856,3.9002051353325697,4.050205230700001,4.050205230700001,2.9002051353325697,3.8502051830162856,53.59999990463257,52.700000047683716,False,False,False,52.84999990463257,4.150645494483719,1.0505218505999991,3.9002051353325697,-0.75,1.6993546485674287,5.599559783899998,10.44987487800001,16.04943466190001,3.1502051353325697,2.4493546485674287,3.000205278383717,4.950726985932569,True,True,True,0.03008497707721426,0.25391574318371835,-0.9860629669110256,2,True,CONSISTENT,24.0,-1.0,93.21759033249998,0.5385093681050102,1.1445007324999779,1.000816408941655,61.3248901367,28.836783301268685,178.7919773709132,43.3615722656,value,39.8243408203,value,4,,11.1853027344,value,15.7509765625,value,4,1709,133.0,,47.5302734375,value,42.7589111328,value,4,1688.0,,1325.0,589.0,93.0,,71.0,,1.0,,,,133.0,,,,,5
density_20_nback_0_id_56,56,d20_n0,48.5999526978,55.299987793,57.1998558044,VALIDATED,69.5999145508,SINGLE,0.40001225468371615,0.45001220700000033,0.5500121116325687,0.5000121593162845,0.5000121593162845,0.3000121116325687,55.75,55.5,False,False,False,55.40000009536743,3.300144195599998,6.7000350952000005,0.45001220700000033,-0.34999990463256836,1.449855804400002,1.8998680114000024,12.400058746399992,14.299926757799994,0.10001230236743197,1.7998557090325704,0.20001220700000033,7.150047302200001,True,True,True,0.029141360860964274,1.1472184191606092,-0.9506210166275035,3,True,CONSISTENT,24.0,-1.0,94.08036804199998,0.31719117174401673,0.42034912119996193,0.9996101159313298,21.765625,1.411204171820199,178.55633970252538,36.0251464844,value,31.90625,value,4,,20.4909667969,value,32.1610107422,value,4,1799,114.0,,38.6203613281,value,28.9348144531,value,4,1784.0,,1764.0,228.0,94.0,,78.0,,1.0,,,,114.0,,,,,3
density_20_nback_0_id_57,57,d20_n0,48.6503257751,50.3500442505,55.999912262,VALIDATED,68.0000076294,SINGLE,2.399955749500002,2.4999556541325703,2.699955701816286,2.5499558448674335,2.5499558448674335,2.2999558448674335,52.84999990463257,51.450000047683716,False,False,False,,,1.6997184753999974,2.4999556541325703,,3.149912357367434,5.649868011500004,12.0000953674,17.649963378900004,,,1.0999557971837177,4.199674129532568,True,True,True,0.03384088505877216,0.2224751382523816,-0.9583350389433581,8,True,CONSISTENT,24.0,-1.0,93.161773682,0.911277770230005,1.3035736080000078,0.9971483347216091,80.1958007812,48.42343781104586,178.01767623741017,42.1105957031,value,22.6055908203,value,4,,13.4594726562,value,49.7629394531,value,4,1463,169.0,,46.0255126953,value,14.5444335938,value,4,1728.0,,1848.0,111.0,62.0,,326.0,,1.0,,,,169.0,,,,,8
density_20_nback_0_id_5,5,d20_n0,48.5999717712,50.2495574951,65.0500183105,VALIDATED,78.549987793,SINGLE,1.8504424095325689,6.300442457216285,6.400442600267432,6.5004425049000005,5.600442409532569,1.8004424572162847,56.549999952316284,56.0,False,False,False,53.34999990463257,5.649981737183722,1.649585723899996,6.300442457216285,-3.200000047683716,8.50001835818371,14.800460815399994,13.499969482500006,28.3004302979,3.100442409532569,11.700018405867425,5.7504425049000005,7.950028181116281,True,True,True,0.029012750005388797,0.08908983632579799,-0.5166872488820617,7,True,CONSISTENT,24.0,-1.0,94.145675659,0.3494659424500014,1.0635681150000096,0.9988119907672904,42.4396362305,12.509598334995017,178.50959063571892,17.8094482422,value,,zero_after_mid_value,4,,59.4112548828,value,15.42578125,value,4,1439,170.0,,0.731812000275,value,14.7310791016,value,4,1909.0,,1886.0,168.0,92.0,,560.0,,2.0,,,,170.0,117.0,,,,4
density_20_nback_0_id_7,7,d20_n0,48.6991157532,49.5500144958,55.0498924255,VALIDATED,67.2998504639,SINGLE,1.5999855995674324,2.9499855042000007,3.749985456516285,3.049985408832569,3.049985408832569,3.6499855518837165,52.5,50.75,False,False,False,52.450000047683716,5.0001075268162865,0.8508987426000019,2.9499855042000007,-0.04999995231628418,2.5498924254999977,5.4998779296999984,12.249958038400003,17.7498359681,2.8999855518837165,2.599892377816282,1.1999855042000007,3.8008842468000026,True,True,True,0.03390968912778615,0.2492388551635096,-0.9930087203070592,2,True,CONSISTENT,24.0,-1.0,93.163040161,0.4361671450749888,1.0772399900000096,0.9992058199537238,85.0491943359,36.25694790165103,177.45180208824362,45.6840820312,value,39.2192382812,value,4,,10.8330078125,value,17.8280029297,value,4,1715,142.0,,49.1209716797,value,40.5764160156,value,4,1726.0,,1698.0,246.0,76.0,,86.0,,1.0,,,,142.0,,,,,8
density_20_nback_0_id_8,8,d20_n0,48.6000671387,50.0994224548,54.7501678467,VALIDATED,75.800201416,SINGLE,1.0005774498325692,1.6505775452000009,2.5505776405674325,1.6505775452000009,1.6505775452000009,1.5505776405674325,51.75,50.09999990463257,False,False,False,,21.14983224866743,1.4993553161000008,1.6505775452000009,,3.000167846700002,4.650745391900003,21.05003356929999,25.700778961199994,,,0.0005774498325692434,3.1499328613000017,True,True,True,0.03155384259854239,0.27733133507379637,-0.9805552574650381,3,True,CONSISTENT,24.0,-1.0,94.04136657749999,0.3390472411000133,1.1600341804999914,0.9996615156873887,101.705505371,52.73434514637749,178.7637296992236,46.5068359375,value,34.3210449219,value,4,,12.0006103516,value,28.4982910156,value,4,1712,179.0,,49.1470947266,value,29.9376220703,value,4,1857.0,,1906.0,210.0,80.0,,224.0,,1.0,,,,179.0,,,,,6
density_20_nback_0_id_9,9,d20_n0,48.650352478,49.5503425598,55.7502708435,VALIDATED,64.2003173828,SINGLE,4.2496573925162835,4.449657440199999,4.549657344832568,4.449657440199999,4.449657440199999,4.399657487883715,54.0,49.700000047683716,False,False,False,53.200000047683716,2.549729108816287,0.8999900817999986,4.449657440199999,-0.7999999523162842,1.7502708434999974,6.199928283699997,8.450046539299997,14.649974822999994,3.649657487883715,2.5502707958162816,0.14965748788371513,5.349647521999998,True,True,True,0.033738046577824476,0.29631102025194,-0.9799919141447754,3,True,CONSISTENT,24.0,-1.0,93.34281921349998,0.5828308110300284,1.0570068354999762,0.9955849318500555,49.763671875,23.903289872277654,177.89376908741457,43.2421875,value,34.0579833984,value,4,,8.3063955307,value,20.8360595703,value,4,1659,114.0,,50.2077636719,value,44.3708496094,value,4,1638.0,,1800.0,83.0,131.0,,109.0,,1.0,,,,114.0,,,,,5
density_20_nback_1_id_10,10,d20_n1,28.7000923157,30.0001888275,40.8994483948,VALIDATED,59.2502174377,SINGLE,3.649811267867431,6.199811220183715,6.599811077132568,6.349811077132568,6.349811077132568,7.549811124816284,36.200000047683716,32.34999990463257,False,False,False,35.049999952316284,8.250551700567435,1.3000965117999996,6.199811220183715,-1.1500000953674316,4.699448347116281,10.899259567299996,18.350769042900005,29.2500286102,5.049811124816284,5.8494484424837125,2.3498110771325678,7.499907731983715,True,True,True,0.10140274568081921,0.1557177489571583,-0.8722865231074278,10,False,CONSISTENT,24.0,1.0,1190.1156311035,0.4467103941758523,0.6615905794999435,0.9972863535362742,40.9682617188,8.354221426103958,150.43249853761915,32.0158691406,value,21.5190429688,value,4,,7.66381788254,value,12.2342529297,value,4,1569,216.0,,27.8966064453,value,11.5633535385,value,4,1467.0,2.0,1708.0,77.0,,,,,,,,,316.0,,,,,8
density_20_nback_1_id_11,11,d20_n1,24.1509056091,26.0000743866,30.450006485,VALIDATED,40.4003677368,SINGLE,1.6999256610837143,1.9999256133999985,2.6999256610837143,1.9999256133999985,1.9999256133999985,1.6499257087674302,28.0,26.75,False,False,False,28.299999952316284,1.9499936103674322,1.849168777500001,1.9999256133999985,0.2999999523162842,2.4500064849999994,4.449932098399998,9.9503612518,14.400293350199998,2.2999255657162827,2.150006532683715,0.7499256133999985,3.8490943908999995,True,True,True,0.07601688295651023,0.3514938216826556,-0.9841197952807718,2,False,CONSISTENT,24.0,1.0,1189.930389404,0.3299438491001183,0.9355773900001623,0.9945367458626784,98.728515625,54.806390782650936,176.68240517853937,192.916564941,value,189.335693359,value,4,,21.3074951172,value,24.2045898438,value,4,1285,112.0,,27.9940185547,value,22.4262695312,value,4,1253.0,,1283.0,125.0,43.0,,,,,11.0,,,112.0,,,,,5
density_20_nback_1_id_12,12,d20_n1,24.0990428925,25.3992652893,29.0992851257,VALIDATED,38.4491729736,SINGLE,1.250734806067431,1.7007346153325678,1.9007346630162836,1.7007346153325678,1.7007346153325678,1.6507346630162836,27.09999990463257,26.549999952316284,False,False,False,26.799999952316284,5.600714921983716,1.3002223967999988,1.7007346153325678,-0.2999999523162842,1.9992852210674315,3.700019836399999,9.3498878479,13.049907684299999,1.4007346630162836,2.2992851733837156,1.1507346630162836,3.0009570121325666,True,True,True,0.07410303897926113,0.378046472152796,-0.9920136480915374,2,False,CONSISTENT,24.0,1.0,1189.001831055,0.4725219742401349,1.5117187470000317,0.9983805151937023,112.333984375,76.36413922831552,176.6058449240764,195.752502441,value,192.995422363,value,4,,18.2641601562,value,21.0618896484,value,4,1209,147.0,,32.3935546875,value,27.0260009766,value,4,1185.0,,1247.0,121.0,36.0,,,,,12.0,,,147.0,,,,,9
density_20_nback_1_id_14,14,d20_n1,24.050819397,24.6001033783,29.9999656677,VALIDATED,33.6504096985,SINGLE,1.1498966217000017,1.24989652633257,4.549896717067433,1.24989652633257,1.24989652633257,1.1498966217000017,25.84999990463257,24.65000009536743,False,False,False,,10.050034284616284,0.5492839812999968,1.24989652633257,,4.149965763067431,5.3998622894000015,3.6504440307999992,9.0503063202,,,0.04989671706743337,1.7991805076325669,True,True,True,0.07475898092823496,0.21447671686795833,-0.9617937976154421,2,False,CONSISTENT,24.0,1.0,1189.7832336425,0.2795104997502449,1.488128666500188,0.9971609902980175,133.030395508,55.35988034578641,177.27661076067056,199.201843262,value,197.272399902,value,4,,14.3204345703,value,16.4416503906,value,4,1016,257.0,,39.1561889648,value,30.6566162109,value,4,1016.0,,1070.0,203.0,,,,,,,,,257.0,,,,,9
density_20_nback_1_id_15,15,d20_n1,24.1497268677,25.8497333527,,ABSENT_COLUMN,58.3495788574,SINGLE,2.9002666473000005,13.100266694983716,13.450266599616285,13.350266694983716,13.350266694983716,1.0502667426674321,38.950000047683716,26.84999990463257,False,False,False,30.59999990463257,,1.7000064849999994,13.100266694983716,-8.350000143051147,,,,32.4998455047,4.750266551932569,,1.0002665519325689,14.800273179983716,True,,,0.07383465313053966,0.027861730091953547,-0.6142538488539544,3,False,CONSISTENT,24.0,1.0,1189.907684326,0.4853820834399812,1.0162658670001292,0.9973632543972235,44.3432617188,,176.81040085456135,103.935791016,value,,,4,,44.4685058594,value,,,4,1649,,,6.39916992188,value,,,4,1535.0,,1565.0,201.0,134.0,,117.0,97.0,,,,,,,,,,5
density_20_nback_1_id_16,16,d20_n1,24.0507888794,25.8003101349,31.5503120422,VALIDATED,42.0000076294,SINGLE,2.1996898651000016,3.6996898651000016,3.8996899127837175,3.6996898651000016,3.6996898651000016,3.5996899604674333,29.5,26.90000009536743,False,False,False,29.200000047683716,4.399688005483714,1.7495212554999995,3.6996898651000016,-0.2999999523162842,2.0503120422000016,5.750001907300003,10.4496955872,16.199697494500004,3.3996899127837175,2.350311994516286,1.0996899604674333,5.449211120600001,True,True,True,0.07472723830693832,0.342334281067491,-0.9944806717096162,2,False,CONSISTENT,24.0,1.0,1189.6461791995,0.40682983332990263,1.0079956054999002,0.996477321687155,70.7233886719,30.17271114872939,177.4508503743191,190.971252441,value,191.563293457,value,4,,23.0240478516,value,21.5675048828,value,4,1308,132.0,,24.4390869141,value,24.521484375,value,4,1264.0,,1253.0,187.0,,,,,,,,,176.0,,,,,8
density_20_nback_1_id_17,17,d20_n1,24.1003341675,25.4505405426,30.2003498077,VALIDATED,39.150428772,SINGLE,1.2994594574000011,2.749459505083717,2.9494595527674328,2.799459457400001,2.799459457400001,2.5994594097162853,28.200000047683716,27.90000009536743,False,False,False,27.200000047683716,4.599650144616284,1.3502063750999973,2.749459505083717,-1.0,2.0003497600162845,4.7498092651000015,8.950078964299998,13.699888229399999,1.749459505083717,3.0003497600162845,2.4494595527674328,4.099665880183714,True,True,True,0.07521987205896336,0.30995269671863673,-0.9885944520450666,1,False,CONSISTENT,24.0,1.0,1189.1148681640002,0.42749023489977844,1.4090576169996893,0.9972654854856708,92.7620849609,47.784677734493975,177.01476636518225,194.071655273,value,199.734436035,value,5,,20.1176757812,value,13.8807373047,value,5,1226,156.0,,28.9066162109,value,32.9693603516,value,5,1175.0,,1177.0,205.0,,,,,,,,,207.0,,,,,4
density_20_nback_1_id_18,18,d20_n1,24.0497589111,25.0997638702,29.5495948792,VALIDATED,43.4997215271,SINGLE,1.6002361774837155,1.8502361774837155,2.1002361774837155,1.8502361774837155,1.8502361774837155,1.500236034432568,26.950000047683716,26.25,False,False,False,27.65000009536743,7.100405216167431,1.0500049591000007,1.8502361774837155,0.7000000476837158,2.599594831516285,4.449831009,13.9501266479,18.3999576569,2.5502362251674313,1.899594783832569,1.1502361297999997,2.900241136583716,True,True,True,0.07218861924168564,0.2169410123679017,-0.9831758774832021,2,False,CONSISTENT,24.0,1.0,1189.42477417,0.3911193821998492,1.612457275999759,0.9984242689745781,113.140258789,65.22871012580578,177.83524664751607,197.850036621,value,195.740356445,value,4,,16.2263183594,value,18.3135986328,value,4,1268,201.0,,34.7213134766,value,29.2952880859,value,4,1221.0,,1265.0,204.0,49.0,,,,,,,,199.0,,,,,4
density_20_nback_1_id_19,19,d20_n1,24.0492706299,24.9991207123,30.0492324829,VALIDATED,41.6991844177,SINGLE,1.2508792876999983,1.8508791923325667,12.90087938306743,1.8508791923325667,1.8508791923325667,1.8008792400162825,26.84999990463257,25.450000047683716,False,False,False,26.450000047683716,4.000767469416285,0.9498500824000011,1.8508791923325667,-0.39999985694885254,3.1992325782674307,5.050111770599997,11.649951934800004,16.7000637054,1.4508793353837142,3.599232435216283,0.45087933538371416,2.800729274732568,True,True,True,0.07250298150598543,0.14287729039332306,-0.9838274496226933,2,False,CONSISTENT,24.0,1.0,1189.3369445795001,0.320892329499884,1.5323181184999157,0.9968024973514751,114.107055664,54.324008929997085,177.29420374735318,198.817687988,value,196.759521484,value,4,,15.4201660156,value,17.1896972656,value,4,1266,167.0,,35.7396240234,value,29.8564453125,value,4,1220.0,,1243.0,190.0,54.0,,,,,,,,159.0,,,,,9
density_20_nback_1_id_1,1,d20_n1,24.0501327515,25.0493030548,36.3501396179,VALIDATED,50.4500007629,SINGLE,2.4006969928837165,7.300696849832569,7.6506969928837165,8.2006969452,4.000696897516285,7.250696897516285,32.34999990463257,29.84999990463257,False,False,False,28.049999952316284,6.599860429783718,0.9991703032999979,7.300696849832569,-4.299999952316284,4.00013971326743,11.300836563099999,14.099861144999998,25.400697708099997,3.000696897516285,8.300139665583714,4.800696849832569,8.299867153132567,True,True,True,0.07453396761946245,0.2531080493401397,-0.8751067085305869,6,False,CONSISTENT,24.0,1.0,1189.4549865724998,0.3166686975000631,1.6198425305001365,0.9947884736950052,100.056762695,72.65138203404625,177.69586878498552,106.395324707,value,61.6514892578,value,4,,25.4228515625,value,23.3887939453,value,4,1398,211.0,,29.4892578125,value,29.7476806641,value,4,1305.0,,1552.0,57.0,116.0,,,,,,,,188.0,,,,,5
density_20_nback_1_id_20,20,d20_n1,28.700094223,30.7501869202,37.8001823425,VALIDATED,54.6003379822,SINGLE,0.6498131751674308,3.449813127483715,7.0998129844325675,3.499813079799999,3.499813079799999,3.2998130321162833,34.200000047683716,33.75,False,False,False,,21.299817562132567,2.0500926972,3.449813127483715,,3.6001822948162854,7.0499954223,16.8001556397,23.850151062000002,,,2.999813079799999,5.499905824683715,True,True,True,0.10158929526193868,0.22750396579577017,-0.9243720851155716,7,False,CONSISTENT,24.0,1.0,1189.182067871,0.21257934746989787,1.0255737349998526,0.9984676367258637,53.3698730469,18.125913314155103,148.85986438159162,42.9412841797,value,24.5960693359,value,4,,28.7298583984,value,22.0837402344,value,4,1422,130.0,,1.88256800175,value,4.00170898438,value,4,1374.0,1.0,1045.0,646.0,186.0,,139.0,,,,,,130.0,,,,,8
density_20_nback_1_id_21,21,d20_n1,24.0991611481,25.7493419647,30.1493396759,VALIDATED,43.8993873596,SINGLE,1.1506581306674306,1.250658035299999,1.7006580829837148,1.250658035299999,1.250658035299999,1.1006579399325673,27.0,26.700000047683716,False,False,False,27.049999952316284,6.300660371783717,1.6501808166000025,1.250658035299999,0.04999995231628418,3.1493396758999985,4.3999977111999975,13.7500476837,18.150045394899998,1.3006579876162832,3.0993397235837143,0.9506580829837148,2.9008388519000015,True,True,True,0.07409185883425591,0.19985199846893048,-0.9732501157564244,2,False,CONSISTENT,24.0,1.0,1189.7666015625,0.3244445799650634,1.233642575499971,0.9973043436444374,114.555541992,58.67051005659802,177.5907211453674,196.43927002,value,191.293457031,value,4,,17.6314697266,value,22.4735107422,value,4,1282,195.0,,33.2204589844,value,24.5125732422,value,4,1259.0,,1277.0,200.0,,,,,,,,,218.0,,,,,1
density_20_nback_1_id_22,22,d20_n1,24.0502147675,24.6502094269,30.2502365112,VALIDATED,35.200214386,SINGLE,1.94979047773257,3.0497906207837175,3.399790525416286,3.0997905731000017,3.0997905731000017,3.0497906207837175,27.700000047683716,25.59999990463257,False,False,False,28.90000009536743,9.2497634888,0.5999946593999965,3.0497906207837175,1.2000000476837158,2.550236463516285,5.600027084300002,4.949977874799998,10.5500049591,4.249790668467433,1.350236415832569,0.9497904777325701,3.649785280183714,True,True,True,0.07449815855098943,0.19024478452914834,-0.9794527439886064,3,False,CONSISTENT,24.0,1.0,1189.0125122069999,0.45761108622514257,1.6576538090000668,0.9983307684945463,100.792724609,57.725962199731484,177.19307384339368,195.688781738,value,189.519775391,value,4,,18.5423583984,value,24.1341552734,value,4,1063,240.0,,31.189453125,value,22.6827392578,value,4,1063.0,,1129.0,174.0,,,,,,,,,240.0,,,,,3
density_20_nback_1_id_23,23,d20_n1,24.1003170013,26.1006889343,30.9502620697,VALIDATED,38.3509063721,SINGLE,1.2493109703325693,2.2493109703325693,10.099311113383717,2.2493109703325693,2.2493109703325693,9.799311161067433,28.34999990463257,26.299999952316284,False,False,False,27.450000047683716,2.9497380256674326,2.0003719330000003,2.2493109703325693,-0.8999998569488525,2.6002621650674307,4.8495731354,7.4006443024,12.2502174378,1.3493111133837168,3.5002620220162832,0.19931101801628515,4.24968290333257,True,True,True,0.07617527409327275,0.28203298821993034,-0.9918864658135108,2,False,CONSISTENT,24.0,1.0,1189.1083374025002,0.4283081034799238,1.155334477499764,0.9979402756581877,91.3552246094,36.9397353451361,176.67049137883222,192.568359375,value,196.383789062,value,4,,21.8551025391,value,16.9525146484,value,4,1256,100.0,,26.9793701172,value,29.2429199219,value,4,1219.0,,1171.0,196.0,48.0,,,,,11.0,,,100.0,,,,,3
density_20_nback_1_id_24,24,d20_n1,24.1504001617,26.7004451752,29.5003986359,VALIDATED,41.6996459961,SINGLE,0.19955492016743293,0.2995548248000013,0.39955472943256964,0.2995548248000013,0.2995548248000013,0.34955477711628546,27.0,26.75,False,False,False,,,2.5500450135,0.2995548248000013,,2.5003986359000017,2.799953460700003,12.199247360200001,14.999200820900004,,,0.049554824800001285,2.8495998383000014,True,True,True,0.0767237923800749,0.3196980852049701,-0.9196369151537876,2,False,CONSISTENT,24.0,1.0,1190.157684326,0.3064575193500445,0.7677307120000023,0.9968624332293926,115.448974609,72.18218112076566,176.72379722755073,195.526977539,value,190.58001709,value,4,,18.5487060547,value,23.4915771484,value,4,1249,184.0,,32.3972167969,value,24.1727294922,value,4,1204.0,,1231.0,202.0,52.0,,,,,,,,177.0,,,,,9
density_20_nback_1_id_25,25,d20_n1,28.6997108459,30.3996009827,,ABSENT_COLUMN,79.0004577637,SINGLE,4.100399017299999,4.150398969616283,4.300399064983715,8.25039911266743,3.6503989696162833,4.000399112667431,34.549999952316284,34.34999990463257,False,False,False,38.09999990463257,,1.6998901368000006,4.150398969616283,3.549999952316284,,,,48.600856781,7.7003989219325675,,3.9503989219325675,5.850289106416284,True,,,0.10056723208342604,0.07469359504083992,-0.5010869114646918,3,True,CONSISTENT,24.0,1.0,1190.2389831545001,0.7521667520002211,0.7521677038000689,1.0000024568788954,52.8615722656,,150.4279081205234,40.4205322266,value,,,4,,1.56750500202,value,,,4,1950,,,40.8614501953,value,,,4,1923.0,2.0,1386.0,793.0,,,,254.0,,229.0,,,,,,,,1
density_20_nback_1_id_26,26,d20_n1,24.1496677399,25.999753952,31.6999702454,VALIDATED,38.6497383118,SINGLE,2.6002459526325694,3.8502459526325694,10.450246095683717,3.8502459526325694,3.8502459526325694,2.6002459526325694,29.84999990463257,26.0,False,False,False,29.25,2.650029659232569,1.850086212099999,3.8502459526325694,-0.5999999046325684,1.849970340767431,5.7002162934000005,6.949768066400001,12.649984359800001,3.250246048000001,2.4499702453999994,0.0002460480000010534,5.700332164732568,True,True,True,0.07503652114218426,0.2398301048811743,-0.9895464576793375,2,False,CONSISTENT,24.0,1.0,1190.1360168454999,0.34408569280005846,0.8564147915001286,0.9960031304731767,65.48828125,29.151470732388812,176.76424116313777,190.401977539,value,190.831359863,value,4,,23.4530029297,value,22.3067626953,value,4,1259,102.0,,23.6912841797,value,23.7808837891,value,4,1227.0,,1185.0,186.0,42.0,,,,,10.0,,,102.0,,,,,2
density_20_nback_1_id_28,28,d20_n1,49.1992111206,50.3492240906,53.9492111206,VALIDATED,65.3992004395,SINGLE,0.6507759093999965,0.8507759570837123,1.0507760047674282,0.8507759570837123,0.8507759570837123,0.9507758617162807,51.200000047683716,50.5,False,False,False,52.799999952316284,5.300788879400002,1.150012970000006,0.8507759570837123,1.5999999046325684,2.7492110729162818,3.599987029999994,11.449989318900009,15.049976348900003,2.4507758617162807,1.1492111682837134,0.15077590939999652,2.0007889270837182,True,True,True,0.07885924498998335,0.19360629709919402,-0.9903995040426876,1,False,CONSISTENT,15.0,1.0,1201.1698303225,0.29293518295020243,0.7655334474998199,1.0004025532500118,112.963684082,50.34895606889314,157.40236580951574,190.135681152,value,198.873046875,value,4,,34.3944091797,value,28.9796142578,value,4,1663,154.0,,8.78686523438,value,17.2564697266,value,4,1718.0,,1306.0,602.0,19.0,,91.0,9.0,,,8.0,,154.0,,,,,5
density_20_nback_1_id_29,29,d20_n1,24.1002998352,25.6001205444,28.4001255035,VALIDATED,42.0002593994,SINGLE,0.5498795509674324,0.6998794079162849,0.9998793602325691,0.6998794079162849,0.6998794079162849,0.49987936023256907,26.299999952316284,25.65000009536743,False,False,False,,6.749874591867432,1.499820709199998,0.6998794079162849,,2.100125551183716,2.8000049591000007,13.6001338959,16.400138855,,,0.04987955096743235,2.199700117116283,True,True,True,0.07534321244704763,0.3726113166670013,-0.964152103304243,2,True,CONSISTENT,24.0,1.0,1189.4536437985,0.3946228044999316,1.3379821744999845,0.9978061449708084,126.654174805,90.9764064952358,177.18433177124143,197.84979248,value,193.157775879,value,4,,15.8704833984,value,20.9814453125,value,4,1159,281.0,,36.541015625,value,27.9569091797,value,4,1194.0,,1259.0,181.0,28.0,,,,,,,,218.0,,,,,2
density_20_nback_1_id_2,2,d20_n1,24.1002006531,26.1002388,29.9002952576,VALIDATED,37.8000640869,SINGLE,0.8497612476837162,1.049761295367432,1.1997611523162846,1.049761295367432,1.049761295367432,1.1497612000000004,27.15000009536743,26.15000009536743,False,False,False,26.950000047683716,3.799704790083716,2.0000381468999997,1.049761295367432,-0.20000004768371582,2.750295162232568,3.8000564576,7.899768829300001,11.699825286900001,0.8497612476837162,2.950295209916284,0.04976129536743201,3.0497994422674317,True,True,True,0.07605143706726347,0.266889670064662,-0.9767856278851397,2,False,CONSISTENT,24.0,1.0,1189.104248047,0.36134033034006735,1.1755371110000397,0.9972509009266387,111.727905273,64.9246076218467,176.5913736572028,195.381591797,value,189.073791504,value,4,,18.9406738281,value,24.9344482422,value,4,1212,126.0,,31.6732177734,value,22.2468261719,value,4,1180.0,,1157.0,198.0,49.0,,17.0,,,,,,126.0,,,,,6
density_20_nback_1_id_30,30,d20_n1,28.6994743347,30.4502429962,36.6000213623,VALIDATED,47.8495559692,SINGLE,1.4997570514837157,4.199757099167432,4.349756956116284,4.199757099167432,4.199757099167432,1.3997569084325683,34.65000009536743,33.34999990463257,False,False,False,34.299999952316284,2.4499785900162863,1.7507686615000004,4.199757099167432,-0.35000014305114746,1.9500212669325663,6.149778366099998,11.2495346069,17.399312972999997,3.849756956116284,2.3000214099837137,2.8997569084325683,5.950525760667432,True,True,True,0.10066321753027037,0.20513634527527763,-0.9093017003777728,3,False,CONSISTENT,24.0,1.0,1189.1729431155,0.34454955774996265,1.1413879345000169,0.9984030614863286,48.1975097656,17.350976893669337,149.69394074813658,41.8625488281,value,39.3505859375,value,5,,27.8045654297,value,12.5819091797,value,5,1386,151.0,,1.33544898033,value,11.3697509766,value,5,1308.0,1.0,1389.0,166.0,95.0,,,,,18.0,,,151.0,,,,,3
density_20_nback_1_id_31,31,d20_n1,24.0494308472,25.2494087219,30.7994041443,VALIDATED,43.1496353149,SINGLE,2.2005913257837157,2.4505913257837157,2.7005913257837157,2.6005911827325683,2.6005911827325683,2.1505913734674316,27.700000047683716,27.299999952316284,False,False,False,27.049999952316284,4.30059576033257,1.1999778747,2.4505913257837157,-0.6500000953674316,3.099404096616283,5.5499954223999985,12.350231170600004,17.900226593000003,1.800591230416284,3.7494041919837144,2.050591230416284,3.650569200483716,True,True,True,0.0725026486913578,0.22247016610789705,-0.9773750036190577,2,False,CONSISTENT,24.0,1.0,1189.2951049805001,0.3636596706899809,1.48907470249992,0.9964808153363379,101.506835938,46.35669922999656,177.14304000628564,194.982788086,value,189.97833252,value,4,,19.2203369141,value,23.3427734375,value,4,1312,151.0,,30.4251708984,value,22.9965820312,value,4,1272.0,,1276.0,187.0,,,,,,,,,191.0,,,,,3
density_20_nback_1_id_32,32,d20_n1,24.0996799469,25.8003063202,29.3000564575,VALIDATED,38.100402832,SINGLE,0.7996935844325677,1.099693775167431,1.349693775167431,1.099693775167431,1.099693775167431,1.1496937274837151,26.90000009536743,25.84999990463257,False,False,False,,,1.7006263733000004,1.099693775167431,,2.400056362132567,3.4997501372999977,8.800346374500002,12.3000965118,,,0.04969358443256766,2.8003201484674314,True,True,True,0.07422733035847832,0.24320406280146983,-0.9876369212779944,2,False,CONSISTENT,24.0,1.0,1189.0451049805001,0.4134582510498717,1.2910766584998328,0.998065765018176,116.122070312,73.58397012964538,176.67092006680852,195.812805176,value,191.972595215,value,4,,18.1472167969,value,22.0190429688,value,4,1189,156.0,,32.8663330078,value,25.7852783203,value,4,1157.0,,1166.0,196.0,49.0,,,,,17.0,,,156.0,,,,,3
density_20_nback_1_id_33,33,d20_n1,24.1001300812,25.1500911713,30.2502155304,VALIDATED,41.3002243042,SINGLE,0.8999087810162827,1.9999089240674301,12.949908733332567,2.0499088763837143,2.0499088763837143,,27.15000009536743,25.700000047683716,False,False,False,26.59999990463257,2.899784564967433,1.0499610901000018,1.9999089240674301,-0.5500001907348633,3.100215435032567,5.100124359099997,11.050008773800002,16.1501331329,1.4499087333325669,3.65021562576743,0.5499088763837143,3.049870014167432,True,True,True,0.0761857361993431,0.12581020001006854,-0.9873146679889063,2,False,CONSISTENT,24.0,1.0,1189.895812988,0.35662841859998484,1.5355834970000615,0.9977796652926203,109.253417969,48.620849878208126,177.0300476837039,198.825256348,value,199.464538574,value,4,,15.2772216797,value,14.208984375,value,4,1277,134.0,,35.2994384766,value,32.6201171875,value,4,1237.0,,1220.0,206.0,55.0,,,,,15.0,,,134.0,,,,,7
density_20_nback_1_id_34,34,d20_n1,24.0998783112,26.4998264313,29.4501247406,VALIDATED,40.3499717712,SINGLE,0.6001734733325677,0.9501736163837151,1.0501735210162835,0.9501736163837151,0.9501736163837151,0.8501734733325677,27.450000047683716,26.5,False,False,False,,6.399875164032569,2.3999481200999995,0.9501736163837151,,2.000124692916284,2.950298309299999,10.899847030600004,13.850145339900003,,,0.00017356869999929359,3.3501217364837146,True,True,True,0.07462852806669154,0.32161568356910375,-0.9884081659106569,3,False,CONSISTENT,24.0,1.0,1189.056762695,1.0517089820598813,1.5767822239999987,0.9980799225581376,106.065917969,72.5267238866865,175.60850805584337,195.24041748,value,190.264953613,value,4,,18.9245605469,value,23.7866210938,value,4,1199,206.0,,31.0821533203,value,23.8568115234,value,4,1184.0,,1193.0,212.0,55.0,,,,,,,,166.0,,,,,2
density_20_nback_1_id_36,36,d20_n1,24.0501098633,26.0000267029,31.1999225616,VALIDATED,50.350112915,SINGLE,1.1999733447837144,1.5499732494162828,1.9499733447837144,1.599973201732567,1.599973201732567,1.1499733924674302,27.549999952316284,26.799999952316284,False,False,False,,10.95007753376743,1.9499168396000002,1.5499732494162828,,3.649922609283717,5.1998958587,19.150190353399996,24.350086212099995,,,0.7999732494162828,3.499890089016283,True,True,True,0.07428451817157113,0.11279826135009036,-0.9709492257768663,2,False,CONSISTENT,24.0,1.0,1189.1999816895,0.4732604979750249,1.2145690884999567,0.99848531135435,104.64074707,38.55670337085515,177.46176779587958,194.747192383,value,190.008422852,value,4,,19.6516113281,value,23.2496337891,value,4,1319,288.0,,30.3146972656,value,22.861328125,value,4,1319.0,,1523.0,84.0,,,,,,,,,288.0,,,,,7
density_20_nback_1_id_38,38,d20_n1,28.6998844147,30.7498111725,46.3998298645,VALIDATED,58.5498199463,SINGLE,3.050188779816285,3.300188779816285,3.800188779816285,3.7001888751837164,3.7001888751837164,3.1501889228674322,34.049999952316284,32.75,False,False,False,35.09999990463257,8.3501701355,2.049926757799998,3.300188779816285,1.0499999523162842,12.349829912183715,15.650018692,12.149990081799999,27.8000087738,4.350188732132569,11.29982995986743,2.0001888275000006,5.350115537616283,True,True,True,0.10059400245406913,0.12701681642475898,-0.4110059573789831,8,False,CONSISTENT,24.0,1.0,1190.2651977525002,0.7619384736502752,0.7815551719002087,0.9956042821833714,55.6120605469,7.380673877452369,150.27726045736378,44.4337158203,value,16.3499755859,value,4,,28.9788818359,value,4.82946777344,value,4,1510,260.0,,2.2926030159,value,19.6022949219,value,4,1280.0,2.0,1649.0,121.0,296.0,,,,,,,,192.0,,,,,1
density_20_nback_1_id_39,39,d20_n1,28.649887085,29.7006435394,74.4999160767,VALIDATED,81.5998840332,SINGLE,10.549356460599999,11.149356365232567,12.549356460599999,12.249356508283714,12.249356508283714,12.249356508283714,40.84999990463257,30.84999990463257,False,False,False,41.09999990463257,,1.0507564544000019,11.149356365232567,0.25,33.649916172067435,44.7992725373,7.099967956499995,51.899240493799994,11.399356365232567,33.399916172067435,1.149356365232567,12.200112819632569,True,True,True,0.09966287964185584,0.03237183942817514,-0.8657577934799753,2,True,CONSISTENT,24.0,1.0,1189.585052493,0.1817321826999887,0.9015197700000499,0.9989118654796877,66.1798095703,27.015014186931513,150.61754120136195,,zero_after_far_value,,zero_after_far_value,4,,2.68933105469,value,33.5568847656,value,4,2106,104.0,,28.8332519531,value,,zero_after_near_value,4,1960.0,2.0,829.0,1402.0,,,21.0,,,,269.0,,,,,,,5
density_20_nback_1_id_3,3,d20_n1,24.050037384,24.6998062134,31.449760437,VALIDATED,36.5494689941,SINGLE,0.9501938819674329,1.0501937866000013,3.4001936912325696,1.1001937389162855,1.1001937389162855,0.8001937866000013,25.75,25.450000047683716,False,False,False,24.799999952316284,8.600239515316286,0.6497688293999992,1.0501937866000013,-0.9500000476837158,5.699760436999998,6.7499542236,5.099708557100005,11.849662780700005,0.10019373891628547,6.649760484683714,0.7501938342837171,1.6999626160000005,True,True,True,0.07477385826029492,0.2605892317473659,-0.9338973953161444,2,False,CONSISTENT,24.0,1.0,1189.714324951,0.3401184069998635,1.5708312950000618,0.9965809109131669,135.513305664,42.33832500028531,177.45468727235578,198.667053223,value,182.499267578,value,4,,15.0883789062,value,30.7091064453,value,4,1103,228.0,,38.7728271484,value,16.6484375,value,4,1103.0,,1146.0,185.0,,,,,,,,,228.0,,,,,2
density_20_nback_1_id_40,40,d20_n1,28.6997699738,30.0498580933,36.4996109009,VALIDATED,52.2495002747,SINGLE,2.8501420020674324,3.1001420020674324,3.250141859016285,3.1001420020674324,3.1001420020674324,3.000141859016285,33.15000009536743,30.40000009536743,False,False,False,,,1.3500881195000005,3.1001420020674324,,3.3496108055325706,6.449752807600003,15.749889373799995,22.199642181399998,,,0.3501420020674324,4.450230121567433,True,True,True,0.09997424164833353,0.17125499628825142,-0.8366292071621714,10,True,CONSISTENT,24.0,1.0,1189.6659851075,0.27410278254008064,0.71401977849996,0.9991578245924815,78.6802978516,51.45104740700114,150.14104838739632,39.1317138672,value,24.2077636719,value,4,,8.86352539062,value,20.5950927734,value,4,1289,355.0,,39.8006591797,value,15.2312011719,value,4,1241.0,2.0,1583.0,61.0,120.0,,,,,,,,281.0,,,,,5
density_20_nback_1_id_41,41,d20_n1,28.6998405457,30.0993385315,38.5496063232,VALIDATED,73.2498016357,SINGLE,2.5006613731325693,2.650661468500001,2.7506613731325693,2.700661420816285,2.700661420816285,2.5006613731325693,32.75,31.700000047683716,False,False,False,31.25,12.800393581432566,1.3994979858,2.650661468500001,-1.5,5.799606323200003,8.450267791700004,34.70019531249999,43.1504631042,1.150661468500001,7.299606323200003,1.6006615161837168,4.050159454300001,True,True,True,0.10058253463129414,0.23263186222587795,-0.8535981211722348,7,False,CONSISTENT,24.0,1.0,1190.1090087915,0.5398559616500052,0.5646972687000016,0.9986278599601954,86.0418701172,31.702198973122922,150.17305410028416,38.7801513672,value,23.2369384766,value,4,,10.2099609375,value,18.3104248047,value,4,1686,378.0,,40.1110839844,value,10.8681640625,value,4,1684.0,2.0,1951.0,113.0,,,,,,,,,378.0,,,,,6
density_20_nback_1_id_43,43,d20_n1,28.7001438141,30.2508411407,38.5005722046,VALIDATED,60.0505142212,SINGLE,1.7491588592999996,4.399158954667431,4.4991588593,4.449158906983715,4.449158906983715,4.399158954667431,34.65000009536743,31.09999990463257,False,False,False,35.15000009536743,11.049427747716287,1.5506973266000017,4.399158954667431,0.5,3.8505721092325658,8.249731063899997,21.5499420166,29.799673080499996,4.899158954667431,3.3505721092325658,0.849158763932568,5.949856281267433,True,True,True,0.10144423561881141,0.08457040959393991,-0.766879280286049,10,False,CONSISTENT,24.0,1.0,1189.764312745,0.32720337368014035,0.7632751499997994,0.9983011162813167,60.9019775391,28.538411461125527,149.77466096402543,32.9044189453,value,25.5363769531,value,4,,10.8193359375,value,15.4449462891,value,4,1476,325.0,,31.2047119141,value,13.0609130859,value,4,1474.0,2.0,1678.0,123.0,,,,,,,,,325.0,,,,,3
density_20_nback_1_id_44,44,d20_n1,28.7005119324,30.15076828,,ABSENT_COLUMN,61.5008049011,SINGLE,1.7492318153674304,4.199231624632567,4.949231624632567,4.74923181536743,4.74923181536743,4.649231672316283,34.34999990463257,31.549999952316284,False,False,False,34.299999952316284,,1.4502563475999999,4.199231624632567,-0.04999995231628418,,,,31.350036621099996,4.149231672316283,,1.399231672316283,5.649487972232567,True,,,0.10144770704210879,0.21884372798541954,-0.6629906356509456,10,True,CONSISTENT,24.0,1.0,1189.749694822,0.21776732889051117,0.6331176759999835,0.9972930573285251,61.4593505859,,149.73640225966548,37.1149902344,value,,,4,,7.83142089844,value,,,4,1539,,,35.5914306641,value,,,4,1493.0,2.0,1719.0,111.0,,,,335.0,,291.0,,,,,,,,5
density_20_nback_1_id_45,45,d20_n1,28.7003593445,30.6000480652,40.9506072998,VALIDATED,56.8501052856,SINGLE,5.0999519824837165,5.199951887116285,5.3499519824837165,5.249951839432569,5.249951839432569,5.049952030167432,35.799999952316284,35.09999990463257,False,False,False,33.65000009536743,5.299392700200002,1.8996887206999986,5.199951887116285,-2.1499998569488525,5.150607347483714,10.350559234599999,15.899497985800004,26.250057220400002,3.0499520301674323,7.300607204432566,4.499951839432569,7.0996406078162835,True,True,True,0.10139737765250584,0.11776597761470302,-0.8308121332866449,6,False,CONSISTENT,24.0,1.0,1189.7950134275,0.2172241229599649,0.7864074755000274,0.9968364385443123,44.7099609375,8.148282125596355,150.0669073686019,32.2713623047,value,21.20703125,value,4,,7.24499511719,value,12.3970947266,value,4,1480,256.0,,29.9841308594,value,11.5435791016,value,4,1427.0,2.0,1660.0,76.0,,,,,,,,,307.0,,,,,2
density_20_nback_1_id_46,46,d20_n1,28.7000694275,29.9501838684,33.9500198364,VALIDATED,52.6002655029,SINGLE,0.9498162269674317,1.0498161316,1.1998162269674317,1.0498161316,1.0498161316,0.8998160362325685,31.0,30.700000047683716,False,False,False,33.549999952316284,21.09998011591628,1.2501144408999991,1.0498161316,2.549999952316284,2.9500198364000028,3.999835968000003,18.6502456665,22.6500816345,3.5998160839162843,0.4000198840837186,0.7498161792837159,2.299930572499999,True,True,True,0.1014980747616184,0.17110458655253408,-0.892663395810403,4,True,CONSISTENT,24.0,1.0,1189.7622985835,0.3811584441601553,0.7544250465000459,0.9992757626051793,109.404907227,69.30771719739728,149.94244955651382,46.5825195312,value,36.8400878906,value,4,,4.31347703934,value,10.3503417969,value,4,1174,478.0,,53.3955078125,value,35.0928955078,value,4,675.0,2.0,1002.0,650.0,,,,,,,,,975.0,,,,,4
density_20_nback_1_id_47,47,d20_n1,28.6508216858,30.5006008148,38.2509269714,VALIDATED,58.1507072449,SINGLE,0.5993990898325698,4.049399137516286,4.949399232883717,4.09939908983257,4.09939908983257,0.5493991375162857,34.549999952316284,33.549999952316284,False,False,False,35.40000009536743,13.899073123967433,1.849779128999998,4.049399137516286,0.8500001430511475,3.7009270190837142,7.7503261566,19.8997802735,27.6501064301,4.899399280567433,2.850926876032567,3.0493991375162857,5.899178266516284,True,True,True,0.10088533407584686,0.18079765085059776,-0.781981798536209,9,True,CONSISTENT,24.0,1.0,1189.9795532204998,0.4138793906497312,0.736511231500117,0.9961793371186592,56.9107666016,31.021780873089362,150.44052865012404,36.4227294922,value,21.3074951172,value,4,,6.24499511719,value,15.82421875,value,4,1432,331.0,,35.9666748047,value,13.4503173828,value,4,1430.0,2.0,1615.0,148.0,,,,,,,,,331.0,,,,,2
density_20_nback_1_id_48,48,d20_n1,28.7502880096,30.7500038147,42.7998199463,VALIDATED,61.5502548218,SINGLE,3.249996185299999,4.949996232983715,4.999996185299999,4.949996232983715,4.949996232983715,4.89999628066743,35.700000047683716,31.799999952316284,False,False,False,34.59999990463257,5.900180101383718,1.9997158051000028,4.949996232983715,-1.1000001430511475,7.099819898616282,12.049816131599997,18.750434875500005,30.8002510071,3.849996089932567,8.19982004166743,1.049996137616283,6.949712038083717,True,True,True,0.10206289790555434,0.16271084859282756,-0.7035268313829774,10,True,CONSISTENT,24.0,1.0,1190.2698059065,0.6740173317901508,0.6930236834000425,0.9937063341128648,44.2606201172,11.55384122952084,149.6717563671201,32.3109130859,value,,zero_after_mid_value,4,,5.75952100754,value,6.5579829216,value,4,1384,445.0,,31.8825683594,value,16.0155029297,value,4,1382.0,2.0,1749.0,62.0,,,,,,,,,445.0,18.0,,,,1
density_20_nback_1_id_49,49,d20_n1,28.6500453949,30.5000362396,54.4999809265,VALIDATED,92.8000259399,SINGLE,2.3499636650325684,2.949963808083716,9.399963855767432,9.449963808083716,6.949963808083716,8.149963855767432,33.450000047683716,32.25,False,False,False,38.59999990463257,17.7500190735,1.8499908446999989,2.949963808083716,5.1499998569488525,21.049980878816285,23.9999446869,38.300045013399995,62.299989700299996,8.099963665032568,15.899981021867433,1.7499637604,4.799954652783715,True,True,True,0.10080807247604442,0.038487104298306006,-0.28143757466753466,6,False,CONSISTENT,24.0,1.0,1189.657470703,0.17122192182988555,0.7706298840000727,0.9984825484791643,68.4865722656,2.6412031018734035,150.5506807305345,42.1899414062,value,16.5015869141,value,4,,3.51892089844,value,19.1605224609,value,4,2009,446.0,,43.4969482422,value,7.72875976562,value,4,2007.0,2.0,1423.0,1032.0,,,,,,,,,446.0,,,,,9
density_20_nback_1_id_4,4,d20_n1,24.0500888824,26.1500282288,31.1499404907,VALIDATED,51.750125885,SINGLE,0.9999718665674315,1.1999716758325683,7.899971723516284,1.1999716758325683,1.1999716758325683,9.049971818883716,27.34999990463257,26.200000047683716,False,False,False,,5.750059604667431,2.0999393463999994,1.1999716758325683,,3.7999405860674322,4.9999122619000005,20.600185394300002,25.600097656200003,,,0.04997181888371571,3.2999110222325676,True,True,True,0.07457390639084321,0.11054842489822167,-0.9647031435649724,3,False,CONSISTENT,24.0,1.0,1189.884307861,0.3531799321999188,0.8914489789999607,0.9953556531989116,108.626708984,46.55705237666561,177.50134012016787,194.62322998,value,183.780700684,value,4,,19.4498291016,value,29.3057861328,value,4,1387,248.0,,30.7916259766,value,17.51171875,value,4,1361.0,,1212.0,423.0,,,,,,,,,274.0,,,,,8
density_20_nback_1_id_51,51,d20_n1,28.6999797821,30.399980545,76.8999710083,VALIDATED,84.9002914429,SINGLE,1.900019407316286,4.650019407316286,6.850019455000002,4.850019455000002,4.850019455000002,4.45001935963257,35.049999952316284,31.450000047683716,False,False,False,43.84999990463257,8.1000289917,1.7000007628999967,4.650019407316286,8.799999952316284,41.849971055983715,46.4999904633,8.000320434599999,54.5003108979,13.45001935963257,33.04997110366743,1.0500195026837176,6.350020170216283,True,True,True,0.10024704887269248,0.12254585461375708,-0.6761580315335886,7,True,CONSISTENT,24.0,1.0,1189.5828247045001,0.1187377927801208,0.8264770564999253,0.999137149508537,53.2145996094,3.332532406593255,149.97990576264792,33.8656005859,value,8.69189453125,value,4,,8.01892089844,value,17.1226806641,value,4,1768,269.0,,32.4162597656,value,,zero_after_near_value,4,1688.0,2.0,2000.0,288.0,,9.0,261.0,260.0,,,347.0,1.0,,1.0,,,,9
density_20_nback_1_id_52,52,d20_n1,28.6999454498,30.5499668121,75.9499588013,VALIDATED,90.3500061035,SINGLE,1.8000330925325692,3.750033140216285,,3.750033140216285,3.750033140216285,3.6500332355837166,34.299999952316284,31.40000009536743,False,False,False,39.65000009536743,5.150041103332569,1.850021362299998,3.750033140216285,5.3500001430511475,41.649958848983715,45.399991989200004,14.400047302199994,59.8000392914,9.100033283267432,36.29995870593257,0.8500332832674324,5.600054502516283,True,True,True,0.10060553586805163,0.03626843412100535,-0.5651685481580473,4,False,CONSISTENT,24.0,1.0,1189.5874023425,0.17807006817486126,0.865844727500189,0.9999995963308799,70.8572998047,20.91502308367849,149.60306492390217,28.8790283203,value,,zero_after_mid_value,4,,16.4964599609,value,30.2961425781,value,4,2109,297.0,,26.9851074219,value,10.5944824219,value,4,1542.0,2.0,1807.0,593.0,,,,25.0,,,616.0,,221.0,6.0,,,,8
density_20_nback_1_id_53,53,d20_n1,28.6998596191,29.2501220703,38.6500968933,VALIDATED,54.950378418,SINGLE,1.39987802506743,1.9998779296999984,6.549877882016283,1.9998779296999984,1.9998779296999984,6.349877834332567,31.25,29.90000009536743,False,False,False,30.75,9.599903106699998,0.5502624512000018,1.9998779296999984,-0.5,7.400096893300002,9.399974823,16.300281524699997,25.700256347699998,1.4998779296999984,7.900096893300002,0.6498780250674301,2.5501403809000003,True,True,True,0.10058214803539255,0.12411879181665215,-0.7528166714571194,4,True,CONSISTENT,24.0,1.0,1189.54598999,0.17003784439901892,0.9829406750002363,0.9967273082207461,107.301635742,52.04366428985738,149.71776614841173,43.9614257812,value,109.454345703,value,4,,6.69323682785,value,27.5161132812,value,4,1438,260.0,,49.9165039062,value,23.6623535156,value,4,1436.0,2.0,1532.0,166.0,,,,,,,,,260.0,,,,,4
density_20_nback_1_id_54,54,d20_n1,28.6502914429,29.799955368,33.6500167847,VALIDATED,45.6501922607,SINGLE,1.1000447273674325,1.2000446320000009,1.3000445366325692,1.2000446320000009,1.2000446320000009,1.000044584316285,31.0,30.59999990463257,False,False,False,,5.399983167616284,1.1496639251000005,1.2000446320000009,,2.6500167847,3.850061416700001,12.000175476000003,15.850236892700003,,,0.8000445366325692,2.3497085571000014,True,True,True,0.1005518680650123,0.26056252850487394,-0.974684133881784,3,False,CONSISTENT,24.0,1.0,1189.5737915045002,0.14125366434481065,0.8659057644997574,0.9980188114123464,109.082641602,67.12853074281627,150.46219959535557,45.8471679688,value,40.8685302734,value,4,,4.8551030159,value,7.82604980469,value,4,1307,171.0,,52.6434326172,value,40.9157714844,value,4,726.0,2.0,1457.0,55.0,613.0,,34.0,,,,,,171.0,,,,,8
density_20_nback_1_id_55,55,d20_n1,28.6501350403,30.5502929688,44.4501304626,VALIDATED,56.5501556396,SINGLE,2.0997071265674307,2.2497069835162833,4.399707078883715,6.249706983516283,2.8497071265674307,2.0497069358325675,32.799999952316284,32.40000009536743,False,False,False,36.0,4.5998694897162835,1.9001579285000005,2.2497069835162833,3.200000047683716,11.650130510283716,13.8998374938,12.100025177,25.9998626708,5.449707031199999,8.4501304626,1.8497071265674307,4.149864912016284,True,True,True,0.1007159089539333,0.11450974927250486,-0.5394686329994814,7,False,CONSISTENT,24.0,1.0,1189.904602051,0.4161987314600083,0.6339721649999319,0.9988947302091308,80.2993164062,6.468134564427052,150.50305109447638,41.9736328125,value,,zero_after_mid_value,4,,6.03125,value,13.7027587891,value,4,1535,195.0,,43.9285888672,value,13.7144775391,value,4,1516.0,2.0,1512.0,194.0,58.0,,,,,,,,154.0,24.0,,,,7
density_20_nback_1_id_56,56,d20_n1,28.7001342773,29.6500415802,36.0995826721,VALIDATED,61.5995750427,SINGLE,2.9999585151674317,3.1499583721162843,3.3999583721162843,3.2499585151674317,3.2499585151674317,3.0999584198,32.799999952316284,31.90000009536743,False,False,False,31.40000009536743,6.600417375583717,0.9499073029000016,3.1499583721162843,-1.3999998569488525,3.2995827197837144,6.449541091899999,25.499992370600005,31.949533462500003,1.7499585151674317,4.699582576732567,2.2499585151674317,4.099865675016286,True,True,True,0.10144629382456441,0.29963608932146485,-0.9400984694195887,4,False,CONSISTENT,24.0,1.0,1190.120574951,0.27697143244996597,0.8380432140002085,0.9938643536479249,82.5545654297,40.56189543157912,150.34150256345694,40.8032226562,value,33.8081054688,value,4,,8.36682128906,value,18.8221435547,value,4,1536,203.0,,42.5618896484,value,25.6439208984,value,4,1462.0,2.0,1783.0,47.0,91.0,,91.0,,,,,,275.0,,,,,1
density_20_nback_1_id_57,57,d20_n1,28.699716568,30.1997318268,38.2997398376,VALIDATED,52.7497520447,SINGLE,2.000268220883715,3.6002681255162834,4.000268220883715,3.6002681255162834,3.6002681255162834,3.750268220883715,33.799999952316284,30.40000009536743,False,False,False,,,1.5000152588000013,3.6002681255162834,,4.4997398852837165,8.1000080108,14.450012207100002,22.550020217900002,,,0.20026826856743085,5.100283384316285,True,True,True,0.10062307591545394,0.11797378800780883,-0.7777530967907955,10,True,CONSISTENT,24.0,1.0,1189.541168213,0.16795654100508273,0.7494811990000017,0.9985179335660812,69.8366699219,45.6364239444048,150.03824896016877,36.9442138672,value,16.7780761719,value,4,,8.69372558594,value,29.9036865234,value,4,1365,290.0,,36.9468994141,value,6.11193799973,value,4,1332.0,2.0,1559.0,96.0,33.0,,,,,,70.0,,218.0,,,,,6
density_20_nback_1_id_5,5,d20_n1,24.100276947,26.2999382019,35.5999832153,VALIDATED,157.850021362,SINGLE,1.1500618457837142,2.2000617980999984,2.8000617027325667,2.7500617504162825,2.7500617504162825,1.0500617027325667,28.5,28.25,False,False,False,28.049999952316284,5.250016689332568,2.1996612549000005,2.2000617980999984,-0.4500000476837158,7.0999832153,9.300045013399998,122.2500381467,131.5500831601,1.7500617504162825,7.549983262983716,1.9500617980999984,4.399723052999999,True,True,True,0.07423036171789187,0.20257508182321068,-0.7918636200677031,8,True,CONSISTENT,24.0,1.0,1189.7937316895,0.34335326855000403,0.8619079615000373,0.9955113802152334,94.0833740234,54.125034514578466,177.86932196125238,187.899597168,value,91.5881347656,value,4,,26.5191650391,value,40.9625244141,value,4,3577,179.0,,22.1866455078,value,15.9139404297,value,4,3540.0,,1650.0,2106.0,61.0,,,,,,,,155.0,,,,,6
density_20_nback_1_id_6,6,d20_n1,24.049489975,25.3993244171,30.9001846313,VALIDATED,48.2993927002,SINGLE,1.6006755828999992,1.9506754875325676,2.4506754875325676,2.4506754875325676,2.1006755828999992,1.4506754875325676,27.34999990463257,26.799999952316284,False,False,False,37.0,13.149815321016284,1.3498344421000006,1.9506754875325676,9.650000095367432,3.550184726667432,5.500860214199999,17.399208068900002,22.9000682831,11.6006755829,-6.0998153687,1.4006755352162834,3.300509929632568,True,True,True,0.07259972996675976,0.15678813408700853,-0.9553501375988473,2,False,CONSISTENT,24.0,1.0,1189.7455444339998,0.31002196905021717,1.4756469680000919,0.9976322951506696,107.857543945,43.31242399110228,177.46303218261068,195.389526367,value,191.219604492,value,4,,18.6813964844,value,21.9318847656,value,4,1364,201.0,,31.5601806641,value,24.3413085938,value,4,1364.0,,1384.0,181.0,,,,,,,,,201.0,,,,,6
density_20_nback_1_id_7,7,d20_n1,24.0505695343,25.4002513885,30.3001117706,VALIDATED,40.6007804871,SINGLE,1.0997486115000008,1.899748563816285,2.5497486591837166,1.9497485161325692,1.9497485161325692,0.9497485161325692,27.299999952316284,26.299999952316284,False,False,False,27.34999990463257,4.899888277083715,1.3496818542,1.899748563816285,0.04999995231628418,3.0001118182837168,4.899860382100002,10.300668716500002,15.200529098600004,1.9497485161325692,2.9501118659674326,0.899748563816285,3.249430418016285,True,True,True,0.0746854986002218,0.18018765886304142,-0.9841155598102588,2,False,CONSISTENT,24.0,1.0,1189.6465148925,0.38212890655020143,1.2459411575002832,0.9975984878459423,108.728027344,56.13995389579834,177.51018419220497,195.488708496,value,189.991027832,value,4,,18.5777587891,value,23.5043945312,value,4,1251,161.0,,31.7447509766,value,23.2308349609,value,4,1222.0,,1217.0,195.0,47.0,,,,,,,,143.0,,,,,9
density_20_nback_1_id_8,8,d20_n1,24.0495071411,25.7998008728,28.6498985291,VALIDATED,44.1493759155,SINGLE,0.4501991272000012,0.650199174883717,0.8001990318325696,0.650199174883717,0.650199174883717,0.5501990318325696,26.450000047683716,25.799999952316284,False,False,False,,8.000101566267432,1.7502937316999976,0.650199174883717,,2.199898481416284,2.850097656300001,15.499477386400002,18.349575042700003,,,0.00019907951628539422,2.4004929065837146,True,True,True,0.07222035291919862,0.2835754806942497,-0.9807450105667849,3,False,CONSISTENT,24.0,1.0,1189.6434021,0.4215087879499946,2.3087463352999293,0.9955304363963555,123.293945312,85.84940176911931,177.74985142601471,197.354858398,value,192.45513916,value,4,,16.6091308594,value,21.7702636719,value,4,1267,215.0,,35.3245849609,value,26.8337402344,value,4,1237.0,,1283.0,199.0,,,,,,,,,245.0,,,,,4
density_20_nback_1_id_9,9,d20_n1,28.7002868652,30.1502666473,34.9505767822,VALIDATED,51.9503097534,SINGLE,0.9497332573325679,1.1497333050162837,2.699733257332568,1.1497333050162837,1.1497333050162837,1.0997333526999995,31.299999952316284,30.34999990463257,False,False,False,,8.399423122432566,1.4499797821000016,1.1497333050162837,,3.6505768298837182,4.800310134900002,16.999732971199997,21.8000431061,,,0.19973325733256786,2.5997130871162852,True,True,True,0.10161980716486518,0.14157116298049352,-0.9358938787403845,7,True,CONSISTENT,24.0,1.0,1189.195495605,0.6190246619400568,0.9398803700000826,0.9984350596872062,104.17578125,59.99863379127927,148.68240363469087,45.0415039062,value,32.669921875,value,4,,5.26684617996,value,13.6010742188,value,4,1281,272.0,,50.8934326172,value,27.3446044922,value,4,1268.0,2.0,1580.0,57.0,95.0,,84.0,,,,,,272.0,,,,,3
density_20_nback_2_id_10,10,d20_n2,43.5499992371,45.2491455078,54.299987793,VALIDATED,69.7992706299,SINGLE,2.0008544921999984,5.65085458756743,6.700854539883714,6.65085458756743,6.65085458756743,1.90085458756743,50.90000009536743,47.09999990463257,False,False,False,50.799999952316284,5.0000121593162845,1.6991462706999982,5.65085458756743,-0.10000014305114746,3.399987697632568,9.050842285199998,15.499282836899994,24.550125122099992,5.550854444516283,3.4999878406837155,1.8508543968325668,7.350000858267428,True,True,True,0.10860787492955636,0.5050968111987343,-0.9297410218510034,9,False,CONSISTENT,15.0,1.0,1201.1380004885,0.9274902353199195,1.0375366225000562,1.0008277201590303,32.6227416992,2.590349158898988,187.45729351326378,,zero_after_far_value,,zero_after_far_value,4,,8.93200683594,value,11.5457763672,value,4,1816,146.0,,31.2854003906,value,10.0010986328,value,4,1764.0,,921.0,1074.0,85.0,,24.0,,,9.0,,,146.0,,,,,9
density_20_nback_2_id_11,11,d20_n2,49.1496543884,50.7491912842,55.8493270874,VALIDATED,68.2992477417,SINGLE,2.6008086204325664,2.750808715799998,3.200808763483714,2.8508086204325664,2.8508086204325664,3.1008086204325664,53.5,52.950000047683716,False,False,False,53.65000009536743,2.0006728172325694,1.5995368958,2.750808715799998,0.15000009536743164,2.349327087399999,5.100135803199997,12.449920654300001,17.5500564575,2.9008088111674297,2.1993269920325673,2.200808763483714,4.350345611599998,True,True,True,0.07884083677845947,0.4316899409936123,-0.9797526147120141,2,True,CONSISTENT,15.0,1.0,1200.7780456545001,0.36110229768019053,0.8396301294999375,1.0015012664853906,62.5736083984,19.93600448135634,157.71351767255334,194.913146973,value,191.987731934,value,4,,32.6143798828,value,38.2066650391,value,4,1848,83.0,,13.3098144531,value,13.7585449219,value,4,1840.0,,1828.0,138.0,,,27.0,42.0,8.0,,1.0,,83.0,,,,,3
density_20_nback_2_id_12,12,d20_n2,49.1500778198,49.6501426697,54.2501792908,VALIDATED,63.6999702454,SINGLE,2.1498572826162814,2.3998572826162814,2.8998572826162814,2.6998572349325656,2.6998572349325656,2.349857330299997,52.049999952316284,51.40000009536743,False,False,False,50.549999952316284,4.2498207092000015,0.5000648498999993,2.3998572826162814,-1.5,2.2001793384837143,4.600036621099996,9.449790954600005,14.0498275757,0.8998572826162814,3.7001793384837143,1.7498574256674289,2.8999221325162807,True,True,True,0.07858276756818508,0.47033928031912453,-0.9965146140345219,2,False,CONSISTENT,15.0,1.0,1200.312957764,0.31948852509981407,0.9136047320000671,1.0002363582864038,94.5307617188,45.5716522544829,157.69288355467927,191.105957031,value,196.940307617,value,4,,34.6171875,value,31.3585205078,value,4,1669,116.0,,9.04907226562,value,15.9453115463,value,4,1678.0,,1742.0,131.0,70.0,,88.0,9.0,,,,,116.0,,,,,7
density_20_nback_2_id_13,13,d20_n2,49.1489906311,52.7499732971,56.249168396,VALIDATED,63.499382019,SINGLE,0.7500267029000014,1.2000267505837172,2.3000266552162856,1.2000267505837172,1.2000267505837172,1.150026798267433,53.950000047683716,52.75,False,False,False,55.0,1.3508315086325666,3.600982666,1.2000267505837172,1.0499999523162842,2.299168348316286,3.499195098900003,7.2502136230000005,10.749408721900004,2.2500267029000014,1.2491683960000017,2.67029000013963e-05,4.801009416583717,True,True,True,0.07876737054004555,0.41368697654707026,-0.9840004640851355,2,False,CONSISTENT,15.0,1.0,1200.9420776365,0.3641693141144401,0.7101440393998928,1.0016977940878957,53.6557006836,10.386357827001223,157.66219663930852,195.071289062,value,193.91204834,value,4,,32.9820556641,value,36.8905029297,value,4,1594,109.0,,13.8826904297,value,15.4591064453,value,4,1733.0,,1360.0,510.0,20.0,,167.0,8.0,,,,,109.0,,,,,5
density_20_nback_2_id_14,14,d20_n2,49.1499214172,50.4001159668,52.8999023438,VALIDATED,56.7998008728,SINGLE,0.7998840808837144,0.8998839855162828,0.9998841285674303,0.8998839855162828,0.8998839855162828,0.7998840808837144,51.299999952316284,50.65000009536743,False,False,False,,18.8500976562,1.2501945496000033,0.8998839855162828,,1.5999023914837167,2.4997863769999995,3.899898528999998,6.399684905999997,,,0.24988412856743025,2.150078535116286,True,True,True,0.07881999828108341,0.5307596523942425,-0.9968077452254889,1,False,CONSISTENT,15.0,1.0,1200.2981262204999,0.3049560575097757,0.9357604995002475,1.0001128531435644,109.645812988,73.28384806986055,157.70841046418263,190.536254883,value,195.360595703,value,4,,34.1700439453,value,31.2296142578,value,4,1249,460.0,,9.10168457031,value,13.3200683594,value,4,1266.0,,1616.0,119.0,,,26.0,9.0,,,,,460.0,,,,,7
density_20_nback_2_id_15,15,d20_n2,49.1494750977,50.499168396,,ABSENT_COLUMN,83.19921875,SINGLE,3.5508315563162824,5.600831508632567,10.000831603999998,10.800831556316282,4.5508315563162824,3.450831651683714,56.09999990463257,55.25,False,False,False,52.799999952316284,,1.3496932983000036,5.600831508632567,-3.299999952316284,,,,32.700050354,2.3008315563162824,,4.750831603999998,6.95052480693257,True,,,0.07874913103149224,0.028971845626064002,-0.44160492936548623,3,False,CONSISTENT,15.0,1.0,1200.543701172,0.543188473480086,0.9194946329998857,1.0000776373890854,67.2890625,,157.7365164151201,139.620056152,value,,,4,,39.0115966797,value,,,4,2109,,,10.8980712891,value,,,4,1998.0,,1925.0,338.0,157.0,,154.0,108.0,,,,,,,,,,7
density_20_nback_2_id_16,16,d20_n2,49.1499557495,51.0492782593,54.8000221252,VALIDATED,67.950012207,SINGLE,1.5007216930162812,2.150721788383713,2.3507218360674287,2.150721788383713,2.150721788383713,2.150721788383713,53.200000047683716,52.200000047683716,False,False,False,52.950000047683716,4.649977922483714,1.899322509800001,2.150721788383713,-0.25,1.600022077516286,3.7507438658999988,13.149990081799999,16.900733947699997,1.9007217883837129,1.850022077516286,1.1507217883837129,4.050044298183714,True,True,True,0.0788478026661382,0.5425289508814934,-0.998589504602359,2,False,CONSISTENT,15.0,1.0,1200.3766784665,0.2251953130999482,0.8901672404999772,1.0000584353741533,67.1853027344,32.049944541600276,157.6437010859734,196.123779297,value,199.977355957,value,4,,31.0247802734,value,28.9423828125,value,4,1768,137.0,,14.3089599609,value,19.6240234375,value,4,1787.0,,1314.0,645.0,26.0,,54.0,9.0,,,,,137.0,,,,,9
density_20_nback_2_id_17,17,d20_n2,49.249874115,51.099281311,54.4994621277,VALIDATED,65.0496139526,SINGLE,0.800718784367433,1.1007187366837172,2.2007186413162856,1.1007187366837172,1.1007187366837172,2.050718784367433,52.200000047683716,51.09999990463257,False,False,False,52.450000047683716,3.7005379199837165,1.8494071960000014,1.1007187366837172,0.25,2.2994620800162835,3.4001808167000007,10.550151824899999,13.9503326416,1.3507187366837172,2.0494620800162835,0.0007185936325697639,2.9501259326837186,True,True,True,0.07865116988835258,0.4397728594067332,-0.9942639120210096,2,False,CONSISTENT,15.0,1.0,1201.229217529,0.3455963099999053,1.7151184120002654,1.0007171930916465,90.1776733398,35.95323252820869,156.2633744493753,193.521057129,value,202.321838379,value,4,,32.2758789062,value,26.0805664062,value,4,1677,121.0,,11.5325927734,value,21.6038818359,value,4,1735.0,,1305.0,594.0,15.0,,101.0,9.0,,,19.0,,121.0,,,,,2
density_20_nback_2_id_18,18,d20_n2,49.1494369507,49.999256134,75.2994842529,VALIDATED,88.3495254517,SINGLE,1.350743770632569,3.350743770632569,3.5007438660000005,5.700743913683716,2.400743961367432,3.150743961367432,53.34999990463257,53.0,False,False,False,60.049999952316284,5.550515651732567,0.8498191832999993,3.350743770632569,6.700000047683716,21.949484348267433,25.3002281189,13.050041198800002,38.350269317700004,10.050743818316285,15.249484300583717,3.0007438660000005,4.200562953932568,True,True,True,0.07887388403049878,0.10563643311699637,-0.49799410379137043,5,True,CONSISTENT,15.0,1.0,1200.5385742189999,0.5150756879598817,0.862854008000113,1.0001144292756305,83.2094116211,13.727006097144066,157.87019463052857,177.189758301,value,,zero_after_mid_value,4,,4.76745605469,value,87.0413818359,value,4,2101,208.0,,51.0325927734,value,9.56359863281,value,4,2048.0,,2117.0,156.0,102.0,,58.0,9.0,,,,,208.0,94.0,,,,6
density_20_nback_2_id_19,19,d20_n2,49.2502441406,50.9005355835,54.7501335144,VALIDATED,69.1507720947,SINGLE,0.9994645118674299,1.299464464183714,13.49946451186743,1.299464464183714,1.299464464183714,1.1994643211325666,52.200000047683716,51.200000047683716,False,False,False,51.59999990463257,4.09986639023257,1.6502914428999986,1.299464464183714,-0.6000001430511475,2.5501334667162823,3.8495979308999964,14.400638580300004,18.2502365112,0.6994643211325666,3.1501336097674297,0.2994644641837141,2.9497559070837127,True,True,True,0.07854358839100024,0.17507116100977846,-0.989909173370303,2,False,CONSISTENT,15.0,1.0,1201.0670776385,0.25781871935392925,0.9439086874999703,1.0006348813220924,90.2482910156,33.9619563708802,156.33814608619474,193.44732666,value,199.877868652,value,4,,32.4412841797,value,28.9775390625,value,4,1768,179.0,,11.1596679688,value,19.1506347656,value,4,1748.0,,1303.0,680.0,47.0,,26.0,9.0,,10.0,,,179.0,,,,,8
density_20_nback_2_id_1,1,d20_n2,49.2505111694,51.1003799438,62.5005531311,VALIDATED,73.7498168945,SINGLE,1.0496201515674315,1.2996201515674315,8.799620151567431,8.799620151567431,8.799620151567431,1.199620008516284,52.40000009536743,51.799999952316284,False,False,False,55.65000009536743,3.4994468689000016,1.8498687744000009,1.2996201515674315,3.25,10.100553035732567,11.400173187299998,11.249263763400002,22.6494369507,4.5496201515674315,6.850553035732567,0.699620008516284,3.1494889259674324,True,True,True,0.0785140164239522,0.1673016253798301,-0.8331414611402317,9,True,CONSISTENT,15.0,1.0,1200.2165222170001,0.22637328802011325,0.8793029779997141,1.0002526195862524,85.7037963867,26.856474150076373,155.4569462515404,193.147094727,value,91.7301025391,value,4,,33.0091552734,value,15.7292480469,value,4,1886,117.0,,11.0402832031,value,34.9505615234,value,4,1937.0,,1733.0,341.0,,,71.0,20.0,,,,,117.0,,,,,8
density_20_nback_2_id_20,20,d20_n2,43.600353241,45.2998733521,,ABSENT_COLUMN,85.2001724243,SINGLE,4.4501266478999995,6.300126552532568,8.500126600216284,6.300126552532568,6.300126552532568,5.850126743267431,51.59999990463257,45.59999990463257,False,False,False,51.200000047683716,,1.6995201111,6.300126552532568,-0.39999985694885254,,,,39.900299072200006,5.900126695583715,,0.3001265525325678,7.999646663632568,True,,,0.10945303336037558,0.11404715210361321,-0.65466978325625,3,False,CONSISTENT,15.0,1.0,1200.3546142575,0.9702819825598906,1.1469116224998288,1.0000000026070555,14.5807504654,,185.905639648,,zero_after_far_value,,,4,,5.19799804688,value,,,4,2137,,,31.8298339844,value,,,4,2185.0,,1379.0,923.0,25.0,,157.0,92.0,,8.0,,,,,,,,9
density_20_nback_2_id_21,21,d20_n2,49.1503982544,51.3996772766,54.8496513367,VALIDATED,66.6497650146,SINGLE,1.400322675716282,1.600322723399998,1.900322675716282,1.600322723399998,1.600322723399998,1.150322675716282,53.0,51.40000009536743,False,False,False,53.09999990463257,3.900348663300001,2.2492790221999996,1.600322723399998,0.09999990463256836,1.8496513366999991,3.449974060099997,11.800113677900008,15.250087738000005,1.7003226280325663,1.7496514320674308,0.00032281876742956683,3.8496017455999976,True,True,True,0.07859078043357542,0.39433059696744893,-0.9934302635492924,2,False,CONSISTENT,15.0,1.0,1200.276641846,0.2839569123001183,0.9573669409999184,1.0001144816760656,71.8685302734,32.398448352241815,157.3037111692227,195.329162598,value,198.685241699,value,4,,31.5830078125,value,30.2467041016,value,4,1720,154.0,,13.3930664062,value,18.3199462891,value,4,1736.0,,1302.0,630.0,33.0,,26.0,9.0,,32.0,,,154.0,,,,,3
density_20_nback_2_id_22,22,d20_n2,49.1496543884,51.1996803284,55.8995552063,VALIDATED,59.5996780396,SINGLE,1.0503196716000005,3.2503197192837163,6.850319623916285,3.2503197192837163,3.2503197192837163,2.450319766967432,54.450000047683716,51.200000047683716,False,False,False,52.700000047683716,17.3504447937,2.0500259399999976,3.2503197192837163,-1.75,1.4495551586162847,4.699874877900001,3.7001228333,8.399997711200001,1.5003197192837163,3.1995551586162847,0.0003197192837163243,5.300345659283714,True,True,True,0.07870984938223421,0.2729650853864655,-0.9932091979579477,2,False,CONSISTENT,15.0,1.0,1200.4936218265,0.3358581526000535,0.9718322774999706,1.0000280257366911,42.1762695312,12.074020128122296,157.41394910747778,196.840270996,value,198.493530273,value,4,,31.8040771484,value,31.7731933594,value,4,1305,459.0,,16.1849365234,value,19.44140625,value,4,1323.0,,1672.0,119.0,,,27.0,9.0,,,,,459.0,,,,,5
density_20_nback_2_id_23,23,d20_n2,49.1999549866,54.1004066467,63.7998352051,VALIDATED,69.700302124,SINGLE,0.39959335329999845,0.4995932579325668,0.6495933532999985,0.4995932579325668,0.4995932579325668,0.24959325793256681,54.59999990463257,54.25,False,False,False,54.200000047683716,2.900164842583713,4.900451660100003,0.4995932579325668,-0.39999985694885254,9.199835300467434,9.699428558400001,5.900466918900001,15.599895477300002,0.09959340098371428,9.599835157416287,0.14959335329999845,5.40004491803257,True,True,True,0.07874493617942506,0.39481088636362377,-0.6461227471368604,8,True,CONSISTENT,15.0,1.0,1200.803710937,0.8029846153700759,0.8038940446999732,1.0001146523091196,42.3251953125,3.7043087585238017,156.54286813943534,193.757568359,value,88.7093505859,value,4,,35.0833740234,value,14.0906982422,value,4,1837,91.0,,13.0356445312,value,34.9727783203,value,4,1880.0,,1608.0,386.0,,,66.0,23.0,,,,,91.0,,,,,1
density_20_nback_2_id_24,24,d20_n2,49.1997528076,56.1002731323,,ABSENT_COLUMN,68.3498764038,SINGLE,0.09972691538371237,0.14972686769999655,0.19972682001628073,0.14972686769999655,0.14972686769999655,0.5997269153837124,56.25,56.15000009536743,False,False,False,,,6.900520324700004,0.14972686769999655,,,,,12.249603271499993,,,0.04972696306742819,7.0502471924000005,True,,,0.07867381527909845,0.7069252118607903,-0.7657376724120614,7,True,CONSISTENT,15.0,1.0,1201.0303039545,0.9222258347841716,0.950531007159725,1.0015253654749263,18.5795898438,,157.4089062056156,187.363830566,value,,,4,,43.5791015625,value,,,4,1775,,,8.55871582031,value,,,4,1745.0,,1394.0,573.0,213.0,,70.0,9.0,,122.0,,,,,,,,8
density_20_nback_2_id_25,25,d20_n2,45.5496444702,46.6493453979,51.6000480652,VALIDATED,67.3497924805,SINGLE,1.700654506732569,1.9006545544162847,10.250654697467432,1.950654506732569,1.950654506732569,1.9006545544162847,48.549999952316284,47.34999990463257,False,False,False,48.59999990463257,8.449951887116285,1.099700927699999,1.9006545544162847,0.04999995231628418,3.050048112883715,4.9507026673,15.7497444153,20.7004470826,1.950654506732569,3.000048160567431,0.7006545067325689,3.0003554821162837,True,True,True,0.0999701772828398,0.15565141867278062,-0.9890303494813782,2,False,CONSISTENT,15.0,1.0,1200.7129821775002,0.3988098185620174,1.1701965334998476,1.0002504550507325,105.829101562,41.73282795480419,177.45604056383266,,zero_after_far_value,,zero_after_far_value,4,,20.8908691406,value,15.2459716797,value,4,1670,233.0,,20.7332763672,value,23.5931396484,value,4,1660.0,,1007.0,939.0,53.0,,34.0,,,9.0,,,233.0,,,,,2
density_20_nback_2_id_26,26,d20_n2,49.1498413086,51.1504440308,55.5002593994,VALIDATED,63.0002250671,SINGLE,0.799556016883713,2.599555969199997,7.549556016883713,2.599555969199997,2.599555969199997,2.549556016883713,53.75,51.34999990463257,False,False,False,53.09999990463257,2.8497405052325675,2.0006027222,2.599555969199997,-0.6500000953674316,1.7502593994000009,4.349815368599998,7.499965667699996,11.849781036299994,1.9495558738325656,2.4002594947674325,0.19955587383256557,4.600158691399997,True,True,True,0.07860350918316357,0.28093396135401144,-0.9945602802590078,1,False,CONSISTENT,15.0,1.0,1200.924407959,0.24111938820010437,0.9149475129997882,1.0001121804615578,55.0705566406,15.856987042156737,157.80192041462874,197.536132812,value,202.508850098,value,4,,30.2811279297,value,27.2567138672,value,4,1640,85.0,,16.1490478516,value,23.021484375,value,4,1727.0,,1298.0,562.0,,,135.0,20.0,,,28.0,,85.0,,,,,1
density_20_nback_2_id_27,27,d20_n2,43.5501022339,45.1995315552,50.5000267029,VALIDATED,68.4496765137,SINGLE,3.450468540167435,3.5504684448000035,3.650468349432572,3.650468349432572,3.650468349432572,3.400468349432572,48.75,48.450000047683716,False,False,False,45.299999952316284,18.049973249416283,1.6494293212999978,3.5504684448000035,-3.450000047683716,1.7500267029000014,5.300495147700005,17.949649810799997,23.2501449585,0.10046839711628763,5.200026750583717,3.2504684924837193,5.199897766100001,True,True,True,0.10928903834740925,0.5877004262513988,-0.9663320264697068,4,True,CONSISTENT,15.0,1.0,1200.5523986815,0.492888923880173,1.0800476125000387,1.0006447910634044,66.809387207,41.44701632514641,187.06997730114196,,zero_after_far_value,,zero_after_far_value,4,,0.589232981205,value,10.4526367188,value,4,1671,277.0,,46.7032470703,value,31.3986816406,value,4,1594.0,,984.0,984.0,97.0,,,,,20.0,,,277.0,,,,,6
density_20_nback_2_id_28,28,d20_n2,49.2002220154,50.7001037598,56.2507858276,VALIDATED,68.2499008179,SINGLE,2.299896240199999,2.4998962878837148,3.099896192516283,3.099896192516283,1.1998963355674306,2.4498963355674306,53.200000047683716,52.200000047683716,False,False,False,53.90000009536743,6.049214124716286,1.4998817443999997,2.4998962878837148,0.7000000476837158,3.050785779916282,5.550682067799997,11.9991149903,17.549797058099998,3.1998963355674306,2.3507857322325663,1.4998962878837148,3.9997780322837144,True,True,True,0.07853422972621303,0.4996278063553618,-0.9875314529513268,3,True,CONSISTENT,15.0,1.0,1201.173980713,0.4610900895199848,1.0000915550001537,1.0016626986492176,68.2241210938,11.05875630618298,157.3252652483972,196.060058594,value,194.179077148,value,4,,31.0756835938,value,36.6782226562,value,4,1711,193.0,,13.9766845703,value,15.7712402344,value,4,1713.0,,1330.0,633.0,48.0,,59.0,9.0,,,,,193.0,,,,,7
density_20_nback_2_id_29,29,d20_n2,49.2492179871,51.049243927,53.8500442505,VALIDATED,65.0500793457,SINGLE,0.6507561206837167,0.750756025316285,0.9007561206837167,0.750756025316285,0.750756025316285,0.6007561683674325,51.799999952316284,51.09999990463257,False,False,False,,0.04995584486743354,1.8000259398999958,0.750756025316285,,2.050044298183714,2.800800323499999,11.2000350952,14.0008354187,,,0.05075597763256923,2.550781965216281,True,True,True,0.07861756084506297,0.27123588274779875,-0.9927440496796699,2,True,CONSISTENT,15.0,1.0,1200.9067382810001,0.24961525579957422,0.9226684579998619,1.0005336230748627,98.8118286133,53.39992876560689,156.03938038318387,192.655029297,value,198.110534668,value,4,,32.6722412109,value,29.6571044922,value,4,1620,156.0,,10.7642822266,value,16.6820068359,value,4,1697.0,,1342.0,559.0,,,125.0,9.0,,,39.0,,156.0,,,,,1
density_20_nback_2_id_2,2,d20_n2,49.1505775452,51.1499481201,54.9009208679,VALIDATED,61.4508857727,SINGLE,1.0000519752674322,1.8000519275837163,2.000051975267432,1.8500518799000005,1.8500518799000005,1.8500518799000005,52.950000047683716,51.799999952316284,False,False,False,52.75,2.4990792274674334,1.9993705748999986,1.8000519275837163,-0.20000004768371582,1.9509208202162824,3.750972747799999,6.5499649047999995,10.300937652599998,1.6000518799000005,2.1509208678999983,0.6500518322162847,3.799422502483715,True,True,True,0.0785105166056471,0.34793443569667876,-0.9964058030985902,2,True,CONSISTENT,15.0,1.0,1200.713256836,0.25379638509998587,0.904785155999889,1.0005617538832237,73.211730957,33.319530628163854,157.78502535488653,194.970275879,value,196.977539062,value,4,,31.8793945312,value,32.0712890625,value,4,1588,96.0,,13.0096435547,value,16.783203125,value,4,1676.0,,1319.0,510.0,,,145.0,12.0,,,45.0,,96.0,,,,,4
density_20_nback_2_id_30,30,d20_n2,43.5505943298,45.4006614685,53.7003555298,VALIDATED,68.8001708984,SINGLE,3.5493385791837184,5.249338626867434,5.449338436132571,5.249338626867434,5.249338626867434,5.199338436132571,50.65000009536743,46.700000047683716,False,False,False,47.299999952316284,8.5496444702,1.8500671386999983,5.249338626867434,-3.3500001430511475,3.050355434432568,8.299694061300002,15.099815368599998,23.3995094299,1.8993384838162868,6.400355577483715,1.2993385791837184,7.0994057655674325,True,True,True,0.10953739508115612,0.3574798339457303,-0.7624213975192781,10,True,CONSISTENT,15.0,1.0,1200.2673339845,0.27690429305998804,1.1048583955000595,1.0000000015556063,24.5726928711,8.425977174459193,186.5052541180308,,zero_after_far_value,,zero_after_far_value,4,,2.11230492592,value,16.8972167969,value,4,1711,233.0,,43.0367431641,value,7.33398389816,value,4,1633.0,,928.0,1047.0,109.0,,22.0,,,9.0,,,233.0,,,,,1
density_20_nback_2_id_31,31,d20_n2,49.199886322,50.9497795105,61.0997810364,VALIDATED,70.2499160767,SINGLE,1.6002204418162833,2.750220537183715,6.250220537183715,5.350220441816283,4.550220489499999,2.6002204418162833,53.700000047683716,51.799999952316284,False,False,False,52.59999990463257,3.8502190112837127,1.7498931885000033,2.750220537183715,-1.1000001430511475,7.399780988716287,10.150001525900002,9.1501350403,19.300136566200003,1.6502203941325675,8.499781131767435,0.8502204418162833,4.500113725683718,True,True,True,0.07873456153450023,0.17108964093057513,-0.790085301335922,4,True,CONSISTENT,15.0,1.0,1201.199951172,1.0138671884000359,1.0416259789001288,1.0005431660413902,61.9276733398,11.03243008113579,157.41460374213588,192.639770508,value,135.252929688,value,4,,35.0565185547,value,22.5931396484,value,4,1860,116.0,,11.1707763672,value,26.7662353516,value,4,1868.0,,1414.0,591.0,12.0,,26.0,9.0,,3.0,,,116.0,,,,,1
density_20_nback_2_id_32,32,d20_n2,49.1496696472,50.6495399475,57.6994934082,VALIDATED,64.1500473022,SINGLE,1.1504600048162814,4.550460100183713,4.650460004816281,4.650460004816281,4.650460004816281,4.450459957132566,55.200000047683716,54.799999952316284,False,False,False,,,1.4998703003000031,4.550460100183713,,2.499493360516283,7.049953460699996,6.450553893999995,13.500507354699991,,,4.150460004816281,6.050330400483716,True,True,True,0.07894558192219893,0.24004186936919947,-0.9259185305583483,3,False,CONSISTENT,15.0,1.0,1200.7374572755,0.5287170386298954,0.8960266075000618,1.0008620191003985,49.3414306641,18.321564424292642,157.71571523151675,175.086975098,value,157.889099121,value,4,,4.64660596848,value,19.3651123047,value,4,1734,111.0,,46.4770507812,value,29.9809570312,value,4,1717.0,,1345.0,537.0,46.0,,27.0,8.0,,10.0,,,111.0,,,,,5
density_20_nback_2_id_33,33,d20_n2,49.199180603,50.9992408752,55.1993255615,VALIDATED,65.4493026733,SINGLE,1.65075922016743,1.90075922016743,8.800759077116282,1.90075922016743,1.90075922016743,1.7507591247999983,52.90000009536743,51.15000009536743,False,False,False,53.34999990463257,3.750674486183719,1.8000602721999996,1.90075922016743,0.4499998092651367,2.299325466132565,4.200084686299995,10.2499771118,14.450061798099995,2.3507590294325666,1.8493256568674283,0.15075922016742993,3.7008194923674296,True,True,True,0.07863065264693564,0.26292371708463935,-0.9941029369898168,1,False,CONSISTENT,15.0,1.0,1201.1569519045,0.2901855464850428,0.8605041495002297,1.0000571982748687,74.9326782227,21.29301399888664,157.1356993324048,195.191589355,value,203.473205566,value,4,,31.5717773438,value,25.8489990234,value,4,1701,126.0,,12.9643554688,value,23.2326660156,value,4,1744.0,,1293.0,615.0,29.0,,26.0,9.0,,55.0,,,126.0,,,,,9
density_20_nback_2_id_34,34,d20_n2,49.199962616,50.9000968933,54.0508041382,VALIDATED,63.2500305176,SINGLE,0.7999031543837134,1.0499031543837134,1.3999030590162818,1.0499031543837134,1.0499031543837134,1.1499030590162818,51.950000047683716,50.950000047683716,False,False,False,52.09999990463257,3.999195814116284,1.7001342773000019,1.0499031543837134,0.14999985694885254,2.1008040905162844,3.1507072448999978,9.199226379400002,12.3499336243,1.199903011332566,1.9508042335674318,0.0499031543837134,2.7500374316837153,True,True,True,0.07872381426500036,0.32815791255492566,-0.9906644109658432,2,False,CONSISTENT,15.0,1.0,1201.1791076665,1.186193849999904,1.1890563966999252,1.0009352263650517,95.5169677734,48.78108809109421,157.06097311799155,193.027587891,value,198.801452637,value,4,,32.5382080078,value,29.2430419922,value,4,1585,135.0,,10.8386230469,value,17.3126220703,value,4,1697.0,,1320.0,543.0,22.0,,143.0,9.0,,,,,135.0,,,,,1
density_20_nback_2_id_35,35,d20_n2,49.1504936218,51.1003494263,54.5505027771,VALIDATED,64.050491333,SINGLE,0.8996505737000007,1.0996506213837165,2.499650478332569,1.0996506213837165,1.0996506213837165,0.8496506213837165,52.200000047683716,51.299999952316284,False,False,False,52.700000047683716,3.9494972229,1.9498558044999967,1.0996506213837165,0.5,2.3505027294162844,3.450153350800001,9.499988555899996,12.950141906699997,1.5996506213837165,1.8505027294162844,0.19965052601628486,3.0495064258837132,True,True,True,0.07865044762264002,0.32068578586103336,-0.9969274269862202,2,False,CONSISTENT,15.0,1.0,1200.6216735839998,0.2760314979998384,1.0241394090000995,1.0001646513764055,89.5903930664,35.01877676357693,157.76709460736834,193.144958496,value,201.717651367,value,4,,32.7966308594,value,26.9508056641,value,4,1626,137.0,,10.8403320312,value,20.8188476562,value,4,1699.0,,1300.0,581.0,,,27.0,23.0,,91.0,22.0,,137.0,,,,,5
density_20_nback_2_id_36,36,d20_n2,49.1501426697,50.9002037048,55.3002510071,VALIDATED,60.349571228,SINGLE,1.1997961998325692,1.899796247516285,2.1997961998325692,1.899796247516285,1.899796247516285,1.7997963428837167,52.799999952316284,51.59999990463257,False,False,False,,17.899749040583714,1.7500610350999963,1.899796247516285,,2.5002510547837176,4.400047302300003,5.0493202209,9.449367523200003,,,0.6997961998325692,3.6498572826162814,True,True,True,0.0786984549533099,0.1810008137961499,-0.9931014823688069,2,False,CONSISTENT,15.0,1.0,1200.6701660160002,0.32275390380004865,0.9821777359998123,1.0002293730566576,75.8381347656,20.419534174558297,157.3966700379418,195.245056152,value,201.692138672,value,4,,31.4197998047,value,27.8363037109,value,4,1309,470.0,,13.2250976562,value,21.9477539062,value,4,1328.0,,1685.0,121.0,,,27.0,8.0,,,,,470.0,,,,,5
density_20_nback_2_id_37,37,d20_n2,43.5500030518,46.8502464294,,ABSENT_COLUMN,72.5502166748,SINGLE,2.5497536659674296,5.349753618283714,5.949753522916282,5.449753522916282,5.449753522916282,5.349753618283714,52.200000047683716,48.65000009536743,False,False,False,50.09999990463257,,3.3002433776000046,5.349753618283714,-2.1000001430511475,,,,25.699970245399996,3.2497534752325663,,1.7997536659674296,8.649996995883718,True,,,0.10908435772501607,0.1712013126013514,-0.8276261572772571,10,False,CONSISTENT,15.0,1.0,1200.5239868165,0.48400879169980726,0.9155883775001712,1.0009544966740778,24.0816650391,,187.69210800880793,,zero_after_far_value,,,4,,15.8865966797,value,,,4,1813,,,13.7485351562,value,,,4,1801.0,,958.0,1092.0,249.0,,61.0,,,176.0,,,,,,,,9
density_20_nback_2_id_38,38,d20_n2,43.5503959656,46.1500892639,,ABSENT_COLUMN,65.3007659912,SINGLE,1.5499107837837158,3.9499106407325684,4.049910783783716,3.9999108314674316,3.9999108314674316,3.8499107361,50.09999990463257,47.09999990463257,False,False,False,48.65000009536743,,2.5996932982999965,3.9499106407325684,-1.4499998092651367,,,,19.150676727299995,2.4999108314674316,,0.9499106407325684,6.549603939032565,True,,,0.10945471667641117,0.7047811596660822,-0.6896775891709874,4,False,CONSISTENT,15.0,1.0,1201.2490844725,0.6040768643059435,0.9914550774999498,1.0006392054664883,32.9250488281,,187.38589646074024,,zero_after_far_value,,,4,,45.5804443359,value,,,4,1160,,,2.34643602371,value,,,4,1568.0,,963.0,943.0,136.0,,535.0,202.0,,211.0,,,,,,,,3
density_20_nback_2_id_39,39,d20_n2,43.6002578735,44.9495773315,101.30040741,VALIDATED,110.650108337,SINGLE,4.550422668499998,4.700422763867429,4.950422763867429,4.900422573132566,4.900422573132566,4.500422716183714,49.65000009536743,49.049999952316284,False,False,False,51.049999952316284,,1.3493194580000036,4.700422763867429,1.3999998569488525,51.650407314632574,56.3508300785,9.349700927,65.70053100550001,6.100422620816282,50.25040745768372,4.100422620816282,6.049742221867433,True,True,True,0.10928821933715943,0.19576901151869652,-0.8200125434335993,4,True,CONSISTENT,15.0,1.0,1201.2990417484998,1.2991027792697878,1.2991638215999046,1.0000257308810605,43.8239135742,6.691522196506739,187.15703899283346,,zero_after_far_value,,zero_after_far_value,4,,44.9036865234,value,30.0070800781,value,4,2665,122.0,,2.14953589439,value,3.65515089035,value,4,2497.0,,1175.0,1637.0,193.0,,17.0,,,8.0,,,122.0,,,,,7
density_20_nback_2_id_3,3,d20_n2,49.1500968933,50.8502159119,55.7500152588,VALIDATED,60.2998695374,SINGLE,2.3997840880999988,2.8497841357837146,2.949784040416283,2.8497841357837146,2.8497841357837146,2.8497841357837146,53.700000047683716,52.65000009536743,False,False,False,50.950000047683716,4.649984836567434,1.7001190185999988,2.8497841357837146,-2.75,2.050015211116282,4.8997993468999965,4.549854278600002,9.449653625499998,0.09978413578371459,4.800015211116282,1.7997841834674304,4.549903154383713,True,True,True,0.07862645854523355,0.2955740185100669,-0.9923562068578746,2,False,CONSISTENT,15.0,1.0,1200.9811706545,0.36648865117241486,1.0362853985002403,1.00057286839929,58.1950073242,17.787079367245536,157.82204849397485,195.404846191,value,196.024658203,value,4,,32.3637695312,value,34.0979003906,value,4,1265,514.0,,13.9729003906,value,16.8930664062,value,4,1284.0,,1688.0,118.0,,,27.0,8.0,,,,,514.0,,,,,4
density_20_nback_2_id_40,40,d20_n2,43.5499076843,45.9505882263,58.099811554,VALIDATED,68.4497680664,SINGLE,2.299411773700001,3.499411821383717,4.449411869067433,3.549411773700001,3.549411773700001,3.4494118690674327,49.450000047683716,47.299999952316284,False,False,False,,,2.4006805419999964,3.499411821383717,,8.649811506316283,12.1492233277,10.349956512399999,22.4991798401,,,1.3494117260162852,5.900092363383713,True,True,True,0.10891067042029688,0.14685436808437352,-0.20578986899918567,10,True,CONSISTENT,15.0,1.0,1201.3108520515,1.2915405292999822,1.3106079080998825,0.9989114428762766,48.7830200195,10.518404424116113,187.36409255238078,,zero_after_far_value,213.92755127,value,4,,45.0523681641,value,34.8022460938,value,4,1327,143.0,,1.90576195717,value,5.22729492188,value,4,1788.0,,1100.0,868.0,24.0,,489.0,13.0,,9.0,,,143.0,,,,,3
density_20_nback_2_id_41,41,d20_n2,43.5506362915,45.250213623,121.049949646,VALIDATED,146.550476074,SINGLE,2.4997863769999995,2.599786281632568,2.899786472367431,6.899786472367431,1.9497864246837153,2.399786472367431,47.84999990463257,47.549999952316284,False,False,False,45.34999990463257,6.85005044936743,1.6995773315000022,2.599786281632568,-2.5,73.19994974136743,75.79973602300001,25.500526427999986,101.30026245099998,0.09978628163256786,75.69994974136743,2.2997863293162837,4.29936361313257,True,True,True,0.10894459961151659,0.09253885867714834,-0.28033578303978446,7,True,CONSISTENT,15.0,1.0,1200.5195007325,0.5192565897900749,1.0929260205000446,1.0,83.4417114258,5.857730138290288,187.7243068035662,,zero_after_far_value,,zero_after_far_value,4,,41.4665527344,value,70.7624511719,value,4,2410,1112.0,,4.34350585938,value,,zero_after_near_value,4,2656.0,,1127.0,2404.0,24.0,,,,,9.0,851.0,,,,,,,4
density_20_nback_2_id_42,42,d20_n2,43.5503005981,46.2004432678,,ABSENT_COLUMN,80.3497619629,SINGLE,1.8995566368325711,3.799556732200003,6.399556636832571,3.849556684516287,3.849556684516287,3.649556636832571,50.0,47.65000009536743,False,False,False,49.09999990463257,,2.6501426696999957,3.799556732200003,-0.9000000953674316,,,,34.14931869510001,2.899556636832571,,1.4495568275674344,6.4496994018999985,True,,,0.10959473433949836,0.07675651291049829,-0.5523458529267405,5,False,CONSISTENT,15.0,1.0,1200.7777099609998,0.7051574923713586,0.8787231490000522,1.0009002893658328,43.4382324219,,187.01322798118287,,zero_after_far_value,,,4,,4.95361280441,value,,,4,1962,,,40.9937744141,value,,,4,1912.0,,1194.0,1012.0,103.0,,45.0,191.0,,199.0,,,,,,,,8
density_20_nback_2_id_43,43,d20_n2,43.5503463745,45.7503814697,55.0496902466,VALIDATED,72.3506088257,SINGLE,1.9496185779837134,4.599618434932566,4.849618434932566,4.749618530299998,4.749618530299998,1.9496185779837134,50.34999990463257,49.950000047683716,False,False,False,48.84999990463257,8.000309705716283,2.2000350952000005,4.599618434932566,-1.5,4.6996903419674325,9.299308776899998,17.300918579099992,26.60022735599999,3.099618434932566,6.1996903419674325,4.199618577983713,6.7996535301325665,True,True,True,0.10942924342541158,0.16967046669477834,-0.7761620175278297,6,False,CONSISTENT,15.0,1.0,1200.702484131,0.6624241079308831,1.014007564000167,1.000223890304063,41.3381958008,4.841021397674367,187.15085657035806,,zero_after_far_value,,zero_after_far_value,4,,9.66674804688,value,19.8353271484,value,4,1677,243.0,,34.7534179688,value,4.56213378906,value,4,1730.0,,982.0,1065.0,74.0,,119.0,,,8.0,,,243.0,,,,,5
density_20_nback_2_id_44,44,d20_n2,43.599773407,45.0497589111,52.9001655579,VALIDATED,68.8502197266,SINGLE,2.400241136583716,2.600241184267432,4.650241136583716,4.600241184267432,4.600241184267432,4.550240993532569,47.65000009536743,47.15000009536743,False,False,False,49.59999990463257,8.849834442099997,1.449985504099999,2.600241184267432,1.9499998092651367,5.250165462532571,7.850406646800003,15.9500541687,23.800460815500003,4.550240993532569,3.3001656532674346,2.100241184267432,4.050226688367431,True,True,True,0.10901631459469026,0.16919729183015642,-0.8984191986388054,5,True,CONSISTENT,15.0,1.0,1201.2810668944999,1.0861753706664217,1.1813354455000535,1.0019351723419805,85.7827148438,11.03919825332425,187.3191576013642,,zero_after_far_value,,zero_after_far_value,4,,37.7940673828,value,8.19226074219,value,4,1683,238.0,,7.99645996094,value,17.3894042969,value,4,1645.0,,972.0,1005.0,94.0,,47.0,,,9.0,,,238.0,,,,,7
density_20_nback_2_id_45,45,d20_n2,43.5501823425,45.4500770569,54.7500801086,VALIDATED,90.1003036499,SINGLE,3.249922990783716,3.2999229431000003,3.449923038467432,4.3499228954162845,2.699923038467432,3.199923038467432,48.75,48.549999952316284,False,False,False,49.549999952316284,10.349919796032566,1.8998947143999985,3.2999229431000003,0.7999999523162842,6.000080108600002,9.300003051700003,35.3502235413,44.650226593,4.0999228954162845,5.200080156283718,3.0999228954162845,5.199817657499999,True,True,True,0.10946752014684275,0.2075461468950743,-0.7003533594445195,10,True,CONSISTENT,15.0,1.0,1201.0873107915,0.9544616682150717,0.9680480920999344,1.0000481903717093,61.7491455078,4.10408497997486,187.26051328373626,,zero_after_far_value,,zero_after_far_value,4,,40.3826904297,value,18.5473632812,value,4,1780,514.0,,5.72180223465,value,5.25573682785,value,4,1829.0,,1043.0,1359.0,59.0,,99.0,,,9.0,,,514.0,,,,,4
density_20_nback_2_id_46,46,d20_n2,43.550151825,44.8502044678,50.4507331848,VALIDATED,66.4502716064,SINGLE,3.4997954368325708,3.7497954368325708,4.249795436832571,3.7497954368325708,3.7497954368325708,3.6497955322000024,48.59999990463257,48.200000047683716,False,False,False,48.5,8.349266767516283,1.3000526427999972,3.7497954368325708,-0.09999990463256836,1.8507332801674323,5.600528717000003,15.999538421599993,21.600067138599996,3.6497955322000024,1.9507331848000007,3.3497955798837182,5.049848079632568,True,True,True,0.10961855131722242,0.3457535324748302,-0.9435796296981025,2,False,CONSISTENT,15.0,1.0,1200.93283081,0.6657043445620616,1.1058044479998443,1.0003157972908192,62.2447509766,21.078498191754882,187.30283958301135,,zero_after_far_value,,zero_after_far_value,4,,37.2030029297,value,42.0860595703,value,4,1144,219.0,,8.78881835938,value,7.95434617996,value,4,1544.0,,937.0,992.0,166.0,,558.0,,,8.0,,,219.0,,,,,2
density_20_nback_2_id_47,47,d20_n2,43.6002540588,45.8998756409,60.6994552612,VALIDATED,78.1994094849,SINGLE,0.7001242637325689,4.800124406783716,6.550124406783716,4.8501243591000005,0.8001244067837163,0.6501243114162847,50.700000047683716,50.09999990463257,False,False,False,48.75,11.200544834167431,2.299621582100002,4.800124406783716,-1.9500000476837158,9.999455213516285,14.799579620300001,17.4999542237,32.299533844,2.8501243591000005,11.9494552612,4.200124263732569,7.099745988883718,True,True,True,0.10960624838755224,0.2685958307172854,-0.8566628388258567,2,True,CONSISTENT,15.0,1.0,1201.2910766599998,1.29064941446768,1.2910766562497429,1.0001935174719307,29.4916381836,0.8964441551574176,186.19779178693196,,zero_after_far_value,172.658447266,value,4,,4.59411621094,value,20.6325683594,value,4,1780,274.0,,38.3653564453,value,11.1307373047,value,4,1838.0,,1066.0,1097.0,51.0,,100.0,,,9.0,,,274.0,,,,,4
density_20_nback_2_id_48,48,d20_n2,43.5995597839,45.3001747131,,ABSENT_COLUMN,82.9501266479,SINGLE,1.0498251915325696,2.849825382267433,2.9998252392162854,3.099825382267433,2.0498251915325696,2.349825382267433,48.15000009536743,47.549999952316284,False,False,False,50.34999990463257,,1.7006149292000003,2.849825382267433,2.1999998092651367,,,,37.64995193480001,5.04982519153257,,2.2498252392162854,4.550440311467433,True,,,0.10940083764003444,0.37109137352673693,-0.7732701127856997,5,True,CONSISTENT,15.0,1.0,1201.3138427735,1.0021119128959979,1.074523444944134,1.0013775758857064,74.8778076172,,186.2107895600111,,zero_after_far_value,,,4,,38.8295898438,value,,,4,1208,,,6.94018602371,value,,,4,1970.0,,1078.0,1181.0,75.0,,828.0,214.0,,223.0,,,,,,,,2
density_20_nback_2_id_49,49,d20_n2,43.5496940613,46.3495674133,,ABSENT_COLUMN,106.949821472,SINGLE,2.7004325390162833,3.050432682067431,3.350432634383715,3.2504324913325675,3.2504324913325675,2.650432586699999,49.40000009536743,48.5,False,False,False,56.549999952316284,,2.7998733519999988,3.050432682067431,7.1499998569488525,,,,60.600254058699996,10.200432539016283,,2.150432586699999,5.8503060340674296,True,,,0.10905181499489024,0.2312712338348309,0.27713521472780617,-10,True,CONSISTENT,15.0,1.0,1200.325256347,0.33227538612004537,0.9566040079998857,1.0000532696095557,47.899597168,,186.67608791659933,,zero_after_far_value,,,4,,44.1721191406,value,,,4,2480,,,2.78271508217,value,,,4,2253.0,,2059.0,680.0,344.0,,236.0,142.0,,23.0,,,,,,,,8
density_20_nback_2_id_4,4,d20_n2,49.15001297,50.9504241943,54.3006248474,VALIDATED,62.3003311157,SINGLE,0.49957585338371757,1.0495758057000018,1.1995759010674334,1.0495758057000018,1.0495758057000018,1.14957571033257,52.0,51.15000009536743,False,False,False,,21.899375200283714,1.8004112242999994,1.0495758057000018,,2.3006248474000017,3.3502006531000035,7.999706268299995,11.349906921399999,,,0.1995759010674334,2.849987030000001,True,True,True,0.07864999976733059,0.22711137903082,-0.9877520396565296,2,False,CONSISTENT,15.0,1.0,1200.2167663585,0.22589722220013755,0.9023742644999402,1.000056695540232,94.0173950195,43.20720468719566,157.75046026596382,192.58795166,value,198.581420898,value,5,,33.0988769531,value,29.7985839844,value,5,1269,550.0,,10.3430175781,value,17.4025878906,value,5,1286.0,,1722.0,123.0,,,26.0,9.0,,,,,550.0,,,,,6
density_20_nback_2_id_50,50,d20_n2,43.5500488281,46.3497886658,59.0503158569,VALIDATED,75.400062561,SINGLE,4.25021123883257,5.300211429567433,6.800211429567433,5.300211429567433,5.300211429567433,4.200211286516286,51.65000009536743,46.700000047683716,False,False,False,52.450000047683716,6.849684238467432,2.7997398376999953,5.300211429567433,0.7999999523162842,7.400315761532568,12.7005271911,16.3497467041,29.0502738952,6.100211381883717,6.6003158092162835,0.35021138188371737,8.099951267267429,True,True,True,0.10917875773057263,0.12250205093941981,-0.9524613133311789,3,True,CONSISTENT,15.0,1.0,1200.535095215,0.5317138696399525,0.9357299830001011,1.0002933258180824,21.654296875,6.680341286279521,187.28096385745792,,zero_after_far_value,197.126037598,value,4,,11.3765869141,value,13.6794433594,value,4,1824,196.0,,24.1066894531,value,20.2844238281,value,4,1848.0,,1066.0,1041.0,63.0,,78.0,,,9.0,,,196.0,,,,,3
density_20_nback_2_id_51,51,d20_n2,43.5500030518,45.9991836548,54.1999206543,VALIDATED,70.4496002197,SINGLE,1.5008163452000005,1.7508163452000005,4.050816297516285,4.200816392883716,1.0508162975162847,1.5008163452000005,47.75,47.299999952316284,False,False,False,,9.20007944106743,2.449180603000002,1.7508163452000005,,6.449920654300001,8.200736999500002,16.2496795654,24.450416564900003,,,1.3008162975162847,4.199996948200003,True,True,True,0.10948040927223864,0.3307694117501944,-0.7127767209531302,5,False,CONSISTENT,15.0,1.0,1200.8310852050001,0.7779691203700168,0.8586120629997822,1.0010587154782988,84.0092163086,1.9459205379702795,187.23203976801557,,zero_after_far_value,,zero_after_far_value,4,,38.3347167969,value,11.7878417969,value,4,1711,259.0,,7.37402296066,value,8.89428710938,value,4,1597.0,,929.0,1080.0,153.0,,31.0,,,8.0,,,259.0,,,,,7
density_20_nback_2_id_52,52,d20_n2,43.5996742249,45.8000640869,120.799491882,VALIDATED,136.349609375,SINGLE,3.5499358177325675,12.6999359131,14.399935960783715,13.9499359131,13.9499359131,14.299935817732568,58.5,48.299999952316284,False,False,False,55.700000047683716,6.8505082133674335,2.2003898620000015,12.6999359131,-2.799999952316284,62.299491882,74.99942779509999,15.550117493000002,90.5495452881,9.899935960783715,65.09949183431628,2.4999358654162833,14.9003257751,True,True,True,0.10896772205285304,0.021425844045581604,-0.3033828488816692,10,True,CONSISTENT,15.0,1.0,1201.0876159665,1.0858459493599184,1.0877380345998517,1.0000000868630345,37.1753540039,10.115816057793154,187.23455002029996,177.030700684,value,,zero_after_far_value,4,,1.60913097858,value,87.0460205078,value,4,2898,373.0,,48.3112792969,value,,zero_after_near_value,4,2544.0,,1394.0,1932.0,25.0,,47.0,,,8.0,382.0,375.0,,,,,,6
density_20_nback_2_id_53,53,d20_n2,43.5992240906,44.9993438721,49.0991744995,VALIDATED,62.699382782,SINGLE,1.750656127900001,1.9006562232674327,2.1506562232674327,1.9006562232674327,1.9006562232674327,1.8506560325325694,46.90000009536743,45.700000047683716,False,False,False,46.450000047683716,7.2508254051325665,1.4001197814999955,1.9006562232674327,-0.4500000476837158,2.1991744041325703,4.099830627400003,13.600208282499999,17.7000389099,1.4506561755837168,2.649174451816286,0.7006561755837168,3.300776004767428,True,True,True,0.10895105139422738,0.23714991333039281,-0.993270782292894,1,False,CONSISTENT,15.0,1.0,1201.474975586,0.33765258758501193,1.0053100630000245,1.0000000000000384,102.588989258,48.58006052326329,187.0447554597816,,zero_after_far_value,,zero_after_far_value,4,,36.6804199219,value,35.7479248047,value,4,972,873.0,,9.08190917969,value,12.1184082031,value,4,1460.0,,1344.0,509.0,173.0,,,,,8.0,,,220.0,,,,,2
density_20_nback_2_id_54,54,d20_n2,43.5497589111,44.9995307922,51.449672699,VALIDATED,64.8498916626,SINGLE,2.250469207800002,3.050469160116286,4.35046911243257,4.35046911243257,4.35046911243257,2.2004692554837177,48.049999952316284,47.15000009536743,False,False,False,49.299999952316284,6.350327253316287,1.4497718810999984,3.050469160116286,1.25,3.399672746683713,6.450141906799999,13.400218963600004,19.850360870400003,4.300469160116286,2.149672746683713,2.1504693031674336,4.5002410412162845,True,True,True,0.10893496241464956,0.2585566611461209,-0.9460881552960536,4,True,CONSISTENT,15.0,1.0,1200.747589111,0.6329042340330489,1.0787658689998807,1.0013509602454098,78.7947998047,24.093010223171255,187.20502288008612,,zero_after_far_value,,zero_after_far_value,4,,41.6688232422,value,7.08606004715,value,4,1639,186.0,,4.19067382812,value,29.2635498047,value,4,1665.0,,1016.0,881.0,46.0,,63.0,,,9.0,,,186.0,,,,,6
density_20_nback_2_id_55,55,d20_n2,43.6001968384,47.2503395081,80.7505874634,VALIDATED,96.7500762939,SINGLE,1.3496603965325704,1.3996605872674337,1.6496605872674337,3.1496605872674337,1.0996603965325704,1.2996604442162862,48.65000009536743,48.5,False,False,False,50.0,4.8994126319674365,3.6501426696999957,1.3996605872674337,1.3499999046325684,32.10058736803256,33.5002479553,15.999488830499999,49.499736785799996,2.749660491900002,30.750587463399995,1.249660491900002,5.049803256967429,True,True,True,0.10941346295380866,0.11516389859172899,-0.800127642781452,3,True,CONSISTENT,15.0,1.0,1201.0531921385,1.053192140100009,1.053497318340078,1.00000245874155,65.6303710938,2.2729761642857036,186.79822697117405,,zero_after_far_value,,zero_after_far_value,4,,43.0483398438,value,24.1151123047,value,4,2036,128.0,,3.01672410965,value,11.3608398438,value,4,2345.0,,1665.0,869.0,61.0,,92.0,,269.0,9.0,,,128.0,,,,,9
density_20_nback_2_id_56,56,d20_n2,43.6003570557,45.500164032,,ABSENT_COLUMN,71.8003158569,SINGLE,1.1998360156837151,4.349835872632568,5.249835967999999,4.7998359203162835,4.7998359203162835,1.0998358726325677,49.84999990463257,46.5,False,False,False,50.40000009536743,,1.899806976299999,4.349835872632568,0.5500001907348633,,,,26.3001518249,4.899836063367431,,0.9998359679999993,6.249642848932567,True,,,0.10972877843216099,0.25575548956328387,-0.8656661197394984,3,True,CONSISTENT,15.0,1.0,1201.339630127,1.003973387074984,1.1977843027909785,1.0016951619464172,41.9167480469,,186.3938705903477,,zero_after_far_value,,,4,,0.703857004642,value,,,4,1747,,,46.1135253906,value,,,4,1681.0,,934.0,1102.0,113.0,,38.0,242.0,,251.0,,,,,,,,2
density_20_nback_2_id_57,57,d20_n2,43.6001586914,45.3501014709,47.8501586914,VALIDATED,56.8000450134,SINGLE,0.5498986244674313,0.6498985290999997,1.0998985767837155,0.6498985290999997,0.6498985290999997,0.5498986244674313,46.0,45.549999952316284,False,False,False,,,1.749942779500003,0.6498985290999997,,1.8501586913999972,2.500057220499997,8.949886322000005,11.449943542500002,,,0.19989848141628386,2.3998413086000028,True,True,True,0.10935869978178596,0.6802890441669908,-0.9945888578744938,2,True,CONSISTENT,15.0,1.0,1201.470855713,0.3981599561012558,1.1141662610000367,0.9999032416602995,124.758911133,80.52468637335555,187.26847185749992,,zero_after_far_value,,zero_after_far_value,4,,37.7530517578,value,37.1765136719,value,4,947,779.0,,8.53369140625,value,9.81286621094,value,4,1478.0,,1326.0,408.0,123.0,,,,,8.0,,,133.0,,,,,4
density_20_nback_2_id_5,5,d20_n2,49.1502609253,51.2002105713,64.9999847412,VALIDATED,76.0003890991,SINGLE,1.6497893333325706,1.7997894287000022,4.349789381016286,4.499789476383718,3.3997893333325706,1.6997895240674339,53.0,51.799999952316284,False,False,False,52.65000009536743,4.9000153541674365,2.0499496459999946,1.7997894287000022,-0.34999990463256836,11.999984741199995,13.799774169899997,11.00040435790001,24.800178527800007,1.4497895240674339,12.349984645832564,0.5997893810162864,3.849739074699997,True,True,True,0.07860077410339697,0.14340631870412285,0.5162408732964463,-10,True,CONSISTENT,15.0,1.0,1200.8466491694999,0.8213195816848042,0.9642639155001689,1.0004439910958292,73.2682495117,14.534145757715734,157.4587752568904,193.928771973,value,60.9943847656,value,4,,33.0209960938,value,48.0415039062,value,4,1809,152.0,,11.7639160156,value,10.7442626953,value,4,1916.0,,1913.0,207.0,44.0,,159.0,8.0,,,,,152.0,,,,,8
density_20_nback_2_id_6,6,d20_n2,37.8006324768,39.1502799988,44.0003890991,VALIDATED,62.8007507324,SINGLE,0.44971990583256627,1.7497200965674296,4.149719953516282,4.149719953516282,0.5497200488837137,0.3997199535162821,40.90000009536743,40.700000047683716,False,False,False,,18.899610996267434,1.349647522000005,1.7497200965674296,,3.100389003732566,4.850109100299996,18.8003616333,23.650470733599995,,,1.5497200488837137,3.0993676185674346,True,True,True,0.11678461039154697,0.25918745634003926,-0.9263251727637748,2,True,CONSISTENT,15.0,1.0,1200.400115967,0.2779603490820136,1.0340271020002092,1.0002981344449005,117.938049316,53.7817500206466,196.02738340972704,185.303955078,value,180.906616211,value,4,,18.2443847656,value,89.2124023438,value,4,671,978.0,,50.6256103516,value,41.0926513672,value,4,1161.0,,1648.0,208.0,326.0,,207.0,14.0,,,,,355.0,,,,,4
density_20_nback_2_id_7,7,d20_n2,49.15001297,50.8000869751,55.0495567322,VALIDATED,64.149230957,SINGLE,1.4999129772162831,1.5999131202674306,1.8999130725837148,1.9999129772162831,1.0499129295325673,1.4999129772162831,52.40000009536743,52.049999952316284,False,False,False,52.700000047683716,3.8004431724325656,1.6500740051000022,1.5999131202674306,0.2999999523162842,2.649556636832571,4.249469757100002,9.099674224799998,13.3491439819,1.8999130725837148,2.349556684516287,1.2499129772162831,3.249987125367433,True,True,True,0.07871930883470686,0.45366706047629995,-0.9974453408471848,2,False,CONSISTENT,15.0,1.0,1200.2743530275,0.2808837925001626,1.0022583044999465,1.0000571992120515,84.7398071289,25.75607178262662,157.7648766579688,194.113525391,value,201.137390137,value,4,,32.0533447266,value,28.0294189453,value,4,1651,109.0,,12.0126953125,value,21.0194091797,value,4,1721.0,,1308.0,574.0,,,122.0,17.0,,,35.0,,109.0,,,,,7
density_20_nback_2_id_8,8,d20_n2,49.2001571655,50.850227356,53.2002258301,VALIDATED,77.9502410889,SINGLE,0.5497727393674339,0.6997725963162864,0.9497725963162864,0.6997725963162864,0.6997725963162864,0.9497725963162864,51.549999952316284,50.90000009536743,False,False,False,,,1.6500701904999957,0.6997725963162864,,1.6502258777837184,2.349998474100005,24.750015258799998,27.100013732900003,,,0.04977273936743387,2.349842786816282,True,True,True,0.07841260548342353,0.5073297550002024,-0.9953982050197747,2,True,CONSISTENT,15.0,1.0,1200.521850586,0.3508422869999663,0.9424438439998539,1.0002331282398278,103.705444336,66.92151354354024,156.52253113488447,191.626037598,value,196.045043945,value,4,,33.4274902344,value,30.9799804688,value,4,1920,164.0,,9.8916015625,value,14.1656494141,value,4,1974.0,,1385.0,774.0,,,75.0,21.0,,,,,164.0,,,,,2
density_20_nback_2_id_9,9,d20_n2,43.599937439,44.9999389648,78.6999053955,VALIDATED,89.5502319336,SINGLE,4.950061082883714,5.500061035199998,7.1000609398325665,5.8500609398325665,5.8500609398325665,4.800060987516282,50.5,49.75,False,False,False,50.0,4.5500946045000035,1.4000015258000005,5.500061035199998,-0.5,28.199905395499997,33.699966430699995,10.850326538100006,44.5502929688,5.000061035199998,28.699905395499997,4.750061035199998,6.900062560999999,True,True,True,0.10888360053407373,0.04907799518704863,-0.8848626372070788,3,True,CONSISTENT,15.0,1.0,1201.3821716315001,1.3821716321001531,1.382293703700043,0.9999757334211774,47.0353393555,14.82802193691696,187.36053135689838,,zero_after_far_value,,zero_after_mid_value,4,,16.2030029297,value,16.1429443359,value,4,2065,165.0,,25.9890136719,value,14.6175537109,value,4,2076.0,,1780.0,572.0,150.0,,69.0,,79.0,13.0,,,165.0,39.0,,,,1
