trial_id,participant_id,scenario_id,density,nback,T_request,T_manual_start,delta_T_manual_start,T_first_brake,T_first_steer,T_first_accel,T_first_ctrl,T_first_any,T_effective_dec,T_effective_lat,T_effective_any,T_stable_candA,T_stable_candB,T_stable_candC,T_stable_candD,dt_req_to_manual_start,dt_req_to_first,dt_req_to_first_any,dt_manual_start_to_first,dt_first_to_eff,dt_eff_to_stable_candA,dt_eff_to_stable_candB,dt_req_to_stable_candA,dt_req_to_stable_candB
density_0_nback_0_id_1,1,density_0_nback_0,0,0,29.4505939484,30.7497577667,1.2991638182999985,30.65000009536743,32.700000047683716,30.549999952316284,30.65000009536743,30.549999952316284,30.65000009536743,32.25,30.65000009536743,50.049999952316284,,,38.15000009536743,1.2991638182999985,1.19940614696743,1.0994060039162825,-0.09975767133256852,0.0,19.399999856948853,,20.599406003916283,
density_0_nback_1_id_1,1,density_0_nback_1,0,1,34.1994094849,35.8501243591,1.6507148741999984,37.200000047683716,35.299999952316284,,35.299999952316284,35.299999952316284,37.200000047683716,36.25,36.25,60.25,,,49.65000009536743,1.6507148741999984,1.100590467416282,1.100590467416282,-0.5501244067837163,0.9500000476837158,24.0,,26.050590515099998,
density_0_nback_2_id_1,1,density_0_nback_2,0,2,,30.9499511719,,31.549999952316284,33.450000047683716,,31.549999952316284,31.549999952316284,31.59999990463257,34.049999952316284,31.59999990463257,43.950000047683716,77.34999990463257,,43.09999990463257,,,,0.6000487804162837,0.04999995231628418,12.350000143051147,45.75,,
density_10_nback_0_id_1,1,density_10_nback_0,10,0,21.1491756439,22.0001220703,0.8509464264000002,21.59999990463257,21.299999952316284,21.15000009536743,21.299999952316284,21.15000009536743,21.15000009536743,21.25,21.15000009536743,21.15000009536743,41.950000047683716,,35.09999990463257,0.8509464264000002,0.1508243084162828,0.000824451467430265,-0.7001221179837174,-0.14999985694885254,0.0,20.799999952316284,0.000824451467430265,20.800824403783714
density_10_nback_1_id_1,1,density_10_nback_1,10,1,26.0495834351,27.5499267578,1.500343322700001,27.34999990463257,30.40000009536743,27.200000047683716,27.34999990463257,27.200000047683716,27.34999990463257,30.950000047683716,27.34999990463257,53.549999952316284,43.799999952316284,,37.15000009536743,1.500343322700001,1.3004164695325677,1.1504166125837152,-0.1999268531674332,0.0,26.200000047683716,16.450000047683716,27.500416517216284,17.750416517216284
density_10_nback_2_id_1,1,density_10_nback_2,10,2,26.8994789124,29.1990127563,2.299533843900001,28.09999990463257,29.75,26.90000009536743,28.09999990463257,26.90000009536743,27.200000047683716,29.84999990463257,27.200000047683716,27.700000047683716,,,36.15000009536743,2.299533843900001,1.200520992232569,0.0005211829674323099,-1.0990128516674318,-0.8999998569488525,0.5,,0.8005211352837165,
density_20_nback_0_id_1,1,density_20_nback_0,20,0,,47.7006225586,,50.450000047683716,50.5,48.65000009536743,50.450000047683716,48.65000009536743,50.450000047683716,50.549999952316284,50.450000047683716,79.29999995231628,,,64.79999995231628,,,,2.749377489083713,0.0,28.84999990463257,,,
density_20_nback_1_id_1,1,density_20_nback_1,20,1,24.0501327515,25.0493030548,0.9991703032999979,24.90000009536743,28.40000009536743,24.200000047683716,24.90000009536743,24.200000047683716,24.200000047683716,35.0,24.200000047683716,54.09999990463257,47.049999952316284,,41.34999990463257,0.9991703032999979,0.8498673438674302,0.14986729618371442,-0.14930295943256766,-0.7000000476837158,29.899999856948853,22.84999990463257,30.049867153132567,22.999867200816283
density_20_nback_2_id_1,1,density_20_nback_2,20,2,49.2505111694,51.1003799438,1.8498687744000009,51.450000047683716,59.90000009536743,49.299999952316284,51.450000047683716,49.299999952316284,49.299999952316284,60.799999952316284,49.299999952316284,49.59999990463257,70.70000004768372,,63.950000047683716,1.8498687744000009,2.1994888782837165,0.04948878291628489,0.34962010388371567,-2.1500000953674316,0.2999999523162842,21.40000009536743,0.34948873523256907,21.449488878283717
density_0_nback_0_id_2,2,density_0_nback_0,0,0,29.4496879578,31.3002529144,1.850564956600003,30.65000009536743,33.450000047683716,30.549999952316284,30.65000009536743,30.549999952316284,30.700000047683716,33.65000009536743,30.700000047683716,48.549999952316284,43.15000009536743,,37.799999952316284,1.850564956600003,1.2003121375674333,1.1003119945162858,-0.6502528190325698,0.04999995231628418,17.84999990463257,12.450000047683716,19.100311994516286,13.700312137567433
density_0_nback_1_id_2,2,density_0_nback_1,0,1,34.1507377625,35.7000198364,1.5492820739000024,41.950000047683716,35.299999952316284,,35.299999952316284,35.299999952316284,42.049999952316284,35.950000047683716,35.950000047683716,57.34999990463257,,,46.549999952316284,1.5492820739000024,1.1492621898162838,1.1492621898162838,-0.4000198840837186,0.6500000953674316,21.399999856948853,,23.199262142132568,
density_0_nback_2_id_2,2,density_0_nback_2,0,2,31.7504806519,33.7009391785,1.950458526600002,33.799999952316284,35.200000047683716,,33.799999952316284,33.799999952316284,34.34999990463257,35.25,34.34999990463257,53.700000047683716,,,39.200000047683716,1.950458526600002,2.0495193004162857,2.0495193004162857,0.09906077381628364,0.5499999523162842,19.350000143051147,,21.949519395783717,
density_10_nback_0_id_2,2,density_10_nback_0,10,0,21.1500549316,22.8507518768,1.7006969452000007,21.549999952316284,21.34999990463257,21.200000047683716,21.34999990463257,21.200000047683716,21.200000047683716,21.25,21.200000047683716,21.200000047683716,,,28.950000047683716,1.7006969452000007,0.19994497303256864,0.0499451160837161,-1.500751972167432,-0.14999985694885254,0.0,,0.0499451160837161,
density_10_nback_1_id_2,2,density_10_nback_1,10,1,26.0996818542,27.9505653381,1.8508834838999988,27.450000047683716,29.25,27.299999952316284,27.450000047683716,27.299999952316284,27.450000047683716,29.40000009536743,27.450000047683716,45.15000009536743,48.5,45.25,35.200000047683716,1.8508834838999988,1.3503181934837158,1.2003180981162842,-0.500565290416283,0.0,17.700000047683716,21.049999952316284,19.05031824116743,22.4003181458
density_10_nback_2_id_2,2,density_10_nback_2,10,2,26.9500465393,28.8500213623,1.8999748230000009,28.15000009536743,30.40000009536743,27.0,28.15000009536743,27.0,27.34999990463257,31.09999990463257,27.34999990463257,45.549999952316284,,,36.200000047683716,1.8999748230000009,1.199953556067431,0.0499534606999994,-0.7000212669325698,-0.8000001907348633,18.200000047683716,,18.599953413016284,
density_20_nback_0_id_2,2,density_20_nback_0,20,0,48.6503601074,50.3499107361,1.6995506287000026,50.549999952316284,49.049999952316284,49.65000009536743,49.049999952316284,49.049999952316284,49.65000009536743,49.15000009536743,49.15000009536743,67.25,,,57.700000047683716,1.6995506287000026,0.3996398449162868,0.3996398449162868,-1.2999107837837158,0.10000014305114746,18.09999990463257,,18.599639892600003,
density_20_nback_1_id_2,2,density_20_nback_1,20,1,24.1002006531,26.1002388,2.0000381468999997,24.950000047683716,27.299999952316284,24.200000047683716,24.950000047683716,24.200000047683716,24.200000047683716,29.950000047683716,24.200000047683716,45.049999952316284,45.200000047683716,,33.34999990463257,2.0000381468999997,0.8497993945837159,0.0997993945837159,-1.1502387523162838,-0.75,20.84999990463257,21.0,20.949799299216284,21.099799394583716
density_20_nback_2_id_2,2,density_20_nback_2,20,2,49.1505775452,51.1499481201,1.9993705748999986,49.34999990463257,53.0,49.200000047683716,49.34999990463257,49.200000047683716,49.200000047683716,53.049999952316284,49.200000047683716,67.09999990463257,67.54999995231628,,56.65000009536743,1.9993705748999986,0.19942235943256748,0.049422502483714936,-1.7999482154674311,-0.14999985694885254,17.899999856948853,18.34999990463257,17.949422359432567,18.399422407116283
density_0_nback_0_id_3,3,density_0_nback_0,0,0,29.4497470856,30.050037384,0.6002902984000009,30.75,32.15000009536743,30.549999952316284,30.75,30.549999952316284,30.75,32.200000047683716,30.75,36.299999952316284,,,36.90000009536743,0.6002902984000009,1.3002529144000015,1.1002528667162856,0.6999626160000005,0.0,5.549999952316284,,6.850252866716286,
density_0_nback_1_id_3,3,density_0_nback_1,0,1,34.1989974976,36.4500350952,2.2510375976000034,,35.299999952316284,,35.299999952316284,35.299999952316284,49.59999990463257,36.25,36.25,55.450000047683716,,,47.0,2.2510375976000034,1.101002454716287,1.101002454716287,-1.1500351428837163,0.9500000476837158,19.200000047683716,,21.25100255008372,
density_0_nback_2_id_3,3,density_0_nback_2,0,2,,30.5995292664,,65.65000009536743,31.799999952316284,30.59999990463257,31.799999952316284,30.59999990463257,47.5,31.90000009536743,31.90000009536743,51.200000047683716,35.450000047683716,,39.09999990463257,,,,1.200470685916283,0.10000014305114746,19.299999952316284,3.549999952316284,,
density_10_nback_0_id_3,3,density_10_nback_0,10,0,21.1001586914,23.0999031067,1.9997444153000004,21.34999990463257,21.299999952316284,21.15000009536743,21.299999952316284,21.15000009536743,21.15000009536743,21.200000047683716,21.15000009536743,30.299999952316284,24.299999952316284,,29.15000009536743,1.9997444153000004,0.1998412609162834,0.049841403967430864,-1.799903154383717,-0.14999985694885254,9.149999856948853,3.1499998569488525,9.199841260916283,3.1998412609162834
density_10_nback_1_id_3,3,density_10_nback_1,10,1,26.0496120453,28.8998889923,2.8502769469999976,27.34999990463257,30.09999990463257,27.25,27.34999990463257,27.25,27.40000009536743,30.25,27.40000009536743,45.049999952316284,35.59999990463257,45.59999990463257,34.799999952316284,2.8502769469999976,1.3003878593325666,1.2003879546999983,-1.549889087667431,0.05000019073486328,17.649999856948853,8.199999809265137,19.000387907016282,9.550387859332567
density_10_nback_2_id_3,3,density_10_nback_2,10,2,26.9498748779,27.2995510101,0.34967613219999905,30.049999952316284,28.299999952316284,26.950000047683716,28.299999952316284,26.950000047683716,27.34999990463257,28.40000009536743,27.34999990463257,51.25,,,37.59999990463257,0.34967613219999905,1.3501250744162832,0.0001251697837147958,1.000448942216284,-0.9500000476837158,23.90000009536743,,24.3001251221,
density_20_nback_0_id_3,3,density_20_nback_0,20,0,48.6500968933,50.1505622864,1.5004653931000007,50.549999952316284,49.049999952316284,49.700000047683716,49.049999952316284,49.049999952316284,49.700000047683716,49.15000009536743,49.15000009536743,92.59999990463257,,,72.04999995231628,1.5004653931000007,0.39990305901628176,0.39990305901628176,-1.100562334083719,0.10000014305114746,43.44999980926514,,43.949903011332566,
density_20_nback_1_id_3,3,density_20_nback_1,20,1,24.050037384,24.6998062134,0.6497688293999992,24.90000009536743,25.450000047683716,24.15000009536743,24.90000009536743,24.15000009536743,24.15000009536743,26.84999990463257,24.15000009536743,36.0,46.5,,34.15000009536743,0.6497688293999992,0.8499627113674322,0.09996271136743218,0.20019388196743293,-0.75,11.849999904632568,22.34999990463257,11.949962616,22.449962616
density_20_nback_2_id_3,3,density_20_nback_2,20,2,49.1500968933,50.8502159119,1.7001190185999988,49.40000009536743,53.700000047683716,49.200000047683716,49.40000009536743,49.200000047683716,49.200000047683716,53.75,49.200000047683716,65.75,58.950000047683716,,56.700000047683716,1.7001190185999988,0.24990320206742922,0.0499031543837134,-1.4502158165325696,-0.20000004768371582,16.549999952316284,9.75,16.599903106699998,9.799903154383713
density_0_nback_0_id_4,4,density_0_nback_0,0,0,29.449836731,30.3494987488,0.8996620177999972,30.700000047683716,31.549999952316284,30.549999952316284,30.700000047683716,30.549999952316284,30.700000047683716,31.59999990463257,30.700000047683716,48.200000047683716,,,37.0,0.8996620177999972,1.2501633166837145,1.1001632213162829,0.3505012988837173,0.0,17.5,,18.750163316683714,
density_0_nback_1_id_4,4,density_0_nback_1,0,1,34.1995201111,37.2995643616,3.100044250499998,,35.299999952316284,,35.299999952316284,35.299999952316284,50.34999990463257,36.200000047683716,36.200000047683716,55.15000009536743,,,46.950000047683716,3.100044250499998,1.1004798412162842,1.1004798412162842,-1.999564409283714,0.9000000953674316,18.950000047683716,,20.95047998426743,
density_0_nback_2_id_4,4,density_0_nback_2,0,2,31.7500667572,32.1499061584,0.3998394012000013,73.59999990463257,33.299999952316284,,33.299999952316284,33.299999952316284,,33.34999990463257,33.34999990463257,55.0,36.049999952316284,,39.200000047683716,0.3998394012000013,1.5499331951162851,1.5499331951162851,1.1500937939162839,0.04999995231628418,21.65000009536743,2.700000047683716,23.2499332428,4.299933195116285
density_10_nback_0_id_4,4,density_10_nback_0,10,0,21.1507015228,23.4501590729,2.2994575501000014,21.549999952316284,21.34999990463257,21.200000047683716,21.34999990463257,21.200000047683716,21.200000047683716,21.25,21.200000047683716,21.200000047683716,,,29.299999952316284,2.2994575501000014,0.19929838183256976,0.04929852488371722,-2.1001591682674317,-0.14999985694885254,0.0,,0.04929852488371722,
density_10_nback_1_id_4,4,density_10_nback_1,10,1,26.0501880646,29.8000545502,3.7498664855999984,27.40000009536743,30.200000047683716,27.25,27.40000009536743,27.25,27.40000009536743,30.34999990463257,27.40000009536743,46.799999952316284,34.950000047683716,47.40000009536743,34.950000047683716,3.7498664855999984,1.3498120307674313,1.1998119353999996,-2.400054454832567,0.0,19.399999856948853,7.549999952316284,20.749811887716284,8.899811983083715
density_10_nback_2_id_4,4,density_10_nback_2,10,2,26.8999919891,29.3500671387,2.4500751496,28.09999990463257,30.549999952316284,26.90000009536743,28.09999990463257,26.90000009536743,27.34999990463257,30.84999990463257,27.34999990463257,27.34999990463257,43.799999952316284,,35.299999952316284,2.4500751496,1.20000791553257,8.106267433305447e-06,-1.25006723406743,-0.75,0.0,16.450000047683716,0.45000791553257,16.900007963216286
density_20_nback_0_id_4,4,density_20_nback_0,20,0,48.6501960754,49.3503913879,0.7001953125,82.75,49.049999952316284,50.34999990463257,49.049999952316284,49.049999952316284,65.34999990463257,49.15000009536743,49.15000009536743,69.09999990463257,,,55.90000009536743,0.7001953125,0.3998038769162875,0.3998038769162875,-0.3003914355837125,0.10000014305114746,19.949999809265137,,20.44980382923257,
density_20_nback_1_id_4,4,density_20_nback_1,20,1,24.0500888824,26.1500282288,2.0999393463999994,24.90000009536743,30.75,24.15000009536743,24.90000009536743,24.15000009536743,24.15000009536743,30.950000047683716,24.15000009536743,38.0,27.549999952316284,,34.25,2.0999393463999994,0.8499112129674309,0.09991121296743088,-1.2500281334325685,-0.75,13.849999904632568,3.3999998569488525,13.9499111176,3.4999110699162834
density_20_nback_2_id_4,4,density_20_nback_2,20,2,49.15001297,50.9504241943,1.8004112242999994,49.5,52.0,49.200000047683716,49.5,49.200000047683716,49.299999952316284,52.09999990463257,49.299999952316284,66.54999995231628,55.049999952316284,,56.34999990463257,1.8004112242999994,0.3499870300000012,0.04998707768371702,-1.4504241942999982,-0.20000004768371582,17.25,5.75,17.399986982316285,5.899986982316285
density_0_nback_0_id_5,5,density_0_nback_0,0,0,29.4498996735,31.3998680115,1.9499683380000015,30.65000009536743,32.549999952316284,30.549999952316284,30.65000009536743,30.549999952316284,30.65000009536743,32.59999990463257,30.65000009536743,46.40000009536743,,,37.15000009536743,1.9499683380000015,1.2001004218674325,1.100100278816285,-0.749867916132569,0.0,15.75,,16.950100421867432,
density_0_nback_1_id_5,5,density_0_nback_1,0,1,34.1992645264,36.5993156433,2.400051116900002,55.25,35.299999952316284,,35.299999952316284,35.299999952316284,39.65000009536743,36.15000009536743,36.15000009536743,59.84999990463257,,,45.549999952316284,2.400051116900002,1.1007354259162838,1.1007354259162838,-1.2993156909837182,0.8500001430511475,23.699999809265137,,25.650735378232568,
density_0_nback_2_id_5,5,density_0_nback_2,0,2,31.7998714447,33.5998802185,1.8000087737999984,33.950000047683716,35.950000047683716,,33.950000047683716,33.950000047683716,34.09999990463257,36.09999990463257,34.09999990463257,62.700000047683716,77.29999995231628,,41.90000009536743,1.8000087737999984,2.1501286029837168,2.1501286029837168,0.3501198291837184,0.14999985694885254,28.600000143051147,43.200000047683716,30.900128602983717,45.50012850761628
density_10_nback_0_id_5,5,density_10_nback_0,10,0,21.100194931,23.3003635406,2.2001686095999986,21.299999952316284,21.299999952316284,21.15000009536743,21.299999952316284,21.15000009536743,21.15000009536743,21.200000047683716,21.15000009536743,21.299999952316284,70.70000004768372,,29.200000047683716,2.2001686095999986,0.19980502131628342,0.049805164367430876,-2.000363588283715,-0.14999985694885254,0.14999985694885254,49.549999952316284,0.19980502131628342,49.59980511668371
density_10_nback_1_id_5,5,density_10_nback_1,10,1,26.049654007,28.6995182037,2.6498641966999976,27.40000009536743,31.75,27.299999952316284,27.40000009536743,27.299999952316284,27.40000009536743,31.84999990463257,27.40000009536743,51.299999952316284,56.90000009536743,51.40000009536743,36.450000047683716,2.6498641966999976,1.3503460883674308,1.2503459453162833,-1.2995181083325669,0.0,23.899999856948853,29.5,25.250345945316283,30.85034608836743
density_10_nback_2_id_5,5,density_10_nback_2,10,2,26.9501018524,29.5502166748,2.600114822400002,28.15000009536743,34.049999952316284,27.0,28.15000009536743,27.0,27.40000009536743,34.40000009536743,27.40000009536743,27.40000009536743,,,36.5,2.600114822400002,1.199898242967432,0.04989814760000044,-1.4002165794325698,-0.75,0.0,,0.4498982429674321,
density_20_nback_0_id_5,5,density_20_nback_0,20,0,48.5999717712,50.2495574951,1.649585723899996,50.549999952316284,49.0,49.700000047683716,49.0,49.0,49.700000047683716,49.15000009536743,49.15000009536743,82.70000004768372,,,66.34999990463257,1.649585723899996,0.40002822879999655,0.40002822879999655,-1.2495574950999995,0.15000009536743164,33.549999952316284,,34.10002827648371,
density_20_nback_1_id_5,5,density_20_nback_1,20,1,24.100276947,26.2999382019,2.1996612549000005,25.0,26.950000047683716,24.200000047683716,25.0,24.200000047683716,24.200000047683716,35.09999990463257,24.200000047683716,147.04999995231628,170.25,,39.450000047683716,2.1996612549000005,0.8997230529999989,0.0997231006837147,-1.2999382019000016,-0.7999999523162842,122.84999990463257,146.04999995231628,122.94972300531629,146.149723053
density_20_nback_2_id_5,5,density_20_nback_2,20,2,49.1502609253,51.2002105713,2.0499496459999946,49.450000047683716,54.59999990463257,49.200000047683716,49.450000047683716,49.200000047683716,49.25,70.59999990463257,49.25,81.0,93.04999995231628,,66.90000009536743,2.0499496459999946,0.2997391223837127,0.0497391223837127,-1.750210523616282,-0.20000004768371582,31.75,43.799999952316284,31.849739074699997,43.89973902701628
density_0_nback_0_id_6,6,density_0_nback_0,0,0,29.4499454498,31.6499767303,2.2000312804999993,30.65000009536743,33.09999990463257,30.549999952316284,30.65000009536743,30.549999952316284,30.65000009536743,33.15000009536743,30.65000009536743,46.75,,,37.049999952316284,2.2000312804999993,1.2000546455674304,1.100054502516283,-0.9999766349325689,0.0,16.09999990463257,,17.3000545502,
density_0_nback_1_id_6,6,density_0_nback_1,0,1,34.1993103027,37.3001098633,3.1007995606000023,37.59999990463257,35.299999952316284,,35.299999952316284,35.299999952316284,37.549999952316284,36.200000047683716,36.200000047683716,62.84999990463257,,,48.5,3.1007995606000023,1.1006896496162852,1.1006896496162852,-2.000109910983717,0.9000000953674316,26.649999856948853,,28.65068960193257,
density_0_nback_2_id_6,6,density_0_nback_2,0,2,31.6995048523,32.8003044128,1.100799560500004,44.15000009536743,33.65000009536743,,33.65000009536743,33.65000009536743,34.75,33.75,33.75,49.299999952316284,71.09999990463257,,38.549999952316284,1.100799560500004,1.950495243067433,1.950495243067433,0.8496956825674289,0.09999990463256836,15.549999952316284,37.34999990463257,17.600495100016285,39.40049505233257
density_10_nback_0_id_6,6,density_10_nback_0,10,0,21.199848175,23.1498718262,1.9500236511999987,22.0,21.40000009536743,21.200000047683716,21.40000009536743,21.200000047683716,21.200000047683716,21.25,21.200000047683716,41.799999952316284,,,29.450000047683716,1.9500236511999987,0.200151920367432,0.00015187268371619211,-1.7498717308325666,-0.20000004768371582,20.59999990463257,,20.600151777316285,
density_10_nback_1_id_6,6,density_10_nback_1,10,1,26.050163269,27.7500228882,1.6998596192000015,27.299999952316284,29.25,27.15000009536743,27.299999952316284,27.15000009536743,27.34999990463257,29.34999990463257,27.34999990463257,51.40000009536743,54.25,52.0,38.049999952316284,1.6998596192000015,1.2498366833162855,1.099836826367433,-0.450022935883716,0.04999995231628418,24.050000190734863,26.90000009536743,25.349836826367433,28.199836731
density_10_nback_2_id_6,6,density_10_nback_2,10,2,26.9502677917,28.4504299164,1.500162124700001,28.15000009536743,29.049999952316284,27.0,28.15000009536743,27.0,27.40000009536743,29.15000009536743,27.40000009536743,47.15000009536743,,,37.200000047683716,1.500162124700001,1.1997323036674317,0.049732208300000025,-0.3004298210325693,-0.75,19.75,,20.19973230366743,
density_20_nback_0_id_6,6,density_20_nback_0,20,0,,48.4500923157,,50.049999952316284,49.049999952316284,49.5,49.049999952316284,49.049999952316284,49.90000009536743,49.15000009536743,49.15000009536743,75.0,,,60.09999990463257,,,,0.5999076366162868,0.10000014305114746,25.84999990463257,,,
density_20_nback_1_id_6,6,density_20_nback_1,20,1,24.049489975,25.3993244171,1.3498344421000006,24.90000009536743,26.700000047683716,24.15000009536743,24.90000009536743,24.15000009536743,24.15000009536743,26.75,24.15000009536743,58.15000009536743,35.40000009536743,,32.950000047683716,1.3498344421000006,0.8505101203674315,0.10051012036743145,-0.49932432173256913,-0.75,34.0,11.25,34.10051012036743,11.350510120367431
density_20_nback_2_id_6,6,density_20_nback_2,20,2,37.8006324768,39.1502799988,1.349647522000005,38.90000009536743,40.65000009536743,38.90000009536743,38.90000009536743,38.90000009536743,38.950000047683716,40.75,38.950000047683716,67.40000009536743,66.20000004768372,,47.09999990463257,1.349647522000005,1.0993676185674346,1.0993676185674346,-0.25027990343257045,0.04999995231628418,28.450000047683716,27.25,29.599367618567435,28.39936757088372
density_0_nback_0_id_7,7,density_0_nback_0,0,0,29.4009151459,30.3007507324,0.8998355865000001,30.65000009536743,32.799999952316284,30.5,30.65000009536743,30.5,30.700000047683716,32.950000047683716,30.700000047683716,52.15000009536743,70.90000009536743,,36.84999990463257,0.8998355865000001,1.2490849494674308,1.0990848540999991,0.3492493629674307,0.04999995231628418,21.450000047683716,40.200000047683716,22.74908494946743,41.49908494946743
density_0_nback_1_id_7,7,density_0_nback_1,0,1,34.1997146606,37.100402832,2.900688171399999,77.20000004768372,35.299999952316284,,35.299999952316284,35.299999952316284,40.049999952316284,36.15000009536743,36.15000009536743,61.950000047683716,,,45.84999990463257,2.900688171399999,1.1002852917162826,1.1002852917162826,-1.8004028796837162,0.8500001430511475,25.799999952316284,,27.750285387083714,
density_0_nback_2_id_7,7,density_0_nback_2,0,2,31.7496109009,34.1500968933,2.4004859924000037,33.799999952316284,36.09999990463257,,33.799999952316284,33.799999952316284,49.549999952316284,36.5,36.5,54.0,74.25,,39.5,2.4004859924000037,2.0503890514162855,2.0503890514162855,-0.35009694098371824,2.700000047683716,17.5,37.75,22.2503890991,42.500389099100005
density_10_nback_0_id_7,7,density_10_nback_0,10,0,21.1498985291,22.7002353668,1.5503368377000015,21.59999990463257,21.299999952316284,21.15000009536743,21.299999952316284,21.15000009536743,21.15000009536743,21.200000047683716,21.15000009536743,21.15000009536743,33.59999990463257,,28.90000009536743,1.5503368377000015,0.1501014232162845,0.00010156626743196284,-1.400235414483717,-0.14999985694885254,0.0,12.449999809265137,0.00010156626743196284,12.450101375532569
density_10_nback_1_id_7,7,density_10_nback_1,10,1,26.0504684448,28.6000175476,2.5495491028000004,27.299999952316284,30.5,27.200000047683716,27.299999952316284,27.200000047683716,27.34999990463257,31.5,27.34999990463257,44.25,50.549999952316284,46.200000047683716,34.75,2.5495491028000004,1.2495315075162843,1.149531602883716,-1.300017595283716,0.04999995231628418,16.90000009536743,23.200000047683716,18.1995315552,24.499531507516284
density_10_nback_2_id_7,7,density_10_nback_2,10,2,27.0000305176,29.2002716064,2.200241088800002,28.15000009536743,30.34999990463257,27.049999952316284,28.15000009536743,27.049999952316284,27.40000009536743,30.34999990463257,27.40000009536743,27.40000009536743,,,37.40000009536743,2.200241088800002,1.1499695777674326,0.04996943471628512,-1.0502715110325695,-0.75,0.0,,0.3999695777674326,
density_20_nback_0_id_7,7,density_20_nback_0,20,0,48.6991157532,49.5500144958,0.8508987426000019,51.0,49.049999952316284,50.40000009536743,49.049999952316284,49.049999952316284,50.90000009536743,49.15000009536743,49.15000009536743,67.40000009536743,,67.45000004768372,56.90000009536743,0.8508987426000019,0.35088419911628677,0.35088419911628677,-0.5000145434837151,0.10000014305114746,18.25,,18.700884342167434,
density_20_nback_1_id_7,7,density_20_nback_1,20,1,24.0505695343,25.4002513885,1.3496818542,24.90000009536743,27.950000047683716,24.15000009536743,24.90000009536743,24.15000009536743,24.15000009536743,30.200000047683716,24.15000009536743,48.299999952316284,,,33.200000047683716,1.3496818542,0.8494305610674324,0.09943056106743242,-0.5002512931325676,-0.75,24.149999856948853,,24.249430418016285,
density_20_nback_2_id_7,7,density_20_nback_2,20,2,49.15001297,50.8000869751,1.6500740051000022,49.40000009536743,51.84999990463257,49.200000047683716,49.40000009536743,49.200000047683716,49.25,52.0,49.25,69.65000009536743,76.29999995231628,,56.25,1.6500740051000022,0.24998712536743284,0.04998707768371702,-1.4000868797325694,-0.15000009536743164,20.40000009536743,27.049999952316284,20.499987125367433,27.149986982316285
density_0_nback_0_id_8,8,density_0_nback_0,0,0,29.4497642517,31.0503063202,1.6005420685000011,30.65000009536743,31.75,30.549999952316284,30.65000009536743,30.549999952316284,30.65000009536743,31.799999952316284,30.65000009536743,60.450000047683716,71.09999990463257,,37.049999952316284,1.6005420685000011,1.200235843667432,1.1002357006162846,-0.40030622483256906,0.0,29.799999952316284,40.44999980926514,31.000235795983716,41.650235652932565
density_0_nback_1_id_8,8,density_0_nback_1,0,1,34.2006416321,36.0007667542,1.800125122099999,76.90000009536743,35.40000009536743,,35.40000009536743,35.40000009536743,35.40000009536743,36.200000047683716,35.40000009536743,64.65000009536743,,,45.09999990463257,1.800125122099999,1.19935846326743,1.19935846326743,-0.6007666588325691,0.0,29.25,,30.44935846326743,
density_0_nback_2_id_8,8,density_0_nback_2,0,2,31.7995948792,33.3004722595,1.5008773802999968,65.75,34.0,,34.0,34.0,,34.049999952316284,34.049999952316284,57.950000047683716,39.799999952316284,,39.25,1.5008773802999968,2.2004051207999993,2.2004051207999993,0.6995277405000024,0.04999995231628418,23.90000009536743,5.75,26.150405168483715,8.000405073116283
density_10_nback_0_id_8,8,density_10_nback_0,10,0,21.1500682831,22.5997028351,1.4496345519999991,21.84999990463257,21.34999990463257,21.200000047683716,21.34999990463257,21.200000047683716,21.200000047683716,21.25,21.200000047683716,21.200000047683716,33.0,,28.799999952316284,1.4496345519999991,0.19993162153256705,0.04993176458371451,-1.249702930467432,-0.14999985694885254,0.0,11.799999952316284,0.04993176458371451,11.849931716899999
density_10_nback_1_id_8,8,density_10_nback_1,10,1,26.0997905731,28.0992355347,1.9994449615999983,27.450000047683716,29.5,27.40000009536743,27.450000047683716,27.40000009536743,27.5,29.549999952316284,27.5,40.700000047683716,30.09999990463257,,30.049999952316284,1.9994449615999983,1.350209474583714,1.30020952226743,-0.6492354870162842,0.04999995231628418,13.200000047683716,2.5999999046325684,14.600209474583714,4.000209331532567
density_10_nback_2_id_8,8,density_10_nback_2,10,2,26.9000968933,28.5500297546,1.6499328613000017,28.09999990463257,29.25,26.950000047683716,28.09999990463257,26.950000047683716,27.25,29.299999952316284,27.25,59.200000047683716,80.29999995231628,,35.59999990463257,1.6499328613000017,1.1999030113325695,0.04990315438371695,-0.4500298499674322,-0.8499999046325684,31.950000047683716,53.049999952316284,32.29990315438371,53.39990305901628
density_20_nback_0_id_8,8,density_20_nback_0,20,0,48.6000671387,50.0994224548,1.4993553161000008,50.59999990463257,49.0,49.700000047683716,49.0,49.0,49.700000047683716,49.15000009536743,49.15000009536743,74.34999990463257,,,57.90000009536743,1.4993553161000008,0.3999328613000017,0.3999328613000017,-1.0994224547999991,0.15000009536743164,25.199999809265137,,25.74993276593257,
density_20_nback_1_id_8,8,density_20_nback_1,20,1,24.0495071411,25.7998008728,1.7502937316999976,24.950000047683716,26.549999952316284,24.15000009536743,24.950000047683716,24.15000009536743,24.15000009536743,26.84999990463257,24.15000009536743,50.200000047683716,41.450000047683716,,33.15000009536743,1.7502937316999976,0.9004929065837146,0.10049295426743043,-0.849800825116283,-0.7999999523162842,26.049999952316284,17.299999952316284,26.150492906583715,17.400492906583715
density_20_nback_2_id_8,8,density_20_nback_2,20,2,49.2001571655,50.850227356,1.6500701904999957,51.200000047683716,51.549999952316284,49.25,51.200000047683716,49.25,49.299999952316284,51.65000009536743,49.299999952316284,49.59999990463257,56.65000009536743,,56.34999990463257,1.6500701904999957,1.9998428821837138,0.049842834499997934,0.34977269168371805,-1.9000000953674316,0.2999999523162842,7.3500001430511475,0.3998427391325663,7.44984292986743
density_0_nback_0_id_9,9,density_0_nback_0,0,0,29.4500198364,31.7499485016,2.2999286651999995,30.65000009536743,33.549999952316284,30.549999952316284,30.65000009536743,30.549999952316284,30.700000047683716,33.59999990463257,30.700000047683716,49.09999990463257,,,37.59999990463257,2.2999286651999995,1.1999802589674324,1.099980115916285,-1.099948406232567,0.04999995231628418,18.399999856948853,,19.64998006823257,
density_0_nback_1_id_9,9,density_0_nback_1,0,1,34.2001113892,35.8999900818,1.6998786925999951,80.84999990463257,35.34999990463257,,35.34999990463257,35.34999990463257,52.75,36.25,36.25,57.799999952316284,38.09999990463257,,47.049999952316284,1.6998786925999951,1.1498885154325649,1.1498885154325649,-0.5499901771674303,0.9000000953674316,21.549999952316284,1.8499999046325684,23.59988856311628,3.899888515432565
density_0_nback_2_id_9,9,density_0_nback_2,0,2,,31.5500507355,,60.5,33.34999990463257,,33.34999990463257,33.34999990463257,47.75,33.40000009536743,33.40000009536743,50.75,37.65000009536743,,39.15000009536743,,,,1.7999491691325673,0.05000019073486328,17.34999990463257,4.25,,
density_10_nback_0_id_9,9,density_10_nback_0,10,0,21.1500816345,22.6501502991,1.5000686646000005,21.299999952316284,21.34999990463257,21.200000047683716,21.299999952316284,21.200000047683716,21.200000047683716,21.25,21.200000047683716,21.200000047683716,,,33.200000047683716,1.5000686646000005,0.14991831781628306,0.049918413183714705,-1.3501503467837175,-0.09999990463256836,0.0,,0.049918413183714705,
density_10_nback_1_id_9,9,density_10_nback_1,10,1,26.1001224518,27.9000892639,1.7999668120999992,27.40000009536743,31.450000047683716,27.25,27.40000009536743,27.25,27.40000009536743,37.950000047683716,27.40000009536743,40.09999990463257,56.700000047683716,,39.700000047683716,1.7999668120999992,1.2998776435674309,1.1498775481999992,-0.5000891685325684,0.0,12.699999809265137,29.299999952316284,13.999877452832568,30.599877595883715
density_10_nback_2_id_9,9,density_10_nback_2,10,2,26.9500274658,28.6003475189,1.6503200530999997,28.09999990463257,32.65000009536743,27.0,28.09999990463257,27.0,27.34999990463257,32.84999990463257,27.34999990463257,51.299999952316284,,,36.15000009536743,1.6503200530999997,1.1499724388325667,0.049972534199998364,-0.500347614267433,-0.75,23.950000047683716,,24.349972486516283,
density_20_nback_0_id_9,9,density_20_nback_0,20,0,48.650352478,49.5503425598,0.8999900817999986,52.59999990463257,49.049999952316284,49.700000047683716,49.049999952316284,49.049999952316284,49.65000009536743,49.15000009536743,49.15000009536743,49.15000009536743,,,57.299999952316284,0.8999900817999986,0.3996474743162821,0.3996474743162821,-0.5003426074837165,0.10000014305114746,0.0,,0.4996476173674296,
density_20_nback_1_id_9,9,density_20_nback_1,20,1,28.7002868652,30.1502666473,1.4499797821000016,29.049999952316284,31.65000009536743,28.75,29.049999952316284,28.75,29.200000047683716,34.59999990463257,29.200000047683716,57.25,58.0,,42.84999990463257,1.4499797821000016,0.34971308711628524,0.04971313480000106,-1.1002666949837163,0.15000009536743164,28.049999952316284,28.799999952316284,28.5497131348,29.2997131348
density_20_nback_2_id_9,9,density_20_nback_2,20,2,43.599937439,44.9999389648,1.4000015258000005,44.700000047683716,52.0,43.799999952316284,44.700000047683716,43.799999952316284,43.799999952316284,81.34999990463257,43.799999952316284,94.79999995231628,52.799999952316284,,81.65000009536743,1.4000015258000005,1.1000626086837144,0.20006251331628278,-0.29993891711628606,-0.9000000953674316,51.0,9.0,51.20006251331628,9.200062513316283
density_0_nback_0_id_10,10,density_0_nback_0,0,0,29.4496212006,30.350107193,0.9004859924000002,30.65000009536743,32.450000047683716,30.5,30.65000009536743,30.5,30.700000047683716,32.549999952316284,30.700000047683716,48.200000047683716,,,36.90000009536743,0.9004859924000002,1.2003788947674323,1.0503787994000007,0.29989290236743216,0.04999995231628418,17.5,,18.750378847083716,
density_0_nback_1_id_10,10,density_0_nback_1,0,1,34.2493057251,35.9499168396,1.7006111144999991,66.95000004768372,35.34999990463257,,35.34999990463257,35.34999990463257,37.299999952316284,36.200000047683716,36.200000047683716,69.15000009536743,,,45.59999990463257,1.7006111144999991,1.1006941795325673,1.1006941795325673,-0.5999169349674318,0.8500001430511475,32.950000047683716,,34.90069437026743,
density_0_nback_2_id_10,10,density_0_nback_2,0,2,31.7995815277,34.0494766235,2.2498950957999995,33.59999990463257,36.59999990463257,,33.59999990463257,33.59999990463257,34.5,39.25,34.5,62.200000047683716,77.15000009536743,,41.25,2.2498950957999995,1.8004183769325692,1.8004183769325692,-0.44947671886743024,0.9000000953674316,27.700000047683716,42.65000009536743,30.400418519983717,45.35041856766743
density_10_nback_0_id_10,10,density_10_nback_0,10,0,21.1004562378,22.500202179,1.399745941199999,21.34999990463257,21.299999952316284,21.15000009536743,21.299999952316284,21.15000009536743,21.15000009536743,21.200000047683716,21.15000009536743,21.34999990463257,,,30.950000047683716,1.399745941199999,0.1995437145162846,0.04954385756743207,-1.2002022266837145,-0.14999985694885254,0.19999980926513672,,0.2495436668325688,
density_10_nback_1_id_10,10,density_10_nback_1,10,1,26.0500030518,27.4995384216,1.4495353697999995,27.40000009536743,30.700000047683716,27.299999952316284,27.40000009536743,27.299999952316284,27.450000047683716,31.65000009536743,27.450000047683716,47.700000047683716,47.700000047683716,,35.200000047683716,1.4495353697999995,1.3499970435674307,1.2499969005162832,-0.09953832623256886,0.04999995231628418,20.25,20.25,21.649996995883715,21.649996995883715
density_10_nback_2_id_10,10,density_10_nback_2,10,2,26.8997211456,28.5495586395,1.649837493899998,28.15000009536743,29.34999990463257,26.90000009536743,28.15000009536743,26.90000009536743,27.34999990463257,29.40000009536743,27.34999990463257,50.700000047683716,,,36.5,1.649837493899998,1.2502789497674307,0.0002789497674307029,-0.3995585441325673,-0.8000001907348633,23.350000143051147,,23.800278902083715,
density_20_nback_0_id_10,10,density_20_nback_0,20,0,48.6003189087,49.4007225037,0.8004035950000059,50.59999990463257,49.0,50.40000009536743,49.0,49.0,50.5,49.15000009536743,49.15000009536743,71.90000009536743,,,56.549999952316284,0.8004035950000059,0.3996810913000033,0.3996810913000033,-0.4007225037000026,0.15000009536743164,22.75,,23.299681186667435,
density_20_nback_1_id_10,10,density_20_nback_1,20,1,28.7000923157,30.0001888275,1.3000965117999996,29.049999952316284,36.450000047683716,28.75,29.049999952316284,28.75,29.200000047683716,40.84999990463257,29.200000047683716,66.79999995231628,55.5,,42.0,1.3000965117999996,0.3499076366162832,0.04990768429999903,-0.9501888751837164,0.15000009536743164,37.59999990463257,26.299999952316284,38.09990763661628,26.7999076843
density_20_nback_2_id_10,10,density_20_nback_2,20,2,43.5499992371,45.2491455078,1.6991462706999982,44.299999952316284,51.90000009536743,44.25,44.299999952316284,44.25,44.299999952316284,52.15000009536743,44.299999952316284,74.90000009536743,73.90000009536743,,54.700000047683716,1.6991462706999982,0.7500007152162809,0.7000007628999967,-0.9491455554837174,0.0,30.600000143051147,29.600000143051147,31.35000085826743,30.35000085826743
density_0_nback_0_id_11,11,density_0_nback_0,0,0,29.4492549896,30.949426651,1.5001716613999996,30.65000009536743,33.09999990463257,30.5,30.65000009536743,30.5,30.700000047683716,33.25,30.700000047683716,49.09999990463257,,,37.700000047683716,1.5001716613999996,1.2007451057674317,1.0507450104,-0.2994265556325679,0.04999995231628418,18.399999856948853,,19.65074491503257,
density_0_nback_1_id_11,11,density_0_nback_1,0,1,34.2008247375,35.8000335693,1.5992088317999986,75.95000004768372,35.34999990463257,,35.34999990463257,35.34999990463257,39.450000047683716,36.15000009536743,36.15000009536743,58.09999990463257,,,45.450000047683716,1.5992088317999986,1.1491751671325687,1.1491751671325687,-0.4500336646674299,0.8000001907348633,21.949999809265137,,23.89917516713257,
density_0_nback_2_id_11,11,density_0_nback_2,0,2,31.8001747131,33.1502952576,1.350120544500001,33.799999952316284,35.15000009536743,,33.799999952316284,33.799999952316284,34.15000009536743,35.200000047683716,34.15000009536743,47.59999990463257,,,39.299999952316284,1.350120544500001,1.9998252392162854,1.9998252392162854,0.6497046947162843,0.35000014305114746,13.449999809265137,,15.79982519153257,
density_10_nback_0_id_11,11,density_10_nback_0,10,0,21.1001262665,22.8506965637,1.750570297200003,21.25,21.299999952316284,21.15000009536743,21.25,21.15000009536743,21.15000009536743,21.200000047683716,21.15000009536743,21.15000009536743,,,29.0,1.750570297200003,0.14987373350000155,0.04987382886743319,-1.6006965637000015,-0.09999990463256836,0.0,,0.04987382886743319,
density_10_nback_1_id_11,11,density_10_nback_1,10,1,26.0499591827,27.4500141144,1.400054931699998,27.40000009536743,31.59999990463257,27.299999952316284,27.40000009536743,27.299999952316284,27.450000047683716,31.700000047683716,27.450000047683716,48.299999952316284,49.65000009536743,,34.5,1.400054931699998,1.3500409126674313,1.2500407696162839,-0.05001401903256664,0.04999995231628418,20.84999990463257,22.200000047683716,22.250040769616284,23.60004091266743
density_10_nback_2_id_11,11,density_10_nback_2,10,2,26.8996601105,28.6498336792,1.7501735686999993,28.15000009536743,31.200000047683716,26.90000009536743,28.15000009536743,26.90000009536743,27.34999990463257,31.34999990463257,27.34999990463257,47.299999952316284,,,35.299999952316284,1.7501735686999993,1.2503399848674306,0.0003399848674305872,-0.4998335838325687,-0.8000001907348633,19.950000047683716,,20.400339841816283,
density_20_nback_0_id_11,11,density_20_nback_0,20,0,,47.9763565063,,51.5,48.5,49.0,48.5,48.5,51.450000047683716,48.59999990463257,48.59999990463257,71.84999990463257,,,56.34999990463257,,,,0.5236434936999999,0.09999990463256836,23.25,,,
density_20_nback_1_id_11,11,density_20_nback_1,20,1,24.1509056091,26.0000743866,1.849168777500001,25.0,28.700000047683716,24.200000047683716,25.0,24.200000047683716,24.200000047683716,28.84999990463257,24.200000047683716,45.450000047683716,,,32.950000047683716,1.849168777500001,0.8490943908999995,0.049094438583715316,-1.0000743866000015,-0.7999999523162842,21.25,,21.299094438583715,
density_20_nback_2_id_11,11,density_20_nback_2,20,2,49.1496543884,50.7491912842,1.5995368958,49.34999990463257,53.59999990463257,49.15000009536743,49.34999990463257,49.15000009536743,49.200000047683716,53.84999990463257,49.200000047683716,73.34999990463257,79.20000004768372,,56.90000009536743,1.5995368958,0.20034551623256647,0.0003457069674297486,-1.3991913795674336,-0.14999985694885254,24.149999856948853,30.0,24.200345516232566,30.050345659283714
density_0_nback_0_id_12,12,density_0_nback_0,0,0,29.4500656128,30.0508518219,0.6007862091000007,30.75,32.450000047683716,30.5,30.75,30.5,30.799999952316284,32.5,30.799999952316284,46.0,,,36.65000009536743,0.6007862091000007,1.2999343872000004,1.0499343872000004,0.6991481780999997,0.04999995231628418,15.200000047683716,,16.5499343872,
density_0_nback_1_id_12,12,density_0_nback_1,0,1,34.1494140625,35.4995117188,1.350097656300001,76.70000004768372,35.299999952316284,,35.299999952316284,35.299999952316284,63.299999952316284,39.90000009536743,39.90000009536743,67.65000009536743,,,45.799999952316284,1.350097656300001,1.1505858898162842,1.1505858898162842,-0.1995117664837167,4.6000001430511475,27.75,,33.50058603286743,
density_0_nback_2_id_12,12,density_0_nback_2,0,2,31.7492523193,32.4492111206,0.6999588012999993,56.299999952316284,34.700000047683716,,34.700000047683716,34.700000047683716,,34.84999990463257,34.84999990463257,50.5,71.65000009536743,,39.0,0.6999588012999993,2.9507477283837176,2.9507477283837176,2.2507889270837182,0.14999985694885254,15.650000095367432,36.80000019073486,18.7507476807,39.90074777606743
density_10_nback_0_id_12,12,density_10_nback_0,10,0,21.099521637,21.6993141174,0.5997924804000014,21.299999952316284,21.25,21.09999990463257,21.25,21.09999990463257,21.09999990463257,21.200000047683716,21.09999990463257,47.549999952316284,,,28.700000047683716,0.5997924804000014,0.15047836300000128,0.00047826763256964,-0.44931411740000016,-0.15000009536743164,26.450000047683716,,26.450478315316285,
density_10_nback_1_id_12,12,density_10_nback_1,10,1,26.0502262115,27.1500854492,1.0998592376999987,27.40000009536743,29.25,27.25,27.40000009536743,27.25,27.40000009536743,29.34999990463257,27.40000009536743,54.549999952316284,55.25,,34.40000009536743,1.0998592376999987,1.3497738838674316,1.1997737885,0.24991464616743286,0.0,27.149999856948853,27.84999990463257,28.499773740816284,29.1997737885
density_10_nback_2_id_12,12,density_10_nback_2,10,2,26.9495868683,27.3504886627,0.4009017943999993,28.549999952316284,29.59999990463257,26.950000047683716,28.549999952316284,26.950000047683716,27.34999990463257,31.799999952316284,27.34999990463257,47.950000047683716,,,35.25,0.4009017943999993,1.6004130840162851,0.0004131793837167663,1.1995112896162858,-1.2000000476837158,20.600000143051147,,21.000413179383717,
density_20_nback_0_id_12,12,density_20_nback_0,20,0,48.6495780945,49.1997795105,0.5502014160000002,49.950000047683716,49.049999952316284,50.25,49.049999952316284,49.049999952316284,49.950000047683716,49.15000009536743,49.15000009536743,69.65000009536743,,,56.700000047683716,0.5502014160000002,0.4004218578162835,0.4004218578162835,-0.1497795581837167,0.10000014305114746,20.5,,21.00042200086743,
density_20_nback_1_id_12,12,density_20_nback_1,20,1,24.0990428925,25.3992652893,1.3002223967999988,24.950000047683716,27.25,24.200000047683716,24.950000047683716,24.200000047683716,24.200000047683716,27.450000047683716,24.200000047683716,41.950000047683716,43.75,,32.84999990463257,1.3002223967999988,0.8509571551837141,0.10095715518371406,-0.4492652416162848,-0.75,17.75,19.549999952316284,17.850957155183714,19.6509571075
density_20_nback_2_id_12,12,density_20_nback_2,20,2,49.1500778198,49.6501426697,0.5000648498999993,49.40000009536743,52.34999990463257,49.200000047683716,49.40000009536743,49.200000047683716,49.25,52.5,49.25,68.0,71.0,,56.25,0.5000648498999993,0.2499222755674282,0.04992222788371237,-0.25014257433257114,-0.15000009536743164,18.75,21.75,18.849922180199997,21.849922180199997
density_0_nback_0_id_13,13,density_0_nback_0,0,0,29.4501628876,30.900182724,1.4500198363999992,30.65000009536743,33.25,30.5,30.65000009536743,30.5,30.700000047683716,33.34999990463257,30.700000047683716,50.59999990463257,,,37.049999952316284,1.4500198363999992,1.1998372077674304,1.0498371123999988,-0.2501826286325688,0.04999995231628418,19.899999856948853,,21.149837017032567,
density_0_nback_1_id_13,13,density_0_nback_1,0,1,34.199546814,35.9995765686,1.800029754599997,78.29999995231628,35.299999952316284,,35.299999952316284,35.299999952316284,57.90000009536743,36.15000009536743,36.15000009536743,55.700000047683716,,,46.299999952316284,1.800029754599997,1.1004531383162828,1.1004531383162828,-0.6995766162837143,0.8500001430511475,19.549999952316284,,21.500453233683714,
density_0_nback_2_id_13,13,density_0_nback_2,0,2,31.7993583679,33.699256897,1.8998985290999997,34.0,35.450000047683716,,34.0,34.0,49.799999952316284,35.549999952316284,35.549999952316284,52.200000047683716,74.09999990463257,,39.34999990463257,1.8998985290999997,2.2006416321000017,2.2006416321000017,0.30074310300000207,1.5499999523162842,16.65000009536743,38.549999952316284,20.400641679783718,42.30064153673257
density_10_nback_0_id_13,13,density_10_nback_0,10,0,21.1491680145,22.9496307373,1.8004627228000025,21.84999990463257,21.299999952316284,21.15000009536743,21.299999952316284,21.15000009536743,21.15000009536743,21.200000047683716,21.15000009536743,21.15000009536743,35.549999952316284,,29.0,1.8004627228000025,0.15083193781628523,0.000832080867432694,-1.6496307849837173,-0.14999985694885254,0.0,14.399999856948853,0.000832080867432694,14.400831937816285
density_10_nback_1_id_13,13,density_10_nback_1,10,1,26.0502758026,29.0002346039,2.9499588012999993,27.34999990463257,31.09999990463257,27.25,27.34999990463257,27.25,27.40000009536743,31.25,27.40000009536743,48.049999952316284,49.65000009536743,48.09999990463257,35.0,2.9499588012999993,1.2997241020325667,1.1997241973999984,-1.6502346992674326,0.05000019073486328,20.649999856948853,22.25,21.999724149716283,23.59972429276743
density_10_nback_2_id_13,13,density_10_nback_2,10,2,26.9003047943,29.3496646881,2.4493598938000005,28.15000009536743,32.34999990463257,26.950000047683716,28.15000009536743,26.950000047683716,27.34999990463257,31.15000009536743,27.34999990463257,27.34999990463257,,,35.59999990463257,2.4493598938000005,1.2496953010674332,0.049695253383717386,-1.1996645927325673,-0.8000001907348633,0.0,,0.4496951103325699,
density_20_nback_0_id_13,13,density_20_nback_0,20,0,48.7005805969,51.5499458313,2.849365234400004,50.549999952316284,49.09999990463257,49.700000047683716,49.09999990463257,49.09999990463257,49.700000047683716,49.200000047683716,49.200000047683716,74.34999990463257,,,56.75,2.849365234400004,0.39941930773257184,0.39941930773257184,-2.449945926667432,0.10000014305114746,25.149999856948853,,25.649419307732572,
density_20_nback_1_id_13,13,density_20_nback_1,20,1,24.1492576599,27.0993289948,2.9500713348999987,25.0,29.049999952316284,24.200000047683716,25.0,24.200000047683716,24.200000047683716,29.200000047683716,24.200000047683716,47.09999990463257,,,33.34999990463257,2.9500713348999987,0.8507423400999983,0.050742387783714094,-2.0993289948000005,-0.7999999523162842,22.899999856948853,,22.950742244732567,
density_20_nback_2_id_13,13,density_20_nback_2,20,2,49.1489906311,52.7499732971,3.600982666,49.40000009536743,53.950000047683716,49.15000009536743,49.40000009536743,49.15000009536743,49.200000047683716,54.049999952316284,49.200000047683716,68.25,76.95000004768372,,56.84999990463257,3.600982666,0.2510094642674332,0.0010094642674332022,-3.349973201732567,-0.20000004768371582,19.049999952316284,27.75,19.1010093689,27.801009416583717
density_0_nback_0_id_14,14,density_0_nback_0,0,0,,29.2491111755,,39.450000047683716,29.40000009536743,29.25,29.40000009536743,29.25,37.049999952316284,29.40000009536743,29.40000009536743,46.75,34.75,,37.0,,,,0.15088891986743036,0.0,17.34999990463257,5.349999904632568,,
density_0_nback_1_id_14,14,density_0_nback_1,0,1,34.2001571655,36.6003036499,2.400146484399997,53.799999952316284,35.34999990463257,,35.34999990463257,35.34999990463257,46.200000047683716,36.25,36.25,51.549999952316284,,,47.0,2.400146484399997,1.1498427391325663,1.1498427391325663,-1.2503037452674306,0.9000000953674316,15.299999952316284,,17.349842786816282,
density_0_nback_2_id_14,14,density_0_nback_2,0,2,31.7500171661,32.5009155273,0.7508983612000009,58.049999952316284,33.25,,33.25,33.25,42.34999990463257,33.299999952316284,33.299999952316284,47.09999990463257,36.5,,39.200000047683716,0.7508983612000009,1.499982833899999,1.499982833899999,0.7490844726999981,0.04999995231628418,13.799999952316284,3.200000047683716,15.349982738532567,4.749982833899999
density_10_nback_0_id_14,14,density_10_nback_0,10,0,,20.6501750946,,29.799999952316284,20.700000047683716,20.700000047683716,20.700000047683716,20.700000047683716,29.700000047683716,20.700000047683716,20.700000047683716,39.950000047683716,,,28.40000009536743,,,,0.04982495308371426,0.0,19.25,,,
density_10_nback_1_id_14,14,density_10_nback_1,10,1,26.0495891571,27.9996700287,1.9500808715999973,27.299999952316284,29.5,27.200000047683716,27.299999952316284,27.200000047683716,27.34999990463257,29.65000009536743,27.34999990463257,44.700000047683716,44.34999990463257,45.299999952316284,34.59999990463257,1.9500808715999973,1.2504107952162826,1.1504108905837143,-0.6996700763837147,0.04999995231628418,17.350000143051147,17.0,18.650410890583714,18.300410747532567
density_10_nback_2_id_14,14,density_10_nback_2,10,2,26.9003543854,27.8501663208,0.9498119353999996,32.15000009536743,28.799999952316284,26.950000047683716,28.799999952316284,26.950000047683716,27.34999990463257,28.84999990463257,27.34999990463257,47.450000047683716,,,35.700000047683716,0.9498119353999996,1.8996455669162842,0.04964566228371581,0.9498336315162845,-1.4500000476837158,20.100000143051147,,20.549645662283716,
density_20_nback_0_id_14,14,density_20_nback_0,20,0,,47.6994285583,,51.84999990463257,48.34999990463257,47.700000047683716,48.34999990463257,47.700000047683716,51.799999952316284,48.5,48.5,62.34999990463257,,,57.25,,,,0.6505713463325691,0.15000009536743164,13.849999904632568,,,
density_20_nback_1_id_14,14,density_20_nback_1,20,1,24.050819397,24.6001033783,0.5492839812999968,24.90000009536743,28.34999990463257,24.15000009536743,24.90000009536743,24.15000009536743,24.15000009536743,28.40000009536743,24.15000009536743,45.90000009536743,,,33.5,0.5492839812999968,0.8491806983674302,0.09918069836743015,0.29989671706743337,-0.75,21.75,,21.84918069836743,
density_20_nback_2_id_14,14,density_20_nback_2,20,2,49.1499214172,50.4001159668,1.2501945496000033,49.34999990463257,51.299999952316284,49.15000009536743,49.34999990463257,49.15000009536743,49.200000047683716,51.34999990463257,49.200000047683716,62.200000047683716,67.84999990463257,,56.25,1.2501945496000033,0.20007848743257028,7.86781674335657e-05,-1.050116062167433,-0.14999985694885254,13.0,18.649999856948853,13.050078630483718,18.70007848743257
density_0_nback_0_id_15,15,density_0_nback_0,0,0,29.4498729706,30.9498062134,1.4999332427999974,30.65000009536743,34.049999952316284,30.5,30.65000009536743,30.5,30.700000047683716,35.299999952316284,30.700000047683716,51.59999990463257,,,39.84999990463257,1.4999332427999974,1.2001271247674303,1.0501270293999987,-0.29980611803256707,0.04999995231628418,20.899999856948853,,22.150126934032567,
density_0_nback_1_id_15,15,density_0_nback_1,0,1,34.199962616,36.999786377,2.799823760999999,37.299999952316284,35.299999952316284,,35.299999952316284,35.299999952316284,37.25,36.200000047683716,36.200000047683716,57.84999990463257,,,46.049999952316284,2.799823760999999,1.1000373363162836,1.1000373363162836,-1.6997864246837153,0.9000000953674316,21.649999856948853,,23.650037288632568,
density_0_nback_2_id_15,15,density_0_nback_2,0,2,31.8005638123,32.5001525879,0.6995887755999988,33.15000009536743,35.25,,33.15000009536743,33.15000009536743,33.299999952316284,35.40000009536743,33.299999952316284,53.84999990463257,,,41.299999952316284,0.6995887755999988,1.3494362830674334,1.3494362830674334,0.6498475074674346,0.14999985694885254,20.549999952316284,,22.04943609233257,
density_10_nback_0_id_15,15,density_10_nback_0,10,0,,20.6996173859,,20.700000047683716,21.09999990463257,20.700000047683716,20.700000047683716,20.700000047683716,20.700000047683716,20.75,20.700000047683716,43.450000047683716,,,31.950000047683716,,,,0.0003826617837141555,0.0,22.75,,,
density_10_nback_1_id_15,15,density_10_nback_1,10,1,26.0996589661,27.9503726959,1.850713729799999,27.25,33.200000047683716,27.09999990463257,27.25,27.09999990463257,27.299999952316284,33.40000009536743,27.299999952316284,49.049999952316284,49.950000047683716,49.049999952316284,36.25,1.850713729799999,1.1503410338999984,1.0003409385325668,-0.7003726959000005,0.04999995231628418,21.75,22.65000009536743,22.950340986216283,23.850341081583714
density_10_nback_2_id_15,15,density_10_nback_2,10,2,26.9000720978,30.5500297546,3.6499576568000016,28.15000009536743,33.09999990463257,26.950000047683716,28.15000009536743,26.950000047683716,27.34999990463257,32.25,27.34999990463257,27.59999990463257,,,38.40000009536743,3.6499576568000016,1.2499279975674327,0.04992794988371685,-2.400029659232569,-0.8000001907348633,0.25,,0.6999278068325694,
density_20_nback_0_id_15,15,density_20_nback_0,20,0,,47.6496200562,,47.65000009536743,48.09999990463257,47.950000047683716,47.65000009536743,47.65000009536743,47.65000009536743,50.450000047683716,47.65000009536743,75.40000009536743,,,60.25,,,,0.00038003916743178934,0.0,27.75,,,
density_20_nback_1_id_15,15,density_20_nback_1,20,1,24.1497268677,25.8497333527,1.7000064849999994,25.0,26.700000047683716,24.200000047683716,25.0,24.200000047683716,24.200000047683716,52.25,24.200000047683716,64.59999990463257,,,46.90000009536743,1.7000064849999994,0.8502731322999999,0.05027317998371572,-0.8497333526999995,-0.7999999523162842,40.39999985694885,,40.45027303693257,
density_20_nback_2_id_15,15,density_20_nback_2,20,2,49.1494750977,50.499168396,1.3496932983000036,49.34999990463257,55.049999952316284,49.15000009536743,49.34999990463257,49.15000009536743,49.200000047683716,76.0,49.200000047683716,88.34999990463257,88.95000004768372,,77.40000009536743,1.3496932983000036,0.20052480693257024,0.0005249976674335244,-1.1491684913674334,-0.14999985694885254,39.14999985694885,39.75,39.20052480693257,39.80052494998372
density_0_nback_0_id_16,16,density_0_nback_0,0,0,29.4497737885,30.649274826,1.1995010374999993,30.65000009536743,34.0,30.5,30.65000009536743,30.5,30.700000047683716,34.09999990463257,30.700000047683716,54.700000047683716,31.84999990463257,,37.049999952316284,1.1995010374999993,1.2002263068674317,1.0502262115,0.0007252693674324462,0.04999995231628418,24.0,1.1499998569488525,25.250226259183716,2.4002261161325684
density_0_nback_1_id_16,16,density_0_nback_1,0,1,34.1993942261,35.5495834351,1.3501892089999998,54.09999990463257,35.299999952316284,,35.299999952316284,35.299999952316284,54.049999952316284,36.0,36.0,61.049999952316284,,,45.549999952316284,1.3501892089999998,1.100605726216287,1.100605726216287,-0.2495834827837129,0.7000000476837158,25.049999952316284,,26.850605726216287,
density_0_nback_2_id_16,16,density_0_nback_2,0,2,31.8001308441,33.0000953674,1.1999645233000003,65.5,34.950000047683716,,34.950000047683716,34.950000047683716,53.049999952316284,35.09999990463257,35.09999990463257,55.799999952316284,75.90000009536743,,39.200000047683716,1.1999645233000003,3.149869203583716,3.149869203583716,1.9499046802837157,0.14999985694885254,20.700000047683716,40.80000019073486,23.999869108216284,44.099869251267435
density_10_nback_0_id_16,16,density_10_nback_0,10,0,21.1497879028,22.4498920441,1.3001041413000003,21.549999952316284,21.299999952316284,21.15000009536743,21.299999952316284,21.15000009536743,21.15000009536743,21.200000047683716,21.15000009536743,21.15000009536743,67.95000004768372,,28.700000047683716,1.3001041413000003,0.1502120495162842,0.00021219256743165715,-1.149892091783716,-0.14999985694885254,0.0,46.799999952316284,0.00021219256743165715,46.800212144883716
density_10_nback_1_id_16,16,density_10_nback_1,10,1,26.0494499207,28.1993045807,2.1498546600000026,27.34999990463257,29.200000047683716,27.25,27.34999990463257,27.25,27.40000009536743,29.34999990463257,27.40000009536743,54.09999990463257,57.200000047683716,,34.90000009536743,2.1498546600000026,1.3005499839325694,1.200550079300001,-0.8493046760674332,0.05000019073486328,26.699999809265137,29.799999952316284,28.05054998393257,31.150550126983717
density_10_nback_2_id_16,16,density_10_nback_2,10,2,26.9000492096,28.5506896973,1.6506404877000023,28.15000009536743,32.15000009536743,26.950000047683716,28.15000009536743,26.950000047683716,27.34999990463257,33.34999990463257,27.34999990463257,27.34999990463257,,,35.450000047683716,1.6506404877000023,1.2499508857674329,0.04995083808371703,-0.4006896019325694,-0.8000001907348633,0.0,,0.44995069503256957,
density_20_nback_0_id_16,16,density_20_nback_0,20,0,48.6492767334,49.7995452881,1.1502685546999984,51.049999952316284,49.0,49.799999952316284,49.0,49.0,49.799999952316284,49.15000009536743,49.15000009536743,49.15000009536743,,,56.700000047683716,1.1502685546999984,0.3507232665999993,0.3507232665999993,-0.7995452880999991,0.15000009536743164,0.0,,0.500723361967431,
density_20_nback_1_id_16,16,density_20_nback_1,20,1,24.0507888794,25.8003101349,1.7495212554999995,24.90000009536743,29.700000047683716,24.15000009536743,24.90000009536743,24.15000009536743,24.15000009536743,30.0,24.15000009536743,46.09999990463257,,,33.0,1.7495212554999995,0.8492112159674328,0.09921121596743276,-0.9003100395325667,-0.75,21.949999809265137,,22.04921102523257,
density_20_nback_2_id_16,16,density_20_nback_2,20,2,49.1499557495,51.0492782593,1.899322509800001,49.34999990463257,53.200000047683716,49.15000009536743,49.34999990463257,49.15000009536743,49.200000047683716,53.299999952316284,49.200000047683716,69.75,56.59999990463257,,56.299999952316284,1.899322509800001,0.20004415513256646,4.434586742974034e-05,-1.6992783546674346,-0.14999985694885254,20.549999952316284,7.3999998569488525,20.600044250499998,7.4500441551325665
density_0_nback_0_id_17,17,density_0_nback_0,0,0,29.450553894,30.6995410919,1.2489871979,30.65000009536743,31.5,30.549999952316284,30.65000009536743,30.549999952316284,30.700000047683716,31.549999952316284,30.700000047683716,47.549999952316284,,,36.700000047683716,1.2489871979,1.199446201367433,1.0994460583162855,-0.04954099653256705,0.04999995231628418,16.84999990463257,,18.099446058316286,
density_0_nback_1_id_17,17,density_0_nback_1,0,1,34.2004699707,35.7005691528,1.5000991821000014,47.75,35.299999952316284,,35.299999952316284,35.299999952316284,37.450000047683716,36.049999952316284,36.049999952316284,55.25,,,44.549999952316284,1.5000991821000014,1.0995299816162856,1.0995299816162856,-0.4005692004837158,0.75,19.200000047683716,,21.0495300293,
density_0_nback_2_id_17,17,density_0_nback_2,0,2,31.8001346588,33.5002365112,1.7001018523999996,34.09999990463257,34.40000009536743,,34.09999990463257,34.09999990463257,35.75,34.450000047683716,34.450000047683716,50.200000047683716,38.65000009536743,,38.90000009536743,1.7001018523999996,2.2998652458325672,2.2998652458325672,0.5997633934325677,0.35000014305114746,15.75,4.200000047683716,18.399865388883715,6.8498654365674305
density_10_nback_0_id_17,17,density_10_nback_0,10,0,21.1001434326,21.6501579285,0.5500144959000011,21.299999952316284,21.299999952316284,21.15000009536743,21.299999952316284,21.15000009536743,21.15000009536743,21.200000047683716,21.15000009536743,42.65000009536743,32.450000047683716,,28.450000047683716,0.5500144959000011,0.1998565197162847,0.04985666276743217,-0.35015797618371636,-0.14999985694885254,21.5,11.299999952316284,21.549856662767432,11.349856615083716
density_10_nback_1_id_17,17,density_10_nback_1,10,1,26.1005077362,27.4003715515,1.2998638153000002,27.40000009536743,30.700000047683716,27.25,27.40000009536743,27.25,27.450000047683716,30.799999952316284,27.450000047683716,45.549999952316284,37.75,45.59999990463257,34.59999990463257,1.2998638153000002,1.2994923591674308,1.1494922637999991,-0.00037145613256939214,0.04999995231628418,18.09999990463257,10.299999952316284,19.449492216116283,11.6494922638
density_10_nback_2_id_17,17,density_10_nback_2,10,2,27.0000743866,28.1002063751,1.1001319884999994,28.15000009536743,29.90000009536743,27.049999952316284,28.15000009536743,27.049999952316284,27.450000047683716,30.0,27.450000047683716,46.09999990463257,,,35.40000009536743,1.1001319884999994,1.1499257087674302,0.049925565716282705,0.049793720267430785,-0.7000000476837158,18.649999856948853,,19.099925518032567,
density_20_nback_0_id_17,17,density_20_nback_0,20,0,48.6004524231,49.7510299683,1.1505775452000009,50.799999952316284,49.0,49.700000047683716,49.0,49.0,49.700000047683716,49.15000009536743,49.15000009536743,70.34999990463257,65.09999990463257,,57.049999952316284,1.1505775452000009,0.3995475768999981,0.3995475768999981,-0.7510299683000028,0.15000009536743164,21.199999809265137,15.949999809265137,21.749547481532566,16.499547481532566
density_20_nback_1_id_17,17,density_20_nback_1,20,1,24.1003341675,25.4505405426,1.3502063750999973,24.950000047683716,28.40000009536743,24.200000047683716,24.950000047683716,24.200000047683716,24.200000047683716,28.65000009536743,24.200000047683716,33.84999990463257,46.09999990463257,,32.700000047683716,1.3502063750999973,0.8496658801837143,0.09966588018371425,-0.500540494916283,-0.75,9.649999856948853,21.899999856948853,9.749665737132567,21.999665737132567
density_20_nback_2_id_17,17,density_20_nback_2,20,2,49.249874115,51.099281311,1.8494071960000014,51.09999990463257,52.200000047683716,49.25,51.09999990463257,49.25,49.25,52.700000047683716,49.25,70.20000004768372,78.29999995231628,,56.049999952316284,1.8494071960000014,1.8501257896325711,0.0001258850000027678,0.0007185936325697639,-1.8499999046325684,20.950000047683716,29.049999952316284,20.95012593268372,29.050125837316287
density_0_nback_0_id_18,18,density_0_nback_0,0,0,29.4499092102,30.4500293732,1.0001201629999983,30.65000009536743,32.09999990463257,30.5,30.65000009536743,30.5,30.700000047683716,32.15000009536743,30.700000047683716,43.5,,,37.75,1.0001201629999983,1.2000908851674303,1.0500907897999987,0.19997072216743206,0.04999995231628418,12.799999952316284,,14.050090789799999,
density_0_nback_1_id_18,18,density_0_nback_1,0,1,34.2000198364,35.8498535156,1.6498336792000003,77.70000004768372,35.34999990463257,,35.34999990463257,35.34999990463257,54.549999952316284,36.200000047683716,36.200000047683716,58.0,,,45.799999952316284,1.6498336792000003,1.1499800682325656,1.1499800682325656,-0.49985361096743475,0.8500001430511475,21.799999952316284,,23.799980163599997,
density_0_nback_2_id_18,18,density_0_nback_2,0,2,31.8001861572,32.7999458313,0.9997596741000017,66.70000004768372,34.34999990463257,,34.34999990463257,34.34999990463257,48.65000009536743,34.450000047683716,34.450000047683716,51.950000047683716,39.09999990463257,,39.200000047683716,0.9997596741000017,2.5498137474325695,2.5498137474325695,1.5500540733325678,0.10000014305114746,17.5,4.6499998569488525,20.149813890483717,7.2998137474325695
density_10_nback_0_id_18,18,density_10_nback_0,10,0,21.1005496979,22.0002174377,0.8996677398000017,21.299999952316284,21.299999952316284,21.15000009536743,21.299999952316284,21.15000009536743,21.15000009536743,21.200000047683716,21.15000009536743,40.15000009536743,,,28.90000009536743,0.8996677398000017,0.19945025441628417,0.04945039746743163,-0.7002174853837175,-0.14999985694885254,19.0,,19.04945039746743,
density_10_nback_1_id_18,18,density_10_nback_1,10,1,26.1000576019,27.6501598358,1.5501022338999988,27.25,31.25,27.09999990463257,27.25,27.09999990463257,27.299999952316284,31.34999990463257,27.299999952316284,52.299999952316284,,,37.84999990463257,1.5501022338999988,1.1499423980999985,0.9999423027325669,-0.40015983580000025,0.04999995231628418,25.0,,26.199942350416283,
density_10_nback_2_id_18,18,density_10_nback_2,10,2,26.9501113892,28.400056839,1.4499454498000013,28.15000009536743,31.549999952316284,27.0,28.15000009536743,27.0,27.40000009536743,31.950000047683716,27.40000009536743,67.34999990463257,,,38.450000047683716,1.4499454498000013,1.1998887061674317,0.049888610800000066,-0.2500567436325696,-0.75,39.94999980926514,,40.399888515432565,
density_20_nback_0_id_18,18,density_20_nback_0,20,0,48.650302887,49.450088501,0.799785614000001,50.15000009536743,49.049999952316284,50.5,49.049999952316284,49.049999952316284,50.15000009536743,49.15000009536743,49.15000009536743,79.45000004768372,,,63.200000047683716,0.799785614000001,0.3996970653162819,0.3996970653162819,-0.4000885486837191,0.10000014305114746,30.299999952316284,,30.799697160683714,
density_20_nback_1_id_18,18,density_20_nback_1,20,1,24.0497589111,25.0997638702,1.0500049591000007,24.90000009536743,27.15000009536743,24.200000047683716,24.90000009536743,24.200000047683716,24.200000047683716,27.700000047683716,24.200000047683716,47.950000047683716,39.65000009536743,,33.299999952316284,1.0500049591000007,0.850241184267432,0.15024113658371618,-0.19976377483256869,-0.7000000476837158,23.75,15.450000047683716,23.900241136583716,15.600241184267432
density_20_nback_2_id_18,18,density_20_nback_2,20,2,49.1494369507,49.999256134,0.8498191832999993,49.450000047683716,52.40000009536743,49.200000047683716,49.450000047683716,49.200000047683716,49.299999952316284,73.09999990463257,49.299999952316284,90.34999990463257,93.95000004768372,,76.65000009536743,0.8498191832999993,0.30056309698371564,0.05056309698371564,-0.5492560863162836,-0.15000009536743164,41.049999952316284,44.65000009536743,41.20056295393257,44.800563096983716
density_0_nback_0_id_19,19,density_0_nback_0,0,0,29.4502487183,30.4502735138,1.0000247955,30.65000009536743,31.84999990463257,30.549999952316284,30.65000009536743,30.549999952316284,30.700000047683716,31.90000009536743,30.700000047683716,51.84999990463257,,,37.0,1.0000247955,1.1997513770674324,1.099751234016285,0.1997265815674325,0.04999995231628418,21.149999856948853,,22.39975118633257,
density_0_nback_1_id_19,19,density_0_nback_1,0,1,34.2001533508,35.7000694275,1.4999160766999964,55.75,35.299999952316284,,35.299999952316284,35.299999952316284,38.15000009536743,36.34999990463257,36.34999990463257,57.59999990463257,,,45.049999952316284,1.4999160766999964,1.0998466015162833,1.0998466015162833,-0.40006947518371305,1.0499999523162842,21.25,,23.399846553832568,
density_0_nback_2_id_19,19,density_0_nback_2,0,2,31.7500152588,33.5005683899,1.750553131100002,63.34999990463257,35.0,,35.0,35.0,48.5,35.09999990463257,35.09999990463257,56.5,45.09999990463257,,39.25,1.750553131100002,3.2499847411999987,3.2499847411999987,1.4994316100999967,0.09999990463256836,21.40000009536743,10.0,24.7499847412,13.349984645832567
density_10_nback_0_id_19,19,density_10_nback_0,10,0,21.2001686096,24.200012207,2.9998435974000017,21.950000047683716,21.40000009536743,21.25,21.40000009536743,21.25,21.25,21.25,21.25,21.25,36.90000009536743,,29.450000047683716,2.9998435974000017,0.19983148576743304,0.049831390400001396,-2.8000121116325687,-0.15000009536743164,0.0,15.650000095367432,0.049831390400001396,15.699831485767433
density_10_nback_1_id_19,19,density_10_nback_1,10,1,26.0495491028,27.7002906799,1.6507415770999998,27.40000009536743,31.200000047683716,27.25,27.40000009536743,27.25,27.40000009536743,31.34999990463257,27.40000009536743,51.75,52.200000047683716,,35.25,1.6507415770999998,1.3504509925674313,1.2004508971999996,-0.3002905845325685,0.0,24.34999990463257,24.799999952316284,25.7004508972,26.150450944883715
density_10_nback_2_id_19,19,density_10_nback_2,10,2,26.9002304077,28.3003139496,1.400083541899999,28.15000009536743,30.200000047683716,26.950000047683716,28.15000009536743,26.950000047683716,27.34999990463257,30.25,27.34999990463257,27.34999990463257,,,35.34999990463257,1.400083541899999,1.2497696876674311,0.04976963998371531,-0.15031385423256793,-0.8000001907348633,0.0,,0.44976949693256785,
density_20_nback_0_id_19,19,density_20_nback_0,20,0,48.6002845764,49.4502792358,0.8499946593999965,50.90000009536743,49.0,50.40000009536743,49.0,49.0,50.799999952316284,49.09999990463257,49.09999990463257,72.40000009536743,,,56.549999952316284,0.8499946593999965,0.3997154236,0.3997154236,-0.4502792357999965,0.09999990463256836,23.300000190734863,,23.79971551896743,
density_20_nback_1_id_19,19,density_20_nback_1,20,1,24.0492706299,24.9991207123,0.9498500824000011,24.90000009536743,30.049999952316284,24.15000009536743,24.90000009536743,24.15000009536743,24.15000009536743,31.700000047683716,24.15000009536743,42.549999952316284,69.40000009536743,,33.09999990463257,0.9498500824000011,0.8507294654674311,0.10072946546743111,-0.09912061693257002,-0.75,18.399999856948853,45.25,18.500729322416284,45.35072946546743
density_20_nback_2_id_19,19,density_20_nback_2,20,2,49.2502441406,50.9005355835,1.6502914428999986,51.200000047683716,52.200000047683716,49.299999952316284,51.200000047683716,49.299999952316284,49.299999952316284,52.450000047683716,49.299999952316284,75.0,67.45000004768372,,56.40000009536743,1.6502914428999986,1.9497559070837127,0.04975581171628107,0.2994644641837141,-1.9000000953674316,25.700000047683716,18.15000009536743,25.749755859399997,18.199755907083713
density_0_nback_0_id_20,20,density_0_nback_0,0,0,29.4504070282,31.3003387451,1.8499317168999987,30.65000009536743,32.450000047683716,30.5,30.65000009536743,30.5,30.65000009536743,32.549999952316284,30.65000009536743,49.25,,,37.09999990463257,1.8499317168999987,1.1995930671674309,1.0495929717999992,-0.6503386497325678,0.0,18.59999990463257,,19.7995929718,
density_0_nback_1_id_20,20,density_0_nback_1,0,1,34.1999053955,36.0497627258,1.8498573303000043,74.54999995231628,35.299999952316284,,35.299999952316284,35.299999952316284,37.5,36.15000009536743,36.15000009536743,64.5,,,45.200000047683716,1.8498573303000043,1.1000945568162876,1.1000945568162876,-0.7497627734837167,0.8500001430511475,28.34999990463257,,30.300094604500003,
density_0_nback_2_id_20,20,density_0_nback_2,0,2,31.7494239807,33.6494560242,1.9000320434999978,34.0,35.549999952316284,,34.0,34.0,65.29999995231628,35.59999990463257,35.59999990463257,54.5,90.95000004768372,,39.25,1.9000320434999978,2.2505760192999986,2.2505760192999986,0.35054397580000085,1.5999999046325684,18.90000009536743,55.35000014305115,22.7505760193,59.200576066983714
density_10_nback_0_id_20,20,density_10_nback_0,10,0,21.1501674652,22.5002746582,1.3501071929999995,22.049999952316284,21.34999990463257,21.200000047683716,21.34999990463257,21.200000047683716,21.200000047683716,21.25,21.200000047683716,30.34999990463257,,,28.700000047683716,1.3501071929999995,0.19983243943256923,0.04983258248371669,-1.1502747535674303,-0.14999985694885254,9.149999856948853,,9.19983243943257,
density_10_nback_1_id_20,20,density_10_nback_1,10,1,26.0504207611,28.4002914429,2.349870681799999,27.299999952316284,29.34999990463257,27.15000009536743,27.299999952316284,27.15000009536743,27.299999952316284,29.40000009536743,27.299999952316284,46.450000047683716,,,34.549999952316284,2.349870681799999,1.2495791912162844,1.0995793342674318,-1.1002914905837144,0.0,19.15000009536743,,20.399579286583716,
density_10_nback_2_id_20,20,density_10_nback_2,10,2,26.9499568939,29.5504302979,2.600473403999999,28.15000009536743,30.75,26.950000047683716,28.15000009536743,26.950000047683716,27.34999990463257,30.84999990463257,27.34999990463257,27.34999990463257,,,35.40000009536743,2.600473403999999,1.2000432014674303,4.315378371444467e-05,-1.4004302025325686,-0.8000001907348633,0.0,,0.400043010732567,
density_20_nback_0_id_20,20,density_20_nback_0,20,0,48.6501426697,50.200012207,1.5498695372999975,50.549999952316284,49.049999952316284,49.700000047683716,49.049999952316284,49.049999952316284,49.65000009536743,49.15000009536743,49.15000009536743,74.15000009536743,,,56.549999952316284,1.5498695372999975,0.3998572826162814,0.3998572826162814,-1.1500122546837162,0.10000014305114746,25.0,,25.49985742566743,
density_20_nback_1_id_20,20,density_20_nback_1,20,1,28.700094223,30.7501869202,2.0500926972,29.0,34.549999952316284,28.75,29.0,28.75,29.09999990463257,40.549999952316284,29.09999990463257,65.65000009536743,49.59999990463257,,40.450000047683716,2.0500926972,0.2999057769999993,0.04990577699999932,-1.7501869202000009,0.09999990463256836,36.55000019073486,20.5,36.94990587236743,20.899905681632568
density_20_nback_2_id_20,20,density_20_nback_2,20,2,43.600353241,45.2998733521,1.6995201111,44.700000047683716,51.59999990463257,43.799999952316284,44.700000047683716,43.799999952316284,43.799999952316284,76.5,43.799999952316284,46.40000009536743,56.700000047683716,,54.799999952316284,1.6995201111,1.0996468066837153,0.19964671131628364,-0.5998733044162847,-0.9000000953674316,2.6000001430511475,12.900000095367432,2.799646854367431,13.099646806683715
density_0_nback_0_id_21,21,density_0_nback_0,0,0,29.450220108,30.9003314972,1.4501113892,30.65000009536743,31.90000009536743,30.5,30.65000009536743,30.5,30.700000047683716,31.950000047683716,30.700000047683716,52.0,72.0,,37.049999952316284,1.4501113892,1.1997799873674317,1.049779892,-0.2503314018325682,0.04999995231628418,21.299999952316284,41.299999952316284,22.549779892,42.549779892000004
density_0_nback_1_id_21,21,density_0_nback_1,0,1,34.2507896423,36.2506561279,1.999866485600002,56.049999952316284,35.34999990463257,,35.34999990463257,35.34999990463257,43.549999952316284,36.25,36.25,57.90000009536743,,,45.549999952316284,1.999866485600002,1.0992102623325692,1.0992102623325692,-0.9006562232674327,0.9000000953674316,21.65000009536743,,23.649210453067433,
density_0_nback_2_id_21,21,density_0_nback_2,0,2,31.7500324249,33.0500526428,1.3000202178999984,56.15000009536743,34.40000009536743,,34.40000009536743,34.40000009536743,75.95000004768372,34.5,34.5,53.0,71.25,,39.15000009536743,1.3000202178999984,2.649967670467433,2.649967670467433,1.3499474525674344,0.09999990463256836,18.5,36.75,21.2499675751,39.4999675751
density_10_nback_0_id_21,21,density_10_nback_0,10,0,21.1998977661,23.5508308411,2.3509330750000004,21.90000009536743,21.34999990463257,21.200000047683716,21.34999990463257,21.200000047683716,21.200000047683716,21.25,21.200000047683716,41.950000047683716,,,29.200000047683716,2.3509330750000004,0.15010213853256715,0.00010228158371461404,-2.200830936467433,-0.14999985694885254,20.75,,20.750102281583715,
density_10_nback_1_id_21,21,density_10_nback_1,10,1,26.0499992371,28.5499572754,2.499958038300001,27.34999990463257,29.799999952316284,27.25,27.34999990463257,27.25,27.40000009536743,29.90000009536743,27.40000009536743,49.0,50.049999952316284,,34.700000047683716,2.499958038300001,1.3000006675325686,1.2000007629000002,-1.1999573707674323,0.05000019073486328,21.59999990463257,22.649999856948853,22.9500007629,24.000000715216284
density_10_nback_2_id_21,21,density_10_nback_2,10,2,26.9007053375,29.1002025604,2.1994972229,28.15000009536743,30.65000009536743,26.950000047683716,28.15000009536743,26.950000047683716,27.34999990463257,30.75,27.34999990463257,27.65000009536743,88.0,,35.200000047683716,2.1994972229,1.2492947578674318,0.049294710183716006,-0.950202465032568,-0.8000001907348633,0.3000001907348633,60.65000009536743,0.7492947578674318,61.0992946625
density_20_nback_0_id_21,21,density_20_nback_0,20,0,48.6494750977,49.8495330811,1.2000579834000007,51.799999952316284,49.0,49.700000047683716,49.0,49.0,49.700000047683716,49.15000009536743,49.15000009536743,74.59999990463257,52.90000009536743,,56.700000047683716,1.2000579834000007,0.3505249023000019,0.3505249023000019,-0.8495330810999988,0.15000009536743164,25.449999809265137,3.75,25.95052480693257,4.2505249976674335
density_20_nback_1_id_21,21,density_20_nback_1,20,1,24.0991611481,25.7493419647,1.6501808166000025,24.950000047683716,27.40000009536743,24.200000047683716,24.950000047683716,24.200000047683716,24.200000047683716,29.200000047683716,24.200000047683716,50.65000009536743,41.450000047683716,,33.200000047683716,1.6501808166000025,0.8508388995837173,0.10083889958371728,-0.7993419170162852,-0.75,26.450000047683716,17.25,26.550838947267433,17.350838899583717
density_20_nback_2_id_21,21,density_20_nback_2,20,2,49.1503982544,51.3996772766,2.2492790221999996,49.34999990463257,53.0,49.200000047683716,49.34999990463257,49.200000047683716,49.200000047683716,53.200000047683716,49.200000047683716,73.04999995231628,73.90000009536743,,56.40000009536743,2.2492790221999996,0.19960165023256593,0.04960179328371339,-2.0496773719674337,-0.14999985694885254,23.84999990463257,24.700000047683716,23.89960169791628,24.74960184096743
density_0_nback_0_id_22,22,density_0_nback_0,0,0,29.4501876831,29.9500217438,0.4998340606999996,46.549999952316284,32.40000009536743,30.5,32.40000009536743,30.5,30.84999990463257,32.450000047683716,30.84999990463257,47.549999952316284,,,36.84999990463257,0.4998340606999996,2.9498124122674305,1.0498123168999989,2.449978351567431,-1.5500001907348633,16.700000047683716,,18.099812269216283,
density_0_nback_1_id_22,22,density_0_nback_1,0,1,34.1999359131,35.8997383118,1.699802398700001,47.15000009536743,35.34999990463257,,35.34999990463257,35.34999990463257,47.15000009536743,36.200000047683716,36.200000047683716,54.65000009536743,,,45.700000047683716,1.699802398700001,1.1500639915325692,1.1500639915325692,-0.5497384071674318,0.8500001430511475,18.450000047683716,,20.450064182267432,
density_0_nback_2_id_22,22,density_0_nback_2,0,2,31.7495994568,33.7994766235,2.0498771667,33.84999990463257,35.0,,33.84999990463257,33.84999990463257,44.90000009536743,35.09999990463257,35.09999990463257,48.65000009536743,,,39.34999990463257,2.0498771667,2.1004004478325697,2.1004004478325697,0.050523281132569764,1.25,13.550000190734863,,16.900400638567433,
density_10_nback_0_id_22,22,density_10_nback_0,10,0,21.1496982574,21.6497306824,0.5000324250000006,21.549999952316284,21.299999952316284,21.15000009536743,21.299999952316284,21.15000009536743,21.15000009536743,21.200000047683716,21.15000009536743,42.450000047683716,,,28.65000009536743,0.5000324250000006,0.15030169491628342,0.00030183796743088465,-0.34973073008371713,-0.14999985694885254,21.299999952316284,,21.300301790283715,
density_10_nback_1_id_22,22,density_10_nback_1,10,1,26.1005687714,28.1001777649,1.9996089935000008,27.299999952316284,31.34999990463257,27.200000047683716,27.299999952316284,27.200000047683716,27.34999990463257,31.450000047683716,27.34999990463257,44.799999952316284,47.40000009536743,45.40000009536743,34.700000047683716,1.9996089935000008,1.1994311809162852,1.0994312762837168,-0.8001778125837156,0.04999995231628418,17.450000047683716,20.050000190734863,18.699431180916285,21.299431323967433
density_10_nback_2_id_22,22,density_10_nback_2,10,2,26.9492492676,29.19962883,2.2503795624000027,28.200000047683716,32.84999990463257,26.950000047683716,28.200000047683716,26.950000047683716,27.40000009536743,31.5,27.40000009536743,47.549999952316284,,,36.25,2.2503795624000027,1.2507507800837168,0.0007507800837167622,-0.9996287823162859,-0.7999999523162842,20.149999856948853,,20.600750684716285,
density_20_nback_0_id_22,22,density_20_nback_0,20,0,48.6504592896,49.900604248,1.2501449584,53.049999952316284,49.049999952316284,49.700000047683716,49.049999952316284,49.049999952316284,49.700000047683716,49.15000009536743,49.15000009536743,66.65000009536743,77.09999990463257,,56.5,1.2501449584,0.39954066271628363,0.39954066271628363,-0.8506042956837163,0.10000014305114746,17.5,27.949999809265137,17.99954080576743,28.449540615032568
density_20_nback_1_id_22,22,density_20_nback_1,20,1,24.0502147675,24.6502094269,0.5999946593999965,24.90000009536743,28.0,24.200000047683716,24.90000009536743,24.200000047683716,24.200000047683716,28.5,24.200000047683716,45.34999990463257,46.0,,33.40000009536743,0.5999946593999965,0.8497853278674299,0.14978528018371406,0.24979066846743336,-0.7000000476837158,21.149999856948853,21.799999952316284,21.299785137132567,21.9497852325
density_20_nback_2_id_22,22,density_20_nback_2,20,2,49.1496543884,51.1996803284,2.0500259399999976,49.40000009536743,54.450000047683716,49.15000009536743,49.40000009536743,49.15000009536743,49.200000047683716,54.549999952316284,49.200000047683716,63.700000047683716,71.75,,56.5,2.0500259399999976,0.25034570696742975,0.0003457069674297486,-1.7996802330325679,-0.20000004768371582,14.5,22.549999952316284,14.550345659283714,22.600345611599998
density_0_nback_0_id_23,23,density_0_nback_0,0,0,29.450220108,31.7503376007,2.3001174927,30.65000009536743,33.700000047683716,30.5,30.65000009536743,30.5,30.700000047683716,33.799999952316284,30.700000047683716,46.75,,,37.299999952316284,2.3001174927,1.1997799873674317,1.049779892,-1.1003375053325684,0.04999995231628418,16.049999952316284,,17.299779892,
density_0_nback_1_id_23,23,density_0_nback_1,0,1,34.2498550415,37.199760437,2.9499053955000036,76.5,35.34999990463257,,35.34999990463257,35.34999990463257,50.700000047683716,36.25,36.25,36.25,,,45.84999990463257,2.9499053955000036,1.10014486313257,1.10014486313257,-1.8497605323674335,0.9000000953674316,0.0,,2.0001449585000017,
density_0_nback_2_id_23,23,density_0_nback_2,0,2,31.7500705719,34.0000953674,2.2500247955,33.799999952316284,35.09999990463257,,33.799999952316284,33.799999952316284,37.84999990463257,35.200000047683716,35.200000047683716,48.59999990463257,,,39.25,2.2500247955,2.049929380416284,2.049929380416284,-0.20009541508371598,1.4000000953674316,13.399999856948853,,16.849929332732568,
density_10_nback_0_id_23,23,density_10_nback_0,10,0,21.0999946594,23.6500205994,2.550025940000001,21.299999952316284,21.25,21.09999990463257,21.25,21.09999990463257,21.09999990463257,21.200000047683716,21.09999990463257,21.299999952316284,,,30.59999990463257,2.550025940000001,0.15000534059999993,5.245232568285019e-06,-2.4000205994000012,-0.15000009536743164,0.20000004768371582,,0.2000052929162841,
density_10_nback_1_id_23,23,density_10_nback_1,10,1,26.0494689941,27.7000675201,1.6505985259999996,27.34999990463257,31.5,27.200000047683716,27.34999990463257,27.200000047683716,27.34999990463257,31.549999952316284,27.34999990463257,41.549999952316284,46.84999990463257,43.84999990463257,34.59999990463257,1.6505985259999996,1.3005309105325686,1.150531053583716,-0.3500676154674309,0.0,14.200000047683716,19.5,15.500530958216284,20.80053091053257
density_10_nback_2_id_23,23,density_10_nback_2,10,2,26.9493350983,28.5493240356,1.599988937300001,28.15000009536743,33.200000047683716,26.950000047683716,28.15000009536743,26.950000047683716,27.299999952316284,33.200000047683716,27.299999952316284,51.950000047683716,,,35.40000009536743,1.599988937300001,1.200664997067431,0.0006649493837151965,-0.3993239402325699,-0.8500001430511475,24.65000009536743,,25.000664949383715,
density_20_nback_0_id_23,23,density_20_nback_0,20,0,48.6496810913,50.700176239,2.0504951476999977,50.549999952316284,49.0,49.700000047683716,49.0,49.0,49.700000047683716,49.15000009536743,49.15000009536743,66.90000009536743,,,56.549999952316284,2.0504951476999977,0.3503189086999967,0.3503189086999967,-1.700176239000001,0.15000009536743164,17.75,,18.25031900406743,
density_20_nback_1_id_23,23,density_20_nback_1,20,1,24.1003170013,26.1006889343,2.0003719330000003,24.950000047683716,31.799999952316284,24.200000047683716,24.950000047683716,24.200000047683716,24.200000047683716,31.84999990463257,24.200000047683716,45.84999990463257,45.950000047683716,,32.65000009536743,2.0003719330000003,0.849683046383717,0.09968304638371706,-1.1506888866162832,-0.75,21.649999856948853,21.75,21.74968290333257,21.849683046383717
density_20_nback_2_id_23,23,density_20_nback_2,20,2,49.1999549866,54.1004066467,4.900451660100003,49.200000047683716,54.59999990463257,49.200000047683716,49.200000047683716,49.200000047683716,49.200000047683716,54.700000047683716,49.200000047683716,52.299999952316284,76.65000009536743,,64.20000004768372,4.900451660100003,4.5061083717712336e-05,4.5061083717712336e-05,-4.900406599016286,0.0,3.0999999046325684,27.450000047683716,3.100044965716286,27.450045108767434
density_0_nback_0_id_24,24,density_0_nback_0,0,0,29.4498767853,30.5498561859,1.0999794006000023,30.65000009536743,31.59999990463257,30.5,30.65000009536743,30.5,30.65000009536743,31.65000009536743,30.65000009536743,49.90000009536743,,,36.90000009536743,1.0999794006000023,1.2001233100674327,1.050123214700001,0.10014390946743035,0.0,19.25,,20.450123310067433,
density_0_nback_1_id_24,24,density_0_nback_1,0,1,34.250125885,37.0492706299,2.7991447448999978,75.34999990463257,35.34999990463257,,35.34999990463257,35.34999990463257,58.049999952316284,36.25,36.25,44.049999952316284,,,45.450000047683716,2.7991447448999978,1.0998740196325656,1.0998740196325656,-1.6992707252674322,0.9000000953674316,7.799999952316284,,9.799874067316281,
density_0_nback_2_id_24,24,density_0_nback_2,0,2,31.7501678467,33.5007781982,1.7506103515000042,34.09999990463257,34.450000047683716,,34.09999990463257,34.09999990463257,54.0,34.5,34.5,55.5,46.5,,39.15000009536743,1.7506103515000042,2.34983205793257,2.34983205793257,0.5992217064325658,0.40000009536743164,21.0,12.0,23.7498321533,14.749832153300002
density_10_nback_0_id_24,24,density_10_nback_0,10,0,21.0995349884,23.1498165131,2.050281524700001,21.34999990463257,21.25,21.09999990463257,21.25,21.09999990463257,21.09999990463257,21.200000047683716,21.09999990463257,21.34999990463257,35.25,,29.09999990463257,2.050281524700001,0.15046501160000147,0.00046491623256983416,-1.8998165130999993,-0.15000009536743164,0.25,14.150000095367432,0.25046491623256983,14.150465011600001
density_10_nback_1_id_24,24,density_10_nback_1,10,1,32.1505584717,33.950214386,1.799655914299997,33.200000047683716,36.59999990463257,33.0,33.200000047683716,33.0,32.200000047683716,37.34999990463257,32.200000047683716,54.700000047683716,59.25,,41.90000009536743,1.799655914299997,1.049441575983714,0.8494415282999981,-0.7502143383162831,-1.0,22.5,27.049999952316284,22.549441575983714,27.099441528299998
density_10_nback_2_id_24,24,density_10_nback_2,10,2,26.9498271942,29.8000640869,2.8502368927,28.09999990463257,30.549999952316284,26.950000047683716,28.09999990463257,26.950000047683716,27.40000009536743,30.65000009536743,27.40000009536743,50.84999990463257,,,36.049999952316284,2.8502368927,1.1501727104325674,0.0001728534837148743,-1.7000641822674325,-0.6999998092651367,23.449999809265137,,23.900172710432567,
density_20_nback_0_id_24,24,density_20_nback_0,20,0,48.5999832153,49.6000099182,1.0000267029000014,50.200000047683716,49.0,49.75,49.0,49.0,49.75,49.09999990463257,49.09999990463257,58.5,,,56.75,1.0000267029000014,0.4000167847,0.4000167847,-0.6000099182000014,0.09999990463256836,9.400000095367432,,9.9000167847,
density_20_nback_1_id_24,24,density_20_nback_1,20,1,24.1504001617,26.7004451752,2.5500450135,24.950000047683716,27.09999990463257,24.200000047683716,24.950000047683716,24.200000047683716,24.200000047683716,27.200000047683716,24.200000047683716,45.799999952316284,39.549999952316284,,33.299999952316284,2.5500450135,0.7995998859837172,0.04959988598371723,-1.750445127516283,-0.75,21.59999990463257,15.349999904632568,21.649599790616286,15.399599790616286
density_20_nback_2_id_24,24,density_20_nback_2,20,2,49.1997528076,56.1002731323,6.900520324700004,49.5,56.25,49.200000047683716,49.5,49.200000047683716,49.299999952316284,56.299999952316284,49.299999952316284,72.25,73.09999990463257,,59.0,6.900520324700004,0.30024719240000053,0.0002472400837163491,-6.6002731323000035,-0.20000004768371582,22.950000047683716,23.799999952316284,23.0502471924,23.90024709703257
density_0_nback_0_id_25,25,density_0_nback_0,0,0,29.4498462677,30.699546814,1.2497005463000015,30.65000009536743,32.34999990463257,30.549999952316284,30.65000009536743,30.549999952316284,30.700000047683716,32.450000047683716,30.700000047683716,51.299999952316284,72.95000004768372,,37.09999990463257,1.2497005463000015,1.2001538276674317,1.1001536846162843,-0.049546718632569764,0.04999995231628418,20.59999990463257,42.25,21.850153684616284,43.50015377998372
density_0_nback_1_id_25,25,density_0_nback_1,0,1,34.2008247375,35.9507980347,1.7499732972000004,76.29999995231628,35.40000009536743,,35.40000009536743,35.40000009536743,56.0,36.25,36.25,61.25,,,45.5,1.7499732972000004,1.199175357867432,1.199175357867432,-0.5507979393325684,0.8499999046325684,25.0,,27.0491752625,
density_0_nback_2_id_25,25,density_0_nback_2,0,2,31.7499465942,32.7999305725,1.049983978300002,57.65000009536743,33.950000047683716,,33.950000047683716,33.950000047683716,47.40000009536743,34.0,34.0,51.549999952316284,71.34999990463257,,39.09999990463257,1.049983978300002,2.200053453483715,2.200053453483715,1.150069475183713,0.04999995231628418,17.549999952316284,37.34999990463257,19.800053358116283,39.60005331043257
density_10_nback_0_id_25,25,density_10_nback_0,10,0,21.1003818512,23.249961853,2.149580001799997,21.25,21.299999952316284,21.15000009536743,21.25,21.15000009536743,21.15000009536743,21.200000047683716,21.15000009536743,21.15000009536743,34.0,,29.200000047683716,2.149580001799997,0.14961814879999835,0.04961824416742999,-1.9999618529999985,-0.09999990463256836,0.0,12.849999904632568,0.04961824416742999,12.899618148799998
density_10_nback_1_id_25,25,density_10_nback_1,10,1,26.0999851227,27.7496509552,1.6496658324999984,27.25,31.5,27.15000009536743,27.25,27.15000009536743,27.299999952316284,31.75,27.299999952316284,46.34999990463257,46.84999990463257,46.40000009536743,34.700000047683716,1.6496658324999984,1.1500148772999985,1.0500149726674302,-0.4996509551999999,0.04999995231628418,19.049999952316284,19.549999952316284,20.250014781932567,20.750014781932567
density_10_nback_2_id_25,25,density_10_nback_2,10,2,26.9002094269,28.149389267,1.2491798401000018,28.15000009536743,32.65000009536743,26.950000047683716,28.15000009536743,26.950000047683716,27.299999952316284,32.65000009536743,27.299999952316284,44.799999952316284,,,35.549999952316284,1.2491798401000018,1.2497906684674334,0.04979062078371754,0.0006108283674315373,-0.8500001430511475,17.5,,17.899790525416286,
density_20_nback_0_id_25,25,density_20_nback_0,20,0,48.6992797852,49.7493286133,1.050048828100003,52.25,49.049999952316284,49.799999952316284,49.049999952316284,49.049999952316284,49.799999952316284,49.15000009536743,49.15000009536743,49.15000009536743,,,56.5,1.050048828100003,0.35072016711628606,0.35072016711628606,-0.699328660983717,0.10000014305114746,0.0,,0.4507203101674335,
density_20_nback_1_id_25,25,density_20_nback_1,20,1,28.6997108459,30.3996009827,1.6998901368000006,29.049999952316284,34.049999952316284,28.700000047683716,29.049999952316284,28.700000047683716,29.25,34.09999990463257,29.25,81.59999990463257,52.0,,60.799999952316284,1.6998901368000006,0.35028910641628386,0.0002892017837154981,-1.3496010303837167,0.20000004768371582,52.34999990463257,22.75,52.90028905873257,23.3002891541
density_20_nback_2_id_25,25,density_20_nback_2,20,2,45.5496444702,46.6493453979,1.099700927699999,46.75,48.59999990463257,45.75,46.75,45.75,45.799999952316284,48.799999952316284,45.799999952316284,72.45000004768372,49.700000047683716,,53.700000047683716,1.099700927699999,1.2003555297999995,0.2003555297999995,0.10065460210000055,-0.9500000476837158,26.65000009536743,3.9000000953674316,26.900355577483715,4.150355577483715
density_0_nback_0_id_26,26,density_0_nback_0,0,0,29.4503383636,31.7503471375,2.3000087739,30.65000009536743,33.200000047683716,30.5,30.65000009536743,30.5,30.65000009536743,33.34999990463257,30.65000009536743,47.950000047683716,,,37.15000009536743,2.3000087739,1.1996617317674314,1.0496616363999998,-1.1003470421325687,0.0,17.299999952316284,,18.499661684083716,
density_0_nback_1_id_26,26,density_0_nback_1,0,1,34.2500190735,36.2000770569,1.9500579834000007,49.59999990463257,35.40000009536743,,35.40000009536743,35.40000009536743,36.950000047683716,36.25,36.25,54.200000047683716,,,44.549999952316284,1.9500579834000007,1.1499810218674327,1.1499810218674327,-0.800076961532568,0.8499999046325684,17.950000047683716,,19.949980974183717,
density_0_nback_2_id_26,26,density_0_nback_2,0,2,31.800151825,33.4000167847,1.5998649596999996,33.84999990463257,34.75,,33.84999990463257,33.84999990463257,45.299999952316284,34.799999952316284,34.799999952316284,51.049999952316284,,,39.0,1.5998649596999996,2.049848079632568,2.049848079632568,0.44998311993256834,0.9500000476837158,16.25,,19.249848127316284,
density_10_nback_0_id_26,26,density_10_nback_0,10,0,21.149723053,22.6999511719,1.5502281189000016,21.549999952316284,21.299999952316284,21.15000009536743,21.299999952316284,21.15000009536743,21.15000009536743,21.200000047683716,21.15000009536743,21.15000009536743,,,29.0,1.5502281189000016,0.1502768993162853,0.000277042367432756,-1.3999512195837163,-0.14999985694885254,0.0,,0.000277042367432756,
density_10_nback_1_id_26,26,density_10_nback_1,10,1,26.099937439,27.5494918823,1.4495544432999985,27.25,30.5,27.200000047683716,27.25,27.200000047683716,27.299999952316284,30.700000047683716,27.299999952316284,44.84999990463257,49.84999990463257,45.65000009536743,34.5,1.4495544432999985,1.1500625609999986,1.1000626086837144,-0.2994918822999999,0.04999995231628418,17.549999952316284,22.549999952316284,18.750062465632567,23.750062465632567
density_10_nback_2_id_26,26,density_10_nback_2,10,2,26.9496383667,28.6996154785,1.7499771117999998,28.15000009536743,31.84999990463257,26.950000047683716,28.15000009536743,26.950000047683716,27.34999990463257,33.25,27.34999990463257,27.34999990463257,,,35.25,1.7499771117999998,1.2003617286674313,0.0003616809837154733,-0.5496153831325685,-0.8000001907348633,0.0,,0.400361537932568,
density_20_nback_0_id_26,26,density_20_nback_0,20,0,48.6501045227,50.3000297546,1.6499252318999993,50.549999952316284,49.049999952316284,49.65000009536743,49.049999952316284,49.049999952316284,49.65000009536743,49.15000009536743,49.15000009536743,70.15000009536743,,,56.59999990463257,1.6499252318999993,0.39989542961628644,0.39989542961628644,-1.2500298022837129,0.10000014305114746,21.0,,21.499895572667434,
density_20_nback_1_id_26,26,density_20_nback_1,20,1,24.1496677399,25.999753952,1.850086212099999,24.950000047683716,30.950000047683716,24.200000047683716,24.950000047683716,24.200000047683716,24.200000047683716,31.65000009536743,24.200000047683716,44.15000009536743,,,33.09999990463257,1.850086212099999,0.8003323077837159,0.05033230778371589,-1.0497539043162831,-0.75,19.950000047683716,,20.00033235546743,
density_20_nback_2_id_26,26,density_20_nback_2,20,2,49.1498413086,51.1504440308,2.0006027222,49.40000009536743,53.75,49.15000009536743,49.40000009536743,49.15000009536743,49.200000047683716,53.90000009536743,49.200000047683716,56.25,70.29999995231628,,56.200000047683716,2.0006027222,0.25015878676742886,0.00015878676742886455,-1.7504439354325712,-0.20000004768371582,7.049999952316284,21.09999990463257,7.100158691399997,21.15015864371628
density_0_nback_0_id_27,27,density_0_nback_0,0,0,29.4503288269,30.3997402191,0.9494113921999983,30.65000009536743,31.40000009536743,30.5,30.65000009536743,30.5,30.700000047683716,31.5,30.700000047683716,65.04999995231628,,,36.84999990463257,0.9494113921999983,1.19967126846743,1.0496711730999984,0.25025987626743174,0.04999995231628418,34.34999990463257,,35.59967112541628,
density_0_nback_1_id_27,27,density_0_nback_1,0,1,34.1997756958,36.9000167847,2.7002410889000004,59.799999952316284,35.299999952316284,,35.299999952316284,35.299999952316284,43.700000047683716,36.15000009536743,36.15000009536743,65.20000004768372,,,45.950000047683716,2.7002410889000004,1.1002242565162845,1.1002242565162845,-1.6000168323837158,0.8500001430511475,29.049999952316284,,31.000224351883716,
density_0_nback_2_id_27,27,density_0_nback_2,0,2,31.7499504089,33.4998245239,1.7498741150000043,34.049999952316284,35.15000009536743,,34.049999952316284,34.049999952316284,34.450000047683716,35.299999952316284,34.450000047683716,51.90000009536743,72.75,,40.25,1.7498741150000043,2.3000495434162858,2.3000495434162858,0.5501754284162814,0.40000009536743164,17.450000047683716,38.299999952316284,20.150049686467433,41.0000495911
density_10_nback_0_id_27,27,density_10_nback_0,10,0,21.2003498077,23.9499320984,2.749582290700001,21.59999990463257,21.40000009536743,21.25,21.40000009536743,21.25,21.25,21.25,21.25,22.40000009536743,,,32.5,2.749582290700001,0.19965028766743131,0.049650192299999674,-2.54993200303257,-0.15000009536743164,1.1500000953674316,,1.1996502876674313,
density_10_nback_1_id_27,27,density_10_nback_1,10,1,26.0992183685,28.6500148773,2.5507965087999978,27.25,30.25,27.09999990463257,27.25,27.09999990463257,27.299999952316284,30.34999990463257,27.299999952316284,61.049999952316284,36.40000009536743,,35.15000009536743,2.5507965087999978,1.1507816314999992,1.0007815361325676,-1.4000148772999985,0.04999995231628418,33.75,9.100000143051147,34.95078158381628,10.30078172686743
density_10_nback_2_id_27,27,density_10_nback_2,10,2,26.9500846863,28.7001342773,1.7500495909999998,28.15000009536743,29.5,27.0,28.15000009536743,27.0,27.40000009536743,29.59999990463257,27.40000009536743,62.59999990463257,79.65000009536743,,35.049999952316284,1.7500495909999998,1.199915409067433,0.04991531370000146,-0.5501341819325667,-0.75,35.19999980926514,52.25,35.649915218332566,52.69991540906743
density_20_nback_0_id_27,27,density_20_nback_0,20,0,48.6499557495,50.8996696472,2.2497138976999977,50.549999952316284,49.0,49.700000047683716,49.0,49.0,49.700000047683716,49.15000009536743,49.15000009536743,72.75,,,56.700000047683716,2.2497138976999977,0.3500442504999981,0.3500442504999981,-1.8996696471999996,0.15000009536743164,23.59999990463257,,24.100044250499998,
density_20_nback_1_id_27,27,density_20_nback_1,20,1,28.6502990723,31.3503990173,2.700099944999998,29.049999952316284,32.40000009536743,28.700000047683716,29.049999952316284,28.700000047683716,29.25,76.90000009536743,29.25,30.15000009536743,50.65000009536743,,77.95000004768372,2.700099944999998,0.3997008800162831,0.04970097538371476,-2.300399064983715,0.20000004768371582,0.9000000953674316,21.40000009536743,1.4997010230674306,21.99970102306743
density_20_nback_2_id_27,27,density_20_nback_2,20,2,43.5501022339,45.1995315552,1.6494293212999978,44.65000009536743,47.84999990463257,43.84999990463257,44.65000009536743,43.84999990463257,43.84999990463257,48.950000047683716,43.84999990463257,74.04999995231628,74.29999995231628,,54.65000009536743,1.6494293212999978,1.0998978614674328,0.29989767073256957,-0.5495314598325649,-0.8000001907348633,30.200000047683716,30.450000047683716,30.499897718416285,30.749897718416285
density_0_nback_0_id_28,28,density_0_nback_0,0,0,29.4491634369,33.7991104126,4.3499469757,30.65000009536743,34.799999952316284,30.549999952316284,30.65000009536743,30.549999952316284,30.65000009536743,33.59999990463257,30.65000009536743,51.299999952316284,,,38.15000009536743,4.3499469757,1.2008366584674306,1.1008365154162831,-3.1491103172325694,0.0,20.649999856948853,,21.850836515416283,
density_0_nback_1_id_28,28,density_0_nback_1,0,1,34.1998672485,36.1497268677,1.949859619199998,75.75,35.299999952316284,,35.299999952316284,35.299999952316284,41.90000009536743,36.15000009536743,36.15000009536743,55.549999952316284,,,45.799999952316284,1.949859619199998,1.1001327038162856,1.1001327038162856,-0.8497269153837124,0.8500001430511475,19.399999856948853,,21.350132703816286,
density_0_nback_2_id_28,28,density_0_nback_2,0,2,31.7500476837,33.4504966736,1.7004489899,53.200000047683716,33.950000047683716,,33.950000047683716,33.950000047683716,47.450000047683716,34.0,34.0,50.450000047683716,,,39.09999990463257,1.7004489899,2.1999523639837157,2.1999523639837157,0.4995033740837158,0.04999995231628418,16.450000047683716,,18.699952363983716,
density_10_nback_0_id_28,28,density_10_nback_0,10,0,21.1998329163,22.4502277374,1.2503948210999987,21.950000047683716,21.34999990463257,21.200000047683716,21.34999990463257,21.200000047683716,21.200000047683716,21.25,21.200000047683716,45.15000009536743,36.549999952316284,,29.0,1.2503948210999987,0.15016698833256825,0.0001671313837157129,-1.1002278327674304,-0.14999985694885254,23.950000047683716,15.349999904632568,23.95016717906743,15.350167036016284
density_10_nback_1_id_28,28,density_10_nback_1,10,1,26.049823761,27.3998718262,1.3500480651999993,27.34999990463257,28.65000009536743,27.25,27.34999990463257,27.25,27.40000009536743,28.65000009536743,27.40000009536743,46.950000047683716,46.450000047683716,47.0,34.549999952316284,1.3500480651999993,1.3001761436325694,1.200176239000001,-0.04987192156742992,0.05000019073486328,19.549999952316284,19.049999952316284,20.900176286683717,20.400176286683717
density_10_nback_2_id_28,28,density_10_nback_2,10,2,26.8996696472,28.0004711151,1.100801467900002,28.450000047683716,28.799999952316284,26.90000009536743,28.450000047683716,26.90000009536743,27.34999990463257,28.90000009536743,27.34999990463257,50.799999952316284,31.5,,35.34999990463257,1.100801467900002,1.5503304004837162,0.0003304481674319959,0.4495289325837142,-1.1000001430511475,23.450000047683716,4.150000095367432,23.900330305116285,4.6003303528
density_20_nback_0_id_28,28,density_20_nback_0,20,0,48.6501426697,49.5500717163,0.8999290466000005,50.40000009536743,49.049999952316284,49.700000047683716,49.049999952316284,49.049999952316284,49.700000047683716,49.15000009536743,49.15000009536743,71.20000004768372,,,57.25,0.8999290466000005,0.3998572826162814,0.3998572826162814,-0.5000717639837191,0.10000014305114746,22.049999952316284,,22.549857377983713,
density_20_nback_1_id_28,28,density_20_nback_1,20,1,49.1992111206,50.3492240906,1.150012970000006,49.450000047683716,51.200000047683716,49.200000047683716,49.450000047683716,49.200000047683716,49.299999952316284,51.299999952316284,49.299999952316284,71.09999990463257,55.34999990463257,,56.200000047683716,1.150012970000006,0.25078892708371825,0.0007889270837182494,-0.8992240429162877,-0.15000009536743164,21.799999952316284,6.049999952316284,21.90078878403257,6.150788784032571
density_20_nback_2_id_28,28,density_20_nback_2,20,2,49.2002220154,50.7001037598,1.4998817443999997,49.5,51.90000009536743,49.25,49.5,49.25,49.299999952316284,53.950000047683716,49.299999952316284,75.0,85.90000009536743,,56.90000009536743,1.4998817443999997,0.2997779845999986,0.049777984599998604,-1.200103759800001,-0.20000004768371582,25.700000047683716,36.60000014305115,25.7997779846,36.69977807996743
density_0_nback_0_id_29,29,density_0_nback_0,0,0,29.4509487152,31.7009849548,2.2500362396,30.65000009536743,32.5,30.549999952316284,30.65000009536743,30.549999952316284,30.700000047683716,32.549999952316284,30.700000047683716,50.950000047683716,,,37.40000009536743,2.2500362396,1.1990513801674325,1.099051237116285,-1.0509848594325675,0.04999995231628418,20.25,,21.499051332483717,
density_0_nback_1_id_29,29,density_0_nback_1,0,1,34.1999816895,38.4000358582,4.2000541686999995,82.09999990463257,35.299999952316284,,35.299999952316284,35.299999952316284,53.15000009536743,36.200000047683716,36.200000047683716,58.34999990463257,,,46.84999990463257,4.2000541686999995,1.1000182628162847,1.1000182628162847,-3.100035905883715,0.9000000953674316,22.149999856948853,,24.15001821513257,
density_0_nback_2_id_29,29,density_0_nback_2,0,2,31.7497844696,34.8006858826,3.0509014129999983,33.799999952316284,35.299999952316284,,33.799999952316284,33.799999952316284,34.34999990463257,35.549999952316284,34.34999990463257,60.700000047683716,,,42.75,3.0509014129999983,2.0502154827162826,2.0502154827162826,-1.0006859302837157,0.5499999523162842,26.350000143051147,,28.950215578083714,
density_10_nback_0_id_29,29,density_10_nback_0,10,0,21.1997032166,22.4495983124,1.2498950957999995,22.0,21.40000009536743,21.200000047683716,21.40000009536743,21.200000047683716,21.200000047683716,21.25,21.200000047683716,54.15000009536743,,,36.34999990463257,1.2498950957999995,0.20029687876743196,0.00029683108371614253,-1.0495982170325675,-0.20000004768371582,32.950000047683716,,32.95029687876743,
density_10_nback_1_id_29,29,density_10_nback_1,10,1,26.0495738983,28.85014534,2.8005714417000007,27.40000009536743,30.049999952316284,27.299999952316284,27.40000009536743,27.299999952316284,27.40000009536743,30.09999990463257,27.40000009536743,48.25,32.299999952316284,48.299999952316284,34.84999990463257,2.8005714417000007,1.3504261970674314,1.250426054016284,-1.4501452446325693,0.0,20.84999990463257,4.8999998569488525,22.2004261017,6.250426054016284
density_10_nback_2_id_29,29,density_10_nback_2,10,2,26.9506282806,28.9506225586,1.999994277999999,28.15000009536743,29.65000009536743,27.0,28.15000009536743,27.0,27.34999990463257,29.84999990463257,27.34999990463257,48.299999952316284,,,36.0,1.999994277999999,1.1993718147674315,0.04937171939999985,-0.8006224632325676,-0.8000001907348633,20.950000047683716,,21.349371671716284,
density_20_nback_0_id_29,29,density_20_nback_0,20,0,48.6494750977,49.9999160767,1.3504409790000054,50.75,49.0,49.799999952316284,49.0,49.0,49.75,49.15000009536743,49.15000009536743,70.79999995231628,,,57.5,1.3504409790000054,0.3505249023000019,0.3505249023000019,-0.9999160767000035,0.15000009536743164,21.649999856948853,,22.150524854616286,
density_20_nback_1_id_29,29,density_20_nback_1,20,1,24.1002998352,25.6001205444,1.499820709199998,25.0,26.5,24.200000047683716,25.0,24.200000047683716,24.200000047683716,26.75,24.200000047683716,49.09999990463257,40.25,,34.200000047683716,1.499820709199998,0.8997001647999987,0.09970021248371452,-0.6001205443999993,-0.7999999523162842,24.899999856948853,16.049999952316284,24.999700069432567,16.1497001648
density_20_nback_2_id_29,29,density_20_nback_2,20,2,49.2492179871,51.049243927,1.8000259398999958,49.25,51.799999952316284,49.25,49.25,49.25,49.25,51.90000009536743,49.25,49.59999990463257,55.40000009536743,,56.34999990463257,1.8000259398999958,0.0007820128999966869,0.0007820128999966869,-1.7992439269999991,0.0,0.34999990463256836,6.150000095367432,0.35078191753256505,6.150782108267428
density_0_nback_0_id_30,30,density_0_nback_0,0,0,29.450044632,30.7505912781,1.300546646099999,30.65000009536743,33.34999990463257,30.549999952316284,30.65000009536743,30.549999952316284,30.65000009536743,33.84999990463257,30.65000009536743,38.700000047683716,70.84999990463257,,37.0,1.300546646099999,1.1999554633674308,1.0999553203162833,-0.10059118273256829,0.0,8.049999952316284,40.19999980926514,9.249955415683715,41.39995527263257
density_0_nback_1_id_30,30,density_0_nback_1,0,1,34.149269104,36.0993804932,1.9501113892000035,78.20000004768372,35.25,,35.25,35.25,51.40000009536743,36.15000009536743,36.15000009536743,60.450000047683716,39.799999952316284,,46.40000009536743,1.9501113892000035,1.1007308960000017,1.1007308960000017,-0.8493804932000018,0.9000000953674316,24.299999952316284,3.6499998569488525,26.300730943683718,5.650730848316286
density_0_nback_2_id_30,30,density_0_nback_2,0,2,31.7491226196,33.449131012,1.700008392400001,62.299999952316284,36.0,,36.0,36.0,50.5,36.09999990463257,36.09999990463257,46.700000047683716,46.09999990463257,,39.25,1.700008392400001,4.250877380399999,4.250877380399999,2.5508689879999977,0.09999990463256836,10.600000143051147,10.0,14.950877428083714,14.350877285032567
density_10_nback_0_id_30,30,density_10_nback_0,10,0,21.1505622864,22.9505138397,1.7999515533000014,21.90000009536743,21.34999990463257,21.200000047683716,21.34999990463257,21.200000047683716,21.200000047683716,21.25,21.200000047683716,21.200000047683716,34.75,,29.09999990463257,1.7999515533000014,0.19943761823256878,0.04943776128371624,-1.6005139350674327,-0.14999985694885254,0.0,13.549999952316284,0.04943776128371624,13.5994377136
density_10_nback_1_id_30,30,density_10_nback_1,10,1,26.1007328033,28.0503234863,1.9495906830000003,27.25,31.34999990463257,27.15000009536743,27.25,27.15000009536743,27.299999952316284,32.5,27.299999952316284,37.65000009536743,51.09999990463257,42.84999990463257,35.0,1.9495906830000003,1.1492671966999986,1.0492672920674302,-0.8003234863000017,0.04999995231628418,10.350000143051147,23.799999952316284,11.54926729206743,24.999267101332567
density_10_nback_2_id_30,30,density_10_nback_2,10,2,26.8999843597,28.6995658875,1.799581527800001,28.15000009536743,32.40000009536743,26.90000009536743,28.15000009536743,26.90000009536743,27.34999990463257,34.75,27.34999990463257,27.34999990463257,33.049999952316284,,35.700000047683716,1.799581527800001,1.2500157356674322,1.57356674321818e-05,-0.5495657921325687,-0.8000001907348633,0.0,5.700000047683716,0.4500155449325689,6.150015592616285
density_20_nback_0_id_30,30,density_20_nback_0,20,0,48.5999298096,49.3502464294,0.7503166198000031,50.34999990463257,49.0,50.34999990463257,49.0,49.0,50.25,49.09999990463257,49.09999990463257,59.799999952316284,53.049999952316284,59.799999952316284,57.25,0.7503166198000031,0.400070190400001,0.400070190400001,-0.35024642940000206,0.09999990463256836,10.700000047683716,3.950000047683716,11.200070142716285,4.450070142716285
density_20_nback_1_id_30,30,density_20_nback_1,20,1,28.6994743347,30.4502429962,1.7507686615000004,29.0,34.700000047683716,28.700000047683716,29.0,28.700000047683716,29.200000047683716,34.84999990463257,29.200000047683716,30.049999952316284,53.700000047683716,,38.59999990463257,1.7507686615000004,0.30052566530000036,0.0005257129837161756,-1.4502429962,0.20000004768371582,0.8499999046325684,24.5,1.3505256176162845,25.000525712983716
density_20_nback_2_id_30,30,density_20_nback_2,20,2,43.5505943298,45.4006614685,1.8500671386999983,44.59999990463257,50.700000047683716,43.84999990463257,44.59999990463257,43.84999990463257,43.84999990463257,51.549999952316284,43.84999990463257,47.299999952316284,46.59999990463257,,54.84999990463257,1.8500671386999983,1.0494055748325692,0.29940557483256924,-0.800661563867429,-0.75,3.450000047683716,2.75,3.749405622516285,3.0494055748325692
density_0_nback_0_id_31,31,density_0_nback_0,0,0,29.4500331879,30.3501281738,0.9000949859000009,30.65000009536743,31.5,30.5,30.65000009536743,30.5,30.700000047683716,31.549999952316284,30.700000047683716,54.799999952316284,,,37.90000009536743,0.9000949859000009,1.1999669074674308,1.0499668120999992,0.2998719215674299,0.04999995231628418,24.09999990463257,,25.349966764416283,
density_0_nback_1_id_31,31,density_0_nback_1,0,1,34.2501792908,36.6503181458,2.4001388550000016,37.700000047683716,35.34999990463257,,35.34999990463257,35.34999990463257,37.65000009536743,36.25,36.25,65.59999990463257,,,45.950000047683716,2.4001388550000016,1.09982061383257,1.09982061383257,-1.3003182411674317,0.9000000953674316,29.34999990463257,,31.34982061383257,
density_0_nback_2_id_31,31,density_0_nback_2,0,2,31.8001327515,33.000289917,1.200157165500002,33.950000047683716,35.799999952316284,,33.950000047683716,33.950000047683716,52.299999952316284,35.90000009536743,35.90000009536743,54.799999952316284,41.450000047683716,,39.299999952316284,1.200157165500002,2.1498672961837144,2.1498672961837144,0.9497101306837124,1.9500000476837158,18.899999856948853,5.549999952316284,22.999867200816283,9.649867296183714
density_10_nback_0_id_31,31,density_10_nback_0,10,0,,20.699388504,,25.549999952316284,21.75,20.700000047683716,21.75,20.700000047683716,22.799999952316284,21.799999952316284,21.799999952316284,46.200000047683716,66.15000009536743,,28.40000009536743,,,,1.0506114959999984,0.04999995231628418,24.40000009536743,44.35000014305115,,
density_10_nback_1_id_31,31,density_10_nback_1,10,1,26.0496006012,27.6996173859,1.6500167847,27.40000009536743,31.200000047683716,27.299999952316284,27.40000009536743,27.299999952316284,27.40000009536743,31.299999952316284,27.40000009536743,53.59999990463257,60.40000009536743,,35.09999990463257,1.6500167847,1.35039949416743,1.2503993511162825,-0.29961729053257,0.0,26.199999809265137,33.0,27.550399303432567,34.35039949416743
density_10_nback_2_id_31,31,density_10_nback_2,10,2,26.9003314972,28.3508014679,1.4504699706999986,28.15000009536743,29.65000009536743,26.950000047683716,28.15000009536743,26.950000047683716,27.34999990463257,29.75,27.34999990463257,45.700000047683716,,,36.09999990463257,1.4504699706999986,1.2496685981674318,0.04966855048371599,-0.2008013725325668,-0.8000001907348633,18.350000143051147,,18.799668550483716,
density_20_nback_0_id_31,31,density_20_nback_0,20,0,,47.649646759,,50.549999952316284,48.40000009536743,49.799999952316284,48.40000009536743,48.40000009536743,50.5,48.5,48.5,73.5,,,56.59999990463257,,,,0.7503533363674322,0.09999990463256836,25.0,,,
density_20_nback_1_id_31,31,density_20_nback_1,20,1,24.0494308472,25.2494087219,1.1999778747,24.90000009536743,26.09999990463257,24.15000009536743,24.90000009536743,24.15000009536743,24.15000009536743,26.25,24.15000009536743,49.40000009536743,38.700000047683716,,33.0,1.1999778747,0.8505692481674316,0.10056924816743162,-0.34940862653256843,-0.75,25.25,14.549999952316284,25.35056924816743,14.650569200483716
density_20_nback_2_id_31,31,density_20_nback_2,20,2,49.199886322,50.9497795105,1.7498931885000033,49.40000009536743,55.5,49.200000047683716,49.40000009536743,49.200000047683716,49.25,60.950000047683716,49.25,76.54999995231628,80.25,,61.84999990463257,1.7498931885000033,0.20011377336743408,0.00011372568371825764,-1.5497794151325692,-0.15000009536743164,27.299999952316284,31.0,27.350113630316287,31.050113678000002
density_0_nback_0_id_32,32,density_0_nback_0,0,0,29.3999462128,30.4002075195,1.0002613067000006,30.65000009536743,31.299999952316284,30.5,30.65000009536743,30.5,30.700000047683716,31.299999952316284,30.700000047683716,45.84999990463257,,,36.40000009536743,1.0002613067000006,1.2500538825674319,1.1000537872000002,0.2497925758674313,0.04999995231628418,15.149999856948853,,16.45005369183257,
density_0_nback_1_id_32,32,density_0_nback_1,0,1,34.1998214722,35.7498970032,1.5500755309999974,48.25,35.299999952316284,,35.299999952316284,35.299999952316284,36.75,36.25,36.25,53.0,,,44.450000047683716,1.5500755309999974,1.1001784801162842,1.1001784801162842,-0.44989705088371323,0.9500000476837158,16.75,,18.8001785278,
density_0_nback_2_id_32,32,density_0_nback_2,0,2,31.8007316589,33.2009277344,1.4001960754999985,43.75,34.0,,34.0,34.0,44.049999952316284,34.09999990463257,34.09999990463257,47.799999952316284,,,38.90000009536743,1.4001960754999985,2.1992683411000016,2.1992683411000016,0.7990722656000031,0.09999990463256836,13.700000047683716,,15.999268293416286,
density_10_nback_0_id_32,32,density_10_nback_0,10,0,21.1492099762,22.2500896454,1.1008796691999976,21.65000009536743,21.299999952316284,21.15000009536743,21.299999952316284,21.15000009536743,21.15000009536743,21.200000047683716,21.15000009536743,41.700000047683716,,,28.40000009536743,1.1008796691999976,0.15078997611628253,0.0007901191674299923,-0.950089693083715,-0.14999985694885254,20.549999952316284,,20.550790071483714,
density_10_nback_1_id_32,32,density_10_nback_1,10,1,26.0503940582,27.600227356,1.549833297800003,27.25,31.25,27.15000009536743,27.25,27.15000009536743,27.299999952316284,31.34999990463257,27.299999952316284,44.799999952316284,44.75,44.84999990463257,34.75,1.549833297800003,1.1996059418000016,1.0996060371674332,-0.3502273560000013,0.04999995231628418,17.5,17.450000047683716,18.749605894116286,18.6996059418
density_10_nback_2_id_32,32,density_10_nback_2,10,2,26.9500541687,28.450466156,1.5004119873000015,28.15000009536743,29.450000047683716,27.0,28.15000009536743,27.0,27.34999990463257,29.549999952316284,27.34999990463257,52.700000047683716,,,35.549999952316284,1.5004119873000015,1.1999459266674322,0.04994583130000052,-0.3004660606325693,-0.8000001907348633,25.350000143051147,,25.749945878983716,
density_20_nback_0_id_32,32,density_20_nback_0,20,0,48.6503295898,50.6502456665,1.9999160766999964,50.549999952316284,49.049999952316284,49.700000047683716,49.049999952316284,49.049999952316284,49.700000047683716,49.15000009536743,49.15000009536743,67.59999990463257,,,56.549999952316284,1.9999160766999964,0.3996703625162823,0.3996703625162823,-1.600245714183714,0.10000014305114746,18.449999809265137,,18.949670314832566,
density_20_nback_1_id_32,32,density_20_nback_1,20,1,24.0996799469,25.8003063202,1.7006263733000004,24.950000047683716,27.09999990463257,24.200000047683716,24.950000047683716,24.200000047683716,24.200000047683716,29.5,24.200000047683716,45.40000009536743,45.450000047683716,,32.799999952316284,1.7006263733000004,0.8503201007837156,0.10032010078371556,-0.8503062725162849,-0.75,21.200000047683716,21.25,21.30032014846743,21.350320100783716
density_20_nback_2_id_32,32,density_20_nback_2,20,2,49.1496696472,50.6495399475,1.4998703003000031,49.34999990463257,55.299999952316284,49.15000009536743,49.34999990463257,49.15000009536743,49.200000047683716,56.40000009536743,49.200000047683716,69.79999995231628,74.75,,58.65000009536743,1.4998703003000031,0.20033025743256871,0.0003304481674319959,-1.2995400428674344,-0.14999985694885254,20.59999990463257,25.549999952316284,20.650330305116285,25.6003303528
density_0_nback_0_id_33,33,density_0_nback_0,0,0,29.4507465363,31.000371933,1.5496253967000015,30.65000009536743,35.75,30.5,30.65000009536743,30.5,30.65000009536743,35.75,30.65000009536743,33.200000047683716,70.95000004768372,,37.0,1.5496253967000015,1.199253559067433,1.0492534637000013,-0.35037183763256863,0.0,2.549999952316284,40.299999952316284,3.749253511383717,41.49925351138371
density_0_nback_1_id_33,33,density_0_nback_1,0,1,34.2500305176,35.4500656128,1.2000350952000005,51.65000009536743,35.34999990463257,,35.34999990463257,35.34999990463257,37.299999952316284,36.09999990463257,36.09999990463257,56.65000009536743,,,45.200000047683716,1.2000350952000005,1.0999693870325657,1.0999693870325657,-0.10006570816743476,0.75,20.550000190734863,,22.39996957776743,
density_0_nback_2_id_33,33,density_0_nback_2,0,2,31.7504024506,33.050327301,1.2999248504000036,60.15000009536743,34.09999990463257,,34.09999990463257,34.09999990463257,50.299999952316284,34.200000047683716,34.200000047683716,41.700000047683716,72.90000009536743,,39.15000009536743,1.2999248504000036,2.349597454032569,2.349597454032569,1.0496726036325654,0.10000014305114746,7.5,38.700000047683716,9.949597597083716,41.14959764476743
density_10_nback_0_id_33,33,density_10_nback_0,10,0,21.1002655029,22.1497554779,1.0494899750000002,21.34999990463257,21.25,21.15000009536743,21.25,21.15000009536743,21.15000009536743,21.200000047683716,21.15000009536743,66.95000004768372,23.450000047683716,,28.75,1.0494899750000002,0.14973449709999898,0.049734592467430616,-0.8997554779000012,-0.09999990463256836,45.799999952316284,2.299999952316284,45.849734544783715,2.349734544783715
density_10_nback_1_id_33,33,density_10_nback_1,10,1,26.0501346588,27.8007507324,1.7506160735999998,27.40000009536743,29.700000047683716,27.299999952316284,27.40000009536743,27.299999952316284,27.450000047683716,29.799999952316284,27.450000047683716,51.200000047683716,51.549999952316284,,34.40000009536743,1.7506160735999998,1.3498654365674305,1.249865293516283,-0.4007506370325693,0.04999995231628418,23.75,24.09999990463257,25.149865388883715,25.499865293516283
density_10_nback_2_id_33,33,density_10_nback_2,10,2,26.950296402,28.6502971649,1.7000007629000002,28.15000009536743,34.0,27.0,28.15000009536743,27.0,27.299999952316284,33.950000047683716,27.299999952316284,37.5,,,35.65000009536743,1.7000007629000002,1.1997036933674323,0.04970359800000068,-0.5002970695325679,-0.8500001430511475,10.200000047683716,,10.549703598,
density_20_nback_0_id_33,33,density_20_nback_0,20,0,48.6000595093,49.6498336792,1.0497741698999974,51.049999952316284,49.0,49.75,49.0,49.0,49.75,49.15000009536743,49.15000009536743,59.5,,,56.299999952316284,1.0497741698999974,0.39994049069999704,0.39994049069999704,-0.6498336792000003,0.15000009536743164,10.349999904632568,,10.899940490699997,
density_20_nback_1_id_33,33,density_20_nback_1,20,1,24.1001300812,25.1500911713,1.0499610901000018,24.950000047683716,29.34999990463257,24.200000047683716,24.950000047683716,24.200000047683716,24.200000047683716,31.799999952316284,24.200000047683716,47.59999990463257,39.049999952316284,,32.799999952316284,1.0499610901000018,0.8498699664837162,0.09986996648371615,-0.20009112361628567,-0.75,23.399999856948853,14.849999904632568,23.49986982343257,14.949869871116285
density_20_nback_2_id_33,33,density_20_nback_2,20,2,49.199180603,50.9992408752,1.8000602721999996,51.200000047683716,52.90000009536743,49.25,51.200000047683716,49.25,49.34999990463257,53.049999952316284,49.34999990463257,72.5,74.04999995231628,,56.09999990463257,1.8000602721999996,2.0008194446837138,0.050819396999997934,0.2007591724837141,-1.8500001430511475,23.15000009536743,24.700000047683716,23.300819396999998,24.850819349316282
density_0_nback_0_id_34,34,density_0_nback_0,0,0,29.4497585297,32.0500068665,2.6002483368,30.40000009536743,32.950000047683716,30.299999952316284,30.40000009536743,30.299999952316284,30.450000047683716,33.049999952316284,30.450000047683716,38.200000047683716,,,37.65000009536743,2.6002483368,0.950241565667433,0.8502414226162855,-1.650006771132567,0.04999995231628418,7.75,,8.750241517983717,
density_0_nback_1_id_34,34,density_0_nback_1,0,1,34.1994819641,35.749458313,1.549976348899996,54.299999952316284,35.299999952316284,,35.299999952316284,35.299999952316284,40.549999952316284,39.15000009536743,39.15000009536743,42.40000009536743,,,45.65000009536743,1.549976348899996,1.100517988216282,1.100517988216282,-0.4494583606837139,3.8500001430511475,3.25,,8.20051813126743,
density_0_nback_2_id_34,34,density_0_nback_2,0,2,31.8000926971,33.4505577087,1.650465011600005,64.90000009536743,34.5,,34.5,34.5,49.299999952316284,34.59999990463257,34.59999990463257,38.65000009536743,74.45000004768372,,39.34999990463257,1.650465011600005,2.6999073029000016,2.6999073029000016,1.0494422912999966,0.09999990463256836,4.050000190734863,39.85000014305115,6.849907398267433,42.64990735058372
density_10_nback_0_id_34,34,density_10_nback_0,10,0,21.1505126953,23.4005355835,2.2500228882,21.25,21.34999990463257,21.200000047683716,21.25,21.200000047683716,21.200000047683716,21.25,21.200000047683716,21.200000047683716,,,29.65000009536743,2.2500228882,0.09948730469999845,0.04948735238371427,-2.1505355835000017,-0.04999995231628418,0.0,,0.04948735238371427,
density_10_nback_1_id_34,34,density_10_nback_1,10,1,26.1003341675,27.7002906799,1.5999565123999986,27.299999952316284,30.549999952316284,27.200000047683716,27.299999952316284,27.200000047683716,27.34999990463257,30.700000047683716,27.34999990463257,35.049999952316284,52.5,,35.950000047683716,1.5999565123999986,1.1996657848162826,1.0996658801837143,-0.400290727583716,0.04999995231628418,7.700000047683716,25.15000009536743,8.949665784816283,26.3996658325
density_10_nback_2_id_34,34,density_10_nback_2,10,2,26.9494915009,28.5499858856,1.6004943847000028,28.15000009536743,32.0,26.950000047683716,28.15000009536743,26.950000047683716,27.40000009536743,33.200000047683716,27.40000009536743,53.299999952316284,67.34999990463257,,36.700000047683716,1.6004943847000028,1.2005085944674327,0.0005085467837169233,-0.3999857902325701,-0.75,25.899999856948853,39.94999980926514,26.350508451416285,40.40050840373257
density_20_nback_0_id_34,34,density_20_nback_0,20,0,48.6503334045,49.5006523132,0.8503189086999967,51.09999990463257,49.049999952316284,50.40000009536743,49.049999952316284,49.049999952316284,51.049999952316284,49.15000009536743,49.15000009536743,49.15000009536743,,57.40000009536743,58.049999952316284,0.8503189086999967,0.3996665478162811,0.3996665478162811,-0.45065236088371563,0.10000014305114746,0.0,,0.49966669086742854,
density_20_nback_1_id_34,34,density_20_nback_1,20,1,24.0998783112,26.4998264313,2.3999481200999995,24.90000009536743,27.549999952316284,24.15000009536743,24.90000009536743,24.15000009536743,24.15000009536743,27.65000009536743,24.15000009536743,47.450000047683716,,,33.950000047683716,2.3999481200999995,0.8001217841674304,0.050121784167430405,-1.599826335932569,-0.75,23.299999952316284,,23.350121736483715,
density_20_nback_2_id_34,34,density_20_nback_2,20,2,49.199962616,50.9000968933,1.7001342773000019,49.450000047683716,51.950000047683716,49.200000047683716,49.450000047683716,49.200000047683716,49.25,52.049999952316284,49.25,69.45000004768372,70.79999995231628,,56.34999990463257,1.7001342773000019,0.2500374316837153,3.743168371528327e-05,-1.4500968456162866,-0.20000004768371582,20.200000047683716,21.549999952316284,20.250037431683715,21.600037336316284
density_0_nback_0_id_35,35,density_0_nback_0,0,0,29.4501094818,30.7992343903,1.349124908500002,30.65000009536743,33.09999990463257,30.549999952316284,30.65000009536743,30.549999952316284,30.65000009536743,33.200000047683716,30.65000009536743,49.549999952316284,,,36.84999990463257,1.349124908500002,1.1998906135674332,1.0998904705162857,-0.1492342949325689,0.0,18.899999856948853,,20.099890470516286,
density_0_nback_1_id_35,35,density_0_nback_1,0,1,34.2003173828,36.9006309509,2.7003135681000003,,35.34999990463257,,35.34999990463257,35.34999990463257,37.950000047683716,36.25,36.25,56.5,,,45.09999990463257,2.7003135681000003,1.1496825218325668,1.1496825218325668,-1.5506310462674335,0.9000000953674316,20.25,,22.2996826172,
density_0_nback_2_id_35,35,density_0_nback_2,0,2,31.750535965,33.7001571655,1.949621200500001,33.950000047683716,35.0,,33.950000047683716,33.950000047683716,76.65000009536743,35.09999990463257,35.09999990463257,52.25,71.65000009536743,,39.25,1.949621200500001,2.199464082683715,2.199464082683715,0.24984288218371375,1.1499998569488525,17.15000009536743,36.55000019073486,20.499464035,39.899464130367434
density_10_nback_0_id_35,35,density_10_nback_0,10,0,21.1496276855,23.1002883911,1.9506607056000007,21.549999952316284,21.299999952316284,21.15000009536743,21.299999952316284,21.15000009536743,21.15000009536743,21.200000047683716,21.15000009536743,21.15000009536743,33.200000047683716,,28.84999990463257,1.9506607056000007,0.15037226681628368,0.0003724098674311449,-1.800288438783717,-0.14999985694885254,0.0,12.049999952316284,0.0003724098674311449,12.050372362183715
density_10_nback_1_id_35,35,density_10_nback_1,10,1,26.0495147705,27.899520874,1.8500061035000002,27.34999990463257,30.549999952316284,27.200000047683716,27.34999990463257,27.200000047683716,27.40000009536743,30.799999952316284,27.40000009536743,47.84999990463257,52.65000009536743,,34.799999952316284,1.8500061035000002,1.3004851341325683,1.1504852771837157,-0.5495209693674319,0.05000019073486328,20.449999809265137,25.25,21.80048513413257,26.60048532486743
density_10_nback_2_id_35,35,density_10_nback_2,10,2,26.9498710632,29.8005867004,2.8507156372000004,28.15000009536743,31.049999952316284,26.950000047683716,28.15000009536743,26.950000047683716,27.34999990463257,33.200000047683716,27.34999990463257,27.34999990463257,,,35.549999952316284,2.8507156372000004,1.2001290321674318,0.00012898448371601035,-1.6505866050325686,-0.8000001907348633,0.0,,0.40012884143256855,
density_20_nback_0_id_35,35,density_20_nback_0,20,0,48.6501426697,49.4999961853,0.849853515599996,50.40000009536743,49.049999952316284,50.40000009536743,49.049999952316284,49.049999952316284,50.34999990463257,49.15000009536743,49.15000009536743,70.09999990463257,,,57.200000047683716,0.849853515599996,0.3998572826162814,0.3998572826162814,-0.4499962329837146,0.10000014305114746,20.949999809265137,,21.449857234932566,
density_20_nback_1_id_35,35,density_20_nback_1,20,1,24.049993515,27.2499771118,3.199983596799999,24.90000009536743,28.90000009536743,24.200000047683716,24.90000009536743,24.200000047683716,24.200000047683716,29.84999990463257,24.200000047683716,45.299999952316284,,,33.25,3.199983596799999,0.850006580367431,0.15000653268371522,-2.349977016432568,-0.7000000476837158,21.09999990463257,,21.250006437316284,
density_20_nback_2_id_35,35,density_20_nback_2,20,2,49.1504936218,51.1003494263,1.9498558044999967,49.450000047683716,52.200000047683716,49.200000047683716,49.450000047683716,49.200000047683716,49.25,52.299999952316284,49.25,69.29999995231628,57.25,,56.09999990463257,1.9498558044999967,0.29950642588371323,0.049506425883713234,-1.6503493786162835,-0.20000004768371582,20.049999952316284,8.0,20.14950633051628,8.099506378199997
density_0_nback_0_id_36,36,density_0_nback_0,0,0,29.4503383636,30.5500888824,1.0997505188000005,30.65000009536743,33.59999990463257,30.549999952316284,30.65000009536743,30.549999952316284,30.65000009536743,33.700000047683716,30.65000009536743,85.0,,,36.90000009536743,1.0997505188000005,1.1996617317674314,1.099661588716284,0.09991121296743088,0.0,54.34999990463257,,55.5496616364,
density_0_nback_1_id_36,36,density_0_nback_1,0,1,34.2502593994,36.1502952576,1.900035858199999,78.95000004768372,35.34999990463257,,35.34999990463257,35.34999990463257,77.04999995231628,36.25,36.25,66.45000004768372,,,46.34999990463257,1.900035858199999,1.0997405052325675,1.0997405052325675,-0.8002953529674315,0.9000000953674316,30.200000047683716,,32.199740648283715,
density_0_nback_2_id_36,36,density_0_nback_2,0,2,31.7500743866,34.1503410339,2.400266647299997,33.84999990463257,35.0,,33.84999990463257,33.84999990463257,57.950000047683716,35.15000009536743,35.15000009536743,64.15000009536743,38.90000009536743,,39.5,2.400266647299997,2.099925518032567,2.099925518032567,-0.30034112926743006,1.3000001907348633,29.0,3.75,32.39992570876743,7.14992570876743
density_10_nback_0_id_36,36,density_10_nback_0,10,0,,20.7000637054,,25.40000009536743,24.59999990463257,22.84999990463257,24.59999990463257,22.84999990463257,25.34999990463257,24.65000009536743,24.65000009536743,32.90000009536743,70.54999995231628,,28.299999952316284,,,,3.8999361992325667,0.05000019073486328,8.25,45.89999985694885,,
density_10_nback_1_id_36,36,density_10_nback_1,10,1,26.0497150421,27.699754715,1.6500396729000002,27.40000009536743,31.15000009536743,27.25,27.40000009536743,27.25,27.40000009536743,31.200000047683716,27.40000009536743,47.450000047683716,52.549999952316284,45.84999990463257,35.299999952316284,1.6500396729000002,1.3502850532674309,1.2002849578999992,-0.29975461963256933,0.0,20.049999952316284,25.149999856948853,21.400285005583715,26.500284910216283
density_10_nback_2_id_36,36,density_10_nback_2,10,2,26.900800705,28.8505134583,1.9497127532999983,28.15000009536743,32.450000047683716,26.950000047683716,28.15000009536743,26.950000047683716,27.34999990463257,32.799999952316284,27.34999990463257,27.34999990463257,,,36.15000009536743,1.9497127532999983,1.2491993903674299,0.049199342683714065,-0.7005133629325684,-0.8000001907348633,0.0,,0.4491991996325666,
density_20_nback_0_id_36,36,density_20_nback_0,20,0,,47.999874115,,52.40000009536743,48.25,,48.25,48.25,48.75,48.65000009536743,48.65000009536743,71.45000004768372,,,56.75,,,,0.25012588500000277,0.40000009536743164,22.799999952316284,,,
density_20_nback_1_id_36,36,density_20_nback_1,20,1,24.0501098633,26.0000267029,1.9499168396000002,24.950000047683716,27.84999990463257,24.200000047683716,24.950000047683716,24.200000047683716,24.200000047683716,31.700000047683716,24.200000047683716,55.450000047683716,69.5,,33.0,1.9499168396000002,0.8998901843837146,0.1498901843837146,-1.0500266552162856,-0.75,31.25,45.299999952316284,31.399890184383715,45.4498901367
density_20_nback_2_id_36,36,density_20_nback_2,20,2,49.1501426697,50.9002037048,1.7500610350999963,49.34999990463257,52.799999952316284,49.200000047683716,49.34999990463257,49.200000047683716,49.200000047683716,52.90000009536743,49.200000047683716,65.40000009536743,58.09999990463257,,56.25,1.7500610350999963,0.19985723493256558,0.049857377983713036,-1.5502038001674308,-0.14999985694885254,16.200000047683716,8.899999856948853,16.24985742566743,8.949857234932566
density_0_nback_0_id_37,37,density_0_nback_0,0,0,29.4001121521,30.7004852295,1.3003730773999997,30.65000009536743,32.09999990463257,30.549999952316284,30.65000009536743,30.549999952316284,30.65000009536743,32.15000009536743,30.65000009536743,54.549999952316284,73.09999990463257,,38.25,1.3003730773999997,1.2498879432674315,1.149887800216284,-0.05048513413256828,0.0,23.899999856948853,42.44999980926514,25.149887800216284,43.69988775253257
density_0_nback_1_id_37,37,density_0_nback_1,0,1,34.2006187439,37.4002876282,3.199668884299996,,35.299999952316284,,35.299999952316284,35.299999952316284,38.5,36.200000047683716,36.200000047683716,36.200000047683716,,,45.75,3.199668884299996,1.0993812084162826,1.0993812084162826,-2.1002876758837132,0.9000000953674316,0.0,,1.9993813037837143,
density_0_nback_2_id_37,37,density_0_nback_2,0,2,31.800201416,34.4504699707,2.6502685546999984,33.84999990463257,35.65000009536743,,33.84999990463257,33.84999990463257,34.40000009536743,35.950000047683716,34.40000009536743,40.049999952316284,74.70000004768372,,39.65000009536743,2.6502685546999984,2.049798488632568,2.049798488632568,-0.6004700660674303,0.5500001907348633,5.6499998569488525,40.299999952316284,8.249798536316284,42.899798631683716
density_10_nback_0_id_37,37,density_10_nback_0,10,0,21.0997962952,21.1998462677,0.10004997249999903,21.299999952316284,21.25,21.09999990463257,21.25,21.09999990463257,21.09999990463257,21.200000047683716,21.09999990463257,47.450000047683716,,,28.65000009536743,0.10004997249999903,0.15020370479999912,0.00020360943256747532,0.05015373230000009,-0.15000009536743164,26.350000143051147,,26.350203752483715,
density_10_nback_1_id_37,37,density_10_nback_1,10,1,26.0998268127,30.6000919342,4.5002651215,27.299999952316284,32.049999952316284,27.15000009536743,27.299999952316284,27.15000009536743,27.34999990463257,32.5,27.34999990463257,52.75,53.65000009536743,,35.5,4.5002651215,1.2001731396162825,1.05017328266743,-3.3000919818837176,0.04999995231628418,25.40000009536743,26.300000190734863,26.6501731873,27.55017328266743
density_10_nback_2_id_37,37,density_10_nback_2,10,2,26.9495677948,28.749797821,1.8002300262000013,28.200000047683716,33.90000009536743,26.950000047683716,28.200000047683716,26.950000047683716,27.40000009536743,36.34999990463257,27.40000009536743,41.049999952316284,,41.049999952316284,37.59999990463257,1.8002300262000013,1.2504322528837157,0.00043225288371573356,-0.5497977733162855,-0.7999999523162842,13.649999856948853,,14.100432157516284,
density_20_nback_0_id_37,37,density_20_nback_0,20,0,48.6001815796,49.4000663757,0.7998847961000024,50.950000047683716,49.0,50.34999990463257,49.0,49.0,50.90000009536743,49.15000009536743,49.15000009536743,60.25,,,61.0,0.7998847961000024,0.3998184204000026,0.3998184204000026,-0.4000663756999998,0.15000009536743164,11.099999904632568,,11.649818420400003,
density_20_nback_1_id_37,37,density_20_nback_1,20,1,28.7001361847,31.3498516083,2.6497154236,29.0,35.450000047683716,28.75,29.0,28.75,29.09999990463257,35.549999952316284,29.09999990463257,30.0,48.40000009536743,,36.84999990463257,2.6497154236,0.29986381530000017,0.04986381530000017,-2.3498516083,0.09999990463256836,0.9000000953674316,19.300000190734863,1.2998638153000002,19.699863910667432
density_20_nback_2_id_37,37,density_20_nback_2,20,2,43.5500030518,46.8502464294,3.3002433776000046,44.700000047683716,52.34999990463257,43.799999952316284,44.700000047683716,43.799999952316284,43.799999952316284,54.5,43.799999952316284,77.70000004768372,70.90000009536743,,56.15000009536743,3.3002433776000046,1.1499969958837184,0.24999690051628676,-2.1502463817162862,-0.9000000953674316,33.90000009536743,27.100000143051147,34.14999699588372,27.349997043567434
density_0_nback_0_id_38,38,density_0_nback_0,0,0,29.4506034851,30.2000713348,0.7494678497000002,30.700000047683716,33.90000009536743,30.549999952316284,30.700000047683716,30.549999952316284,30.700000047683716,33.950000047683716,30.700000047683716,37.799999952316284,70.95000004768372,,36.799999952316284,0.7494678497000002,1.2493965625837156,1.099396467216284,0.4999287128837153,0.0,7.099999904632568,40.25,8.349396467216284,41.49939656258371
density_0_nback_1_id_38,38,density_0_nback_1,0,1,34.1990203857,36.349281311,2.150260925299996,41.40000009536743,35.34999990463257,,35.34999990463257,35.34999990463257,34.700000047683716,36.25,34.700000047683716,34.700000047683716,,,47.299999952316284,2.150260925299996,1.1509795189325658,1.1509795189325658,-0.9992814063674302,-0.6499998569488525,0.0,,0.5009796619837132,
density_0_nback_2_id_38,38,density_0_nback_2,0,2,31.7501010895,32.4002113342,0.6501102447000022,64.0,33.799999952316284,,33.799999952316284,33.799999952316284,51.65000009536743,33.90000009536743,33.90000009536743,41.90000009536743,35.25,,39.15000009536743,0.6501102447000022,2.049898862816285,2.049898862816285,1.3997886181162826,0.10000014305114746,8.0,1.3499999046325684,10.149899005867432,3.4998989105000007
density_10_nback_0_id_38,38,density_10_nback_0,10,0,21.0993556976,21.3993186951,0.2999629974999998,27.299999952316284,21.25,21.09999990463257,21.25,21.09999990463257,21.09999990463257,21.200000047683716,21.09999990463257,70.65000009536743,72.15000009536743,,28.0,0.2999629974999998,0.15064430239999993,0.0006442070325682892,-0.14931869509999984,-0.15000009536743164,49.55000019073486,51.05000019073486,49.55064439776743,51.05064439776743
density_10_nback_1_id_38,38,density_10_nback_1,10,1,26.0997180939,27.6494293213,1.5497112273999996,27.299999952316284,30.25,27.200000047683716,27.299999952316284,27.200000047683716,27.34999990463257,35.049999952316284,27.34999990463257,49.450000047683716,52.200000047683716,49.549999952316284,36.799999952316284,1.5497112273999996,1.2002818584162824,1.100281953783714,-0.3494293689837171,0.04999995231628418,22.100000143051147,24.850000143051147,23.350281953783714,26.100281953783714
density_10_nback_2_id_38,38,density_10_nback_2,10,2,26.8994007111,29.0494232178,2.150022506700001,28.15000009536743,30.0,26.90000009536743,28.15000009536743,26.90000009536743,27.34999990463257,30.200000047683716,27.34999990463257,54.700000047683716,,,36.950000047683716,2.150022506700001,1.2505993842674314,0.0005993842674314465,-0.8994231224325695,-0.8000001907348633,27.350000143051147,,27.800599336583716,
density_20_nback_0_id_38,38,density_20_nback_0,20,0,48.6001091003,49.1994857788,0.5993766785000005,50.5,49.0,50.25,49.0,49.0,50.450000047683716,49.15000009536743,49.15000009536743,75.90000009536743,,,57.549999952316284,0.5993766785000005,0.39989089969999725,0.39989089969999725,-0.1994857788000033,0.15000009536743164,26.75,,27.29989099506743,
density_20_nback_1_id_38,38,density_20_nback_1,20,1,28.6998844147,30.7498111725,2.049926757799998,29.0,32.15000009536743,28.700000047683716,29.0,28.700000047683716,29.09999990463257,44.450000047683716,29.09999990463257,30.0,64.59999990463257,,47.450000047683716,2.049926757799998,0.3001155852999986,0.00011563298371441988,-1.7498111724999994,0.09999990463256836,0.9000000953674316,35.5,1.3001155852999986,35.90011548993257
density_20_nback_2_id_38,38,density_20_nback_2,20,2,43.5503959656,46.1500892639,2.5996932982999965,44.59999990463257,50.15000009536743,43.84999990463257,44.59999990463257,43.84999990463257,43.84999990463257,50.25,43.84999990463257,65.75,47.799999952316284,,51.84999990463257,2.5996932982999965,1.0496039390325649,0.2996039390325649,-1.5500893592674316,-0.75,21.90000009536743,3.950000047683716,22.199604034399997,4.249603986716281
density_0_nback_0_id_39,39,density_0_nback_0,0,0,29.4500293732,30.7505722046,1.3005428314000014,30.65000009536743,31.549999952316284,30.5,30.65000009536743,30.5,30.700000047683716,31.59999990463257,30.700000047683716,48.40000009536743,70.95000004768372,,38.40000009536743,1.3005428314000014,1.199970722167432,1.0499706268000004,-0.10057210923256932,0.04999995231628418,17.700000047683716,40.25,18.949970722167432,41.49997067448372
density_0_nback_1_id_39,39,density_0_nback_1,0,1,34.2003326416,35.5998878479,1.3995552063000005,37.450000047683716,35.34999990463257,,35.34999990463257,35.34999990463257,37.40000009536743,36.09999990463257,36.09999990463257,55.09999990463257,,,45.84999990463257,1.3995552063000005,1.149667263032569,1.149667263032569,-0.24988794326743147,0.75,19.0,,20.89966726303257,
density_0_nback_2_id_39,39,density_0_nback_2,0,2,31.8002967834,32.90026474,1.099967956599997,34.15000009536743,35.450000047683716,,34.15000009536743,34.15000009536743,34.25,35.549999952316284,34.25,51.049999952316284,71.65000009536743,,41.25,1.099967956599997,2.3497033119674313,2.3497033119674313,1.2497353553674344,0.09999990463256836,16.799999952316284,37.40000009536743,19.249703168916284,39.84970331196743
density_10_nback_0_id_39,39,density_10_nback_0,10,0,21.1499214172,22.5494995117,1.3995780944999971,21.59999990463257,21.299999952316284,21.15000009536743,21.299999952316284,21.15000009536743,21.15000009536743,21.200000047683716,21.15000009536743,21.15000009536743,,,37.799999952316284,1.3995780944999971,0.15007853511628255,7.867816743001299e-05,-1.2494995593837146,-0.14999985694885254,0.0,,7.867816743001299e-05,
density_10_nback_1_id_39,39,density_10_nback_1,10,1,26.0492744446,27.8493442535,1.8000698088999982,27.299999952316284,31.799999952316284,27.15000009536743,27.299999952316284,27.15000009536743,27.299999952316284,35.90000009536743,27.299999952316284,51.25,56.40000009536743,,37.799999952316284,1.8000698088999982,1.2507255077162824,1.10072565076743,-0.5493443011837158,0.0,23.950000047683716,29.100000143051147,25.2007255554,30.35072565076743
density_10_nback_2_id_39,39,density_10_nback_2,10,2,26.9491825104,28.6491584778,1.6999759674000003,28.15000009536743,32.59999990463257,26.950000047683716,28.15000009536743,26.950000047683716,27.34999990463257,33.25,27.34999990463257,66.84999990463257,81.20000004768372,,36.799999952316284,1.6999759674000003,1.2008175849674316,0.0008175372837158079,-0.4991583824325687,-0.8000001907348633,39.5,53.85000014305115,39.90081739423257,54.250817537283716
density_20_nback_0_id_39,39,density_20_nback_0,20,0,48.6500396729,50.4501075745,1.800067901600002,50.75,49.049999952316284,49.84999990463257,49.049999952316284,49.049999952316284,49.84999990463257,49.15000009536743,49.15000009536743,77.79999995231628,,,64.90000009536743,1.800067901600002,0.399960279416284,0.399960279416284,-1.400107622183718,0.10000014305114746,28.649999856948853,,29.149960279416284,
density_20_nback_1_id_39,39,density_20_nback_1,20,1,28.649887085,29.7006435394,1.0507564544000019,29.09999990463257,42.049999952316284,28.65000009536743,29.09999990463257,28.65000009536743,29.200000047683716,74.15000009536743,29.200000047683716,87.25,38.549999952316284,,76.25,1.0507564544000019,0.4501128196325688,0.00011301036743205373,-0.6006436347674331,0.10000014305114746,58.049999952316284,9.349999904632568,58.600112915,9.900112867316285
density_20_nback_2_id_39,39,density_20_nback_2,20,2,43.6002578735,44.9495773315,1.3493194580000036,44.700000047683716,49.90000009536743,43.799999952316284,44.700000047683716,43.799999952316284,43.799999952316284,102.75,43.799999952316284,116.45000004768372,57.950000047683716,,102.79999995231628,1.3493194580000036,1.0997421741837172,0.19974207881628558,-0.2495772838162864,-0.9000000953674316,72.65000009536743,14.150000095367432,72.84974217418372,14.349742174183717
density_0_nback_0_id_40,40,density_0_nback_0,0,0,29.4499263763,30.5496635437,1.0997371674000007,30.65000009536743,31.549999952316284,30.5,30.65000009536743,30.5,30.65000009536743,31.59999990463257,30.65000009536743,35.65000009536743,,,37.049999952316284,1.0997371674000007,1.2000737190674329,1.0500736237000012,0.10033655166743216,0.0,5.0,,6.200073719067433,
density_0_nback_1_id_40,40,density_0_nback_1,0,1,34.2001571655,35.849697113,1.6495399474999957,39.15000009536743,35.299999952316284,,35.299999952316284,35.299999952316284,38.90000009536743,36.09999990463257,36.09999990463257,54.75,,,51.59999990463257,1.6495399474999957,1.0998427868162821,1.0998427868162821,-0.5496971606837135,0.7999999523162842,18.65000009536743,,20.549842834499998,
density_0_nback_2_id_40,40,density_0_nback_2,0,2,31.8006496429,33.7505569458,1.949907302899998,33.84999990463257,36.09999990463257,,33.84999990463257,33.84999990463257,42.34999990463257,36.15000009536743,36.15000009536743,50.450000047683716,,,39.59999990463257,1.949907302899998,2.0493502617325667,2.0493502617325667,0.0994429588325687,2.3000001907348633,14.299999952316284,,18.649350404783714,
density_10_nback_0_id_40,40,density_10_nback_0,10,0,21.0991516113,22.5494117737,1.4502601623999993,21.34999990463257,21.25,21.09999990463257,21.25,21.09999990463257,21.09999990463257,21.200000047683716,21.09999990463257,39.0,,,29.59999990463257,1.4502601623999993,0.15084838869999828,0.0008482933325666409,-1.299411773700001,-0.15000009536743164,17.90000009536743,,17.9008483887,
density_10_nback_1_id_40,40,density_10_nback_1,10,1,26.0997428894,29.7998771667,3.7001342772999983,27.299999952316284,30.799999952316284,27.200000047683716,27.299999952316284,27.200000047683716,27.34999990463257,30.90000009536743,27.34999990463257,48.09999990463257,54.25,48.700000047683716,36.84999990463257,3.7001342772999983,1.2002570629162825,1.1002571582837142,-2.499877214383716,0.04999995231628418,20.75,26.90000009536743,22.000257015232567,28.1502571106
density_10_nback_2_id_40,40,density_10_nback_2,10,2,26.9500045776,27.6495037079,0.6994991302999978,28.15000009536743,30.700000047683716,27.0,28.15000009536743,27.0,27.40000009536743,32.5,27.40000009536743,40.40000009536743,,40.40000009536743,41.40000009536743,0.6994991302999978,1.1999955177674302,0.049995422399998546,0.5004963874674324,-0.75,13.0,,13.44999551776743,
density_20_nback_0_id_40,40,density_20_nback_0,20,0,48.650642395,50.1003723145,1.449729919500001,50.700000047683716,49.049999952316284,49.799999952316284,49.049999952316284,49.049999952316284,49.799999952316284,49.15000009536743,49.15000009536743,68.5,,68.54999995231628,56.950000047683716,1.449729919500001,0.39935755731628575,0.39935755731628575,-1.0503723621837153,0.10000014305114746,19.34999990463257,,19.849357605,
density_20_nback_1_id_40,40,density_20_nback_1,20,1,28.6997699738,30.0498580933,1.3500881195000005,29.049999952316284,33.200000047683716,28.700000047683716,29.049999952316284,28.700000047683716,29.299999952316284,33.59999990463257,29.299999952316284,57.40000009536743,40.799999952316284,,44.40000009536743,1.3500881195000005,0.35022997851628546,0.0002300738837170968,-0.9998581409837151,0.25,28.100000143051147,11.5,28.700230121567433,12.100229978516285
density_20_nback_2_id_40,40,density_20_nback_2,20,2,43.5499076843,45.9505882263,2.4006805419999964,44.59999990463257,49.5,43.84999990463257,44.59999990463257,43.84999990463257,43.84999990463257,50.59999990463257,43.84999990463257,73.75,85.20000004768372,,60.40000009536743,2.4006805419999964,1.0500922203325658,0.3000922203325658,-1.3505883216674306,-0.75,29.90000009536743,41.35000014305115,30.200092315699997,41.65009236338371
density_0_nback_0_id_41,41,density_0_nback_0,0,0,29.4499855042,30.5002918243,1.050306320099999,30.65000009536743,32.34999990463257,30.549999952316284,30.65000009536743,30.549999952316284,30.65000009536743,32.40000009536743,30.65000009536743,54.549999952316284,,,37.200000047683716,1.050306320099999,1.200014591167431,1.1000144481162835,0.149708271067432,0.0,23.899999856948853,,25.100014448116283,
density_0_nback_1_id_41,41,density_0_nback_1,0,1,34.200756073,38.6500930786,4.4493370056,41.700000047683716,35.299999952316284,,35.299999952316284,35.299999952316284,39.75,36.200000047683716,36.200000047683716,81.65000009536743,,,47.549999952316284,4.4493370056,1.0992438793162833,1.0992438793162833,-3.350093126283717,0.9000000953674316,45.450000047683716,,47.44924402236743,
density_0_nback_2_id_41,41,density_0_nback_2,0,2,31.7503643036,33.3004341125,1.5500698088999982,40.200000047683716,34.84999990463257,,34.84999990463257,34.84999990463257,68.75,34.90000009536743,34.90000009536743,70.90000009536743,43.0,,39.450000047683716,1.5500698088999982,3.099635601032567,3.099635601032567,1.5495657921325687,0.05000019073486328,36.0,8.099999904632568,39.14963579176743,11.249635696399999
density_10_nback_0_id_41,41,density_10_nback_0,10,0,21.1493988037,22.8498783112,1.7004795075000025,21.90000009536743,21.299999952316284,21.15000009536743,21.299999952316284,21.15000009536743,21.15000009536743,21.25,21.15000009536743,21.15000009536743,74.29999995231628,,33.299999952316284,1.7004795075000025,0.15060114861628549,0.000601291667432946,-1.549878358883717,-0.14999985694885254,0.0,53.14999985694885,0.000601291667432946,53.15060114861629
density_10_nback_1_id_41,41,density_10_nback_1,10,1,26.0504703522,27.0002040863,0.949733734099997,27.299999952316284,30.799999952316284,27.15000009536743,27.299999952316284,27.15000009536743,27.299999952316284,31.200000047683716,27.299999952316284,56.25,60.40000009536743,,36.950000047683716,0.949733734099997,1.2495296001162828,1.0995297431674302,0.29979586601628583,0.0,28.950000047683716,33.10000014305115,30.1995296478,34.34952974316743
density_10_nback_2_id_41,41,density_10_nback_2,10,2,26.9499759674,27.8998088837,0.9498329163000001,28.09999990463257,30.450000047683716,26.950000047683716,28.09999990463257,26.950000047683716,27.40000009536743,32.799999952316284,27.40000009536743,56.15000009536743,,,36.65000009536743,0.9498329163000001,1.150023937232568,2.4080283715477435e-05,0.2001910209325679,-0.6999998092651367,28.75,,29.20002412796743,
density_20_nback_0_id_41,41,density_20_nback_0,20,0,48.6000137329,50.1492042542,1.5491905212999981,50.40000009536743,49.0,49.75,49.0,49.0,49.75,49.09999990463257,49.09999990463257,74.5,,,57.950000047683716,1.5491905212999981,0.3999862670999974,0.3999862670999974,-1.1492042542000007,0.09999990463256836,25.40000009536743,,25.899986267099997,
density_20_nback_1_id_41,41,density_20_nback_1,20,1,28.6998405457,30.0993385315,1.3994979858,29.049999952316284,32.84999990463257,28.700000047683716,29.049999952316284,28.700000047683716,29.200000047683716,35.950000047683716,29.200000047683716,78.59999990463257,55.549999952316284,,42.25,1.3994979858,0.3501594066162852,0.00015950198371683655,-1.0493385791837149,0.15000009536743164,49.39999985694885,26.34999990463257,49.90015935893257,26.850159406616285
density_20_nback_2_id_41,41,density_20_nback_2,20,2,43.5506362915,45.250213623,1.6995773315000022,44.700000047683716,47.09999990463257,43.799999952316284,44.700000047683716,43.799999952316284,43.799999952316284,47.25,43.799999952316284,132.70000004768372,134.29999995231628,,122.34999990463257,1.6995773315000022,1.1493637561837176,0.24936366081628591,-0.5502135753162847,-0.9000000953674316,88.90000009536743,90.5,89.14936375618372,90.74936366081629
density_0_nback_0_id_42,42,density_0_nback_0,0,0,29.4498310089,30.5006771088,1.0508460999000029,30.65000009536743,32.75,30.5,30.65000009536743,30.5,30.65000009536743,32.84999990463257,30.65000009536743,37.40000009536743,,37.40000009536743,37.0,1.0508460999000029,1.200169086467433,1.0501689911000014,0.14932298656743015,0.0,6.75,,7.950169086467433,
density_0_nback_1_id_42,42,density_0_nback_1,0,1,34.2000999451,36.7503509521,2.550251007,37.700000047683716,35.40000009536743,,35.40000009536743,35.40000009536743,37.700000047683716,36.200000047683716,36.200000047683716,59.450000047683716,,,45.5,2.550251007,1.1999001502674318,1.1999001502674318,-1.3503508567325682,0.7999999523162842,23.25,,25.249900102583716,
density_0_nback_2_id_42,42,density_0_nback_2,0,2,31.6994171143,33.8993873596,2.1999702452999976,33.75,36.299999952316284,,33.75,33.75,34.799999952316284,36.799999952316284,34.799999952316284,60.5,77.04999995231628,,42.15000009536743,2.1999702452999976,2.050582885699999,2.050582885699999,-0.1493873595999986,1.0499999523162842,25.700000047683716,42.25,28.8005828857,45.35058283801628
density_10_nback_0_id_42,42,density_10_nback_0,10,0,21.1497745514,23.2004451752,2.0506706237999985,21.299999952316284,21.299999952316284,21.15000009536743,21.299999952316284,21.15000009536743,21.15000009536743,21.200000047683716,21.15000009536743,21.25,65.34999990463257,,29.65000009536743,2.0506706237999985,0.150225400916284,0.000225543967431463,-1.9004452228837145,-0.14999985694885254,0.09999990463256836,44.19999980926514,0.10022544859999982,44.20022535323257
density_10_nback_1_id_42,42,density_10_nback_1,10,1,26.099615097,28.2505912781,2.150976181099999,27.40000009536743,30.65000009536743,27.25,27.40000009536743,27.25,27.40000009536743,32.25,27.40000009536743,49.75,48.450000047683716,,37.09999990463257,2.150976181099999,1.3003849983674307,1.150384902999999,-0.8505911827325683,0.0,22.34999990463257,21.049999952316284,23.650384903,22.350384950683715
density_10_nback_2_id_42,42,density_10_nback_2,10,2,26.9502124786,28.9001560211,1.949943542499998,28.15000009536743,31.34999990463257,27.0,28.15000009536743,27.0,27.34999990463257,31.40000009536743,27.34999990463257,27.549999952316284,,,37.65000009536743,1.949943542499998,1.1997876167674306,0.04978752139999898,-0.7501559257325674,-0.8000001907348633,0.20000004768371582,,0.5997874737162832,
density_20_nback_0_id_42,42,density_20_nback_0,20,0,48.6500663757,49.8503417969,1.200275421199997,51.0,49.049999952316284,49.700000047683716,49.049999952316284,49.049999952316284,49.700000047683716,49.15000009536743,49.15000009536743,70.70000004768372,,,60.75,1.200275421199997,0.39993357661628437,0.39993357661628437,-0.8003418445837127,0.10000014305114746,21.549999952316284,,22.049933671983716,
density_20_nback_1_id_42,42,density_20_nback_1,20,1,28.7001876831,30.9499568939,2.2497692108000003,29.049999952316284,34.90000009536743,28.75,29.049999952316284,28.75,29.25,43.0,29.25,62.09999990463257,61.700000047683716,,45.450000047683716,2.2497692108000003,0.34981226921628306,0.049812316899998876,-1.8999569415837172,0.20000004768371582,32.84999990463257,32.450000047683716,33.39981222153257,32.99981236458372
density_20_nback_2_id_42,42,density_20_nback_2,20,2,43.5503005981,46.2004432678,2.6501426696999957,44.59999990463257,50.09999990463257,43.84999990463257,44.59999990463257,43.84999990463257,43.84999990463257,66.5,43.84999990463257,85.45000004768372,60.65000009536743,,55.59999990463257,2.6501426696999957,1.0496993065325668,0.2996993065325668,-1.6004433631674289,-0.75,41.60000014305115,16.800000190734863,41.899699449583714,17.09969949726743
density_0_nback_0_id_43,43,density_0_nback_0,0,0,29.4506912231,30.2498836517,0.7991924285999978,30.65000009536743,33.25,30.5,30.65000009536743,30.5,30.700000047683716,33.299999952316284,30.700000047683716,62.65000009536743,72.40000009536743,,37.200000047683716,0.7991924285999978,1.19930887226743,1.0493087768999985,0.40011644366743226,0.04999995231628418,31.950000047683716,41.700000047683716,33.19930887226743,42.94930887226743
density_0_nback_1_id_43,43,density_0_nback_1,0,1,34.1995582581,37.3495559692,3.1499977110999993,43.25,35.299999952316284,,35.299999952316284,35.299999952316284,43.200000047683716,36.200000047683716,36.200000047683716,36.200000047683716,,,47.40000009536743,3.1499977110999993,1.1004416942162862,1.1004416942162862,-2.049556016883713,0.9000000953674316,0.0,,2.000441789583718,
density_0_nback_2_id_43,43,density_0_nback_2,0,2,31.7493095398,33.0998268127,1.350517272900003,65.79999995231628,34.34999990463257,,34.34999990463257,34.34999990463257,85.5,34.450000047683716,34.450000047683716,61.5,38.049999952316284,,39.25,1.350517272900003,2.6006903648325697,2.6006903648325697,1.2501730919325666,0.10000014305114746,27.049999952316284,3.5999999046325684,29.7506904602,6.3006904125162855
density_10_nback_0_id_43,43,density_10_nback_0,10,0,21.1498622894,22.7495155334,1.5996532439999989,21.799999952316284,21.299999952316284,21.15000009536743,21.299999952316284,21.15000009536743,21.15000009536743,21.200000047683716,21.15000009536743,50.450000047683716,40.0,,31.700000047683716,1.5996532439999989,0.15013766291628272,0.00013780596743018236,-1.4495155810837161,-0.14999985694885254,29.299999952316284,18.84999990463257,29.300137758283714,18.8501377106
density_10_nback_1_id_43,43,density_10_nback_1,10,1,26.0502796173,27.8001117706,1.7498321533000016,27.25,30.75,27.09999990463257,27.25,27.09999990463257,27.299999952316284,29.90000009536743,27.299999952316284,55.09999990463257,59.90000009536743,,36.59999990463257,1.7498321533000016,1.1997203827000007,1.049720287332569,-0.5501117706000009,0.04999995231628418,27.799999952316284,32.60000014305115,29.04972028733257,33.84972047806743
density_10_nback_2_id_43,43,density_10_nback_2,10,2,26.9500598907,28.8998394012,1.9497795105000009,28.15000009536743,29.700000047683716,27.0,28.15000009536743,27.0,27.34999990463257,29.75,27.34999990463257,27.65000009536743,,,37.15000009536743,1.9497795105000009,1.1999402046674312,0.04994010929999959,-0.7498393058325696,-0.8000001907348633,0.3000001907348633,,0.6999402046674312,
density_20_nback_0_id_43,43,density_20_nback_0,20,0,48.649307251,49.3502082825,0.7009010314999955,50.25,49.0,50.450000047683716,49.0,49.0,50.25,49.09999990463257,49.09999990463257,74.45000004768372,,,58.549999952316284,0.7009010314999955,0.3506927489999967,0.3506927489999967,-0.3502082824999988,0.09999990463256836,25.350000143051147,,25.800692796683713,
density_20_nback_1_id_43,43,density_20_nback_1,20,1,28.7001438141,30.2508411407,1.5506973266000017,29.049999952316284,34.700000047683716,28.75,29.049999952316284,28.75,29.200000047683716,44.549999952316284,29.200000047683716,65.90000009536743,55.450000047683716,,43.200000047683716,1.5506973266000017,0.3498561382162855,0.04985618590000129,-1.2008411883837162,0.15000009536743164,36.700000047683716,26.25,37.19985628126743,26.749856233583717
density_20_nback_2_id_43,43,density_20_nback_2,20,2,43.5503463745,45.7503814697,2.2000350952000005,44.59999990463257,50.5,43.84999990463257,44.59999990463257,43.84999990463257,43.84999990463257,52.299999952316284,43.84999990463257,75.75,67.90000009536743,,56.5,2.2000350952000005,1.0496535301325665,0.29965353013256646,-1.150381565067434,-0.75,31.90000009536743,24.050000190734863,32.1996536255,24.34965372086743
density_0_nback_0_id_44,44,density_0_nback_0,0,0,29.4507846832,30.5505027771,1.0997180939000017,30.65000009536743,32.90000009536743,30.5,30.65000009536743,30.5,30.65000009536743,32.950000047683716,30.65000009536743,49.09999990463257,70.79999995231628,,36.950000047683716,1.0997180939000017,1.1992154121674332,1.0492153168000016,0.09949731826743147,0.0,18.449999809265137,40.14999985694885,19.64921522143257,41.349215269116286
density_0_nback_1_id_44,44,density_0_nback_1,0,1,34.2003211975,35.6505088806,1.4501876830999976,37.049999952316284,35.34999990463257,,35.34999990463257,35.34999990463257,36.90000009536743,36.049999952316284,36.049999952316284,59.84999990463257,,,46.40000009536743,1.4501876830999976,1.1496787071325656,1.1496787071325656,-0.300508975967432,0.7000000476837158,23.799999952316284,,25.649678707132566,
density_0_nback_2_id_44,44,density_0_nback_2,0,2,31.7993106842,33.1495628357,1.3502521515000012,34.200000047683716,35.25,,34.200000047683716,34.200000047683716,34.34999990463257,35.34999990463257,34.34999990463257,55.15000009536743,46.40000009536743,,39.450000047683716,1.3502521515000012,2.400689363483714,2.400689363483714,1.0504372119837129,0.14999985694885254,20.800000190734863,12.050000190734863,23.35068941116743,14.60068941116743
density_10_nback_0_id_44,44,density_10_nback_0,10,0,21.1503067017,22.2998714447,1.1495647429999991,21.549999952316284,21.34999990463257,21.200000047683716,21.34999990463257,21.200000047683716,21.200000047683716,21.25,21.200000047683716,21.200000047683716,65.45000004768372,,29.450000047683716,1.1495647429999991,0.19969320293256843,0.049693345983715886,-0.9498715400674307,-0.14999985694885254,0.0,44.25,0.049693345983715886,44.29969334598371
density_10_nback_1_id_44,44,density_10_nback_1,10,1,26.0500774384,27.6000576019,1.5499801635000026,27.25,29.950000047683716,27.09999990463257,27.25,27.09999990463257,27.299999952316284,30.09999990463257,27.299999952316284,48.40000009536743,52.700000047683716,,35.65000009536743,1.5499801635000026,1.199922561600001,1.0499224662325695,-0.35005760190000146,0.04999995231628418,21.100000143051147,25.40000009536743,22.349922656967433,26.649922609283717
density_10_nback_2_id_44,44,density_10_nback_2,10,2,26.9497432709,28.3002109528,1.3504676818999997,28.09999990463257,29.25,26.950000047683716,28.09999990463257,26.950000047683716,27.34999990463257,29.299999952316284,27.34999990463257,52.950000047683716,,,36.299999952316284,1.3504676818999997,1.1502566337325675,0.0002567767837149404,-0.20021104816743218,-0.75,25.600000143051147,,26.000256776783715,
density_20_nback_0_id_44,44,density_20_nback_0,20,0,48.6496009827,50.0000648499,1.3504638671999984,50.700000047683716,49.0,49.799999952316284,49.0,49.0,49.799999952316284,49.15000009536743,49.15000009536743,74.15000009536743,,,57.34999990463257,1.3504638671999984,0.3503990172999991,0.3503990172999991,-1.0000648498999993,0.15000009536743164,25.0,,25.50039911266743,
density_20_nback_1_id_44,44,density_20_nback_1,20,1,28.7005119324,30.15076828,1.4502563475999999,29.049999952316284,35.049999952316284,28.75,29.049999952316284,28.75,29.25,40.84999990463257,29.25,67.25,48.15000009536743,,41.75,1.4502563475999999,0.34948801991628287,0.049488067599998686,-1.100768327683717,0.20000004768371582,38.0,18.90000009536743,38.549488067599995,19.44948816296743
density_20_nback_2_id_44,44,density_20_nback_2,20,2,43.599773407,45.0497589111,1.449985504099999,44.700000047683716,49.700000047683716,43.799999952316284,44.700000047683716,43.799999952316284,43.799999952316284,50.049999952316284,43.799999952316284,73.79999995231628,77.29999995231628,,55.0,1.449985504099999,1.1002266406837151,0.20022654531628348,-0.3497588634162838,-0.9000000953674316,30.0,33.5,30.200226545316283,33.70022654531628
density_0_nback_0_id_45,45,density_0_nback_0,0,0,29.4498577118,30.9492797852,1.4994220734000017,30.65000009536743,32.25,30.5,30.65000009536743,30.5,30.65000009536743,32.299999952316284,30.65000009536743,47.40000009536743,,,37.200000047683716,1.4994220734000017,1.2001423835674316,1.0501422882,-0.29927968983257003,0.0,16.75,,17.95014238356743,
density_0_nback_1_id_45,45,density_0_nback_1,0,1,34.2007217407,35.0500564575,0.8493347168000014,51.200000047683716,35.549999952316284,,35.549999952316284,35.549999952316284,35.84999990463257,35.59999990463257,35.59999990463257,55.799999952316284,,,45.25,0.8493347168000014,1.3492782116162871,1.3492782116162871,0.49994349481628575,0.04999995231628418,20.200000047683716,,21.599278211616287,
density_0_nback_2_id_45,45,density_0_nback_2,0,2,31.7498531342,32.3991317749,0.6492786407000004,48.549999952316284,33.299999952316284,,33.299999952316284,33.299999952316284,48.799999952316284,33.40000009536743,33.40000009536743,53.450000047683716,72.54999995231628,,38.84999990463257,0.6492786407000004,1.5501468181162856,1.5501468181162856,0.9008681774162852,0.10000014305114746,20.049999952316284,39.14999985694885,21.700146913483717,40.80014681811629
density_10_nback_0_id_45,45,density_10_nback_0,10,0,21.1502075195,21.750164032,0.5999565125000004,21.299999952316284,21.34999990463257,21.200000047683716,21.299999952316284,21.200000047683716,21.200000047683716,21.25,21.200000047683716,38.200000047683716,36.549999952316284,,29.15000009536743,0.5999565125000004,0.14979243281628385,0.04979252818371549,-0.4501640796837165,-0.09999990463256836,17.0,15.349999904632568,17.049792528183715,15.399792432816284
density_10_nback_1_id_45,45,density_10_nback_1,10,1,26.0493392944,27.3492946625,1.299955368100001,27.299999952316284,30.65000009536743,27.15000009536743,27.299999952316284,27.15000009536743,27.34999990463257,30.799999952316284,27.34999990463257,51.450000047683716,42.40000009536743,51.450000047683716,35.25,1.299955368100001,1.250660657916285,1.1006608009674324,-0.049294710183716006,0.04999995231628418,24.100000143051147,15.050000190734863,25.400660753283717,16.350660800967432
density_10_nback_2_id_45,45,density_10_nback_2,10,2,26.9507350922,28.6501102448,1.6993751526000018,28.15000009536743,31.65000009536743,27.0,28.15000009536743,27.0,27.40000009536743,33.450000047683716,27.40000009536743,57.90000009536743,81.70000004768372,,36.0,1.6993751526000018,1.199265003167433,0.04926490780000137,-0.5001101494325688,-0.75,30.5,54.299999952316284,30.949265003167433,54.74926495548372
density_20_nback_0_id_45,45,density_20_nback_0,20,0,48.6491241455,50.2990188599,1.6498947144000056,50.549999952316284,49.0,49.700000047683716,49.0,49.0,49.700000047683716,49.15000009536743,49.15000009536743,68.65000009536743,,,57.84999990463257,1.6498947144000056,0.35087585450000347,0.35087585450000347,-1.299018859900002,0.15000009536743164,19.5,,20.000875949867435,
density_20_nback_1_id_45,45,density_20_nback_1,20,1,28.7003593445,30.6000480652,1.8996887206999986,29.0,35.90000009536743,28.75,29.0,28.75,29.09999990463257,41.34999990463257,29.09999990463257,62.84999990463257,79.34999990463257,,41.950000047683716,1.8996887206999986,0.2996406554999993,0.0496406554999993,-1.6000480651999993,0.09999990463256836,33.75,50.25,34.14964056013257,50.64964056013257
density_20_nback_2_id_45,45,density_20_nback_2,20,2,43.5501823425,45.4500770569,1.8998947143999985,44.59999990463257,48.15000009536743,43.84999990463257,44.59999990463257,43.84999990463257,43.84999990463257,48.25,43.84999990463257,68.04999995231628,85.54999995231628,,55.59999990463257,1.8998947143999985,1.0498175621325672,0.29981756213256716,-0.8500771522674313,-0.75,24.200000047683716,41.700000047683716,24.499817609816283,41.99981760981628
density_0_nback_0_id_46,46,density_0_nback_0,0,0,29.450838089,30.0998783112,0.6490402222,30.75,30.950000047683716,30.5,30.75,30.5,30.75,31.0,30.75,37.25,,,37.15000009536743,0.6490402222,1.2991619109999988,1.0491619109999988,0.6501216887999988,0.0,6.5,,7.799161910999999,
density_0_nback_1_id_46,46,density_0_nback_1,0,1,34.2001571655,36.1000785828,1.8999214172999999,37.59999990463257,35.299999952316284,,35.299999952316284,35.299999952316284,37.450000047683716,36.200000047683716,36.200000047683716,61.40000009536743,,,46.700000047683716,1.8999214172999999,1.0998427868162821,1.0998427868162821,-0.8000786304837177,0.9000000953674316,25.200000047683716,,27.19984292986743,
density_0_nback_2_id_46,46,density_0_nback_2,0,2,32.0999221802,33.0997543335,0.9998321533000052,33.15000009536743,33.90000009536743,32.950000047683716,33.15000009536743,32.950000047683716,33.200000047683716,33.950000047683716,33.200000047683716,52.90000009536743,73.65000009536743,,39.65000009536743,0.9998321533000052,1.050077915167435,0.8500778674837193,0.050245761867429906,0.04999995231628418,19.700000047683716,40.450000047683716,20.800077915167435,41.550077915167435
density_10_nback_0_id_46,46,density_10_nback_0,10,0,21.1496601105,22.3997631073,1.250102996799999,21.25,21.299999952316284,21.15000009536743,21.25,21.15000009536743,21.15000009536743,21.25,21.15000009536743,21.25,,,29.0,1.250102996799999,0.10033988949999895,0.0003399848674305872,-1.1497631073,-0.09999990463256836,0.09999990463256836,,0.10033988949999895,
density_10_nback_1_id_46,46,density_10_nback_1,10,1,26.1004543304,27.5502204895,1.4497661590999975,27.40000009536743,28.59999990463257,27.25,27.40000009536743,27.25,27.40000009536743,28.65000009536743,27.40000009536743,44.950000047683716,45.799999952316284,45.549999952316284,35.200000047683716,1.4497661590999975,1.29954576496743,1.1495456695999984,-0.1502203941325675,0.0,17.549999952316284,18.399999856948853,18.849545717283714,19.699545621916283
density_10_nback_2_id_46,46,density_10_nback_2,10,2,26.8996257782,27.5496349335,0.6500091552999976,29.65000009536743,31.799999952316284,26.90000009536743,29.65000009536743,26.90000009536743,27.34999990463257,30.40000009536743,27.34999990463257,34.34999990463257,,,36.200000047683716,0.6500091552999976,2.750374317167431,0.00037431716743085985,2.1003651618674333,-2.3000001907348633,7.0,,7.450374126432568,
density_20_nback_0_id_46,46,density_20_nback_0,20,0,48.5994110107,49.5493049622,0.9498939514999947,50.5,48.950000047683716,50.34999990463257,48.950000047683716,48.950000047683716,50.5,49.15000009536743,49.15000009536743,58.700000047683716,,,56.75,0.9498939514999947,0.35058903698371324,0.35058903698371324,-0.5993049145162814,0.20000004768371582,9.549999952316284,,10.100589036983713,
density_20_nback_1_id_46,46,density_20_nback_1,20,1,28.7000694275,29.9501838684,1.2501144408999991,29.049999952316284,31.049999952316284,28.75,29.049999952316284,28.75,29.25,34.65000009536743,29.25,50.700000047683716,,50.700000047683716,42.09999990463257,1.2501144408999991,0.3499305248162834,0.049930572499999215,-0.9001839160837157,0.20000004768371582,21.450000047683716,,21.999930620183715,
density_20_nback_2_id_46,46,density_20_nback_2,20,2,43.550151825,44.8502044678,1.3000526427999972,44.59999990463257,48.65000009536743,43.84999990463257,44.59999990463257,43.84999990463257,43.84999990463257,48.799999952316284,43.84999990463257,71.65000009536743,79.84999990463257,,52.0,1.3000526427999972,1.049848079632568,0.299848079632568,-0.25020456316742923,-0.75,27.800000190734863,36.0,28.09984827036743,36.29984807963257
density_0_nback_0_id_47,47,density_0_nback_0,0,0,29.3999328613,30.650308609,1.250375747699998,30.65000009536743,33.09999990463257,30.5,30.65000009536743,30.5,30.65000009536743,33.25,30.65000009536743,45.84999990463257,45.5,,37.65000009536743,1.250375747699998,1.25006723406743,1.1000671386999983,-0.00030851363256800823,0.0,15.199999809265137,14.849999904632568,16.450067043332567,16.1000671387
density_0_nback_1_id_47,47,density_0_nback_1,0,1,34.200302124,36.500289917,2.2999877930000068,37.450000047683716,35.299999952316284,,35.299999952316284,35.299999952316284,37.40000009536743,36.200000047683716,36.200000047683716,48.0,,,46.40000009536743,2.2999877930000068,1.0996978283162875,1.0996978283162875,-1.2002899646837193,0.9000000953674316,11.799999952316284,,13.799697876000003,
density_0_nback_2_id_47,47,density_0_nback_2,0,2,31.8004894257,33.3505783081,1.5500888823999972,34.0,34.25,,34.0,34.0,52.200000047683716,34.34999990463257,34.34999990463257,55.25,38.799999952316284,,39.40000009536743,1.5500888823999972,2.1995105742999996,2.1995105742999996,0.6494216919000024,0.34999990463256836,20.90000009536743,4.450000047683716,23.4495105743,6.999510526616284
density_10_nback_0_id_47,47,density_10_nback_0,10,0,21.2001514435,22.150144577,0.9499931334999978,21.950000047683716,21.450000047683716,21.25,21.450000047683716,21.25,21.25,21.25,21.25,47.299999952316284,,,29.200000047683716,0.9499931334999978,0.24984860418371468,0.049848556499998864,-0.7001445293162831,-0.20000004768371582,26.049999952316284,,26.099848508816283,
density_10_nback_1_id_47,47,density_10_nback_1,10,1,26.0501689911,28.6001873016,2.550018310499997,27.34999990463257,29.65000009536743,27.200000047683716,27.34999990463257,27.200000047683716,27.34999990463257,31.5,27.34999990463257,53.5,56.450000047683716,,36.549999952316284,2.550018310499997,1.299830913532567,1.1498310565837144,-1.25018739696743,0.0,26.15000009536743,29.100000143051147,27.4498310089,30.399831056583714
density_10_nback_2_id_47,47,density_10_nback_2,10,2,26.900806427,28.7004051208,1.7995986938000001,28.09999990463257,29.799999952316284,26.950000047683716,28.09999990463257,26.950000047683716,27.34999990463257,29.90000009536743,27.34999990463257,27.59999990463257,,,36.75,1.7995986938000001,1.1991934776325692,0.04919362068371669,-0.6004052161674309,-0.75,0.25,,0.6991934776325692,
density_20_nback_0_id_47,47,density_20_nback_0,20,0,48.7001037598,50.0498924255,1.3497886656999967,50.75,49.09999990463257,49.799999952316284,49.09999990463257,49.09999990463257,49.799999952316284,49.15000009536743,49.15000009536743,63.09999990463257,70.45000004768372,,57.75,1.3497886656999967,0.3998961448325673,0.3998961448325673,-0.9498925208674294,0.05000019073486328,13.949999809265137,21.299999952316284,14.399896144832567,21.749896287883715
density_20_nback_1_id_47,47,density_20_nback_1,20,1,28.6508216858,30.5006008148,1.849779128999998,29.049999952316284,34.700000047683716,28.700000047683716,29.049999952316284,28.700000047683716,29.15000009536743,38.5,29.15000009536743,50.450000047683716,,,42.049999952316284,1.849779128999998,0.39917826651628374,0.04917836188371538,-1.4506008624837143,0.10000014305114746,21.299999952316284,,21.799178361883715,
density_20_nback_2_id_47,47,density_20_nback_2,20,2,43.6002540588,45.8998756409,2.299621582100002,44.34999990463257,46.700000047683716,44.25,44.34999990463257,44.25,44.299999952316284,59.15000009536743,44.299999952316284,82.65000009536743,88.54999995231628,,60.90000009536743,2.299621582100002,0.749745845832571,0.6497459412000026,-1.5498757362674311,-0.04999995231628418,38.35000014305115,44.25,39.049746036567434,44.94974589351629
density_0_nback_0_id_48,48,density_0_nback_0,0,0,29.4003543854,30.0502052307,0.6498508453000014,30.75,34.09999990463257,30.5,30.75,30.5,30.75,32.09999990463257,30.75,68.84999990463257,90.90000009536743,,37.65000009536743,0.6498508453000014,1.3496456146,1.0996456146,0.6997947692999986,0.0,38.09999990463257,60.15000009536743,39.44964551923257,61.49964570996743
density_0_nback_1_id_48,48,density_0_nback_1,0,1,34.1504135132,36.2003974915,2.0499839782999985,37.799999952316284,35.299999952316284,,35.299999952316284,35.299999952316284,37.799999952316284,36.25,36.25,57.0,,,51.950000047683716,2.0499839782999985,1.149586439116284,1.149586439116284,-0.9003975391837145,0.9500000476837158,20.75,,22.8495864868,
density_0_nback_2_id_48,48,density_0_nback_2,0,2,31.8001613617,32.6001319885,0.799970626800004,34.0,37.450000047683716,,34.0,34.0,34.049999952316284,37.90000009536743,34.049999952316284,52.049999952316284,79.15000009536743,,43.0,0.799970626800004,2.199838638300001,2.199838638300001,1.399868011499997,0.04999995231628418,18.0,45.10000014305115,20.249838590616285,47.34983873366743
density_10_nback_0_id_48,48,density_10_nback_0,10,0,21.1499385834,21.7502613068,0.6003227233999979,21.65000009536743,21.299999952316284,21.15000009536743,21.299999952316284,21.15000009536743,21.15000009536743,21.200000047683716,21.15000009536743,21.15000009536743,70.65000009536743,,28.799999952316284,0.6003227233999979,0.1500613689162833,6.15119674307607e-05,-0.4502613544837146,-0.14999985694885254,0.0,49.5,6.15119674307607e-05,49.50006151196743
density_10_nback_1_id_48,48,density_10_nback_1,10,1,26.0503101349,27.1001091003,1.0497989654000008,27.299999952316284,32.700000047683716,27.200000047683716,27.299999952316284,27.200000047683716,27.34999990463257,50.299999952316284,27.34999990463257,41.25,33.75,,52.5,1.0497989654000008,1.2496898174162858,1.1496899127837175,0.19989085201628498,0.04999995231628418,13.900000095367432,6.400000095367432,15.199689865100002,7.699689865100002
density_10_nback_2_id_48,48,density_10_nback_2,10,2,26.9000911713,28.7999782562,1.8998870848999978,28.15000009536743,31.75,26.950000047683716,28.15000009536743,26.950000047683716,27.450000047683716,31.700000047683716,27.450000047683716,27.450000047683716,,,41.950000047683716,1.8998870848999978,1.2499089240674301,0.04990887638371433,-0.6499781608325677,-0.7000000476837158,0.0,,0.5499088763837143,
density_20_nback_0_id_48,48,density_20_nback_0,20,0,48.7000770569,49.2501525879,0.5500755309999974,49.84999990463257,49.049999952316284,50.299999952316284,49.049999952316284,49.049999952316284,49.84999990463257,49.15000009536743,49.15000009536743,73.0,,,65.95000004768372,0.5500755309999974,0.3499228954162845,0.3499228954162845,-0.20015263558371288,0.10000014305114746,23.84999990463257,,24.2999229431,
density_20_nback_1_id_48,48,density_20_nback_1,20,1,28.7502880096,30.7500038147,1.9997158051000028,29.0,35.75,28.799999952316284,29.0,28.799999952316284,29.15000009536743,37.299999952316284,29.15000009536743,60.049999952316284,57.15000009536743,,44.200000047683716,1.9997158051000028,0.24971199040000158,0.04971194271628576,-1.7500038147000012,0.15000009536743164,30.899999856948853,28.0,31.299711942716286,28.399712085767433
density_20_nback_2_id_48,48,density_20_nback_2,20,2,43.5995597839,45.3001747131,1.7006149292000003,44.299999952316284,47.299999952316284,44.25,44.299999952316284,44.25,44.25,47.34999990463257,44.25,74.70000004768372,93.34999990463257,,53.25,1.7006149292000003,0.7004401684162858,0.6504402161000016,-1.0001747607837146,-0.04999995231628418,30.450000047683716,49.09999990463257,31.100440263783717,49.75044012073257
density_0_nback_0_id_49,49,density_0_nback_0,0,0,29.4496250153,30.899728775,1.4501037596999993,30.65000009536743,33.34999990463257,30.5,30.65000009536743,30.5,30.700000047683716,33.450000047683716,30.700000047683716,63.049999952316284,33.84999990463257,,37.09999990463257,1.4501037596999993,1.200375080067431,1.0503749846999995,-0.24972867963256817,0.04999995231628418,32.34999990463257,3.1499998569488525,33.600374937016284,4.400374889332568
density_0_nback_1_id_49,49,density_0_nback_1,0,1,34.1999282837,36.7999038696,2.5999755859000047,,35.299999952316284,,35.299999952316284,35.299999952316284,49.65000009536743,36.15000009536743,36.15000009536743,83.70000004768372,,,46.950000047683716,2.5999755859000047,1.1000716686162875,1.1000716686162875,-1.4999039172837172,0.8500001430511475,47.549999952316284,,49.50007176398372,
density_0_nback_2_id_49,49,density_0_nback_2,0,2,31.8000564575,33.8499717712,2.049915313700005,33.799999952316284,35.549999952316284,,33.799999952316284,33.799999952316284,60.5,35.700000047683716,35.700000047683716,69.54999995231628,77.20000004768372,,39.40000009536743,2.049915313700005,1.9999434948162857,1.9999434948162857,-0.049971818883719266,1.9000000953674316,33.84999990463257,41.5,37.749943494816286,45.39994359018372
density_10_nback_0_id_49,49,density_10_nback_0,10,0,21.0999755859,24.1506195068,3.050643920899997,21.34999990463257,21.25,21.09999990463257,21.25,21.09999990463257,21.09999990463257,21.200000047683716,21.09999990463257,21.34999990463257,78.54999995231628,,34.75,3.050643920899997,0.1500244140999989,2.4318732567252255e-05,-2.9006195067999982,-0.15000009536743164,0.25,57.450000047683716,0.25002431873256725,57.45002436641629
density_10_nback_1_id_49,49,density_10_nback_1,10,1,26.0501976013,28.9994449615,2.949247360200001,27.40000009536743,30.59999990463257,27.25,27.40000009536743,27.25,27.40000009536743,30.65000009536743,27.40000009536743,64.09999990463257,50.950000047683716,,35.549999952316284,2.949247360200001,1.3498024940674327,1.199802398700001,-1.5994448661325684,0.0,36.69999980926514,23.549999952316284,38.04980230333257,24.899802446383717
density_10_nback_2_id_49,49,density_10_nback_2,10,2,27.0001468658,29.5002307892,2.5000839233999983,28.200000047683716,30.299999952316284,27.049999952316284,28.200000047683716,27.049999952316284,27.40000009536743,30.34999990463257,27.40000009536743,76.95000004768372,79.25,,36.34999990463257,2.5000839233999983,1.1998531818837144,0.04985308651628273,-1.300230741516284,-0.7999999523162842,49.549999952316284,51.84999990463257,49.94985318188371,52.249853134199995
density_20_nback_0_id_49,49,density_20_nback_0,20,0,48.6501502991,50.0001373291,1.3499870300000012,50.59999990463257,49.049999952316284,49.65000009536743,49.049999952316284,49.049999952316284,49.65000009536743,49.15000009536743,49.15000009536743,100.20000004768372,78.15000009536743,122.5,64.45000004768372,1.3499870300000012,0.39984965321628607,0.39984965321628607,-0.9501373767837151,0.10000014305114746,51.049999952316284,29.0,51.54984974858372,29.499849796267434
density_20_nback_1_id_49,49,density_20_nback_1,20,1,28.6500453949,30.5000362396,1.8499908446999989,29.049999952316284,36.75,28.700000047683716,29.049999952316284,28.700000047683716,29.200000047683716,59.09999990463257,29.200000047683716,97.04999995231628,,,55.09999990463257,1.8499908446999989,0.39995455741628305,0.04995465278371469,-1.4500362872837158,0.15000009536743164,67.84999990463257,,68.39995455741628,
density_20_nback_2_id_49,49,density_20_nback_2,20,2,43.5496940613,46.3495674133,2.7998733519999988,44.59999990463257,49.65000009536743,43.84999990463257,44.59999990463257,43.84999990463257,43.84999990463257,49.799999952316284,43.84999990463257,111.34999990463257,47.549999952316284,,70.0,2.7998733519999988,1.0503058433325663,0.30030584333256627,-1.7495675086674325,-0.75,67.5,3.700000047683716,67.80030584333257,4.000305891016282
density_0_nback_0_id_50,50,density_0_nback_0,0,0,29.4498386383,31.8005847931,2.3507461547999995,30.65000009536743,33.84999990463257,30.549999952316284,30.65000009536743,30.549999952316284,30.65000009536743,36.34999990463257,30.65000009536743,39.34999990463257,,,38.59999990463257,2.3507461547999995,1.2001614570674306,1.1001613140162831,-1.1505846977325689,0.0,8.699999809265137,,9.900161266332567,
density_0_nback_1_id_50,50,density_0_nback_1,0,1,34.1997947693,36.8997154236,2.6999206543000014,82.0,35.299999952316284,,35.299999952316284,35.299999952316284,62.200000047683716,36.15000009536743,36.15000009536743,36.15000009536743,,,46.90000009536743,2.6999206543000014,1.1002051830162856,1.1002051830162856,-1.5997154712837158,0.8500001430511475,0.0,,1.950205326067433,
density_0_nback_2_id_50,50,density_0_nback_2,0,2,31.8003520966,33.6996574402,1.8993053435999983,34.0,36.450000047683716,,34.0,34.0,34.700000047683716,36.549999952316284,34.700000047683716,50.59999990463257,78.75,,42.200000047683716,1.8993053435999983,2.199647903399999,2.199647903399999,0.3003425598000007,0.7000000476837158,15.899999856948853,44.049999952316284,18.799647808032567,46.9496479034
density_10_nback_0_id_50,50,density_10_nback_0,10,0,21.100233078,22.5502643585,1.4500312805000029,21.299999952316284,21.299999952316284,21.15000009536743,21.299999952316284,21.15000009536743,21.15000009536743,21.200000047683716,21.15000009536743,21.299999952316284,35.84999990463257,,29.549999952316284,1.4500312805000029,0.19976687431628548,0.04976701736743294,-1.2502644061837174,-0.14999985694885254,0.14999985694885254,14.699999809265137,0.19976687431628548,14.74976682663257
density_10_nback_1_id_50,50,density_10_nback_1,10,1,26.049943924,28.3501338959,2.3001899719,27.40000009536743,30.450000047683716,27.299999952316284,27.40000009536743,27.299999952316284,27.40000009536743,30.59999990463257,27.40000009536743,52.700000047683716,38.700000047683716,,36.049999952316284,2.3001899719,1.3500561713674308,1.2500560283162834,-0.9501338005325692,0.0,25.299999952316284,11.299999952316284,26.650056123683715,12.650056123683715
density_10_nback_2_id_50,50,density_10_nback_2,10,2,26.8998947144,29.0997276306,2.199832916200002,28.15000009536743,31.799999952316284,26.90000009536743,28.15000009536743,26.90000009536743,27.34999990463257,33.950000047683716,27.34999990463257,36.950000047683716,,36.950000047683716,36.84999990463257,2.199832916200002,1.2501053809674332,0.00010538096743317737,-0.9497275352325687,-0.8000001907348633,9.600000143051147,,10.050105333283717,
density_20_nback_0_id_50,50,density_20_nback_0,20,0,48.7000770569,49.2000045776,0.49992752069999824,50.09999990463257,49.049999952316284,50.25,49.049999952316284,49.049999952316284,50.09999990463257,49.15000009536743,49.15000009536743,68.5,,,57.5,0.49992752069999824,0.3499228954162845,0.3499228954162845,-0.15000462528371372,0.10000014305114746,19.34999990463257,,19.7999229431,
density_20_nback_1_id_50,50,density_20_nback_1,20,1,28.7502326965,31.6001033783,2.849870681799999,29.0,35.25,28.799999952316284,29.0,28.799999952316284,29.200000047683716,38.299999952316284,29.200000047683716,30.049999952316284,52.799999952316284,,43.25,2.849870681799999,0.24976730350000054,0.04976725581628472,-2.6001033782999983,0.20000004768371582,0.8499999046325684,23.59999990463257,1.2997672558162847,24.049767255816285
density_20_nback_2_id_50,50,density_20_nback_2,20,2,43.5500488281,46.3497886658,2.7997398376999953,44.65000009536743,51.700000047683716,43.84999990463257,44.65000009536743,43.84999990463257,43.84999990463257,57.549999952316284,43.84999990463257,80.79999995231628,87.20000004768372,,60.0,2.7997398376999953,1.0999512672674285,0.29995107653256525,-1.6997885704325668,-0.8000001907348633,36.950000047683716,43.35000014305115,37.24995112421628,43.64995121958371
density_0_nback_0_id_51,51,density_0_nback_0,0,0,29.4506378174,30.5504226685,1.0997848511000008,30.65000009536743,34.549999952316284,30.549999952316284,30.65000009536743,30.549999952316284,30.700000047683716,34.700000047683716,30.700000047683716,54.950000047683716,,,37.59999990463257,1.0997848511000008,1.1993622779674311,1.0993621349162837,0.09957742686743032,0.04999995231628418,24.25,,25.499362230283715,
density_0_nback_1_id_51,51,density_0_nback_1,0,1,34.1993293762,36.0993461609,1.9000167847,78.34999990463257,35.299999952316284,,35.299999952316284,35.299999952316284,55.700000047683716,36.200000047683716,36.200000047683716,59.25,,,46.450000047683716,1.9000167847,1.1006705761162863,1.1006705761162863,-0.7993462085837137,0.9000000953674316,23.049999952316284,,25.050670623800002,
density_0_nback_2_id_51,51,density_0_nback_2,0,2,31.749174118,33.8495559692,2.100381851199998,33.90000009536743,35.40000009536743,,33.90000009536743,33.90000009536743,49.200000047683716,35.549999952316284,35.549999952316284,40.0,73.20000004768372,,39.40000009536743,2.100381851199998,2.1508259773674325,2.1508259773674325,0.05044412616743443,1.6499998569488525,4.450000047683716,37.65000009536743,8.250825882000001,41.45082592968372
density_10_nback_0_id_51,51,density_10_nback_0,10,0,21.1003036499,22.5006103516,1.4003067017,21.299999952316284,21.299999952316284,21.15000009536743,21.299999952316284,21.15000009536743,21.15000009536743,21.25,21.15000009536743,21.15000009536743,36.40000009536743,,29.65000009536743,1.4003067017,0.19969630241628522,0.04969644546743268,-1.2006103992837147,-0.14999985694885254,0.0,15.25,0.04969644546743268,15.299696445467433
density_10_nback_1_id_51,51,density_10_nback_1,10,1,26.0495262146,28.1997451782,2.1502189636000004,27.40000009536743,31.200000047683716,27.299999952316284,27.40000009536743,27.299999952316284,27.40000009536743,32.950000047683716,27.40000009536743,42.34999990463257,54.84999990463257,,36.75,2.1502189636000004,1.3504738807674315,1.250473737716284,-0.799745082832569,0.0,14.949999809265137,27.449999809265137,16.300473690032568,28.800473690032568
density_10_nback_2_id_51,51,density_10_nback_2,10,2,26.9497699738,28.1997661591,1.2499961853000023,28.15000009536743,33.40000009536743,26.950000047683716,28.15000009536743,26.950000047683716,27.40000009536743,35.200000047683716,27.40000009536743,53.700000047683716,,,37.15000009536743,1.2499961853000023,1.200230121567433,0.0002300738837170968,-0.04976606373256942,-0.75,26.299999952316284,,26.750230073883717,
density_20_nback_0_id_51,51,density_20_nback_0,20,0,48.6500320435,49.4506835938,0.8006515503000031,50.700000047683716,49.049999952316284,50.40000009536743,49.049999952316284,49.049999952316284,50.700000047683716,49.15000009536743,49.15000009536743,59.950000047683716,,,57.59999990463257,0.8006515503000031,0.3999679088162864,0.3999679088162864,-0.4006836414837167,0.10000014305114746,10.799999952316284,,11.299968004183718,
density_20_nback_1_id_51,51,density_20_nback_1,20,1,28.6999797821,30.399980545,1.7000007628999967,29.049999952316284,35.34999990463257,28.700000047683716,29.049999952316284,28.700000047683716,29.299999952316284,36.799999952316284,29.299999952316284,93.84999990463257,54.450000047683716,,77.54999995231628,1.7000007628999967,0.3500201702162826,2.0265583714262903e-05,-1.349980592683714,0.25,64.54999995231628,25.15000009536743,65.15002012253257,25.750020265583714
density_20_nback_2_id_51,51,density_20_nback_2,20,2,43.5500030518,45.9991836548,2.449180603000002,44.59999990463257,46.950000047683716,43.84999990463257,44.59999990463257,43.84999990463257,43.84999990463257,47.09999990463257,43.84999990463257,74.59999990463257,77.75,,54.90000009536743,2.449180603000002,1.049996852832571,0.29999685283257094,-1.3991837501674311,-0.75,30.75,33.90000009536743,31.04999685283257,34.1999969482
density_0_nback_0_id_52,52,density_0_nback_0,0,0,29.4491081238,30.6491603851,1.2000522613000015,30.65000009536743,32.200000047683716,30.549999952316284,30.65000009536743,30.549999952316284,30.65000009536743,32.25,30.65000009536743,47.65000009536743,,,37.09999990463257,1.2000522613000015,1.200891971567433,1.1008918285162856,0.0008397102674315704,0.0,17.0,,18.200891971567433,
density_0_nback_1_id_52,52,density_0_nback_1,0,1,34.2490653992,36.600025177,2.3509597778,37.700000047683716,35.34999990463257,,35.34999990463257,35.34999990463257,37.59999990463257,36.200000047683716,36.200000047683716,63.200000047683716,,,53.049999952316284,2.3509597778,1.1009345054325692,1.1009345054325692,-1.2500252723674308,0.8500001430511475,27.0,,28.950934648483717,
density_0_nback_2_id_52,52,density_0_nback_2,0,2,31.8000011444,33.4496994019,1.649698257499999,33.950000047683716,37.450000047683716,,33.950000047683716,33.950000047683716,34.049999952316284,37.84999990463257,34.049999952316284,57.34999990463257,35.59999990463257,,40.15000009536743,1.649698257499999,2.1499989032837163,2.1499989032837163,0.5003006457837174,0.09999990463256836,23.299999952316284,1.5499999523162842,25.54999876023257,3.799998760232569
density_10_nback_0_id_52,52,density_10_nback_0,10,0,21.1496944427,22.3999481201,1.2502536774,21.299999952316284,21.299999952316284,21.15000009536743,21.299999952316284,21.15000009536743,21.15000009536743,21.200000047683716,21.15000009536743,32.700000047683716,,,32.09999990463257,1.2502536774,0.15030550961628464,0.0003056526674320992,-1.0999481677837153,-0.14999985694885254,11.549999952316284,,11.550305604983716,
density_10_nback_1_id_52,52,density_10_nback_1,10,1,26.0496902466,28.7001285553,2.6504383087,27.25,29.75,27.15000009536743,27.25,27.15000009536743,27.299999952316284,33.450000047683716,27.299999952316284,54.84999990463257,29.90000009536743,55.0,35.25,2.6504383087,1.2003097533999991,1.1003098487674308,-1.450128555300001,0.04999995231628418,27.549999952316284,2.6000001430511475,28.800309658032567,3.8503098487674308
density_10_nback_2_id_52,52,density_10_nback_2,10,2,26.9500656128,28.6991081238,1.749042510999999,28.200000047683716,31.299999952316284,27.0,28.200000047683716,27.0,27.34999990463257,31.75,27.34999990463257,43.84999990463257,,,35.90000009536743,1.749042510999999,1.2499344348837162,0.04993438720000043,-0.4991080761162827,-0.8500001430511475,16.5,,16.89993429183257,
density_20_nback_0_id_52,52,density_20_nback_0,20,0,48.6498260498,50.3998641968,1.750038147000005,50.59999990463257,49.0,49.799999952316284,49.0,49.0,49.799999952316284,49.15000009536743,49.15000009536743,63.09999990463257,70.09999990463257,75.90000009536743,58.25,1.750038147000005,0.3501739502000021,0.3501739502000021,-1.399864196800003,0.15000009536743164,13.949999809265137,20.949999809265137,14.45017385483257,21.45017385483257
density_20_nback_1_id_52,52,density_20_nback_1,20,1,28.6999454498,30.5499668121,1.850021362299998,29.049999952316284,34.34999990463257,28.700000047683716,29.049999952316284,28.700000047683716,29.15000009536743,76.15000009536743,29.15000009536743,45.59999990463257,96.20000004768372,,78.0,1.850021362299998,0.3500545025162829,5.4597883714535556e-05,-1.499966859783715,0.10000014305114746,16.449999809265137,67.04999995231628,16.900054454832567,67.50005459788372
density_20_nback_2_id_52,52,density_20_nback_2,20,2,43.5996742249,45.8000640869,2.2003898620000015,44.700000047683716,59.799999952316284,43.799999952316284,44.700000047683716,43.799999952316284,43.799999952316284,129.70000004768372,43.799999952316284,135.45000004768372,151.65000009536743,,122.84999990463257,2.2003898620000015,1.1003258227837165,0.20032572741628485,-1.100064039216285,-0.9000000953674316,91.65000009536743,107.85000014305115,91.85032582278372,108.05032587046743
density_0_nback_0_id_53,53,density_0_nback_0,0,0,29.4490642548,30.1996383667,0.7505741119000007,30.700000047683716,32.25,30.549999952316284,30.700000047683716,30.549999952316284,30.700000047683716,32.299999952316284,30.700000047683716,42.049999952316284,71.95000004768372,,36.950000047683716,0.7505741119000007,1.2509357928837161,1.1009356975162845,0.5003616809837155,0.0,11.349999904632568,41.25,12.600935697516285,42.500935792883716
density_0_nback_1_id_53,53,density_0_nback_1,0,1,34.1498222351,35.8503456116,1.7005233765000014,53.200000047683716,35.299999952316284,,35.299999952316284,35.299999952316284,38.5,36.200000047683716,36.200000047683716,46.59999990463257,,,45.200000047683716,1.7005233765000014,1.1501777172162875,1.1501777172162875,-0.5503456592837139,0.9000000953674316,10.399999856948853,,12.450177669532572,
density_0_nback_2_id_53,53,density_0_nback_2,0,2,31.7498092651,33.1490631104,1.3992538452999987,63.09999990463257,34.59999990463257,,34.59999990463257,34.59999990463257,49.34999990463257,34.65000009536743,34.65000009536743,60.799999952316284,74.5,,39.0,1.3992538452999987,2.850190639532567,2.850190639532567,1.4509367942325682,0.05000019073486328,26.149999856948853,39.84999990463257,29.050190687216283,42.7501907349
density_10_nback_0_id_53,53,density_10_nback_0,10,0,21.1491603851,22.5491161346,1.3999557494999983,21.200000047683716,21.299999952316284,21.15000009536743,21.200000047683716,21.15000009536743,21.15000009536743,21.200000047683716,21.15000009536743,40.65000009536743,,,28.90000009536743,1.3999557494999983,0.05083966258371575,0.0008397102674315704,-1.3491160869162826,-0.04999995231628418,19.5,,19.50083971026743,
density_10_nback_1_id_53,53,density_10_nback_1,10,1,26.0496349335,27.5995883942,1.549953460700003,27.25,30.75,27.09999990463257,27.25,27.09999990463257,27.299999952316284,31.299999952316284,27.299999952316284,50.450000047683716,50.299999952316284,,35.40000009536743,1.549953460700003,1.2003650665000016,1.05036497113257,-0.3495883942000013,0.04999995231628418,23.15000009536743,23.0,24.400365114183717,24.250365018816286
density_10_nback_2_id_53,53,density_10_nback_2,10,2,26.9500427246,28.5001811981,1.5501384735000023,28.09999990463257,31.5,27.0,28.09999990463257,27.0,27.34999990463257,32.84999990463257,27.34999990463257,27.34999990463257,,,35.700000047683716,1.5501384735000023,1.149957180032569,0.04995727540000061,-0.40018129346743336,-0.75,0.0,,0.39995718003256897,
density_20_nback_0_id_53,53,density_20_nback_0,20,0,48.6495628357,49.3992538452,0.7496910094999976,50.75,49.0,50.40000009536743,49.0,49.0,50.700000047683716,49.15000009536743,49.15000009536743,73.84999990463257,,,57.0,0.7496910094999976,0.35043716429999705,0.35043716429999705,-0.3992538452000005,0.15000009536743164,24.699999809265137,,25.200437068932565,
density_20_nback_1_id_53,53,density_20_nback_1,20,1,28.6998596191,29.2501220703,0.5502624512000018,29.049999952316284,31.59999990463257,28.700000047683716,29.049999952316284,28.700000047683716,29.09999990463257,38.5,29.09999990463257,60.15000009536743,79.29999995231628,,41.799999952316284,0.5502624512000018,0.35014033321628446,0.00014042858371610123,-0.20012211798371737,0.04999995231628418,31.050000190734863,50.200000047683716,31.450140476267432,50.60014033321629
density_20_nback_2_id_53,53,density_20_nback_2,20,2,43.5992240906,44.9993438721,1.4001197814999955,44.700000047683716,46.950000047683716,43.799999952316284,44.700000047683716,43.799999952316284,43.799999952316284,47.0,43.799999952316284,68.04999995231628,69.0,,51.09999990463257,1.4001197814999955,1.1007759570837123,0.2007758617162807,-0.29934382441628316,-0.9000000953674316,24.25,25.200000047683716,24.45077586171628,25.400775909399997
density_0_nback_0_id_54,54,density_0_nback_0,0,0,29.4504299164,30.8504810333,1.4000511168999985,30.65000009536743,31.799999952316284,30.5,30.65000009536743,30.5,30.700000047683716,31.90000009536743,30.700000047683716,49.25,,,37.0,1.4000511168999985,1.1995701789674307,1.049570083599999,-0.20048093793256783,0.04999995231628418,18.549999952316284,,19.7995700836,
density_0_nback_1_id_54,54,density_0_nback_1,0,1,34.2505226135,36.050163269,1.7996406554999993,78.25,35.40000009536743,,35.40000009536743,35.40000009536743,53.84999990463257,36.25,36.25,57.84999990463257,,,46.40000009536743,1.7996406554999993,1.1494774818674287,1.1494774818674287,-0.6501631736325706,0.8499999046325684,21.59999990463257,,23.599477291132565,
density_0_nback_2_id_54,54,density_0_nback_2,0,2,31.8002281189,32.800819397,1.0005912780999964,62.299999952316284,34.450000047683716,,34.450000047683716,34.450000047683716,46.700000047683716,34.549999952316284,34.549999952316284,48.40000009536743,,,39.15000009536743,1.0005912780999964,2.6497719287837143,2.6497719287837143,1.6491806506837179,0.09999990463256836,13.850000143051147,,16.59977197646743,
density_10_nback_0_id_54,54,density_10_nback_0,10,0,21.0997638702,22.0498695374,0.950105667199999,21.299999952316284,21.25,21.09999990463257,21.25,21.09999990463257,21.09999990463257,21.200000047683716,21.09999990463257,21.299999952316284,,,28.700000047683716,0.950105667199999,0.15023612979999967,0.00023603443256803303,-0.7998695373999993,-0.15000009536743164,0.20000004768371582,,0.20023608211628385,
density_10_nback_1_id_54,54,density_10_nback_1,10,1,26.0508270264,27.4003925323,1.3495655058999994,27.34999990463257,30.90000009536743,27.25,27.34999990463257,27.25,27.40000009536743,31.0,27.40000009536743,47.84999990463257,54.049999952316284,47.950000047683716,35.65000009536743,1.3495655058999994,1.299172878232568,1.1991729735999996,-0.050392627667431356,0.05000019073486328,20.449999809265137,26.649999856948853,21.799172878232568,27.999172925916284
density_10_nback_2_id_54,54,density_10_nback_2,10,2,26.9496936798,28.1496105194,1.1999168396000002,28.15000009536743,32.299999952316284,26.950000047683716,28.15000009536743,26.950000047683716,27.34999990463257,33.950000047683716,27.34999990463257,27.34999990463257,,,36.799999952316284,1.1999168396000002,1.2003064155674323,0.00030636788371651846,0.00038957596743216527,-0.8000001907348633,0.0,,0.40030622483256906,
density_20_nback_0_id_54,54,density_20_nback_0,20,0,48.6498451233,49.6492042542,0.9993591309000038,51.90000009536743,49.0,49.75,49.0,49.0,49.75,49.09999990463257,49.09999990463257,68.54999995231628,,,57.09999990463257,0.9993591309000038,0.3501548767000031,0.3501548767000031,-0.6492042542000007,0.09999990463256836,19.450000047683716,,19.900154829016287,
density_20_nback_1_id_54,54,density_20_nback_1,20,1,28.6502914429,29.799955368,1.1496639251000005,29.049999952316284,31.049999952316284,28.700000047683716,29.049999952316284,28.700000047683716,29.25,31.200000047683716,29.25,50.34999990463257,34.700000047683716,,38.09999990463257,1.1496639251000005,0.39970850941628555,0.04970860478371719,-0.7499554156837149,0.20000004768371582,21.09999990463257,5.450000047683716,21.69970846173257,6.049708604783717
density_20_nback_2_id_54,54,density_20_nback_2,20,2,43.5497589111,44.9995307922,1.4497718810999984,44.65000009536743,49.34999990463257,43.84999990463257,44.65000009536743,43.84999990463257,43.84999990463257,49.40000009536743,43.84999990463257,68.95000004768372,56.25,,54.59999990463257,1.4497718810999984,1.100241184267432,0.3002409935325687,-0.34953069683256643,-0.8000001907348633,25.100000143051147,12.400000095367432,25.400241136583716,12.7002410889
density_0_nback_0_id_55,55,density_0_nback_0,0,0,29.4500293732,31.0504245758,1.6003952026000015,30.65000009536743,34.5,30.549999952316284,30.65000009536743,30.549999952316284,30.65000009536743,36.450000047683716,30.65000009536743,48.90000009536743,,,38.84999990463257,1.6003952026000015,1.199970722167432,1.0999705791162846,-0.4004244804325694,0.0,18.25,,19.449970722167432,
density_0_nback_1_id_55,55,density_0_nback_1,0,1,34.1993598938,37.2493057251,3.0499458313000005,37.950000047683716,35.299999952316284,,35.299999952316284,35.299999952316284,37.950000047683716,36.200000047683716,36.200000047683716,67.34999990463257,,,47.450000047683716,3.0499458313000005,1.1006400585162837,1.1006400585162837,-1.9493057727837169,0.9000000953674316,31.149999856948853,,33.15064001083257,
density_0_nback_2_id_55,55,density_0_nback_2,0,2,31.7501049042,33.7500762939,1.9999713897000007,33.84999990463257,37.700000047683716,,33.84999990463257,33.84999990463257,34.5,37.950000047683716,34.5,47.5,79.29999995231628,,41.34999990463257,1.9999713897000007,2.099895000432568,2.099895000432568,0.09992361073256717,0.6500000953674316,13.0,44.799999952316284,15.7498950958,47.549895048116284
density_10_nback_0_id_55,55,density_10_nback_0,10,0,21.2001552582,23.5504226685,2.3502674103000025,21.950000047683716,21.40000009536743,21.25,21.40000009536743,21.25,21.25,21.299999952316284,21.25,30.40000009536743,33.799999952316284,,29.25,2.3502674103000025,0.19984483716743284,0.0498447418000012,-2.1504225731325697,-0.15000009536743164,9.150000095367432,12.549999952316284,9.199844837167433,12.599844694116285
density_10_nback_1_id_55,55,density_10_nback_1,10,1,26.0492458344,28.5999946594,2.5507488249999994,27.40000009536743,32.84999990463257,27.299999952316284,27.40000009536743,27.299999952316284,27.40000009536743,33.299999952316284,27.40000009536743,39.90000009536743,31.5,,36.34999990463257,2.5507488249999994,1.350754260967431,1.2507541179162835,-1.1999945640325684,0.0,12.5,4.099999904632568,13.850754260967431,5.450754165599999
density_10_nback_2_id_55,55,density_10_nback_2,10,2,27.0004673004,29.4509735107,2.4505062102999986,28.200000047683716,34.34999990463257,27.049999952316284,28.200000047683716,27.049999952316284,27.40000009536743,34.700000047683716,27.40000009536743,27.40000009536743,,,37.049999952316284,2.4505062102999986,1.1995327472837154,0.049532651916283754,-1.2509734630162832,-0.7999999523162842,0.0,,0.3995327949674312,
density_20_nback_0_id_55,55,density_20_nback_0,20,0,48.6492729187,49.6997947693,1.0505218505999991,50.799999952316284,49.0,49.799999952316284,49.0,49.0,49.799999952316284,49.15000009536743,49.15000009536743,68.54999995231628,,65.90000009536743,56.84999990463257,1.0505218505999991,0.3507270813000005,0.3507270813000005,-0.6997947692999986,0.15000009536743164,19.399999856948853,,19.900727033616285,
density_20_nback_1_id_55,55,density_20_nback_1,20,1,28.6501350403,30.5502929688,1.9001579285000005,29.049999952316284,33.34999990463257,28.700000047683716,29.049999952316284,28.700000047683716,29.25,33.450000047683716,29.25,64.25,37.049999952316284,,45.34999990463257,1.9001579285000005,0.3998649120162838,0.049865007383715465,-1.5002930164837167,0.20000004768371582,35.0,7.799999952316284,35.5998649597,8.399864912016284
density_20_nback_2_id_55,55,density_20_nback_2,20,2,43.6001968384,47.2503395081,3.6501426696999957,44.700000047683716,48.25,43.799999952316284,44.700000047683716,43.799999952316284,43.799999952316284,48.40000009536743,43.799999952316284,100.25,58.90000009536743,,81.5,3.6501426696999957,1.0998032092837136,0.19980311391628192,-2.550339460416282,-0.9000000953674316,56.450000047683716,15.100000143051147,56.6498031616,15.29980325696743
density_0_nback_0_id_56,56,density_0_nback_0,0,0,29.4505233765,30.1008453369,0.6503219603999995,30.700000047683716,32.700000047683716,30.5,30.700000047683716,30.5,30.75,32.799999952316284,30.75,48.75,,,37.200000047683716,0.6503219603999995,1.2494766711837144,1.0494766234999986,0.599154710783715,0.04999995231628418,18.0,,19.2994766235,
density_0_nback_1_id_56,56,density_0_nback_1,0,1,34.1994018555,35.6995353699,1.500133514399998,55.0,35.299999952316284,,35.299999952316284,35.299999952316284,40.5,37.299999952316284,37.299999952316284,58.049999952316284,,,45.450000047683716,1.500133514399998,1.1005980968162845,1.1005980968162845,-0.3995354175837136,2.0,20.75,,23.850598096816285,
density_0_nback_2_id_56,56,density_0_nback_2,0,2,31.7991924286,32.7494621277,0.9502696990999979,34.200000047683716,35.0,,34.200000047683716,34.200000047683716,34.34999990463257,35.049999952316284,34.34999990463257,52.75,71.90000009536743,,39.25,0.9502696990999979,2.4008076190837144,2.4008076190837144,1.4505379199837165,0.14999985694885254,18.40000009536743,37.55000019073486,20.9508075714,40.10080766676743
density_10_nback_0_id_56,56,density_10_nback_0,10,0,21.2003097534,22.1506843567,0.950374603300002,22.0,21.40000009536743,21.25,21.40000009536743,21.25,21.25,21.25,21.25,44.65000009536743,23.84999990463257,,28.950000047683716,0.950374603300002,0.19969034196743252,0.049690246600000876,-0.7506842613325695,-0.15000009536743164,23.40000009536743,2.5999999046325684,23.449690341967433,2.6496901512325692
density_10_nback_1_id_56,56,density_10_nback_1,10,1,26.0502700806,28.7499542236,2.699684142999999,27.34999990463257,31.25,27.25,27.34999990463257,27.25,27.40000009536743,31.34999990463257,27.40000009536743,49.299999952316284,51.84999990463257,,35.700000047683716,2.699684142999999,1.2997298240325676,1.1997299193999993,-1.3999543189674313,0.05000019073486328,21.899999856948853,24.449999809265137,23.249729871716283,25.799729824032568
density_10_nback_2_id_56,56,density_10_nback_2,10,2,26.9001274109,30.3999614716,3.4998340606999996,28.15000009536743,31.299999952316284,26.950000047683716,28.15000009536743,26.950000047683716,27.34999990463257,31.25,27.34999990463257,28.0,,,36.09999990463257,3.4998340606999996,1.2498726844674302,0.04987263678371434,-2.2499613762325694,-0.8000001907348633,0.6500000953674316,,1.0998725890999985,
density_20_nback_0_id_56,56,density_20_nback_0,20,0,48.5999526978,55.299987793,6.7000350952000005,50.549999952316284,49.0,49.700000047683716,49.0,49.0,49.700000047683716,49.09999990463257,49.09999990463257,74.70000004768372,,,57.34999990463257,6.7000350952000005,0.40004730220000084,0.40004730220000084,-6.299987793,0.09999990463256836,25.600000143051147,,26.100047349883717,
density_20_nback_1_id_56,56,density_20_nback_1,20,1,28.7001342773,29.6500415802,0.9499073029000016,29.049999952316284,32.950000047683716,28.75,29.049999952316284,28.75,29.299999952316284,34.450000047683716,29.299999952316284,72.79999995231628,31.049999952316284,,38.75,0.9499073029000016,0.34986567501628585,0.04986572270000167,-0.6000416278837157,0.25,43.5,1.75,44.09986567501629,2.349865675016286
density_20_nback_2_id_56,56,density_20_nback_2,20,2,43.6003570557,45.500164032,1.899806976299999,44.59999990463257,50.700000047683716,43.84999990463257,44.59999990463257,43.84999990463257,43.84999990463257,51.799999952316284,43.84999990463257,77.40000009536743,57.75,,53.75,1.899806976299999,0.9996428489325666,0.2496428489325666,-0.9001641273674323,-0.75,33.55000019073486,13.900000095367432,33.79964303966743,14.149642944299998
density_0_nback_0_id_57,57,density_0_nback_0,0,0,29.4502639771,30.8500270844,1.3997631073,30.65000009536743,31.75,30.549999952316284,30.65000009536743,30.549999952316284,30.65000009536743,31.799999952316284,30.65000009536743,47.700000047683716,,,37.15000009536743,1.3997631073,1.199736118267431,1.0997359752162836,-0.200026989032569,0.0,17.049999952316284,,18.249736070583715,
density_0_nback_1_id_57,57,density_0_nback_1,0,1,34.2000465393,36.9502029419,2.7501564026000054,84.54999995231628,35.34999990463257,,35.34999990463257,35.34999990463257,46.700000047683716,36.200000047683716,36.200000047683716,36.200000047683716,,,47.0,2.7501564026000054,1.1499533653325713,1.1499533653325713,-1.600203037267434,0.8500001430511475,0.0,,1.9999535083837188,
density_0_nback_2_id_57,57,density_0_nback_2,0,2,31.8001346588,33.3501014709,1.5499668120999992,68.04999995231628,34.34999990463257,,34.34999990463257,34.34999990463257,47.450000047683716,34.40000009536743,34.40000009536743,51.15000009536743,,,39.25,1.5499668120999992,2.5498652458325672,2.5498652458325672,0.999898433732568,0.05000019073486328,16.75,,19.34986543656743,
density_10_nback_0_id_57,57,density_10_nback_0,10,0,21.1500587463,22.8501396179,1.7000808715999973,21.25,21.34999990463257,21.200000047683716,21.25,21.200000047683716,21.200000047683716,21.200000047683716,21.200000047683716,21.200000047683716,,,29.09999990463257,1.7000808715999973,0.09994125369999907,0.04994130138371489,-1.6001396178999983,-0.04999995231628418,0.0,,0.04994130138371489,
density_10_nback_1_id_57,57,density_10_nback_1,10,1,26.1000747681,27.4999847412,1.399909973099998,27.40000009536743,29.450000047683716,27.25,27.40000009536743,27.25,27.40000009536743,29.59999990463257,27.40000009536743,53.40000009536743,64.0,53.450000047683716,38.59999990463257,1.399909973099998,1.299925327267431,1.1499252318999993,-0.09998464583256705,0.0,26.0,36.59999990463257,27.29992532726743,37.8999252319
density_10_nback_2_id_57,57,density_10_nback_2,10,2,26.9002361298,28.3501796722,1.4499435423999998,28.15000009536743,32.299999952316284,26.950000047683716,28.15000009536743,26.950000047683716,27.34999990463257,34.15000009536743,27.34999990463257,52.200000047683716,,,37.40000009536743,1.4499435423999998,1.249763965567432,0.04976391788371615,-0.20017957683256782,-0.8000001907348633,24.850000143051147,,25.299763917883716,
density_20_nback_0_id_57,57,density_20_nback_0,20,0,48.6503257751,50.3500442505,1.6997184753999974,50.549999952316284,49.049999952316284,49.65000009536743,49.049999952316284,49.049999952316284,49.65000009536743,49.15000009536743,49.15000009536743,73.40000009536743,,,60.049999952316284,1.6997184753999974,0.3996741772162835,0.3996741772162835,-1.300044298183714,0.10000014305114746,24.25,,24.74967432026743,
density_20_nback_1_id_57,57,density_20_nback_1,20,1,28.699716568,30.1997318268,1.5000152588000013,29.0,34.049999952316284,28.700000047683716,29.0,28.700000047683716,29.15000009536743,40.65000009536743,29.15000009536743,30.0,51.25,,44.09999990463257,1.5000152588000013,0.3002834320000005,0.0002834796837163367,-1.1997318268000008,0.15000009536743164,0.8499999046325684,22.09999990463257,1.3002834320000005,22.550283432
density_20_nback_2_id_57,57,density_20_nback_2,20,2,43.6001586914,45.3501014709,1.749942779500003,44.700000047683716,46.049999952316284,43.799999952316284,44.700000047683716,43.799999952316284,43.799999952316284,46.09999990463257,43.799999952316284,60.549999952316284,66.84999990463257,,51.34999990463257,1.749942779500003,1.0998413562837186,0.19984126091628696,-0.6501014232162845,-0.9000000953674316,16.75,23.049999952316284,16.949841260916287,23.24984121323257
