trial_id,participant_id,scenario_id,density,nback,initial_peak_brake_force_N,brake_rise_rate_N_per_s,time_to_peak_brake_s,initial_peak_steering_rad,initial_peak_steering_deg,initial_steering_rate_rad_per_s,simultaneous_brake_and_steer_flag,speed_at_T_first_m_per_s,speed_at_T_effective_m_per_s,min_speed_post_tor_m_per_s,speed_drop_m_per_s
density_0_nback_0_id_1,1,density_0_nback_0,0,0,236.288803101,152.61298773077058,1.4499998092651367,0.10057794224277763,5.762691602621716,0.695831000805,False,27.7673416138,27.7523441315,20.7325935364,7.0347480774
density_0_nback_1_id_1,1,density_0_nback_1,0,1,232.626571655,117.63599074250935,1.8499999046325684,0.13811324987761578,7.913306312823118,0.218612909317,False,18.6919975281,18.2620410919,8.46343612671,10.22856140139
density_0_nback_2_id_1,1,density_0_nback_2,0,2,353.889282227,271.1114257816,1.25,0.22267835388252005,12.758529866388988,0.477295964956,False,24.4736347198,24.4039077759,9.18299293518,15.29064178462
density_10_nback_0_id_1,1,density_10_nback_0,10,0,16.5137748718,3.027549743599998,0.5,0.0588320143961342,3.37082612515139,0.45935317874,True,26.8585968018,26.8585968018,4.19609975815,22.66249704365
density_10_nback_1_id_1,1,density_10_nback_1,10,1,352.326721191,168.6633605955,2.0,0.3882993767097183,22.247915473027312,2.13317084312,False,27.7647781372,27.7534198761,11.1034374237,16.6613407135
density_10_nback_2_id_1,1,density_10_nback_2,10,2,69.000831604,27.000415802,2.0,0.35587331750692497,20.390039134465912,1.52456796169,False,24.9501895905,24.825799942,15.6762266159,9.2739629746
density_20_nback_0_id_1,1,density_20_nback_0,20,0,391.076385498,683.7753056417224,0.5499999523162842,0.10733891758875,6.150066955337934,0.234823256731,True,25.0688056946,24.4655151367,2.92667603493,22.14212965967
density_20_nback_1_id_1,1,density_20_nback_1,20,1,382.790313721,222.90323976216015,1.6499998569488525,0.11589924177178498,6.640537402289613,0.33806926012,False,24.9995555878,24.9995555878,-0.0550799034536,25.0546354912536
density_20_nback_2_id_1,1,density_20_nback_2,20,2,400.0,248.38710441549685,1.5499999523162842,0.3608078645743283,20.67276785523678,0.68077069521,False,22.0215587616,22.0215587616,-0.0664442852139,22.088003046813903
density_0_nback_0_id_2,2,density_0_nback_0,0,0,59.816280365,25.609303065714283,1.75,0.09741509372498554,5.581473731313021,0.236559092999,False,27.7605686188,27.7155075073,21.6604366302,6.100131988600001
density_0_nback_1_id_2,2,density_0_nback_1,0,1,32.3001098633,31.454747933053206,0.5499999523162842,0.1429359746213737,8.189628086393759,0.373784929514,False,18.6913833618,18.3834037781,9.55391120911,9.13747215269
density_0_nback_2_id_2,2,density_0_nback_2,0,2,19.3869056702,7.976192819153659,0.5499999523162842,0.12751753336203187,7.306216475563097,0.362277984619,False,23.6839256287,23.1468830109,22.6311206818,1.0528049469000003
density_10_nback_0_id_2,2,density_10_nback_0,10,0,24.950881958,6.633921305333334,1.5,0.051625095479385125,2.957900087928673,0.0154474126175,True,26.8254241943,26.8254241943,17.2026805878,9.622743606499998
density_10_nback_1_id_2,2,density_10_nback_1,10,1,155.967025757,117.47251679622823,1.2000000476837158,0.15819840782676903,9.064101094163235,0.430383741856,False,27.7541694641,27.7326488495,18.2884273529,9.465742111199997
density_10_nback_2_id_2,2,density_10_nback_2,10,2,63.2343521118,24.1171760559,2.0,0.1812628467424776,10.385596100870629,0.521789848804,False,24.8508834839,24.7042179108,15.7526054382,9.098278045699999
density_20_nback_0_id_2,2,density_20_nback_0,20,0,105.482803345,46.40143647815748,1.9500000476837158,0.07032486460613235,4.029317936760326,0.0413728915155,False,25.1838302612,25.1794681549,15.3203964233,9.8634338379
density_20_nback_1_id_2,2,density_20_nback_1,20,1,325.240631104,413.6541748053333,0.75,0.10401391652210441,5.959558427342645,0.502869784832,False,25.0167713165,25.0167713165,16.8086833954,8.208087921100002
density_20_nback_2_id_2,2,density_20_nback_2,20,2,45.7247238159,17.069289200106365,1.8000001907348633,0.1782032024696041,10.210291397223605,0.4351169765,False,22.274143219,22.274143219,19.3693141937,2.9048290252999998
density_0_nback_0_id_3,3,density_0_nback_0,0,0,16.8775901794,37.55183940022474,0.04999995231628418,0.09117378657190527,5.22387317279671,0.522769212723,False,27.7578659058,27.7262802124,24.5876693726,3.1701965331999986
density_0_nback_1_id_3,3,density_0_nback_1,0,1,,,,0.08926847479055525,5.114706849068801,0.0632578358054,False,18.6936798096,18.2601966858,13.8333997726,4.860280036999999
density_0_nback_2_id_3,3,density_0_nback_2,0,2,24.009021759,90.09030350680861,0.09999990463256836,0.09995787670953458,5.7271644645453605,0.309623897076,False,25.2808227539,24.6741752625,20.1492271423,5.131595611600002
density_10_nback_0_id_3,3,density_10_nback_0,10,0,26.9884395599,6.66024349419965,1.8000001907348633,0.05295476975458605,3.034084812024803,0.0218884702772,True,26.9870262146,26.9870262146,20.9128780365,6.0741481781
density_10_nback_1_id_3,3,density_10_nback_1,10,1,263.936859131,177.81203012394528,1.4000000953674316,0.10905727176947902,6.248521397602367,0.264768004417,False,27.7557487488,27.721540451,18.945400238,8.810348510799997
density_10_nback_2_id_3,3,density_10_nback_2,10,2,226.522872925,183.93291772503483,1.1500000953674316,0.05963392139068868,3.4167720115013824,0.532045602798,False,24.8755302429,24.7086353302,10.0058612823,14.869668960599999
density_20_nback_0_id_3,3,density_20_nback_0,20,0,139.321731567,103.6014388557487,1.2000000476837158,0.08665525967160659,4.964980651793265,0.0844332873821,False,25.1831760406,25.1788539886,0.474253058434,24.708922982165998
density_20_nback_1_id_3,3,density_20_nback_1,20,1,113.070960999,217.93556125979885,0.4499998092651367,0.1129764945807129,6.473076323657467,0.472806125879,False,25.0364112854,25.0364112854,12.6532678604,12.383143425
density_20_nback_2_id_3,3,density_20_nback_2,20,2,37.7710037231,12.650557959069785,1.7999999523162842,0.22111386341298056,12.668891165395934,0.712718307972,False,22.2476444244,22.2476444244,18.5439319611,3.7037124633000005
density_0_nback_0_id_4,4,density_0_nback_0,0,0,31.7688827515,111.79265829045364,0.14999985694885254,0.09740955137532106,5.58115617806866,0.348061293364,False,27.7631015778,27.7296905518,23.1947937012,4.568307876600002
density_0_nback_1_id_4,4,density_0_nback_1,0,1,,,,0.08030094245556318,4.600905093626659,0.0166455022991,False,18.6969223022,18.2831821442,13.6240158081,5.0729064941000015
density_0_nback_2_id_4,4,density_0_nback_2,0,2,23.9846496582,89.84636805573953,0.10000014305114746,0.12583899236717155,7.210043160817911,0.63028126955,False,23.9842300415,23.9694900513,18.744430542,5.239799499499998
density_10_nback_0_id_4,4,density_10_nback_0,10,0,29.75481987,7.377409934999999,2.0,0.05170202668216118,2.962307921160606,0.015269447118,True,26.8489112854,26.8489112854,20.4581508636,6.3907604218
density_10_nback_1_id_4,4,density_10_nback_1,10,1,271.341369629,189.8825094352646,1.3499999046325684,0.42209732756349244,24.18439541313915,1.81353116035,False,27.7668819427,27.7402591705,17.7583637238,10.0085182189
density_10_nback_2_id_4,4,density_10_nback_2,10,2,64.7191009521,24.859550476050003,2.0,0.09210837583378816,5.277421193080846,0.403476238251,False,24.891620636,24.7030181885,17.6457672119,7.245853424099998
density_20_nback_0_id_4,4,density_20_nback_0,20,0,25.2325839996,102.32593758161856,0.09999990463256836,0.10290717049253552,5.8961465508554864,0.688963472843,False,25.1714191437,25.1671867371,20.4505653381,4.720853805600001
density_20_nback_1_id_4,4,density_20_nback_1,20,1,325.437072754,413.9160970053333,0.75,0.0913475453272069,5.23382881612894,0.150822103024,False,25.028175354,25.028175354,13.0768756866,11.951299667399999
density_20_nback_2_id_4,4,density_20_nback_2,20,2,43.6294822693,16.359704153885712,1.75,0.13985916071688767,8.013339635319541,0.692624151707,False,22.2531299591,22.2184524536,18.9257926941,3.3273372650000006
density_0_nback_0_id_5,5,density_0_nback_0,0,0,45.8815994263,154.40814438658154,0.19999980926513672,0.21731915913110395,12.451470625544182,0.565581262112,False,27.7673397064,27.7541656494,24.2303314209,3.5370082855000007
density_0_nback_1_id_5,5,density_0_nback_1,0,1,38.1691474915,35.644837064836054,0.6500000953674316,0.08872963546924473,5.083833630122014,0.0815158635378,False,18.6961116791,18.3016262054,17.3164577484,1.3796539306999982
density_0_nback_2_id_5,5,density_0_nback_2,0,2,121.889556885,133.61195407014307,0.7999999523162842,0.3178270960845919,18.21015122054601,0.942253470421,False,23.5774497986,23.404050827,12.0750608444,11.5023889542
density_10_nback_0_id_5,5,density_10_nback_0,10,0,28.1638240814,6.581912040700001,2.0,0.05272844802637026,3.021117532185931,0.0212345365435,True,26.9664363861,26.9664363861,17.5551071167,9.4113292694
density_10_nback_1_id_5,5,density_10_nback_1,10,1,280.941375732,196.99362556946377,1.3499999046325684,0.24256853734086087,13.89815343229284,0.801983356476,False,27.761762619,27.7497596741,13.4147672653,14.346995353699999
density_10_nback_2_id_5,5,density_10_nback_2,10,2,90.5481414795,37.77407073975,2.0,0.3206504125538908,18.37191533846661,0.853482365608,False,24.8598594666,24.6897983551,12.5932588577,12.2666006089
density_20_nback_0_id_5,5,density_20_nback_0,20,0,148.550521851,106.84041748080001,1.25,0.06722983606405027,3.8519858638264943,0.0333788134158,False,25.1824150085,25.1777591705,0.698612451553,24.483802556947
density_20_nback_1_id_5,5,density_20_nback_1,20,1,322.637695312,439.4823919369236,0.7000000476837158,0.05940419819346793,3.4036098418443816,0.32127314806,False,25.0262355804,25.0262355804,2.38160061836,22.64463496204
density_20_nback_2_id_5,5,density_20_nback_2,20,2,51.5023956299,20.279109220490714,1.7999999523162842,0.8150688555719227,46.70000543682922,1.40200543404,False,22.2742328644,22.2487621307,0.778085768223,21.496147096176998
density_0_nback_0_id_6,6,density_0_nback_0,0,0,46.8386688232,159.19349593474843,0.19999980926513672,0.12358388343922236,7.08083493690415,0.495514422655,False,27.7614650726,27.7511482239,23.0043506622,4.7571144104
density_0_nback_1_id_6,6,density_0_nback_1,0,1,328.983062744,418.64408365866666,0.75,0.08031967929315002,4.6019786353418075,0.0163439530879,False,18.6888065338,18.2775421143,0.500726938248,18.188079595552
density_0_nback_2_id_6,6,density_0_nback_2,0,2,35.8512649536,32.07887621926162,0.6499998569488525,0.1874403062315559,10.739538457707857,0.787423491478,False,24.0208282471,24.046005249,22.6903553009,1.3304729462000005
density_10_nback_0_id_6,6,density_10_nback_0,10,0,26.5300655365,9.608387565280315,1.2000000476837158,0.051757466709727896,2.9654844007562677,0.0262070409954,False,26.7343349457,26.7343349457,18.6527843475,8.0815505982
density_10_nback_1_id_6,6,density_10_nback_1,10,1,102.408416748,72.84034439558476,1.2000000476837158,0.06591994011171884,3.776934354156634,0.367644131184,False,27.7598438263,27.7189998627,7.70759296417,20.05225086213
density_10_nback_2_id_6,6,density_10_nback_2,10,2,19.8875427246,13.96441158957162,0.34999990463256836,0.08747138867283814,5.0117413991020605,0.826365768909,False,24.8613739014,24.6901741028,8.82052898407,16.04084491733
density_20_nback_0_id_6,6,density_20_nback_0,20,0,391.552490234,188.276245117,2.0,0.15964860405379472,9.147191217437603,0.46354046464,False,25.1608123779,25.1520080566,7.56881427765,17.591998100250002
density_20_nback_1_id_6,6,density_20_nback_1,20,1,269.17868042,338.90490722666664,0.75,0.09653892356748633,5.531272879153004,0.607114851475,False,25.0297031403,25.0297031403,16.4483661652,8.581336975100001
density_20_nback_2_id_6,6,density_20_nback_2,20,2,258.087799072,540.1953380135199,0.4499998092651367,0.06367238355587136,3.648158849289614,0.548168480396,False,27.7744312286,27.7308197021,3.3869497776,24.387481451
density_0_nback_0_id_7,7,density_0_nback_0,0,0,31.6274929047,83.13754380964025,0.19999980926513672,0.09290405764786185,5.3230104028625815,0.316115289927,False,27.7670955658,27.740940094,22.9977684021,4.769327163699998
density_0_nback_1_id_7,7,density_0_nback_1,0,1,15.4257488251,,0.0,0.07956754788764474,4.558884680167112,0.0164050124586,False,18.6848220825,18.2956752777,17.1673431396,1.5174789428999986
density_0_nback_2_id_7,7,density_0_nback_2,0,2,23.0701999664,17.93377580277985,0.4500000476837158,0.12296249077732066,7.045231759956783,0.463830053806,False,23.7065639496,21.7285232544,20.1968784332,3.509685516400001
density_10_nback_0_id_7,7,density_10_nback_0,10,0,23.156961441,6.797467597392906,1.2000000476837158,0.05451865928051106,3.123689081485021,0.0409058220685,True,26.8434276581,26.8434276581,18.9903945923,7.853033065800002
density_10_nback_1_id_7,7,density_10_nback_1,10,1,252.543777466,175.9583350333024,1.3500001430511475,0.10139310746124837,5.809397129245949,0.300822675228,False,27.7584171295,27.7374954224,20.3709316254,7.387485504099999
density_10_nback_2_id_7,7,density_10_nback_2,10,2,42.3975067139,14.050004817295255,1.9499998092651367,0.11822437220449607,6.773757562901385,0.29015854001,False,24.8422107697,24.6890068054,10.7366600037,14.105550765999999
density_20_nback_0_id_7,7,density_20_nback_0,20,0,105.482803345,78.68069203602128,1.1500000953674316,0.07665648159427106,4.392092867674008,0.141559496522,False,25.1822681427,25.1791706085,18.8930473328,6.2892208099000015
density_20_nback_1_id_7,7,density_20_nback_1,20,1,273.905456543,345.20727539066667,0.75,0.07593266620729848,4.350621300853851,0.213468492031,False,25.0382385254,25.0382385254,16.8882579803,8.1499805451
density_20_nback_2_id_7,7,density_20_nback_2,20,2,37.3244972229,12.402498785720683,1.7999999523162842,0.20744731325171287,11.885855520651461,0.396154642105,False,22.2624206543,22.2365608215,19.3575820923,2.904838562000002
density_0_nback_0_id_8,8,density_0_nback_0,0,0,44.2671432495,146.33585580424725,0.19999980926513672,0.23235766226906968,13.313113385543863,1.14315140247,False,27.7650718689,27.7555732727,24.9981136322,2.7669582367000025
density_0_nback_1_id_8,8,density_0_nback_1,0,1,15.4379138947,,0.0,0.1517885262633158,8.696841933398646,0.61269056797,False,18.6203708649,18.6203708649,17.9724998474,0.6478710174999982
density_0_nback_2_id_8,8,density_0_nback_2,0,2,24.1342391968,91.34247907897628,0.09999990463256836,0.28091782163549045,16.09540556972245,1.09823083878,False,23.6219215393,23.5781211853,22.4457607269,1.1761608123999991
density_10_nback_0_id_8,8,density_10_nback_0,10,0,22.3091869354,5.414211971030196,1.3500001430511475,0.0516522750626125,2.959457363336526,0.0943594947457,True,26.834859848,26.834859848,17.8791103363,8.955749511700002
density_10_nback_1_id_8,8,density_10_nback_1,10,1,177.623321533,135.51942922577504,1.2000000476837158,0.4266511826085939,24.445312087737822,1.29697084427,False,27.7569293976,27.7284145355,21.4565563202,6.3003730774
density_10_nback_2_id_8,8,density_10_nback_2,10,2,21.4348526001,12.869705200200002,0.5,0.49576473608655264,28.405227009176567,1.26628065109,False,24.9087467194,24.7833442688,14.7087907791,10.1999559403
density_20_nback_0_id_8,8,density_20_nback_0,20,0,376.930755615,380.9797236299696,0.9500000476837158,0.066690376432815,3.82107710373903,0.0662817284465,False,25.1892414093,25.1845684052,16.108833313,9.080408096299998
density_20_nback_1_id_8,8,density_20_nback_1,20,1,324.091064453,412.12141927066665,0.75,0.22434478972395192,12.854009606932365,0.6358679533,False,25.0365257263,25.0365257263,13.7461290359,11.2903966904
density_20_nback_2_id_8,8,density_20_nback_2,20,2,60.2922744751,301.9487844614673,0.14999985694885254,0.36039935159010433,20.64936178536445,1.6923135519,True,22.1887550354,22.1682052612,18.7551002502,3.433654785199998
density_0_nback_0_id_9,9,density_0_nback_0,0,0,46.900188446,159.50109434209713,0.19999980926513672,0.23378924427433156,13.395136992472246,0.657426893711,False,27.7616863251,27.720659256,22.3335609436,5.428125381500003
density_0_nback_1_id_9,9,density_0_nback_1,0,1,15.4717493057,,0.0,0.1569401421584495,8.992007781862318,0.166933164001,False,18.6705570221,18.2659626007,14.3284282684,4.342128753699999
density_0_nback_2_id_9,9,density_0_nback_2,0,2,23.6000976562,86.00105857900074,0.09999990463256836,0.18575660390319032,10.64306942033616,0.613135695457,False,23.8741893768,23.8566551208,22.977399826,0.8967895508000012
density_10_nback_0_id_9,9,density_10_nback_0,10,0,22.8905849457,5.636131720140423,1.4000000953674316,0.05199974841487763,2.9793661199145807,0.0161367729306,True,26.9123783112,26.9123783112,6.86444330215,20.04793500905
density_10_nback_1_id_9,9,density_10_nback_1,10,1,77.2836990356,31.141849517799997,2.0,0.28858925969082283,16.534946593089042,0.711730897427,False,27.7552452087,27.7410583496,5.61581945419,22.13942575451
density_10_nback_2_id_9,9,density_10_nback_2,10,2,21.9164390564,12.575339377898844,0.5500001907348633,0.24262462350457237,13.901366932762588,0.73950356245,False,24.854019165,24.705329895,13.9313840866,10.9226350784
density_20_nback_0_id_9,9,density_20_nback_0,20,0,225.912506104,421.825012208,0.5,0.06585178355146369,3.7730292709078848,0.0403282418847,False,25.1834793091,25.1789798737,14.4908227921,10.692656517000001
density_20_nback_1_id_9,9,density_20_nback_1,20,1,292.410614014,426.78549740394345,0.6500000953674316,0.15269716590146348,8.748903149762803,0.394569069147,False,21.181438446,20.7544631958,3.7203836441,17.4610548019
density_20_nback_2_id_9,9,density_20_nback_2,20,2,97.388961792,549.2602690954117,0.14999985694885254,0.09273343734090429,5.313234579374687,0.338916748762,False,26.4799194336,26.4799194336,-0.00772329978645,26.487642733386448
density_0_nback_0_id_10,10,density_0_nback_0,0,0,31.1331043243,107.5541314002794,0.14999985694885254,0.09572520548226449,5.484650267156325,0.490878045559,False,27.7677764893,27.7370891571,23.774679184,3.993097305300001
density_0_nback_1_id_10,10,density_0_nback_1,0,1,136.858642578,609.2930676232126,0.20000004768371582,0.13385158894878946,7.669131127885567,0.305323898792,False,18.6767807007,18.2915000916,17.7243461609,0.9524345397999987
density_0_nback_2_id_10,10,density_0_nback_2,0,2,304.301574707,152.2639790452502,1.9000000953674316,0.10594283198468084,6.070077142385799,0.228945851326,False,23.909576416,22.9316539764,13.6669559479,10.2426204681
density_10_nback_0_id_10,10,density_10_nback_0,10,0,21.721031189,5.600859101608523,1.2000000476837158,0.05506018046779553,3.1547159600333345,0.0654173344374,True,26.9778289795,26.9778289795,13.7470979691,13.2307310104
density_10_nback_1_id_10,10,density_10_nback_1,10,1,143.423416138,91.7310209001627,1.3999998569488525,0.1567551851759051,8.981410527371049,0.507313787937,False,27.7657699585,27.723236084,18.073677063,9.6920928955
density_10_nback_2_id_10,10,density_10_nback_2,10,2,259.482849121,148.17143655581458,1.6499998569488525,0.09055614324385,5.1884848168547295,0.226675465703,False,24.8929805756,24.7090072632,14.0763292313,10.816651344299999
density_20_nback_0_id_10,10,density_20_nback_0,20,0,63.5761604309,161.9204318234286,0.3000001907348633,0.06451867018385132,3.696647501331224,0.0752903297544,False,25.1843223572,25.179063797,19.9138889313,5.2704334258999985
density_20_nback_1_id_10,10,density_20_nback_1,20,1,277.611297607,437.6853916593375,0.6000001430511475,0.31086455315062594,17.811226895751126,0.409955739975,False,21.2112998962,20.7775478363,5.13526582718,16.07603406902
density_20_nback_2_id_10,10,density_20_nback_2,20,2,51.5925140381,38.518433896208364,0.9500000476837158,0.993348330838626,56.91466694341827,1.54187953472,False,26.5357398987,26.4977817535,6.68875217438,19.84698772432
density_0_nback_0_id_11,11,density_0_nback_0,0,0,66.9942321777,37.13874106459966,1.3999998569488525,0.26926562582219343,15.42778392756052,1.06400954723,False,27.7639522552,27.7181243896,22.0199146271,5.744037628099999
density_0_nback_1_id_11,11,density_0_nback_1,0,1,15.7220392227,,0.0,0.09555526979659998,5.474913669579087,0.110726453364,False,18.6748180389,18.3085269928,17.7382049561,0.936613082800001
density_0_nback_2_id_11,11,density_0_nback_2,0,2,27.0069141388,30.017278190323182,0.40000009536743164,0.22722517909311032,13.019043761139493,0.849342048168,False,23.6299552917,23.2126846313,19.7991161346,3.8308391571000016
density_10_nback_0_id_11,11,density_10_nback_0,10,0,24.7605075836,5.741474888132436,1.7000000476837158,0.05243905740299026,3.0045366708355976,0.0402875840664,True,26.9061508179,26.9061508179,17.1556358337,9.750514984199999
density_10_nback_1_id_11,11,density_10_nback_1,10,1,53.0796203613,42.31069601543735,0.8999998569488525,0.27491929702374357,15.751715426164001,1.09262084961,False,27.7677745819,27.7285366058,19.4856529236,8.2821216583
density_10_nback_2_id_11,11,density_10_nback_2,10,2,43.409526825,14.2047634125,2.0,0.27786025238286316,15.920219755977934,0.970169663429,False,24.8928947449,24.7080841064,15.9620246887,8.930870056200002
density_20_nback_0_id_11,11,density_20_nback_0,20,0,51.9547119141,56.85339460328889,0.6500000953674316,0.07484757838966555,4.288450348502423,0.352658689022,False,25.163936615,25.1632843018,21.3681507111,3.7957859039000006
density_20_nback_1_id_11,11,density_20_nback_1,20,1,326.374298096,415.1657307946667,0.75,0.1562648565116459,8.95331676433471,0.961948931217,False,25.0264377594,25.0264377594,16.0354766846,8.990961074800001
density_20_nback_2_id_11,11,density_20_nback_2,20,2,37.4532203674,149.68804061357346,0.15000009536743164,0.22281864143175273,12.766567750878254,0.7729819417,False,22.289604187,22.2637233734,17.827501297,4.462102889999997
density_0_nback_0_id_12,12,density_0_nback_0,0,0,18.3517913818,67.03589156640803,0.04999995231628418,0.28490353493332765,16.32377012003769,0.811008751392,False,27.7570610046,27.7101459503,22.2771987915,5.479862213100002
density_0_nback_1_id_12,12,density_0_nback_1,0,1,15.4852542877,,0.0,0.05982756202949209,3.427866802847035,0.0798065811396,False,18.6879882812,18.1627311707,17.9731445312,0.71484375
density_0_nback_2_id_12,12,density_0_nback_2,0,2,24.3174819946,93.1746866585416,0.10000014305114746,0.15196442512776923,8.706920195952973,0.388591855764,False,23.6783943176,23.6669445038,23.6564807892,0.02191352839999894
density_10_nback_0_id_12,12,density_10_nback_0,10,0,16.1399154663,11.399138356401778,0.10000014305114746,0.0694458413697987,3.9789536152244773,0.451731860638,True,26.99858284,26.99858284,15.983464241,11.015118599000001
density_10_nback_1_id_12,12,density_10_nback_1,10,1,31.6119823456,110.74665458690679,0.14999985694885254,0.07503253980142341,4.299047856768929,0.297997862101,False,27.7673130035,27.7465648651,14.1889514923,13.5783615112
density_10_nback_2_id_12,12,density_10_nback_2,10,2,31.1044654846,11.929232428229342,1.3500001430511475,0.05062632772479868,2.9006749108771115,0.248828828335,False,24.8808040619,24.7157554626,18.1896762848,6.6911277771
density_20_nback_0_id_12,12,density_20_nback_0,20,0,30.7626571655,35.028123322730934,0.4500000476837158,0.13430227819629215,7.694953719639399,0.909305095673,False,25.1856403351,25.1824245453,19.6646614075,5.520978927600002
density_20_nback_1_id_12,12,density_20_nback_1,20,1,282.130218506,381.6145718702846,0.7000000476837158,0.19302336764229952,11.059424313305822,0.819669365883,False,25.012714386,25.012714386,17.1294155121,7.883298873899999
density_20_nback_2_id_12,12,density_20_nback_2,20,2,34.6428794861,196.42898219027532,0.09999990463256836,0.20889030478391654,11.968532845319848,0.697130143642,False,22.2650241852,22.2325115204,21.3297863007,0.9352378845000011
density_0_nback_0_id_13,13,density_0_nback_0,0,0,45.6496925354,153.24860882626226,0.19999980926513672,0.11106466364655265,6.3635364799875305,0.398977816105,False,27.7654953003,27.7233448029,24.9987850189,2.766710281399998
density_0_nback_1_id_13,13,density_0_nback_1,0,1,15.5230836868,,0.0,0.12555468925524998,7.19375379240237,0.16854724288,False,18.6906394958,18.3020648956,17.3020820618,1.388557433999999
density_0_nback_2_id_13,13,density_0_nback_2,0,2,17.8025131226,9.341711893491786,0.2999999523162842,0.1383088155790977,7.924511402135547,0.348451822996,False,23.4993267059,22.5873527527,21.9596099854,1.5397167204999995
density_10_nback_0_id_13,13,density_10_nback_0,10,0,25.9514389038,9.126198723857444,1.2000000476837158,0.05220948587367499,2.9913831911094686,0.019260045141,False,26.8616924286,26.8616924286,19.3838424683,7.477849960300002
density_10_nback_1_id_13,13,density_10_nback_1,10,1,263.9269104,191.48221067512824,1.3000001907348633,0.22722622659530703,13.019103778594394,0.638879358768,False,27.7545871735,27.7191619873,18.8512935638,8.9032936097
density_10_nback_2_id_13,13,density_10_nback_2,10,2,56.6741676331,21.371370107366847,1.9499998092651367,0.2625219142555092,15.041397716535958,0.665264904499,False,24.8678703308,24.6974582672,17.1761569977,7.691713333099997
density_20_nback_0_id_13,13,density_20_nback_0,20,0,61.1828460693,23.09142303465,2.0,0.0659934195052737,3.781144413288508,0.0336295515299,False,25.1827125549,25.1778507233,19.1594867706,6.023225784299999
density_20_nback_1_id_13,13,density_20_nback_1,20,1,327.545257568,416.7270100906667,0.75,0.16647250635283511,9.538172018982237,0.494062513113,False,25.0203819275,25.0203819275,16.7819347382,8.2384471893
density_20_nback_2_id_13,13,density_20_nback_2,20,2,50.2481422424,19.582301764531618,1.7999999523162842,0.31628632180069455,18.1218713568964,1.48368263245,False,22.2690830231,22.2412624359,17.0164260864,5.252656936699999
density_0_nback_0_id_14,14,density_0_nback_0,0,0,15.5625715256,,0.0,0.13095381306963685,7.503100800035312,0.594210922718,False,27.7317733765,27.7123622894,13.784444809,13.947328567500001
density_0_nback_1_id_14,14,density_0_nback_1,0,1,32.9532814026,359.0659704839939,0.04999995231628418,0.07838087391700264,4.490893269991289,0.15826946497,False,18.6661529541,18.2556686401,15.0094261169,3.656726837199999
density_0_nback_2_id_14,14,density_0_nback_2,0,2,23.3233947754,83.23382868705299,0.10000014305114746,0.1996653892416522,11.439984118383464,0.531020283699,False,24.0011959076,23.9887752533,21.588602066,2.4125938415999997
density_10_nback_0_id_14,14,density_10_nback_0,10,0,58.5683403015,48.4092618720367,0.9000000953674316,0.17298993541813418,9.911593197699766,1.20241820812,False,27.4825801849,27.4825801849,19.6019706726,7.880609512300001
density_10_nback_1_id_14,14,density_10_nback_1,10,1,162.150970459,109.00070730838796,1.3500001430511475,0.20277944678515764,11.618406472787202,0.592883646488,False,27.759147644,27.7382774353,19.8741893768,7.884958267199998
density_10_nback_2_id_14,14,density_10_nback_2,10,2,264.365814209,277.0731709384834,0.8999998569488525,0.3621175473453263,20.747807150515964,1.26208055019,False,24.8679351807,24.6969165802,12.9987068176,11.869228363100001
density_20_nback_0_id_14,14,density_20_nback_0,20,0,120.351417542,131.68924053033837,0.8000001907348633,0.27538302393728686,15.778285021156659,0.692188322544,False,24.6061191559,24.3404026031,17.5172348022,7.088884353699999
density_20_nback_1_id_14,14,density_20_nback_1,20,1,105.149841309,225.37468387276783,0.39999985694885254,0.1589417131378561,9.106689351378183,0.770706355572,False,25.0327548981,25.0327548981,15.1792507172,9.853504180899998
density_20_nback_2_id_14,14,density_20_nback_2,20,2,37.0782356262,147.1881439282983,0.15000009536743164,0.24894008421941066,14.263216177403498,0.610973417759,False,22.2965164185,22.2747554779,18.8040275574,3.4924888611
density_0_nback_0_id_15,15,density_0_nback_0,0,0,214.925842285,111.06991532290348,1.7999999523162842,0.10507805233760263,6.020528918399405,0.331228941679,False,27.7647438049,27.7202377319,12.9066877365,14.8580560684
density_0_nback_1_id_15,15,density_0_nback_1,0,1,58.7908554077,48.6565008527272,0.9000000953674316,0.07878430501412105,4.514008169180506,0.0172650273889,False,18.6983509064,18.2867279053,14.5500545502,4.148296356200001
density_0_nback_2_id_15,15,density_0_nback_2,0,2,100.355690002,155.1921770947994,0.5499999523162842,0.14285864844238802,8.185197622692005,0.459107071161,False,23.9476299286,23.7697219849,14.1228027344,9.824827194200001
density_10_nback_0_id_15,15,density_10_nback_0,10,0,45.1185646057,27.38051565173587,1.0999999046325684,0.06522213660282764,3.7369531581677484,0.215315267444,True,27.4391269684,27.4391269684,7.33260726929,20.10651969911
density_10_nback_1_id_15,15,density_10_nback_1,10,1,136.365127563,89.90010084188275,1.3499999046325684,0.19031560657841293,10.904281032415266,0.543448925018,False,27.7616691589,27.7307758331,13.5097141266,14.251955032299998
density_10_nback_2_id_15,15,density_10_nback_2,10,2,125.934783936,58.386732783310066,1.8999998569488525,0.1429067307008658,8.187952533172238,0.34101074934,False,24.8726577759,24.704990387,5.58646535873,19.28619241717
density_20_nback_0_id_15,15,density_20_nback_0,20,0,117.275154114,227.27821658639905,0.4499998092651367,0.05503114361900789,3.1530522711474434,0.183087974787,True,24.9374141693,24.9374141693,9.99266529083,14.944748878469998
density_20_nback_1_id_15,15,density_20_nback_1,20,1,325.681610107,443.83084134785184,0.7000000476837158,0.05478626582921142,3.139021807295614,0.242461562157,False,25.0249652863,25.0249652863,-0.00807076133788,25.03303604763788
density_20_nback_2_id_15,15,density_20_nback_2,20,2,92.6968154907,38.84840774535,2.0,0.059552585007666206,3.4121117800333347,0.249945640564,False,22.3028926849,22.27825737,-0.0329776965082,22.335870381408203
density_0_nback_0_id_16,16,density_0_nback_0,0,0,42.3121032715,182.0808621225084,0.14999985694885254,0.2786672489815645,15.966457255164933,0.952249884605,False,27.7644748688,27.7180652618,24.1954231262,3.5690517425999992
density_0_nback_1_id_16,16,density_0_nback_1,0,1,41.0168762207,104.0675048828,0.25,0.08534653700498683,4.889996366442847,0.210113465786,False,18.6928520203,18.3675270081,18.2171001434,0.47575187689999865
density_0_nback_2_id_16,16,density_0_nback_2,0,2,23.8044433594,88.0445175597951,0.09999990463256836,0.08749293114851572,5.0129756920386495,0.432723462582,False,23.3133792877,23.2808856964,22.8873214722,0.4260578154999983
density_10_nback_0_id_16,16,density_10_nback_0,10,0,21.3361492157,6.336149215700001,1.0,0.05235978744091448,2.999994836566493,0.0205409713089,True,26.897939682,26.897939682,17.1582107544,9.739728927600002
density_10_nback_1_id_16,16,density_10_nback_1,10,1,189.156555176,124.39753093751928,1.4000000953674316,0.15340089036702187,8.789223591579399,0.678082168102,False,27.7636585236,27.7373275757,19.4397621155,8.323896408100001
density_10_nback_2_id_16,16,density_10_nback_2,10,2,21.9267272949,7.696364884304255,0.8999998569488525,0.262400982215479,15.034468821034318,0.440514028072,False,24.8730220795,24.7073516846,16.879240036,7.993782043500001
density_20_nback_0_id_16,16,density_20_nback_0,20,0,100.355690002,89.84809022916758,0.9500000476837158,0.06661700742858342,3.816873369449483,0.0342117995024,False,25.1826629639,25.1789073944,19.2711791992,5.911483764700002
density_20_nback_1_id_16,16,density_20_nback_1,20,1,328.730926514,392.1636815172769,0.7999999523162842,0.1128382848835591,6.465157491322772,0.245365679264,False,25.0356121063,25.0356121063,16.7372570038,8.2983551025
density_20_nback_2_id_16,16,density_20_nback_2,20,2,45.4871253967,16.937290092315717,1.8000001907348633,0.26427510862871983,15.141848354787012,0.889024496078,False,22.3052349091,22.2828521729,19.5250682831,2.7801666259999998
density_0_nback_0_id_17,17,density_0_nback_0,0,0,43.0267791748,140.13402951622479,0.19999980926513672,0.23264912957020922,13.329813231765229,0.590068936348,False,27.7706508636,27.739616394,22.5777740479,5.1928768157
density_0_nback_1_id_17,17,density_0_nback_1,0,1,36.9151878357,20.871608410415092,1.0499999523162842,0.07345189526670785,4.208483596019308,0.102121710777,False,18.7028579712,18.3500976562,17.8348083496,0.8680496216000009
density_0_nback_2_id_17,17,density_0_nback_2,0,2,15.6125745773,,0.0,0.1013878099448537,5.809093603914633,0.378598898649,True,23.4933128357,23.1914672852,23.143743515,0.3495693206999988
density_10_nback_0_id_17,17,density_10_nback_0,10,0,15.7407255173,1.8518133517432909,0.40000009536743164,0.08159608826531314,4.675111482379386,0.283290714025,True,26.9402236938,26.9402236938,17.2705974579,9.669626235900001
density_10_nback_1_id_17,17,density_10_nback_1,10,1,98.8175582886,57.80522021660053,1.4499998092651367,0.1826447439226311,10.464772977014455,0.694403171539,False,27.7619571686,27.7204856873,19.3419723511,8.419984817499998
density_10_nback_2_id_17,17,density_10_nback_2,10,2,308.696258545,154.5769898196925,1.8999998569488525,0.1245042483662487,7.133567962834626,0.684679090977,False,24.8311500549,24.6543502808,16.646780014,8.1843700409
density_20_nback_0_id_17,17,density_20_nback_0,20,0,150.088653564,180.118204752,0.75,0.06763522363708738,3.8752128608285723,0.185497075319,False,25.2184848785,25.2111625671,16.7635498047,8.454935073800002
density_20_nback_1_id_17,17,density_20_nback_1,20,1,292.815185547,396.8788094604909,0.7000000476837158,0.0852485238725186,4.884380627615561,0.495061963797,False,25.0156898499,25.0156898499,17.264005661,7.7516841889000005
density_20_nback_2_id_17,17,density_20_nback_2,20,2,32.7274856567,177.27460297364627,0.10000014305114746,0.1674117184600046,9.591984908790637,0.339765876532,False,22.0918769836,22.0918769836,19.3120574951,2.7798194884999994
density_0_nback_0_id_18,18,density_0_nback_0,0,0,41.3586845398,13.179342269900001,2.0,0.13125834555220395,7.520549226011047,0.734623789787,False,27.7661151886,27.73295784,21.1067962646,6.659318924000001
density_0_nback_1_id_18,18,density_0_nback_1,0,1,15.4010620117,,0.0,0.07581346638888159,4.343791654339837,0.111266084015,False,18.6738319397,18.2920246124,18.1702671051,0.5035648346000023
density_0_nback_2_id_18,18,density_0_nback_2,0,2,23.7034358978,87.03444198051194,0.09999990463256836,0.12895799852841314,7.388749050132354,0.387479960918,False,23.6157169342,23.585817337,20.5384559631,3.077260971100003
density_10_nback_0_id_18,18,density_10_nback_0,10,0,16.7794704437,2.372627258266666,0.75,0.053682516978465274,3.0757816565054448,0.123289972544,True,26.9640617371,26.9640617371,19.4363384247,7.527723312399999
density_10_nback_1_id_18,18,density_10_nback_1,10,1,88.5633392334,44.58383938275985,1.6500000953674316,0.3775117562133182,21.629830347594762,0.856021881104,False,27.7613735199,27.7285995483,8.2354850769,19.525888443
density_10_nback_2_id_18,18,density_10_nback_2,10,2,189.290298462,91.73174293912163,1.8999998569488525,0.15345945150443815,8.792578897596838,0.644591748714,False,24.8634128571,24.6919155121,7.69442987442,17.16898298268
density_20_nback_0_id_18,18,density_20_nback_0,20,0,334.575958252,245.82766921075134,1.2999999523162842,0.10588811627150263,6.066942162947639,0.0994468927383,False,25.177614212,25.1733264923,-0.0571258030832,25.2347400150832
density_20_nback_1_id_18,18,density_20_nback_1,20,1,210.697616577,260.930155436,0.75,0.1088152919852794,6.234656977240242,0.256805866957,False,25.0050849915,25.0050849915,16.9780235291,8.027061462399999
density_20_nback_2_id_18,18,density_20_nback_2,20,2,285.118408203,135.0592041015,2.0,0.20072625755994372,11.50076739564071,0.523382365704,False,22.2687530518,22.2215976715,1.6646515131,20.6041015387
density_0_nback_0_id_19,19,density_0_nback_0,0,0,35.1311645508,100.6559187469645,0.19999980926513672,0.09884273221620264,5.663271391530185,0.461574882269,False,27.7626152039,27.7258338928,24.1820163727,3.5805988311999997
density_0_nback_1_id_19,19,density_0_nback_1,0,1,36.3139152527,213.13935579252941,0.09999990463256836,0.0987389217081368,5.657323487548904,0.166436389089,False,18.6937561035,18.2291088104,18.0281925201,0.6655635834000009
density_0_nback_2_id_19,19,density_0_nback_2,0,2,23.7027378082,87.02725358851512,0.10000014305114746,0.08604474862499933,4.930000945476555,0.3344437778,False,22.9375705719,22.9086685181,22.386302948,0.5512676238999994
density_10_nback_0_id_19,19,density_10_nback_0,10,0,32.7160110474,8.858005523700001,2.0,0.050693826149457895,2.9045422857338665,0.0112071512267,False,26.719581604,26.719581604,18.9236373901,7.795944213899997
density_10_nback_1_id_19,19,density_10_nback_1,10,1,95.7924880981,76.9452302544138,1.0499999523162842,0.1658712494620195,9.503722536735344,0.415782004595,False,27.7566547394,27.7461414337,16.0093288422,11.7473258972
density_10_nback_2_id_19,19,density_10_nback_2,10,2,18.3027935028,13.2111740112,0.25,0.10588444318422105,6.066731710548622,0.525574445724,False,24.8685913086,24.6989612579,16.8223209381,8.0462703705
density_20_nback_0_id_19,19,density_20_nback_0,20,0,87.5379180908,85.33873674039546,0.8499999046325684,0.0651757813573542,3.7342971982438278,0.132405698299,False,25.1830234528,25.1802349091,19.8578109741,5.325212478699999
density_20_nback_1_id_19,19,density_20_nback_1,20,1,188.556945801,231.409261068,0.75,0.07996335973748057,4.581563028643972,0.175331443548,False,25.0377655029,25.0377655029,17.5833930969,7.454372406000001
density_20_nback_2_id_19,19,density_20_nback_2,20,2,26.2298870087,112.29897718365031,0.09999990463256836,0.08756707047503982,5.017223562544423,0.413276702166,False,22.0374622345,22.0374622345,19.0540275574,2.9834346771
density_0_nback_0_id_20,20,density_0_nback_0,0,0,45.0447540283,150.2239134061879,0.19999980926513672,0.08039436832495789,4.606258001640317,0.561389684677,False,27.7668609619,27.7627353668,24.9738712311,2.7929897308000022
density_0_nback_1_id_20,20,density_0_nback_1,0,1,15.4931058884,,0.0,0.07040857700147367,4.034114303706314,0.0564783513546,False,18.6996555328,18.3082962036,18.1002883911,0.5993671417000002
density_0_nback_2_id_20,20,density_0_nback_2,0,2,17.3209667206,7.73655696502595,0.2999999523162842,0.46044640963154204,26.38163596383922,1.41177368164,False,23.5024757385,22.7955303192,17.075712204,6.426763534500001
density_10_nback_0_id_20,20,density_10_nback_0,10,0,22.8294754028,8.699416192398912,0.9000000953674316,0.05187455831880197,2.9721932557726083,0.085365831852,False,26.7534980774,26.7534980774,17.2264289856,9.527069091800001
density_10_nback_1_id_20,20,density_10_nback_1,10,1,155.430130005,82.60595650943591,1.7000000476837158,0.2840412144061787,16.274362793244556,1.10235738754,False,27.753944397,27.7338371277,21.0345096588,6.7194347382
density_10_nback_2_id_20,20,density_10_nback_2,10,2,85.5083236694,35.2541618347,2.0,0.26706894036151974,15.301923121746167,0.749983608723,False,24.8753643036,24.7077770233,16.9846534729,7.890710830700002
density_20_nback_0_id_20,20,density_20_nback_0,20,0,31.4362945557,109.57522737194664,0.15000009536743164,0.06618153242590738,3.7919224897126975,0.0554290898144,False,25.1796398163,25.1758861542,18.5267620087,6.6528778075999995
density_20_nback_1_id_20,20,density_20_nback_1,20,1,276.891265869,436.4855124925038,0.5999999046325684,0.14042720599294972,8.04588623221024,0.830944061279,False,21.1649341583,20.8314208984,5.23589706421,15.929037094089999
density_20_nback_2_id_20,20,density_20_nback_2,20,2,96.8328857422,545.5530918946387,0.14999985694885254,0.07935222935787281,4.546547837160219,0.88514316082,False,26.4779567719,26.4779567719,-0.0551471300423,26.5331039019423
density_0_nback_0_id_21,21,density_0_nback_0,0,0,45.5830383301,152.91533748192995,0.19999980926513672,0.13293360144295133,7.616534318155301,0.42748901248,False,27.7650585175,27.7211704254,22.3542079926,5.4108505249000025
density_0_nback_1_id_21,21,density_0_nback_1,0,1,35.5687026978,205.68673274076863,0.10000014305114746,0.08314134200156315,4.763647999743332,0.0806328430772,False,18.6700992584,18.2670879364,17.7652339935,0.9048652648999997
density_0_nback_2_id_21,21,density_0_nback_2,0,2,24.2871227264,92.87131583298864,0.09999990463256836,0.1596370526276997,9.146529369475001,0.629860401154,False,23.4872951508,23.4555873871,22.5537796021,0.9335155487000009
density_10_nback_0_id_21,21,density_10_nback_0,10,0,29.888168335,8.507524762857143,1.75,0.05142038917218448,2.9461712804863676,0.0144429672509,False,26.7514514923,26.7514514923,18.8891429901,7.862308502199998
density_10_nback_1_id_21,21,density_10_nback_1,10,1,263.562652588,191.2020123993156,1.3000001907348633,0.09515804945970777,5.452154620738399,0.341226190329,False,27.7576446533,27.7236385345,20.5991096497,7.158535003600001
density_10_nback_2_id_21,21,density_10_nback_2,10,2,28.6865978241,7.398161367374946,1.8499999046325684,0.21194267782773552,12.143420938230175,0.70802295208,False,24.869726181,24.7010173798,15.9044313431,8.9652948379
density_20_nback_0_id_21,21,density_20_nback_0,20,0,291.832489014,615.1832437328378,0.4500000476837158,0.06669140615695503,3.821136102586316,0.121602639556,False,25.1824760437,25.1791400909,19.4945411682,5.687934875499998
density_20_nback_1_id_21,21,density_20_nback_1,20,1,326.271026611,415.02803548133335,0.75,0.08399728555453653,4.81268995283014,0.392911434174,False,25.0161724091,25.0161724091,16.7624130249,8.253759384200002
density_20_nback_2_id_21,21,density_20_nback_2,20,2,45.7553100586,17.08628155536135,1.8000001907348633,0.2364497220755453,13.547571141970037,0.582769453526,False,22.2700195312,22.2700195312,18.2547073364,4.0153121948
density_0_nback_0_id_22,22,density_0_nback_0,0,0,40.1187934875,167.45851678274232,0.15000009536743164,0.09602783953673946,5.5019899212146735,0.280442118645,False,27.7517700195,27.6903038025,24.6642627716,3.0875072478999996
density_0_nback_1_id_22,22,density_0_nback_1,0,1,43.8063583374,38.4084777832,0.75,0.08848324516100788,5.069716505347116,0.160322666168,False,18.6800861359,18.2919273376,17.8735198975,0.8065662384000021
density_0_nback_2_id_22,22,density_0_nback_2,0,2,18.8097686768,6.92684973746957,0.5500001907348633,0.12128721219525083,6.9492453676955215,0.412015974522,False,23.6656627655,22.5930042267,22.0273303986,1.6383323668999985
density_10_nback_0_id_22,22,density_10_nback_0,10,0,15.0797472,0.7974708592087844,0.10000014305114746,0.052395556244601314,3.0020442380559804,0.210998445749,True,26.8999500275,26.8999500275,19.6155090332,7.284440994300002
density_10_nback_1_id_22,22,density_10_nback_1,10,1,173.252883911,121.7329920889857,1.2999999523162842,0.12439230546059911,7.127154106794473,0.380329251289,False,27.7594089508,27.7438468933,19.8668117523,7.8925971985000025
density_10_nback_2_id_22,22,density_10_nback_2,10,2,40.5358276367,13.803150785443805,1.8499999046325684,0.28062268375933286,16.078495415044163,1.04126369953,False,24.8861351013,24.6960105896,15.0720033646,9.814131736699998
density_20_nback_0_id_22,22,density_20_nback_0,20,0,189.290298462,158.4457052692364,1.1000001430511475,0.066199093468875,3.7929286633585897,0.262845665216,False,25.1832008362,25.1794128418,16.7517795563,8.4314212799
density_20_nback_1_id_22,22,density_20_nback_1,20,1,182.048568726,256.9978545997508,0.6499998569488525,0.1493933241377537,8.559606960523174,0.888377547264,False,25.0005474091,25.0005474091,16.6615180969,8.339029312200001
density_20_nback_2_id_22,22,density_20_nback_2,20,2,50.1337242126,19.518736190736593,1.7999999523162842,0.0984084411887457,5.638388348576503,0.393737345934,False,22.2740936279,22.2530326843,19.346868515,2.9272251129000004
density_0_nback_0_id_23,23,density_0_nback_0,0,0,45.0698738098,150.3495124334685,0.19999980926513672,0.11729812014230527,6.720687228972563,0.430736362934,False,27.7637214661,27.7150478363,24.0143356323,3.7493858338000017
density_0_nback_1_id_23,23,density_0_nback_1,0,1,15.4243402481,,0.0,0.08121922043597368,4.653518546323978,0.032193236053,False,18.6822433472,18.27161026,17.547624588,1.1346187591999986
density_0_nback_2_id_23,23,density_0_nback_2,0,2,21.1032390594,8.1376520792,0.75,0.13063177615318322,7.484649443875111,0.34113368392,False,23.7040138245,22.3162765503,21.9742393494,1.7297744750999975
density_10_nback_0_id_23,23,density_10_nback_0,10,0,27.9872150421,6.49360752105,2.0,0.05337647753032395,3.058246887762434,0.0251983702183,True,27.001750946,27.001750946,12.329750061,14.672000885000001
density_10_nback_1_id_23,23,density_10_nback_1,10,1,106.095115662,70.07315561277403,1.3000001907348633,0.22411303133307503,12.840730829268377,0.66821038723,False,27.7643470764,27.7542152405,19.6731586456,8.091188430799999
density_10_nback_2_id_23,23,density_10_nback_2,10,2,21.3271503448,14.06034005910453,0.4499998092651367,0.13344624422880658,7.645906586182636,0.246621370316,False,24.8659420013,24.7197780609,17.035030365,7.830911636299998
density_20_nback_0_id_23,23,density_20_nback_0,20,0,110.609909058,47.804954529,2.0,0.06664755897547106,3.818623844143741,0.0342330373824,False,25.1779880524,25.1740722656,19.3819561005,5.796031951900002
density_20_nback_1_id_23,23,density_20_nback_1,20,1,327.210754395,416.28100586,0.75,0.14000147377116656,8.021493572699338,0.271793961525,False,25.0171928406,25.0171928406,16.8232288361,8.1939640045
density_20_nback_2_id_23,23,density_20_nback_2,20,2,28.5198040009,6.7599020004499994,2.0,0.26736895802734684,15.319112867777426,1.40627026558,False,22.1430549622,22.1430549622,-0.0567982010543,22.1998531632543
density_0_nback_0_id_24,24,density_0_nback_0,0,0,37.1639823914,147.76002352427275,0.14999985694885254,0.25080608145162103,14.370129943392245,0.824217319489,False,27.7682418823,27.7663059235,23.6955432892,4.0726985931
density_0_nback_1_id_24,24,density_0_nback_1,0,1,15.4011735916,,0.0,0.08090040126916578,4.635251553638008,0.0734607875347,False,18.6722049713,18.2632980347,17.7572040558,0.9150009155000021
density_0_nback_2_id_24,24,density_0_nback_2,0,2,15.1260671616,,0.0,0.25934329088027486,14.859276012473401,0.733075559139,True,23.4446239471,23.1080799103,22.8785438538,0.5660800932999983
density_10_nback_0_id_24,24,density_10_nback_0,10,0,27.3633651733,6.50703397512678,1.9000000953674316,0.05354205118247396,3.0677335592291968,0.0256250742823,True,27.0293235779,27.0293235779,19.4284877777,7.600835800200002
density_10_nback_1_id_24,24,density_10_nback_1,10,1,193.56288147,91.57070620695819,1.9500000476837158,0.5987379549334819,34.3051578519826,1.5502654314,False,27.4965267181,27.4065876007,10.5519714355,16.9445552826
density_10_nback_2_id_24,24,density_10_nback_2,10,2,105.067428589,46.188423787981705,1.9500000476837158,0.29008465230904606,16.62062627882825,1.21906447411,False,24.87849617,24.6910114288,16.7477684021,8.130727767899998
density_20_nback_0_id_24,24,density_20_nback_0,20,0,165.982696533,100.65513102199999,1.5,0.218690245853675,12.530028108093928,0.721797645092,False,25.1850776672,25.1825199127,19.5356369019,5.649440765300003
density_20_nback_1_id_24,24,density_20_nback_1,20,1,324.602661133,412.80354817733337,0.75,0.23144108272095792,13.260597245849052,1.66444838047,False,25.0224494934,25.0224494934,16.9086914062,8.1137580872
density_20_nback_2_id_24,24,density_20_nback_2,20,2,53.988243103,21.660135631019863,1.7999999523162842,2.0089796351513747,115.10605422190574,6.53648328781,False,22.2498340607,22.210647583,2.69101214409,19.55882191661
density_0_nback_0_id_25,25,density_0_nback_0,0,0,41.5633354187,132.81680375747453,0.19999980926513672,0.0727157854526921,4.166307610418046,0.336101770401,False,27.7743530273,27.7229595184,24.8681564331,2.906196594199997
density_0_nback_1_id_25,25,density_0_nback_1,0,1,15.4648504257,,0.0,0.06488039560217895,3.7173728411440012,0.146489977837,False,18.6467781067,18.262878418,17.7035217285,0.943256378200001
density_0_nback_2_id_25,25,density_0_nback_2,0,2,23.6714229584,86.7143122812125,0.09999990463256836,0.12296598899650044,7.045432193151596,0.606804847717,False,23.7329540253,23.7176303864,23.1638298035,0.5691242217999992
density_10_nback_0_id_25,25,density_10_nback_0,10,0,27.6717128754,6.3358564377,2.0,0.052496812808762366,3.0078458118304043,0.0199442822486,True,26.9229679108,26.9229679108,19.4550132751,7.4679546357
density_10_nback_1_id_25,25,density_10_nback_1,10,1,95.8470077515,64.6776062012,1.25,0.19654265281574798,11.261064500647384,0.383787691593,False,27.7542228699,27.7354259491,18.9021263123,8.852096557600003
density_10_nback_2_id_25,25,density_10_nback_2,10,2,30.4208507538,7.7104253769,2.0,0.17635297049776844,10.104280914117252,0.334630936384,False,24.8695297241,24.7255706787,16.9136714935,7.9558582306000005
density_20_nback_0_id_25,25,density_20_nback_0,20,0,85.999786377,39.44432680991782,1.7999999523162842,0.06669478164985473,3.821329504083246,0.118682324886,False,25.1825790405,25.1797084808,18.6724147797,6.5101642608
density_20_nback_1_id_25,25,density_20_nback_1,20,1,291.109832764,424.78429577448105,0.6500000953674316,0.12726377346666298,7.2916771045487785,0.506923258305,False,21.2461643219,20.7312526703,-0.0010894992156,21.2472538211156
density_20_nback_2_id_25,25,density_20_nback_2,20,2,151.142791748,453.80937795772473,0.2999999523162842,0.08343289963860243,4.78035302183049,0.171444222331,False,25.0306930542,24.9898719788,19.6525688171,5.3781242371
density_0_nback_0_id_26,26,density_0_nback_0,0,0,45.1813392639,150.90684023547772,0.19999980926513672,0.10028144452496053,5.745703534755535,0.405147790909,False,27.767660141,27.7655487061,24.2425136566,3.5251464844000004
density_0_nback_1_id_26,26,density_0_nback_1,0,1,65.5553817749,112.34528092857677,0.4500000476837158,0.07147969187874735,4.09548466554777,0.0841615796089,False,18.6532363892,18.2673664093,17.8540344238,0.7992019653999982
density_0_nback_2_id_26,26,density_0_nback_2,0,2,15.884762764,8.847614983385238,0.10000014305114746,0.09994620845824252,5.726495922992027,0.370426744223,False,23.6905784607,23.2208766937,21.9038619995,1.786716461200001
density_10_nback_0_id_26,26,density_10_nback_0,10,0,23.452671051,6.762136840799999,1.25,0.05240272931557737,3.0024552247490566,0.0449234843254,True,26.8912353516,26.8912353516,18.1425189972,8.748716354399999
density_10_nback_1_id_26,26,density_10_nback_1,10,1,146.499679565,79.69677088759009,1.6500000953674316,0.11049657061331462,6.330987146812206,0.365704029799,False,27.7611808777,27.7373485565,20.5462799072,7.2149009705000005
density_10_nback_2_id_26,26,density_10_nback_2,10,2,24.9633560181,9.9633560181,1.0,0.1442288611280408,8.263705026615195,0.316716223955,False,24.8693294525,24.7011051178,17.1792793274,7.690050125100001
density_20_nback_0_id_26,26,density_20_nback_0,20,0,209.991882324,324.98639305720593,0.6000001430511475,0.0661836231715521,3.7920422806141754,0.0371703878045,False,25.1835594177,25.1791687012,20.633310318,4.5502490997
density_20_nback_1_id_26,26,density_20_nback_1,20,1,324.107269287,412.143025716,0.75,0.120413133581835,6.899164352184147,0.450205117464,False,25.0251522064,25.0251522064,16.5451469421,8.4800052643
density_20_nback_2_id_26,26,density_20_nback_2,20,2,49.9423179626,19.412399382364075,1.7999999523162842,0.09529491922937754,5.459996680883404,0.501827538013,False,22.2815704346,22.2557373047,16.6355857849,5.645984649699997
density_0_nback_0_id_27,27,density_0_nback_0,0,0,33.5156021118,92.57809884835513,0.19999980926513672,0.144865637841325,8.300189644778593,0.55089956522,False,27.7640342712,27.7261638641,24.9999656677,2.7640686035
density_0_nback_1_id_27,27,density_0_nback_1,0,1,127.839569092,62.68865115623768,1.7999999523162842,0.08200067732678684,4.698292728038988,0.0223680324852,False,18.6865348816,18.2986392975,17.0051631927,1.6813716889000005
density_0_nback_2_id_27,27,density_0_nback_2,0,2,89.0760498047,92.59506777497113,0.7999999523162842,0.16130942569954027,9.242349288262794,0.540886998177,False,23.4863452911,23.092880249,17.2857494354,6.200595855700001
density_10_nback_0_id_27,27,density_10_nback_0,10,0,30.6848106384,7.842405319199999,2.0,0.050688921228834484,2.9042612544832984,0.0112453568727,True,26.7321071625,26.7321071625,5.10603618622,21.62607097628
density_10_nback_1_id_27,27,density_10_nback_1,10,1,189.725570679,91.96082205733293,1.9000000953674316,0.17041552422803694,9.764090301775942,0.68972069025,False,27.7614631653,27.729019165,17.7767734528,9.9846897125
density_10_nback_2_id_27,27,density_10_nback_2,10,2,22.9167480469,13.194582175389023,0.5999999046325684,0.17647064310544078,10.111023057901177,0.849087834358,False,24.8615474701,24.6897354126,16.179271698,8.682275772099999
density_20_nback_0_id_27,27,density_20_nback_0,20,0,49.0004997253,226.66985405585461,0.15000009536743164,0.06665646158599657,3.8191339261535013,0.0337636619806,False,25.1824913025,25.1788368225,16.2053794861,8.9771118164
density_20_nback_1_id_27,27,density_20_nback_1,20,1,298.097106934,377.46280924533335,0.75,0.0659027140656523,3.7759473744193235,0.17133872211,False,21.2291316986,20.7224216461,-0.0187294743955,21.2478611729955
density_20_nback_2_id_27,27,density_20_nback_2,20,2,92.7654190063,388.82746584626767,0.19999980926513672,0.5274380334075075,30.2199732689303,1.12118566036,False,26.4481964111,26.4481964111,4.25659656525,22.19159984585
density_0_nback_0_id_28,28,density_0_nback_0,0,0,46.4710235596,157.3552678636775,0.19999980926513672,0.25680733334852635,14.713976348879799,1.47927069664,False,27.7627296448,27.7523899078,19.6743946075,8.088335037300002
density_0_nback_1_id_28,28,density_0_nback_1,0,1,15.3402748108,,0.0,0.06993934688602368,4.007229398470594,0.498056292534,False,18.7056350708,18.3093757629,17.4112625122,1.2943725585999992
density_0_nback_2_id_28,28,density_0_nback_2,0,2,39.4155845642,97.66233825680001,0.25,0.4820192663315391,27.61766960478957,1.4062833786,False,23.5846939087,23.5421333313,22.8749961853,0.7096977234000015
density_10_nback_0_id_28,28,density_10_nback_0,10,0,20.4462108612,9.902202424316012,0.5499999523162842,0.053436481442891044,3.0616848587068004,0.182699546218,False,26.7358779907,26.7358779907,19.4969882965,7.238889694200001
density_10_nback_1_id_28,28,density_10_nback_1,10,1,40.913608551,172.7572805038791,0.15000009536743164,0.059683841531866365,3.4196322249035607,0.332901060581,False,27.7622432709,27.7322044373,18.4011058807,9.3611373902
density_10_nback_2_id_28,28,density_10_nback_2,10,2,45.4603729248,19.651854104434467,1.5499999523162842,0.09653754738208947,5.531194029537936,0.293171644211,True,24.8947086334,24.7117061615,17.1200389862,7.7746696472
density_20_nback_0_id_28,28,density_20_nback_0,20,0,170.597091675,77.7985458375,2.0,0.12270881426766972,7.030697166592175,0.116764843464,False,25.1826496124,25.1792869568,16.7526988983,8.429950714099999
density_20_nback_1_id_28,28,density_20_nback_1,20,1,34.4047012329,194.04719738682834,0.09999990463256836,0.14153299022725305,8.109243001887926,0.506474971771,False,22.2675914764,22.2201919556,19.3047370911,2.9628543852999982
density_20_nback_2_id_28,28,density_20_nback_2,20,2,45.4515838623,17.40090506417143,1.75,0.07392632420527316,4.235666371877972,0.305670469999,False,22.2299823761,22.2052097321,17.3514766693,4.878505706800002
density_0_nback_0_id_29,29,density_0_nback_0,0,0,46.3817825317,156.9090622986427,0.19999980926513672,0.2587756043982487,14.826749972966674,1.4541400671,False,27.7627239227,27.7195339203,20.8535251617,6.9091987610000025
density_0_nback_1_id_29,29,density_0_nback_1,0,1,15.3689889908,,0.0,0.0800880997589263,4.5887101054091834,0.0164522472769,False,18.6804542542,18.2678184509,12.7716665268,5.9087877274
density_0_nback_2_id_29,29,density_0_nback_2,0,2,157.388366699,71.1941833495,2.0,0.6869417264245508,39.358861695557174,1.01731824875,False,23.6823787689,23.0508861542,9.53419208527,14.148186683630001
density_10_nback_0_id_29,29,density_10_nback_0,10,0,20.2513618469,10.5027236938,0.5,0.05160434741379448,2.9567113113372683,0.0805734321475,False,26.7440567017,26.7440567017,-0.064775198698,26.808831900398
density_10_nback_1_id_29,29,density_10_nback_1,10,1,272.526397705,198.0972362700095,1.2999999523162842,0.20878265182572073,11.96236478516313,0.78266108036,False,27.7586193085,27.7469787598,16.9920349121,10.766584396399999
density_10_nback_2_id_29,29,density_10_nback_2,10,2,25.4218025208,12.260945517758687,0.8499999046325684,0.14122757688213947,8.091744106205946,0.958242714405,False,24.8582210541,24.7100143433,13.2448978424,11.6133232117
density_20_nback_0_id_29,29,density_20_nback_0,20,0,333.355194092,159.177597046,2.0,0.09412775154376711,5.393122898513875,0.56121045351,False,25.1819229126,25.1774463654,14.8193874359,10.362535476700002
density_20_nback_1_id_29,29,density_20_nback_1,20,1,323.925170898,475.2694239581164,0.6500000953674316,0.3229104234259004,18.50140442308644,2.34066104889,False,25.0196685791,25.0196685791,11.7326602936,13.287008285499999
density_20_nback_2_id_29,29,density_20_nback_2,20,2,19.1082725525,,0.0,0.20575751213916896,11.789037048686184,0.542158842087,False,22.0991573334,22.0991573334,18.0008735657,4.0982837677
density_0_nback_0_id_30,30,density_0_nback_0,0,0,44.5067138672,196.71161338014673,0.14999985694885254,0.09884663632043685,5.663495080225585,0.378269135952,False,27.7600860596,27.7511997223,24.9991703033,2.7609157562999975
density_0_nback_1_id_30,30,density_0_nback_1,0,1,15.4643583298,,0.0,0.1222630588239921,7.005157260974466,0.198233053088,False,18.7072315216,18.2866611481,17.0593357086,1.6478958130000017
density_0_nback_2_id_30,30,density_0_nback_2,0,2,24.2116298676,92.11616690276624,0.10000014305114746,0.13206926615792594,7.56701155423911,0.378777801991,False,22.7008934021,22.6702232361,22.4464035034,0.25448989870000105
density_10_nback_0_id_30,30,density_10_nback_0,10,0,25.4135246277,9.055239933097793,1.1499998569488525,0.05147169482599711,2.9491108779149906,0.0148525070399,False,26.7864208221,26.7864208221,18.9929351807,7.793485641399997
density_10_nback_1_id_30,30,density_10_nback_1,10,1,82.1294174194,43.30930289325709,1.5499999523162842,0.11360507746583394,6.509091470049058,0.155310571194,False,27.7582015991,27.7470874786,17.4623699188,10.295831680300001
density_10_nback_2_id_30,30,density_10_nback_2,10,2,23.2087917328,12.628913137508489,0.6499998569488525,0.06309251055955262,3.614934573946945,0.0738271549344,False,24.8930091858,24.7093658447,16.6438312531,8.2491779327
density_20_nback_0_id_30,30,density_20_nback_0,20,0,102.919250488,103.43439493128368,0.8500001430511475,0.06552031467129395,3.754037503034231,0.0349962823093,False,25.1883163452,25.1858882904,17.5467643738,7.641551971400002
density_20_nback_1_id_30,30,density_20_nback_1,20,1,288.074981689,420.11529480566674,0.6500000953674316,0.15822676431119231,9.065725801042518,0.466594010592,False,21.2421607971,20.7482757568,7.55032730103,13.691833496069998
density_20_nback_2_id_30,30,density_20_nback_2,20,2,81.4638900757,265.8555603028,0.25,1.1259208281665294,64.51051151981652,1.42258048058,False,26.463224411,26.463224411,3.94413232803,22.519092082969998
density_0_nback_0_id_31,31,density_0_nback_0,0,0,92.6650314331,39.82822514345183,1.9499998092651367,0.10795335550033158,6.185271654444391,0.306828737259,False,27.7665672302,27.7371139526,21.0124225616,6.754144668599999
density_0_nback_1_id_31,31,density_0_nback_1,0,1,37.5988044739,90.39521789560001,0.25,0.09611230029877105,5.506829166413542,0.0462159141898,False,18.6745204926,18.2643470764,16.0554618835,2.619058609099998
density_0_nback_2_id_31,31,density_0_nback_2,0,2,18.5495471954,70.99101161030444,0.04999995231628418,0.10906451968035413,6.248936672305798,0.349133968353,False,23.6697731018,22.8618888855,21.660823822,2.0089492797999995
density_10_nback_0_id_31,31,density_10_nback_0,10,0,50.9292869568,47.9057159424,0.75,0.07647616965975643,4.38176175483048,0.216082409024,False,27.9715824127,27.589969635,18.9379711151,9.033611297599997
density_10_nback_1_id_31,31,density_10_nback_1,10,1,87.6673660278,63.189021797445285,1.1499998569488525,0.15363922831153584,8.802879349897873,0.299716621637,False,27.7639389038,27.7542724609,16.7208271027,11.0431118011
density_10_nback_2_id_31,31,density_10_nback_2,10,2,55.0309753418,30.793059084713445,1.2999999523162842,0.0844316207065921,4.837575523937097,0.301592230797,False,24.8679523468,24.6995601654,16.3153514862,8.552600860599998
density_20_nback_0_id_31,31,density_20_nback_0,20,0,50.2456741333,54.224106095517335,0.6500000953674316,0.10113140087768421,5.794402446536934,0.646065115929,False,25.1691761017,25.1884307861,20.3814468384,4.787729263300001
density_20_nback_1_id_31,31,density_20_nback_1,20,1,232.356018066,271.69503877678625,0.7999999523162842,0.10583216580829982,6.063736437544317,0.563930153847,False,25.0371379852,25.0371379852,16.3293228149,8.707815170300002
density_20_nback_2_id_31,31,density_20_nback_2,20,2,42.0985565186,15.054754020259228,1.7999999523162842,0.1259531385018947,7.21658325258528,0.358191043139,False,22.2691116333,22.2417449951,4.34883832932,17.92027330398
density_0_nback_0_id_32,32,density_0_nback_0,0,0,34.4369926453,97.18505590939176,0.19999980926513672,0.13719349893700655,7.860608465723021,0.408288478851,False,27.7668895721,27.7353229523,22.3152236938,5.451665878299998
density_0_nback_1_id_32,32,density_0_nback_1,0,1,83.4763870239,124.50253265571526,0.5499999523162842,0.06295557633822631,3.6070888209940373,0.148266404867,False,18.6981391907,18.2692718506,17.9720001221,0.726139068600002
density_0_nback_2_id_32,32,density_0_nback_2,0,2,26.7362594604,33.532179023650826,0.34999990463256836,0.14740558564710593,8.445717934233354,0.305061340332,False,23.5960617065,23.4980564117,23.1384353638,0.45762634269999936
density_10_nback_0_id_32,32,density_10_nback_0,10,0,21.0663585663,5.777484611230413,1.0499999523162842,0.05225251031745237,2.9938483101538105,0.124888204038,True,26.862165451,26.862165451,17.2278881073,9.634277343699999
density_10_nback_1_id_32,32,density_10_nback_1,10,1,68.2485809326,46.30311001460115,1.1500000953674316,0.1843230407145829,10.560932299963637,0.650881528854,False,27.757566452,27.7445583344,17.9669971466,9.790569305399998
density_10_nback_2_id_32,32,density_10_nback_2,10,2,20.4260673523,13.565173232033988,0.39999985694885254,0.11822474385121973,6.773778856690121,0.36371588707,False,24.8551177979,24.7065963745,15.2255954742,9.6295223237
density_20_nback_0_id_32,32,density_20_nback_0,20,0,59.4744720459,22.807421004285857,1.9500000476837158,0.06619066421531843,3.792445702705353,0.0343049056828,False,25.1844081879,25.1806621552,19.8469905853,5.337417602600002
density_20_nback_1_id_32,32,density_20_nback_1,20,1,324.747680664,442.4966565201645,0.7000000476837158,0.09245746847944059,5.297422728335786,0.349468976259,False,25.0150718689,25.0150718689,16.9541091919,8.060962677000003
density_20_nback_2_id_32,32,density_20_nback_2,20,2,37.1850547791,147.90027116154,0.15000009536743164,0.16912313133192536,9.69004164335606,0.436578601599,False,22.2995948792,22.2750549316,8.71412563324,13.58546924596
density_0_nback_0_id_33,33,density_0_nback_0,0,0,44.9533843994,149.76706482600318,0.19999980926513672,0.13605431379065397,7.795337964753026,0.16059923172,False,27.7679748535,27.7642974854,22.8676662445,4.900308609
density_0_nback_1_id_33,33,density_0_nback_1,0,1,95.7787399292,269.2625092287899,0.2999999523162842,0.10593390249110793,6.069565520090882,0.251702994108,False,18.6648674011,18.3309879303,17.9014453888,0.7634220123000013
density_0_nback_2_id_33,33,density_0_nback_2,0,2,23.5644874573,85.64495625039511,0.09999990463256836,0.10594990281556098,6.070482271152882,0.246245920658,False,23.5647201538,23.5306396484,23.014383316,0.5503368377999998
density_10_nback_0_id_33,33,density_10_nback_0,10,0,21.0454654694,4.478122095407034,1.3500001430511475,0.05270626105515079,3.0198463123748773,0.215192630887,True,26.9819583893,26.9819583893,17.1838912964,9.798067092900002
density_10_nback_1_id_33,33,density_10_nback_1,10,1,128.049179077,94.20766420473828,1.1999998092651367,0.07837753012754661,4.490701684967878,0.237181290984,False,27.7651748657,27.7201938629,20.6106891632,7.154485702500001
density_10_nback_2_id_33,33,density_10_nback_2,10,2,22.2201480865,13.127543113581883,0.5499999523162842,0.1533464248243579,8.786102945855864,0.173321425915,False,24.8530960083,24.730173111,17.0936317444,7.7594642639
density_20_nback_0_id_33,33,density_20_nback_0,20,0,65.285194397,41.90432699903832,1.2000000476837158,0.0681216999594308,3.9030859009318966,0.123319536448,False,25.1816501617,25.1763134003,20.9739646912,4.2076854704999995
density_20_nback_1_id_33,33,density_20_nback_1,20,1,210.176086426,260.23478190133335,0.75,0.05383339385492274,3.0844262647525738,0.154019922018,False,25.0005073547,25.0005073547,18.8473987579,6.153108596800003
density_20_nback_2_id_33,33,density_20_nback_2,20,2,73.7894592285,391.93010196367203,0.14999985694885254,0.09695180704949549,5.554929360102794,0.265937298536,False,22.2080001831,22.1633052826,16.8430652618,5.3649349213000015
density_0_nback_0_id_34,34,density_0_nback_0,0,0,44.8251113892,119.30044555680001,0.25,0.22324387846841579,12.790932038371697,0.813284039497,False,27.7744140625,27.7314147949,22.1185970306,5.6558170319
density_0_nback_1_id_34,34,density_0_nback_1,0,1,46.0331535339,41.3775380452,0.75,0.0616380901712658,3.531602424060332,0.21300701797,False,18.7017974854,17.2945709229,17.0157833099,1.6860141754999987
density_0_nback_2_id_34,34,density_0_nback_2,0,2,23.8375759125,88.37584340677205,0.09999990463256836,0.2118851586480304,12.140125331992017,0.933721244335,False,23.1635856628,23.130859375,21.6140766144,1.549509048400001
density_10_nback_0_id_34,34,density_10_nback_0,10,0,27.6137504578,6.306875228899999,2.0,0.051870508009174476,2.9719611901252314,0.0157705433667,True,26.8862094879,26.8862094879,15.3614501953,11.5247592926
density_10_nback_1_id_34,34,density_10_nback_1,10,1,84.816116333,60.70966134197871,1.1500000953674316,0.44679019929345937,25.599192747324157,1.57502555847,False,27.7555408478,27.7311191559,14.4505329132,13.305007934599999
density_10_nback_2_id_34,34,density_10_nback_2,10,2,21.4103164673,12.820632934599999,0.5,0.1732366219363276,9.925727294055028,0.800496578217,False,24.8804550171,24.6916103363,11.1768693924,13.7035856247
density_20_nback_0_id_34,34,density_20_nback_0,20,0,195.393997192,180.393997192,1.0,0.06507702024751684,3.728638603470119,0.124652825296,False,25.1839466095,25.1801300049,13.1842727661,11.999673843400002
density_20_nback_1_id_34,34,density_20_nback_1,20,1,325.264556885,387.83071922276224,0.7999999523162842,0.24792764657894817,14.205207773584814,0.896314918995,False,25.0346279144,25.0346279144,15.9977340698,9.036893844600002
density_20_nback_2_id_34,34,density_20_nback_2,20,2,38.3830718994,12.990595843799934,1.7999999523162842,0.1736576742819658,9.94985181641418,0.491904526949,False,22.2775154114,22.2509346008,18.4679374695,3.809577941899999
density_0_nback_0_id_35,35,density_0_nback_0,0,0,46.23412323,156.17076508604765,0.19999980926513672,0.12041574942075657,6.899314228714239,0.525704324245,False,27.7668209076,27.7551460266,22.3223628998,5.444458007799998
density_0_nback_1_id_35,35,density_0_nback_1,0,1,,,,0.0774427046509763,4.437140130579093,0.0577240362763,False,18.6715755463,18.2583885193,17.6843605042,0.9872150421000008
density_0_nback_2_id_35,35,density_0_nback_2,0,2,17.1677474976,8.670989990400003,0.25,0.12751285845390603,7.305948623057875,0.468115448952,False,23.5577278137,22.71367836,22.3866863251,1.1710414886000002
density_10_nback_0_id_35,35,density_10_nback_0,10,0,26.8201141357,7.163705122736873,1.6500000953674316,0.05229726649428711,2.9964126501935824,0.019515261054,True,26.8766822815,26.8766822815,17.9569625854,8.9197196961
density_10_nback_1_id_35,35,density_10_nback_1,10,1,140.193527222,104.32793520604699,1.2000000476837158,0.09515279921640926,5.451853803955977,0.218056768179,False,27.7573432922,27.7088985443,20.0335922241,7.7237510681
density_10_nback_2_id_35,35,density_10_nback_2,10,2,101.363021851,44.28873348636181,1.9499998092651367,0.07843595880385922,4.494049401523126,0.386167675257,False,24.8757972717,24.7080993652,17.3123931885,7.563404083200002
density_20_nback_0_id_35,35,density_20_nback_0,20,0,161.881011963,225.97083736675012,0.6499998569488525,0.06536300100484764,3.7450240938871286,0.0339892543852,False,25.1825847626,25.1786193848,18.2146205902,6.967964172400002
density_20_nback_1_id_35,35,density_20_nback_1,20,1,324.853881836,413.1385091146667,0.75,0.12254368283727998,7.021235832565885,0.373695731163,False,24.9939842224,24.9939842224,16.7647438049,8.229240417500002
density_20_nback_2_id_35,35,density_20_nback_2,20,2,48.3471374512,18.526187963665265,1.7999999523162842,0.12763054715085906,7.312691688689678,0.234456554055,False,22.2721920013,22.2519397736,19.2061004639,3.0660915373999984
density_0_nback_0_id_36,36,density_0_nback_0,0,0,38.7356872559,118.67854946018451,0.19999980926513672,0.0789525945128079,4.523650447191635,0.260441064835,False,27.7598896027,27.7514362335,24.9999465942,2.7599430084999987
density_0_nback_1_id_36,36,density_0_nback_1,0,1,15.44490242,,0.0,0.07967959638495792,4.56530458616394,0.159999370575,False,18.6769294739,18.2664260864,17.1730251312,1.5039043427000003
density_0_nback_2_id_36,36,density_0_nback_2,0,2,23.5418243408,11.38909912106667,0.75,0.1519697726087459,8.707226584043962,0.486493527889,False,23.6533603668,22.1434764862,20.4681625366,3.1851978302
density_10_nback_0_id_36,36,density_10_nback_0,10,0,39.9914550781,22.71950658618272,1.0999999046325684,0.12761221414335394,7.311641284733853,0.36504971981,False,27.3462810516,27.4744358063,17.2567081451,10.089572906499999
density_10_nback_1_id_36,36,density_10_nback_1,10,1,96.9929962158,78.08857137081262,1.0499999523162842,0.16274231215372642,9.324447634609127,0.596726596355,False,27.7567100525,27.7403335571,16.6215591431,11.1351509094
density_10_nback_2_id_36,36,density_10_nback_2,10,2,24.9540557861,12.442570474259993,0.7999999523162842,0.16591694852975922,9.506340900444512,0.988025546074,False,24.8754959106,24.7077846527,14.4012355804,10.474260330200002
density_20_nback_0_id_36,36,density_20_nback_0,20,0,81.3853912354,88.51385498053332,0.75,0.06928669161283553,3.969835005839955,0.221070483327,False,21.6270866394,21.9786128998,16.0029602051,5.624126434300003
density_20_nback_1_id_36,36,density_20_nback_1,20,1,324.570861816,412.76114908799997,0.75,0.06047454018698736,3.464935920708664,0.309662759304,False,25.0015087128,25.0015087128,16.4974689484,8.504039764399998
density_20_nback_2_id_36,36,density_20_nback_2,20,2,38.3816947937,12.989829064492627,1.8000001907348633,0.10150924571768018,5.8160513611794995,0.296103894711,False,22.2554912567,22.2554912567,19.0805339813,3.1749572754000006
density_0_nback_0_id_37,37,density_0_nback_0,0,0,118.813285828,54.638575602163655,1.8999998569488525,0.05910865433120396,3.3866764258756605,0.206945300102,False,27.7605419159,27.7523193359,19.6931209564,8.067420959499998
density_0_nback_1_id_37,37,density_0_nback_1,0,1,,,,0.08060531082906845,4.618344116845773,0.0172480884939,False,18.7017669678,18.2888336182,17.5606555939,1.1411113738999994
density_0_nback_2_id_37,37,density_0_nback_2,0,2,28.0019340515,20.002972529027517,0.6500000953674316,0.06927168114899358,3.9689749696132774,0.199815347791,False,23.6596717834,23.0169525146,19.542257309,4.1174144744
density_10_nback_0_id_37,37,density_10_nback_0,10,0,15.0882520676,,0.0,0.051768698006579204,2.9661279066643065,0.0240991730243,True,26.9680175781,26.9680175781,16.3575515747,10.6104660034
density_10_nback_1_id_37,37,density_10_nback_1,10,1,268.479248047,137.01579916039606,1.8500001430511475,0.135190161690139,7.745825696536153,0.185244873166,False,27.7603149414,27.7211589813,17.3208084106,10.4395065308
density_10_nback_2_id_37,37,density_10_nback_2,10,2,25.9681129456,10.445822327329166,1.0499999523162842,0.33323312031238816,19.092851387875026,0.623657643795,False,24.8828659058,24.6950359344,4.10310220718,20.77976369862
density_20_nback_0_id_37,37,density_20_nback_0,20,0,192.342147827,131.36456322585258,1.3499999046325684,0.06449259617855395,3.695153570872683,0.166581749916,False,25.1844615936,25.1785125732,5.5559296608,19.628531932799998
density_20_nback_1_id_37,37,density_20_nback_1,20,1,277.373687744,437.2895490786353,0.5999999046325684,0.30469077783075055,17.457495626260236,1.07120132446,False,21.1873054504,20.886302948,13.133805275,8.0535001754
density_20_nback_2_id_37,37,density_20_nback_2,20,2,96.9588394165,546.3927838574313,0.14999985694885254,0.4441342440799707,25.447017723015488,0.883876204491,False,26.4795589447,26.4795589447,5.30027341843,21.17928552627
density_0_nback_0_id_38,38,density_0_nback_0,0,0,27.6563873291,84.37599599455363,0.14999985694885254,0.07469367461377105,4.2796323116925405,0.103034302592,False,27.7704219818,27.748916626,22.2030200958,5.567401885999999
density_0_nback_1_id_38,38,density_0_nback_1,0,1,51.2710952759,25.90792784432772,1.3999998569488525,0.11143992017760525,6.3850370954515645,0.21464651823,False,18.6649551392,19.0058689117,13.6195936203,5.0453615189
density_0_nback_2_id_38,38,density_0_nback_2,0,2,24.008939743,90.08948334602644,0.09999990463256836,0.10761778705344335,6.1660449986999355,0.276541590691,False,23.8579902649,23.8253688812,22.3841152191,1.4738750457999998
density_10_nback_0_id_38,38,density_10_nback_0,10,0,175.251785278,400.6293676775154,0.40000009536743164,0.05298229503004947,3.0356618941387916,0.198088169098,False,26.9390716553,26.9390716553,16.6700305939,10.2690410614
density_10_nback_1_id_38,38,density_10_nback_1,10,1,95.2285842896,40.1142921448,2.0,0.1550795044897103,8.885401096240502,0.279912739992,False,27.7538928986,27.7289409637,10.4025850296,17.351307869
density_10_nback_2_id_38,38,density_10_nback_2,10,2,27.1566295624,12.1566295624,1.0,0.12445731941385134,7.130879131925286,0.637664020061,False,24.8915672302,24.7043132782,10.6297445297,14.2618227005
density_20_nback_0_id_38,38,density_20_nback_0,20,0,178.914001465,163.914001465,1.0,0.1308345470675145,7.496267361474302,0.143631204963,False,25.1844806671,25.1785411835,17.2734584808,7.911022186300002
density_20_nback_1_id_38,38,density_20_nback_1,20,1,275.397979736,433.99670187525135,0.5999999046325684,0.05198766254801711,2.9786736507517158,0.238604545593,False,21.2203960419,20.8750286102,-0.0284842401743,21.2488802820743
density_20_nback_2_id_38,38,density_20_nback_2,20,2,80.2048873901,260.8195495604,0.25,0.6410315206236121,36.72840066658637,3.57973456383,False,26.4566726685,26.4566726685,2.19816207886,24.25851058964
density_0_nback_0_id_39,39,density_0_nback_0,0,0,259.482849121,148.17143655581458,1.6499998569488525,0.16931637435364605,9.701113652921011,0.51685911417,False,27.7655944824,27.7234382629,15.604683876,12.160910606400002
density_0_nback_1_id_39,39,density_0_nback_1,0,1,240.561386108,250.62380217780276,0.8999998569488525,0.11381520468150788,6.52113087266801,0.254423558712,False,18.6752986908,18.3340358734,10.5312290192,8.144069671599999
density_0_nback_2_id_39,39,density_0_nback_2,0,2,311.13772583,538.4322754626394,0.5499999523162842,0.42065607552166856,24.101817753928028,1.27887129784,False,23.6464595795,23.5285968781,11.6590805054,11.9873790741
density_10_nback_0_id_39,39,density_10_nback_0,10,0,21.9865245819,6.653831726459347,1.0500001907348633,0.052239223800010795,2.993087048779981,0.0193770416081,True,26.858751297,26.858751297,-0.00315754907206,26.861908846072062
density_10_nback_1_id_39,39,density_10_nback_1,10,1,47.2635574341,22.250728533174197,1.4500000476837158,0.4067548118141576,23.305334013589267,1.18679690361,False,27.7622909546,27.7591495514,4.02697610855,23.735314846050002
density_10_nback_2_id_39,39,density_10_nback_2,10,2,22.2784881592,12.130815526807865,0.5999999046325684,0.2363952264978763,13.544448775367476,0.905674517155,False,24.8685073853,24.698928833,12.2415523529,12.6269550324
density_20_nback_0_id_39,39,density_20_nback_0,20,0,35.1994247437,134.6627460083985,0.15000009536743164,0.06615955489197342,3.7906632697741762,0.0614336878061,False,25.1813259125,25.1773300171,-0.0363457649946,25.2176716774946
density_20_nback_1_id_39,39,density_20_nback_1,20,1,276.993225098,436.655271056604,0.6000001430511475,0.08843654841748852,5.0670409790264515,0.232799232006,False,21.2669467926,20.8423976898,-0.00226532109082,21.26921211369082
density_20_nback_2_id_39,39,density_20_nback_2,20,2,97.4105148315,549.4039561624423,0.14999985694885254,0.09013750601185615,5.164498670314442,0.495944797993,False,26.4761066437,26.4761066437,-0.00455854041502,26.48066518411502
density_0_nback_0_id_40,40,density_0_nback_0,0,0,37.3040504456,148.6938114428023,0.14999985694885254,0.23690389312363816,13.573593226202792,0.753966152668,False,27.7687759399,27.7674274445,23.6958808899,4.07289505
density_0_nback_1_id_40,40,density_0_nback_1,0,1,54.6891708374,36.081067525780675,1.0999999046325684,0.10971104392885264,6.28597978309763,0.173445567489,False,18.6843910217,18.3162994385,6.60966396332,12.074727058380002
density_0_nback_2_id_40,40,density_0_nback_2,0,2,18.0725498199,7.681372718368033,0.40000009536743164,0.5081518461974377,29.11495613889411,1.64223849773,False,23.649772644,22.2685909271,12.125500679,11.524271964999999
density_10_nback_0_id_40,40,density_10_nback_0,10,0,23.6908416748,4.345420837400001,2.0,0.055328268067616586,3.1700762480428732,0.0432516075671,True,27.0244884491,27.0244884491,18.0663070679,8.958181381200003
density_10_nback_1_id_40,40,density_10_nback_1,10,1,266.07522583,135.71632779222898,1.8500001430511475,0.38374189976606204,21.98679127892763,0.955786943436,False,27.7538852692,27.7292423248,12.6294116974,15.124473571800001
density_10_nback_2_id_40,40,density_10_nback_2,10,2,202.718429565,93.8592147825,2.0,0.29775147943857105,17.05990311560643,0.414027482271,False,24.8644828796,24.6971092224,3.86430263519,21.00018024441
density_20_nback_0_id_40,40,density_20_nback_0,20,0,36.5733833313,10.78669166565,2.0,0.08009388611508157,4.5890416391956395,0.0345221534371,False,25.1847133636,25.18110466,8.23949050903,16.945222854569998
density_20_nback_1_id_40,40,density_20_nback_1,20,1,295.284637451,373.7128499346666,0.75,0.3646909536806729,20.895252472503554,0.454048365355,False,21.2598609924,20.7021999359,3.40499901772,17.85486197468
density_20_nback_2_id_40,40,density_20_nback_2,20,2,80.2758636475,261.10345459,0.25,0.26779851674868344,15.34372476956305,0.515714406967,False,26.4557819366,26.4557819366,-0.0108164539561,26.4665983905561
density_0_nback_0_id_41,41,density_0_nback_0,0,0,36.9183082581,109.59164580523789,0.19999980926513672,0.09741686363001185,5.581575139401168,0.29505571723,False,27.7636184692,27.7554168701,19.4400119781,8.323606491100001
density_0_nback_1_id_41,41,density_0_nback_1,0,1,16.4067516327,,0.0,0.07991396753409209,4.57873306384896,0.0165984667838,False,18.68475914,18.2761478424,12.2833175659,6.4014415741000015
density_0_nback_2_id_41,41,density_0_nback_2,0,2,16.0649433136,21.298886584201117,0.04999995231628418,0.1505218267549508,8.624265397658036,0.474204897881,False,23.1290664673,23.1006851196,15.7298612595,7.3992052078
density_10_nback_0_id_41,41,density_10_nback_0,10,0,54.0436553955,19.52182769775,2.0,0.05240401305797395,3.0025287777703626,0.0187923572958,False,26.8184700012,26.8184700012,8.10496425629,18.71350574491
density_10_nback_1_id_41,41,density_10_nback_1,10,1,129.067504883,57.0337524415,2.0,0.3269294457181702,18.731677438202492,0.507459878922,False,27.7602272034,27.7545413971,12.339307785,15.420919418399999
density_10_nback_2_id_41,41,density_10_nback_2,10,2,62.2089309692,39.34077424440475,1.2000000476837158,0.0753159929851079,4.315288527883597,0.184052422643,False,24.8801708221,24.6926994324,14.2510070801,10.629163741999998
density_20_nback_0_id_41,41,density_20_nback_0,20,0,143.936126709,107.44678933570724,1.1999998092651367,0.06665757136713893,3.8191975119291417,0.0338956080377,False,25.1838932037,25.1811714172,15.7574567795,9.426436424199998
density_20_nback_1_id_41,41,density_20_nback_1,20,1,288.883209229,421.35872160784754,0.6500000953674316,0.11361848434741466,6.509859627780066,0.45562389493,False,21.2365093231,20.8094406128,5.07281732559,16.16369199751
density_20_nback_2_id_41,41,density_20_nback_2,20,2,96.5238571167,543.492899093219,0.14999985694885254,0.07767889054937108,4.450672585737619,0.3397744596,False,26.4800796509,26.4800796509,-0.000408531544963,26.48048818244496
density_0_nback_0_id_42,42,density_0_nback_0,0,0,36.1975593567,105.98789786143602,0.19999980926513672,0.1743982333297592,9.992282724332968,0.991888225079,False,27.7694854736,27.7656002045,23.921913147,3.847572326599998
density_0_nback_1_id_42,42,density_0_nback_1,0,1,22.9630680084,79.63075602580682,0.09999990463256836,0.08405202627180526,4.815826364897157,0.0168370548636,False,18.6509304047,18.2872257233,16.9240665436,1.7268638611
density_0_nback_2_id_42,42,density_0_nback_2,0,2,334.087646484,159.543823242,2.0,0.5141321155725852,29.457600334441402,0.986568450928,False,23.721244812,22.5535564423,5.25631523132,18.46492958068
density_10_nback_0_id_42,42,density_10_nback_0,10,0,27.7408351898,6.533761476023576,1.9500000476837158,0.052600753787707365,3.013801191242411,0.0208482798189,True,26.928571701,26.928571701,18.8112335205,8.117338180499999
density_10_nback_1_id_42,42,density_10_nback_1,10,1,124.019676208,72.67978413866668,1.5,0.21811153074960857,12.496870175090448,0.371923178434,False,27.7683162689,27.7390995026,8.61939048767,19.14892578123
density_10_nback_2_id_42,42,density_10_nback_2,10,2,25.4062347412,13.007794201824952,0.7999999523162842,0.29631958578368023,16.977861652469624,0.602870941162,False,24.8587398529,24.7111587524,7.71631240845,17.14242744445
density_20_nback_0_id_42,42,density_20_nback_0,20,0,311.13772583,257.5110445842027,1.1500000953674316,0.1043425298443171,5.978386583797205,0.114665403962,False,25.1817722321,25.1788215637,3.53262329102,21.64914894108
density_20_nback_1_id_42,42,density_20_nback_1,20,1,288.620330811,420.9542933318003,0.6500000953674316,0.14355541229079619,8.225119250523086,0.492042392492,False,21.2094593048,20.7322616577,0.314028322697,20.895430982103
density_20_nback_2_id_42,42,density_20_nback_2,20,2,81.3304901123,265.3219604492,0.25,0.07486662655427466,4.289541727941995,0.389234036207,False,26.4576854706,26.4576854706,-0.00885254144669,26.46653801204669
density_0_nback_0_id_43,43,density_0_nback_0,0,0,28.6553401947,68.27676608729821,0.19999980926513672,0.12185713697828816,6.981899652403469,0.705398440361,False,27.7653007507,27.746969223,22.6380996704,5.127201080300001
density_0_nback_1_id_43,43,density_0_nback_1,0,1,56.0563964844,51.32049866444009,0.7999999523162842,0.08115143348510527,4.649634640133157,0.0166082084179,False,18.6933250427,18.2834739685,10.2166814804,8.4766435623
density_0_nback_2_id_43,43,density_0_nback_2,0,2,23.6092357635,172.1848794782972,0.04999995231628418,0.1275134698045881,7.30598365087176,0.4827054739,False,23.4532909393,23.4210262299,20.7162303925,2.7370605467999987
density_10_nback_0_id_43,43,density_10_nback_0,10,0,23.556810379,8.556810379000002,1.0,0.054346418902772635,3.1138204347788703,0.0189354401082,True,26.8718986511,26.8718986511,9.98421669006,16.887681961040002
density_10_nback_1_id_43,43,density_10_nback_1,10,1,305.278167725,145.1390838625,2.0,0.09827102861254776,5.63051518790834,0.36743748188,False,27.7616653442,27.729932785,14.1109266281,13.650738716100001
density_10_nback_2_id_43,43,density_10_nback_2,10,2,25.2109489441,12.763686940900026,0.7999999523162842,0.08922384973442236,5.1121500216918525,0.34160014987,False,24.8595371246,24.7092685699,12.5518398285,12.307697296099999
density_20_nback_0_id_43,43,density_20_nback_0,20,0,330.425415039,350.4726462392487,0.9000000953674316,0.06726473101758633,3.853985197390416,0.23115837574,False,25.1763286591,25.1752262115,13.6318511963,11.544477462800002
density_20_nback_1_id_43,43,density_20_nback_1,20,1,288.377563477,420.5808051804444,0.6500000953674316,0.1896184573012471,10.864337321143068,0.405031174421,False,21.1963348389,20.8045768738,3.7975628376,17.3987720013
density_20_nback_2_id_43,43,density_20_nback_2,20,2,80.9660415649,263.8641662596,0.25,0.21748551649476747,12.461002200373025,0.760883152485,False,26.4552459717,26.4552459717,2.11964440346,24.335601568239998
density_0_nback_0_id_44,44,density_0_nback_0,0,0,37.6221160889,150.81425108701114,0.14999985694885254,0.08523692028896318,4.883715791250608,0.264351963997,False,27.7692165375,27.7661037445,24.9987010956,2.770515441899999
density_0_nback_1_id_44,44,density_0_nback_1,0,1,33.4971160889,21.76130938343497,0.8500001430511475,0.08872253898732108,5.083427031658399,0.143408507109,False,18.6572418213,18.3344993591,15.5938568115,3.063385009800001
density_0_nback_2_id_44,44,density_0_nback_2,0,2,36.9151878357,87.66075134280001,0.25,0.17665626131841605,10.12165819810542,0.704757809639,False,23.4545707703,23.267621994,21.2210006714,2.2335700988999996
density_10_nback_0_id_44,44,density_10_nback_0,10,0,19.5105037689,5.306474129179751,0.8500001430511475,0.07561097573485012,4.33218979447299,0.0572770163417,True,26.8600139618,26.8600139618,18.9283809662,7.931632995600001
density_10_nback_1_id_44,44,density_10_nback_1,10,1,90.6141815186,37.8070907593,2.0,0.08748501081715929,5.01252189047958,0.273054718971,False,27.7618484497,27.7299194336,14.9890899658,12.7727584839
density_10_nback_2_id_44,44,density_10_nback_2,10,2,25.6355476379,5.31777381895,2.0,0.10277177432646975,5.888388921977666,0.366543412209,False,24.8751411438,24.7092704773,14.5385417938,10.33659935
density_20_nback_0_id_44,44,density_20_nback_0,20,0,129.067504883,78.66724215989902,1.4500000476837158,0.10401808774394605,5.959797420749584,0.04199161008,False,25.1838035583,25.1802635193,16.7817134857,8.4020900726
density_20_nback_1_id_44,44,density_20_nback_1,20,1,298.42175293,377.89567057333335,0.75,0.1265800157164889,7.252500671254443,0.484262645245,False,21.2074069977,20.764125824,3.17094659805,18.03646039965
density_20_nback_2_id_44,44,density_20_nback_2,20,2,96.1128082275,540.7525705518381,0.14999985694885254,0.2262415442573448,12.962685636468084,0.357859075069,False,26.4831409454,26.4831409454,4.88254594803,21.60059499737
density_0_nback_0_id_45,45,density_0_nback_0,0,0,44.0727958679,193.81882395936776,0.14999985694885254,0.09884603978382238,5.663460901195251,0.465277016163,False,27.7676315308,27.7649650574,24.2583827972,3.5092487336
density_0_nback_1_id_45,45,density_0_nback_1,0,1,32.1745033264,28.624176760357035,0.5999999046325684,0.12539154624468685,7.184406386440044,0.327924400568,False,18.5722980499,18.5501499176,17.479259491,1.0930385588999982
density_0_nback_2_id_45,45,density_0_nback_2,0,2,45.0747909546,40.0997212728,0.75,0.1627566885212274,9.325271339791662,0.640898048878,False,23.9435081482,23.8784866333,21.78673172,2.1567764282000006
density_10_nback_0_id_45,45,density_10_nback_0,10,0,39.9914550781,13.15339674931281,1.9000000953674316,0.052121307492556584,2.9863309420270876,0.173305928707,True,26.8918056488,26.8918056488,18.6290340424,8.262771606399998
density_10_nback_1_id_45,45,density_10_nback_1,10,1,67.6778488159,35.11856587726667,1.5,0.1857598421765112,10.643254959730356,0.462468206882,False,27.761182785,27.7253856659,17.1647357941,10.596446990899999
density_10_nback_2_id_45,45,density_10_nback_2,10,2,66.6524276733,29.515672956171425,1.75,0.08610158197936711,4.9332572568174005,0.436063587666,False,24.8596019745,24.6837997437,15.4992179871,9.360383987399999
density_20_nback_0_id_45,45,density_20_nback_0,20,0,89.0760498047,47.79100134422744,1.5499999523162842,0.06666468983320659,3.819605369991425,0.0334311686456,False,25.1856765747,25.1814632416,13.9617700577,11.223906517
density_20_nback_1_id_45,45,density_20_nback_1,20,1,278.728118896,439.54693469077046,0.5999999046325684,0.24476363475060414,14.02392324949123,0.464100331068,False,21.1854724884,20.888753891,5.23981952667,15.945652961729998
density_20_nback_2_id_45,45,density_20_nback_2,20,2,80.6136550903,262.4546203612,0.25,0.094776155715178,5.430273720954395,0.703945577145,False,26.4538269043,26.4538269043,4.100710392,22.3531165123
density_0_nback_0_id_46,46,density_0_nback_0,0,0,20.2241420746,52.24147056734873,0.09999990463256836,0.13719311199698553,7.860586295692892,0.445950299501,True,27.7580127716,27.721944809,24.316204071,3.4418087005999993
density_0_nback_1_id_46,46,density_0_nback_1,0,1,100.868400574,45.19389277051291,1.9000000953674316,0.07424111409412895,4.253702503942801,0.0808798670769,False,18.6873512268,18.2747116089,9.55095481873,9.13639640807
density_0_nback_2_id_46,46,density_0_nback_2,0,2,26.5101222992,115.10133276118482,0.09999990463256836,0.16897931487170348,9.681801567160836,0.395170301199,False,27.7604694366,27.7241268158,22.659412384,5.101057052600002
density_10_nback_0_id_46,46,density_10_nback_0,10,0,20.1509857178,4.292487927598522,1.2000000476837158,0.05254592472001447,3.0106597170689713,0.0328777506948,True,26.9252948761,26.9252948761,19.2126636505,7.712631225599999
density_10_nback_1_id_46,46,density_10_nback_1,10,1,352.033752441,217.44113729638798,1.5499999523162842,0.076942480856204,4.408479418326622,0.175249949098,False,27.7561893463,27.7430534363,18.2537689209,9.5024204254
density_10_nback_2_id_46,46,density_10_nback_2,10,2,359.065216064,688.130432128,0.5,0.08576109525014869,4.913748804252971,0.211297050118,False,24.8843021393,24.6961078644,16.0378360748,8.8464660645
density_20_nback_0_id_46,46,density_20_nback_0,20,0,314.067504883,373.83440338601685,0.7999999523162842,0.07135224668309552,4.0881825937177005,0.213145762682,False,25.1817417145,25.1754951477,17.2508335114,7.9309082030999996
density_20_nback_1_id_46,46,density_20_nback_1,20,1,286.575683594,417.8086826902446,0.6500000953674316,0.13137002483428037,7.526947977533077,0.421570956707,False,21.2022590637,20.7130451202,3.39813637733,17.80412268637
density_20_nback_2_id_46,46,density_20_nback_2,20,2,81.3726119995,265.490447998,0.25,0.255838073208086,14.658441833582309,0.981991887093,False,26.4622802734,26.4622802734,1.16560947895,25.29667079445
density_0_nback_0_id_47,47,density_0_nback_0,0,0,42.4965019226,183.3101876355512,0.14999985694885254,0.0926090311257342,5.3061066283002445,0.465801626444,False,27.7677173615,27.7667808533,21.217004776,6.550712585500001
density_0_nback_1_id_47,47,density_0_nback_1,0,1,26.3191623688,75.46115442403153,0.14999985694885254,0.06990818287195788,4.005443831991937,0.0722994804382,False,18.6899089813,18.2796936035,16.3896522522,2.300256729099999
density_0_nback_2_id_47,47,density_0_nback_2,0,2,21.3362255096,42.24147654092582,0.15000009536743164,0.1121737398662432,6.427081866534123,0.692901492119,True,23.5740795135,23.1869277954,21.5192394257,2.054840087799999
density_10_nback_0_id_47,47,density_10_nback_0,10,0,17.0903644562,1.393576304133333,1.5,0.05084509675783736,2.9132094531583865,0.244673833251,True,26.6862335205,26.6862335205,18.1657314301,8.5205020904
density_10_nback_1_id_47,47,density_10_nback_1,10,1,201.646514893,103.6924972862365,1.8000001907348633,0.14908783355345265,8.54210363936174,0.340713977814,False,27.7627029419,27.7555160522,13.6859083176,14.0767946243
density_10_nback_2_id_47,47,density_10_nback_2,10,2,68.0196533203,26.509826660149997,2.0,0.12899937853232896,7.391119949712965,1.02461862564,False,24.8701095581,24.7018413544,13.5178670883,11.352242469800002
density_20_nback_0_id_47,47,density_20_nback_0,20,0,57.0818214417,21.58042072444377,1.9500000476837158,0.06599669405993498,3.7813320314503844,0.0500488951802,False,25.1801948547,25.1782093048,9.45519733429,15.724997520410001
density_20_nback_1_id_47,47,density_20_nback_1,20,1,276.276397705,435.46055901977894,0.6000001430511475,0.415858822818369,23.826955420771238,0.626072406769,False,21.2167263031,20.8045501709,5.22615098953,15.99057531357
density_20_nback_2_id_47,47,density_20_nback_2,20,2,52.365070343,43.95889888779891,0.8500001430511475,0.05849836823284823,3.3517096081443714,0.712191402912,False,26.5328235626,26.5014839172,-0.0459118522704,26.5787354148704
density_0_nback_0_id_48,48,density_0_nback_0,0,0,134.707321167,95.7658569336,1.25,0.09770300660870396,5.597969924417527,0.272210776806,False,27.7583446503,27.728055954,16.2321529388,11.526191711500001
density_0_nback_1_id_48,48,density_0_nback_1,0,1,119.83870697,232.9748796908712,0.4500000476837158,0.1383850093145842,7.92887698160426,0.542137861252,False,18.6824455261,18.2486228943,3.02557277679,15.65687274931
density_0_nback_2_id_48,48,density_0_nback_2,0,2,211.263626099,230.89840955198622,0.8499999046325684,0.1996634123652384,11.439870851708335,0.514758765697,False,23.73595047,23.6728439331,9.77033901215,13.965611457849999
density_10_nback_0_id_48,48,density_10_nback_0,10,0,15.4243440628,2.121722337432097,0.19999980926513672,0.052236742817943424,2.992944898978473,0.504177808762,True,26.8609046936,26.8609046936,17.2041931152,9.6567115784
density_10_nback_1_id_48,48,density_10_nback_1,10,1,190.511032104,100.29201834514286,1.75,0.10139286465586181,5.809383217522056,0.655291438103,False,27.7555580139,27.7358589172,-0.051165279001,27.806723292901
density_10_nback_2_id_48,48,density_10_nback_2,10,2,24.4764232635,12.635231017999999,0.75,0.09056433731396446,5.188954302489322,0.36208075285,False,24.8601341248,24.6444129944,4.52409887314,20.33603525166
density_20_nback_0_id_48,48,density_20_nback_0,20,0,341.900390625,225.4485378446731,1.4500000476837158,0.07167729563814922,4.106806526977415,0.0692121163011,False,25.1836719513,25.1805610657,0.75849634409,24.42517560721
density_20_nback_1_id_48,48,density_20_nback_1,20,1,275.464691162,434.1078876029238,0.5999999046325684,0.40366708302055376,23.128420185434745,2.18687105179,False,21.1523780823,20.8064842224,3.2165491581,17.9358289242
density_20_nback_2_id_48,48,density_20_nback_2,20,2,52.0689506531,39.01994609735156,0.9500000476837158,0.09268377200154634,5.310388965041392,0.474507510662,False,26.522983551,26.522983551,1.81200230122,24.710981249779998
density_0_nback_0_id_49,49,density_0_nback_0,0,0,45.4148368835,152.0743294468822,0.19999980926513672,0.06504610867116972,3.7268675006073324,0.217454597354,False,27.7650699615,27.7209453583,17.3538017273,10.411268234200001
density_0_nback_1_id_49,49,density_0_nback_1,0,1,,,,0.09200136716435789,5.271290047951181,0.0236122887582,False,18.6982707977,18.3063659668,14.1794929504,4.518777847300001
density_0_nback_2_id_49,49,density_0_nback_2,0,2,19.726556778,9.453113555999998,0.5,0.1382979742471296,7.9238902395694755,0.593080222607,False,23.6870880127,22.3778915405,19.2858943939,4.401193618799997
density_10_nback_0_id_49,49,density_10_nback_0,10,0,28.585931778,6.7929658889999995,2.0,0.053522207639423156,3.0665966079617992,0.0260309427977,True,27.0217247009,27.0217247009,-0.0239653196186,27.0456900205186
density_10_nback_1_id_49,49,density_10_nback_1,10,1,248.658828735,137.44638526518676,1.6999998092651367,0.3192743610788945,18.293073396556572,0.763545930386,False,27.7674217224,27.740940094,16.9507522583,10.816669464100002
density_10_nback_2_id_49,49,density_10_nback_2,10,2,71.2390365601,30.39948078876779,1.8499999046325684,0.0906625163593592,5.194579547427064,0.347074151039,False,24.8419494629,24.6933956146,11.9994220734,12.8425273895
density_20_nback_0_id_49,49,density_20_nback_0,20,0,313.33505249,165.7416782651576,1.8000001907348633,0.06619447778518447,3.7926642041635557,0.0352564193308,False,25.1828022003,25.1783676147,-0.0659810751677,25.248783275467698
density_20_nback_1_id_49,49,density_20_nback_1,20,1,288.009796143,420.0150093649959,0.6500000953674316,0.07213529628620217,4.133048031125106,0.242040395737,False,21.2306060791,20.7785930634,1.00265824795,20.22794783115
density_20_nback_2_id_49,49,density_20_nback_2,20,2,80.2941436768,261.1765747072,0.25,0.106480984967249,6.1009110370193325,0.242130368948,False,26.4595108032,26.4595108032,-0.0191278960556,26.4786386992556
density_0_nback_0_id_50,50,density_0_nback_0,0,0,51.2569046021,18.12845230105,2.0,0.055936369555273674,3.204917896801251,0.244658976793,False,27.7668704987,27.7539043427,17.3911247253,10.375745773400002
density_0_nback_1_id_50,50,density_0_nback_1,0,1,15.5145654678,,0.0,0.08398787030259738,4.812150498630975,0.0473803840578,False,18.6961860657,18.3054180145,15.1261062622,3.5700798035000005
density_0_nback_2_id_50,50,density_0_nback_2,0,2,205.770294189,200.81082590904595,0.9500000476837158,0.3116061150640928,17.85371526364042,0.83514881134,False,23.5328063965,22.8277645111,11.5395059586,11.9933004379
density_10_nback_0_id_50,50,density_10_nback_0,10,0,29.5307693481,8.303296770342858,1.75,0.052649798153555,3.016611226414376,0.0208198949695,True,26.9465122223,26.9465122223,19.3749542236,7.571557998700001
density_10_nback_1_id_50,50,density_10_nback_1,10,1,163.109329224,89.76323761499039,1.6499998569488525,0.1567479480353924,8.980995869763928,0.366084069014,False,27.7572021484,27.7448616028,15.1305885315,12.6266136169
density_10_nback_2_id_50,50,density_10_nback_2,10,2,82.2606582642,33.6303291321,2.0,0.07987179754231839,4.576316901298225,0.486824095249,False,24.8919696808,24.7043132782,13.3954620361,11.4965076447
density_20_nback_0_id_50,50,density_20_nback_0,20,0,70.6184539795,46.34870980785108,1.2000000476837158,0.06238495673690541,3.574394726130912,0.12427996099,False,25.1850223541,25.1816120148,17.3049278259,7.880094528200001
density_20_nback_1_id_50,50,density_20_nback_1,20,1,287.889831543,419.8304484689976,0.6500000953674316,0.5354443070945493,30.678698960824434,0.767969250679,False,21.1596355438,20.7578220367,4.55069828033,16.60893726347
density_20_nback_2_id_50,50,density_20_nback_2,20,2,94.2053833008,396.027294185059,0.19999980926513672,0.15901487676069806,9.110881318180914,0.298324286938,False,26.4461650848,26.4461650848,-0.0266563240439,26.4728214088439
density_0_nback_0_id_51,51,density_0_nback_0,0,0,36.244178772,141.62799354697992,0.14999985694885254,0.09914227526045921,5.680433943748588,0.422828406096,False,27.7642707825,27.7210712433,15.955280304,11.808990478499998
density_0_nback_1_id_51,51,density_0_nback_1,0,1,15.4750041962,,0.0,0.11596616788907368,6.644371986349453,0.0853622853756,False,18.7003936768,18.2862205505,16.7101688385,1.9902248383000014
density_0_nback_2_id_51,51,density_0_nback_2,0,2,19.3586845398,7.92488166852328,0.5499999523162842,0.09060399399843522,5.191226463138978,0.291801393032,False,23.6176586151,22.3894996643,21.424823761,2.1928348541000027
density_10_nback_0_id_51,51,density_10_nback_0,10,0,21.8636341095,5.279718739428161,1.2999999523162842,0.06379806954953027,3.6553601262701774,0.0308848880231,True,26.9628238678,26.9628238678,6.4393119812,20.5235118866
density_10_nback_1_id_51,51,density_10_nback_1,10,1,156.66053772,88.53784135226658,1.5999999046325684,0.16131286300527842,9.242546231374487,0.463855743408,False,27.7636508942,27.7534103394,11.1495714188,16.6140794754
density_10_nback_2_id_51,51,density_10_nback_2,10,2,54.3473625183,19.67368125915,2.0,0.15656333475478948,8.970418307943318,0.378383666277,False,24.8830795288,24.6959609985,12.7713489532,12.1117305756
density_20_nback_0_id_51,51,density_20_nback_0,20,0,201.497695923,177.61686132612567,1.0499999523162842,0.07024576686518737,4.024785970035159,0.131659194827,False,25.1799068451,25.1760044098,16.3095607758,8.870346069299998
density_20_nback_1_id_51,51,density_20_nback_1,20,1,295.423095703,373.89746093733334,0.75,0.262416429517567,15.035353886248826,0.927358210087,False,21.2612819672,20.6940288544,-0.0220983419567,21.283380309156698
density_20_nback_2_id_51,51,density_20_nback_2,20,2,81.4139709473,265.6558837892,0.25,0.06942287324596404,3.977637638665417,0.238008707762,False,26.4586868286,26.4586868286,2.32414531708,24.134541511520002
density_0_nback_0_id_52,52,density_0_nback_0,0,0,40.7332992554,171.55549197739987,0.14999985694885254,0.4136184548076013,23.69859178919813,1.09104883671,False,27.762424469,27.7520637512,22.0830078125,5.679416656499999
density_0_nback_1_id_52,52,density_0_nback_1,0,1,74.2074356079,91.08838252030405,0.6499998569488525,0.07953430457327368,4.556979978556623,0.0265145096928,False,18.707736969,18.3109531403,5.8976764679,12.810060501099999
density_0_nback_2_id_52,52,density_0_nback_2,0,2,82.9235229492,104.49775061188176,0.6499998569488525,0.4820189680115374,27.617652512312528,2.16016983986,False,23.5898914337,23.4632759094,8.67183589935,14.91805553435
density_10_nback_0_id_52,52,density_10_nback_0,10,0,20.9736480713,5.194476152970567,1.1500000953674316,0.05263625285097815,3.015835137744495,0.049373999238,True,26.9396591187,26.9396591187,5.64912700653,21.29053211217
density_10_nback_1_id_52,52,density_10_nback_1,10,1,201.253494263,98.02814995489848,1.9000000953674316,0.05224277925601242,2.993290761403119,0.151056855917,False,27.7580604553,27.7464332581,13.2306642532,14.5273962021
density_10_nback_2_id_52,52,density_10_nback_2,10,2,58.1072425842,21.5536212921,2.0,0.325200979941154,18.632643644146665,1.24706161022,False,24.8611183167,24.7187423706,14.2230453491,10.638072967600001
density_20_nback_0_id_52,52,density_20_nback_0,20,0,177.693252563,154.9459266756284,1.0500001907348633,0.06663612369448105,3.817968650805467,0.0457126386464,False,25.181848526,25.1781902313,6.41678714752,18.76506137848
density_20_nback_1_id_52,52,density_20_nback_1,20,1,277.377502441,437.2957331422393,0.6000001430511475,0.11507651748970324,6.593398773223399,0.928642630577,False,21.2403335571,20.8583698273,-0.0223707668483,21.262704323948302
density_20_nback_2_id_52,52,density_20_nback_2,20,2,96.078086853,405.3903376124117,0.20000004768371582,0.14472485581657396,8.29212342892905,0.979126930237,False,26.4821739197,26.4821739197,-0.0245106443763,26.5066845640763
density_0_nback_0_id_53,53,density_0_nback_0,0,0,24.0997562408,60.6650994600806,0.14999985694885254,0.2553592457583579,14.631007041597876,1.27301728725,False,27.7641048431,27.7425765991,22.7122707367,5.051834106400001
density_0_nback_1_id_53,53,density_0_nback_1,0,1,240.351531982,409.73009367173336,0.5499999523162842,0.10018198584247898,5.74000497201341,0.0802568569779,False,18.7246170044,18.3041133881,17.6733016968,1.0513153075999995
density_0_nback_2_id_53,53,density_0_nback_2,0,2,24.3475379944,93.47524622658767,0.10000014305114746,0.17809856215917086,10.20429594906884,0.538100302219,False,23.4060974121,23.3959255219,21.4503383636,1.9557590484999992
density_10_nback_0_id_53,53,density_10_nback_0,10,0,21.9980621338,4.826249588735509,1.4500000476837158,0.052443056967802104,3.0047658290192047,0.0669240802526,True,26.906003952,26.906003952,17.3636665344,9.542337417599999
density_10_nback_1_id_53,53,density_10_nback_1,10,1,94.203163147,39.6015815735,2.0,0.14285557911137067,8.185021762978783,0.371212184429,False,27.7603168488,27.721200943,15.1072978973,12.653018951499998
density_10_nback_2_id_53,53,density_10_nback_2,10,2,20.7897605896,11.5795211792,0.5,0.13177271922558423,7.550020666588378,0.331274420023,False,24.8566932678,24.7080516815,16.291311264,8.5653820038
density_20_nback_0_id_53,53,density_20_nback_0,20,0,157.266616821,203.23801018550927,0.7000000476837158,0.06537139733125923,3.745505167953927,0.111113756895,False,25.1854114532,25.1821556091,17.4531497955,7.7322616577000005
density_20_nback_1_id_53,53,density_20_nback_1,20,1,218.235137939,406.470275878,0.5,0.08269356350059832,4.737992181481354,0.384113520384,False,21.2329826355,20.9120616913,2.72327113152,18.50971150398
density_20_nback_2_id_53,53,density_20_nback_2,20,2,97.9033126831,552.6892783062364,0.14999985694885254,0.13108866090652643,7.510827011965553,0.469365894794,False,26.4757099152,26.4757099152,23.992515564,2.483194351199998
density_0_nback_0_id_54,54,density_0_nback_0,0,0,45.5327911377,152.66410128033243,0.19999980926513672,0.08039068332661183,4.606046866787574,0.358825355768,False,27.7653217316,27.7232894897,23.527973175,4.237348556600001
density_0_nback_1_id_54,54,density_0_nback_1,0,1,15.3859014511,,0.0,0.11165004007906579,6.397076078996958,0.15478682518,False,18.6579456329,18.2720680237,17.0255088806,1.6324367522999985
density_0_nback_2_id_54,54,density_0_nback_2,0,2,24.3129901886,93.1297686627973,0.10000014305114746,0.17497609690638885,10.025391868408182,0.540625035763,False,23.6620750427,23.6510429382,21.6163921356,2.045682907099998
density_10_nback_0_id_54,54,density_10_nback_0,10,0,17.0741939545,2.5927425976645018,0.7999999523162842,0.0602437666201171,3.451713569303818,0.0248094052076,True,26.9727458954,26.9727458954,17.6569957733,9.315750122099999
density_10_nback_1_id_54,54,density_10_nback_1,10,1,74.7201461792,33.17785547279237,1.8000001907348633,0.19966266378710215,11.439827961340491,0.914368927479,False,27.7613697052,27.7294368744,14.5156164169,13.2457532883
density_10_nback_2_id_54,54,density_10_nback_2,10,2,16.5368423462,3.4152066613310574,0.4499998092651367,0.09065922516341711,5.194390975790031,0.480498999357,False,24.8714466095,24.702835083,13.0641002655,11.807346344
density_20_nback_0_id_54,54,density_20_nback_0,20,0,271.6902771,394.9082055262645,0.6499998569488525,0.06729685200231474,3.8558255942491577,0.217534571886,False,25.1817913055,25.1793670654,16.6680984497,8.513692855799999
density_20_nback_1_id_54,54,density_20_nback_1,20,1,293.365844727,371.154459636,0.75,0.21646325097561062,12.402430700583588,1.13504350185,False,21.2406711578,20.7512874603,14.2126235962,7.028047561600001
density_20_nback_2_id_54,54,density_20_nback_2,20,2,92.9128189087,389.56446606112587,0.19999980926513672,0.2874759387373709,16.471158001212764,0.80655670166,False,26.4456653595,26.4456653595,5.97082233429,20.47484302521
density_0_nback_0_id_55,55,density_0_nback_0,0,0,135.73274231,68.99013846285713,1.75,0.11106741614591577,6.36369418658415,0.49795717001,False,27.760881424,27.751537323,17.2080821991,10.5527992249
density_0_nback_1_id_55,55,density_0_nback_1,0,1,37.5988044739,41.08873896938864,0.5499999523162842,0.08098148691810528,4.63989741910132,0.0162471570075,False,18.7015266418,18.286813736,14.5429039001,4.1586227417
density_0_nback_2_id_55,55,density_0_nback_2,0,2,159.830169678,107.28159580092195,1.3500001430511475,0.2641425470598825,15.134253136366999,0.510848701,False,23.6495456696,22.8902587891,13.522646904,10.126898765599998
density_10_nback_0_id_55,55,density_10_nback_0,10,0,30.047794342,9.119876149459847,1.6499998569488525,0.050752061088317375,2.9078789019507174,0.0107717234641,False,26.712770462,26.712770462,19.4480724335,7.264698028500003
density_10_nback_1_id_55,55,density_10_nback_1,10,1,184.281661987,96.73237827828572,1.75,0.15196316776551524,8.7068481544025,0.368281364441,False,27.7577571869,27.7450122833,14.458486557,13.2992706299
density_10_nback_2_id_55,55,density_10_nback_2,10,2,62.4558486938,23.7279243469,2.0,0.31621486281915134,18.117777058845668,0.899153590202,False,24.8457736969,24.693813324,12.2051334381,12.6406402588
density_20_nback_0_id_55,55,density_20_nback_0,20,0,52.6383247375,83.64071277600004,0.4500000476837158,0.06838879295575923,3.9183892023590183,0.0904275178909,False,25.1826515198,25.1795902252,18.5970077515,6.585643768299999
density_20_nback_1_id_55,55,density_20_nback_1,20,1,297.7918396,377.05578613333336,0.75,0.10281918049418211,5.891105095310473,0.592901349068,False,21.2297039032,20.7202167511,0.585572183132,20.644131720068
density_20_nback_2_id_55,55,density_20_nback_2,20,2,96.7279129028,544.8532722979053,0.14999985694885254,0.07404568858437914,4.242505447024944,0.489614874125,False,26.479352951,26.479352951,-0.0657341703773,26.5450871213773
density_0_nback_0_id_56,56,density_0_nback_0,0,0,41.5822067261,66.45554058160333,0.39999985694885254,0.12042188291516841,6.899665652057704,0.660016953945,False,27.7599086761,27.720489502,24.3603076935,3.399600982599999
density_0_nback_1_id_56,56,density_0_nback_1,0,1,156.95652771,567.82611084,0.25,0.07179016188574214,4.113273286613968,0.159242659807,False,18.694519043,17.9120693207,17.903427124,0.7910919189999994
density_0_nback_2_id_56,56,density_0_nback_2,0,2,34.1807289124,95.90362169679479,0.20000004768371582,0.18887707130257836,10.821859032429257,0.603412389755,False,23.5687122345,23.3815746307,22.2766304016,1.2920818329000028
density_10_nback_0_id_56,56,density_10_nback_0,10,0,16.7036685944,3.7859298086062196,0.4500000476837158,0.06308865402578302,3.6147136108383977,0.0422034785151,False,26.6744918823,26.6744918823,18.3271102905,8.347381591800001
density_10_nback_1_id_56,56,density_10_nback_1,10,1,204.682022095,105.3788899975399,1.8000001907348633,0.2547957285469378,14.598719883700525,0.536877632141,False,27.7564373016,27.7223434448,15.8878126144,11.868624687199999
density_10_nback_2_id_56,56,density_10_nback_2,10,2,113.610160828,53.30279238451374,1.8499999046325684,0.0596264254203729,3.4163425240389325,0.262161523104,False,24.8686828613,24.7006034851,16.0348110199,8.8338718414
density_20_nback_0_id_56,56,density_20_nback_0,20,0,49.5891342163,230.594081500898,0.15000009536743164,0.06707554502951,3.8431456387306304,0.0343836992979,False,25.1821136475,25.180141449,13.6035928726,11.5785207749
density_20_nback_1_id_56,56,density_20_nback_1,20,1,282.444732666,382.06387778253514,0.7000000476837158,0.3109056252821337,17.813580155542127,0.639388382435,False,21.2103462219,20.6888942719,11.6711807251,9.5391654968
density_20_nback_2_id_56,56,density_20_nback_2,20,2,82.1622314453,268.6489257812,0.25,0.5449131452412157,31.2212234235209,1.38512516022,False,26.4648723602,26.4648723602,3.10320401192,23.361668348280002
density_0_nback_0_id_57,57,density_0_nback_0,0,0,46.8197593689,159.09894857308103,0.19999980926513672,0.35674675181529736,20.440083234017578,1.05531919003,False,27.7633266449,27.7539710999,22.4809017181,5.282424926800001
density_0_nback_1_id_57,57,density_0_nback_1,0,1,15.404548645,,0.0,0.08736884574360003,5.0058661220378085,0.0170618910342,False,18.6570186615,18.2693595886,11.3213539124,7.335664749100001
density_0_nback_2_id_57,57,density_0_nback_2,0,2,23.6224918365,86.22479501944133,0.10000014305114746,0.33149649103933104,18.99334985994998,0.815053224564,False,23.3317489624,23.3104457855,19.4858379364,3.8459110259999996
density_10_nback_0_id_57,57,density_10_nback_0,10,0,24.6501846313,5.848596408202655,1.6500000953674316,0.051829930235587116,2.9696362549566384,0.0895795375109,True,26.8729133606,26.8729133606,19.4326705933,7.440242767299999
density_10_nback_1_id_57,57,density_10_nback_1,10,1,142.397994995,63.6989974975,2.0,0.1658596590861464,9.503058457114845,0.428951829672,False,27.7567939758,27.74269104,7.96291160583,19.79388236997
density_10_nback_2_id_57,57,density_10_nback_2,10,2,19.041135788,13.470454767737785,0.2999999523162842,0.26251932811977235,15.04124954187299,0.804344236851,False,24.8665542603,24.7019004822,10.3108692169,14.555685043399999
density_20_nback_0_id_57,57,density_20_nback_0,20,0,329.937133789,196.8356910196428,1.6000001430511475,0.06732433451045736,3.8574002259761637,0.0339904725552,False,25.1820774078,25.1775074005,8.90323543549,16.27884197231
density_20_nback_1_id_57,57,density_20_nback_1,20,1,278.73626709,439.5605150162623,0.5999999046325684,0.33607902550636,19.25590974438397,0.63417673111,False,21.2363128662,20.7904472351,3.2321805954,18.0041322708
density_20_nback_2_id_57,57,density_20_nback_2,20,2,96.6512756348,544.3423566906582,0.14999985694885254,0.24665883518884593,14.132510235933827,0.793307363987,False,26.480670929,26.480670929,20.4240837097,6.056587219299999
