trial_id,participant_id,scenario_id,density,nback,total_samples,duration_s,dt_mean,dt_std,is_strictly_monotonic,has_duplicate_timestamps,has_tor_request,tor_request_time,has_manual_start,manual_start_time,has_manual_stop,manual_stop_time,delta_t_manual_start,bf_min,bf_max,acc_min,acc_max,st_min_rad,st_max_rad,min_obstacle_distance,has_lane_change,lane_change_time,collision_outcome,usable_status,reason_code
density_0_nback_0_id_1,1,density_0_nback_0,0,0,1490,74.45000004768372,0.05000000003202398,9.539144123138702e-08,True,False,True,29.4505939484,True,30.7497577667,True,44.30078125,1.2991638182999985,0.0,236.288803101,0.0,1.0,-0.209618031979,0.127516016364,-855.053100586,True,34.4999809265,False,USABLE_FULL,NONE
density_0_nback_1_id_1,1,density_0_nback_1,0,1,1707,85.29999995231628,0.0499999999720494,9.53464622927543e-08,True,False,True,34.1994094849,True,35.8501243591,True,55.1498794556,1.6507148741999984,0.0,232.626571655,0.0,1.0,-0.322096556425,0.301485717297,-764.362426758,True,45.0000305176,False,USABLE_FULL,NONE
density_0_nback_2_id_1,1,density_0_nback_2,0,2,1585,79.20000004768372,0.05000000003010335,9.539000173565314e-08,True,False,False,,True,30.9499511719,True,49.0499191284,,0.0,353.889282227,0.0,1.0,-0.207190334797,0.222673654556,-965.66394043,True,36.5991134644,False,USABLE_PREEMPTIVE,PREEMPTIVE_TAKEOVER_NO_TOR_ISSUED
density_10_nback_0_id_1,1,density_10_nback_0,10,0,1519,75.90000009536743,0.050000000062824394,9.541451761980902e-08,True,False,True,21.1491756439,True,22.0001220703,True,45.750213623,0.8509464264000002,0.0,307.719665527,0.0,1.0,-0.225536361337,0.218119502068,-828.024902344,True,25.5491752625,False,USABLE_FULL,NONE
density_10_nback_1_id_1,1,density_10_nback_1,10,1,1575,78.70000004768372,0.05000000003029461,9.539014508144553e-08,True,False,True,26.0495834351,True,27.5499267578,True,48.5500221252,1.500343322700001,0.0,395.678588867,0.0,1.0,-0.313037455082,0.388300657272,-1030.78100586,True,32.949131012,False,USABLE_FULL,NONE
density_10_nback_2_id_1,1,density_10_nback_2,10,2,1537,76.79999995231628,0.04999999996895591,9.534414067941206e-08,True,False,True,26.8994789124,True,29.1990127563,True,46.699836731,2.299533843900001,0.0,79.3345413208,0.0,1.0,-0.225549951196,0.423775047064,-768.989624023,True,31.6989536285,False,USABLE_FULL,NONE
density_20_nback_0_id_1,1,density_20_nback_0,20,0,2107,105.29999995231628,0.04999999997735816,9.535044605994625e-08,True,False,False,,True,47.7006225586,True,75.1998901367,,0.0,391.076385498,0.0,1.0,-0.219317957759,0.342279851437,-990.431396484,True,62.950668335,False,USABLE_PREEMPTIVE,PREEMPTIVE_TAKEOVER_NO_TOR_ISSUED
density_20_nback_1_id_1,1,density_20_nback_1,20,1,1613,80.59999990463257,0.04999999994083906,9.53230322518321e-08,True,False,True,24.0501327515,True,25.0493030548,True,50.4500007629,0.9991703032999979,0.0,382.790313721,0.0,1.0,-0.37439852953,0.546497225761,-729.590332031,True,36.3501396179,False,USABLE_FULL,NONE
density_20_nback_2_id_1,1,density_20_nback_2,20,2,2078,103.84999990463257,0.04999999995408405,9.533297739963854e-08,True,False,True,49.2505111694,True,51.1003799438,True,73.7498168945,1.8498687744000009,0.0,400.0,0.0,1.0,-0.233220085502,0.360736101866,-1042.34313965,True,62.5005531311,False,USABLE_FULL,NONE
density_0_nback_0_id_2,2,density_0_nback_0,0,0,1340,66.95000004768372,0.05000000003561144,9.539412983333684e-08,True,False,True,29.4496879578,True,31.3002529144,True,36.7997779846,1.850564956600003,0.0,75.555847168,0.0,1.0,-0.209676340222,0.172098681331,-688.243286133,True,35.3997192383,False,USABLE_FULL,NONE
density_0_nback_1_id_2,2,density_0_nback_1,0,1,1427,71.29999995231628,0.04999999996656121,9.534234338513452e-08,True,False,True,34.1507377625,True,35.7000198364,True,41.1505966187,1.5492820739000024,0.0,315.477386475,0.0,1.0,-0.524739027023,0.320740997791,-441.630615234,True,40.45054245,False,USABLE_FULL,NONE
density_0_nback_2_id_2,2,density_0_nback_2,0,2,1574,78.65000009536743,0.050000000060627735,9.541287234683967e-08,True,False,True,31.7504806519,True,33.7009391785,True,48.549987793,1.950458526600002,0.0,109.011962891,0.0,1.0,-0.321632504463,0.127516016364,-1036.32458496,True,37.5504341125,False,USABLE_FULL,NONE
density_10_nback_0_id_2,2,density_10_nback_0,10,0,1263,63.09999990463257,0.049999999924431514,9.531070846571782e-08,True,False,True,21.1500549316,True,22.8507518768,True,33.0001487732,1.7006969452000007,0.0,341.641357422,0.0,1.0,-0.17145113647,0.133508309722,-676.710693359,True,26.3504753113,False,USABLE_FULL,NONE
density_10_nback_1_id_2,2,density_10_nback_1,10,1,1396,69.75,0.05,9.5367431640625e-08,True,False,True,26.0996818542,True,27.9505653381,True,39.6497344971,1.8508834838999988,0.0,155.967025757,0.0,1.0,-0.198191568255,0.161312550306,-922.999633789,True,32.199672699,False,USABLE_FULL,NONE
density_10_nback_2_id_2,2,density_10_nback_2,10,2,1402,70.04999995231628,0.04999999996596451,9.534189553388897e-08,True,False,True,26.9500465393,True,28.8500213623,True,39.9493522644,1.8999748230000009,0.0,90.6141815186,0.0,1.0,-0.309184193611,0.248800054193,-656.565063477,True,33.2500076294,False,USABLE_FULL,NONE
density_20_nback_0_id_2,2,density_20_nback_0,20,0,1865,93.20000004768372,0.050000000025581394,9.53866123252513e-08,True,False,True,48.6503601074,True,50.3499107361,True,63.0504188538,1.6995506287000026,0.0,105.482803345,0.0,1.0,-0.219317957759,0.239452064037,-933.503417969,True,55.1497993469,False,USABLE_FULL,NONE
density_20_nback_1_id_2,2,density_20_nback_1,20,1,1359,67.90000009536743,0.05000000007022638,9.542006105125756e-08,True,False,True,24.1002006531,True,26.1002388,True,37.8000640869,2.0000381468999997,0.0,325.240631104,0.0,1.0,-0.203945830464,0.156238347292,-660.637695312,True,29.9002952576,False,USABLE_FULL,NONE
density_20_nback_2_id_2,2,density_20_nback_2,20,2,1833,91.59999990463257,0.04999999994794354,9.532836708849643e-08,True,False,True,49.1505775452,True,51.1499481201,True,61.4508857727,1.9993705748999986,0.0,151.951919556,0.0,1.0,-0.15795686841,0.178090974689,-773.496765137,True,54.9009208679,False,USABLE_FULL,NONE
density_0_nback_0_id_3,3,density_0_nback_0,0,0,1372,68.54999995231628,0.049999999965219755,9.534133654462483e-08,True,False,True,29.4497470856,True,30.050037384,True,38.4494438171,0.6002902984000009,0.0,76.7798233032,0.0,1.0,-0.209673315287,0.165866702795,-762.299682617,True,34.3491439819,False,USABLE_FULL,NONE
density_0_nback_1_id_3,3,density_0_nback_1,0,1,1579,78.90000009536743,0.05000000006043563,9.541272845989847e-08,True,False,True,34.1989974976,True,36.4500350952,True,48.7999954224,2.2510375976000034,0.0,220.18901062,0.0,1.0,-0.493415683508,0.321972966194,-628.204101562,True,41.099861145,False,USABLE_FULL,NONE
density_0_nback_2_id_3,3,density_0_nback_2,0,2,1511,75.5,0.05,9.5367431640625e-08,True,False,False,,True,30.5995292664,True,45.3500137329,,0.0,76.7874069214,0.0,1.0,-0.429504215717,0.312529563904,-920.1015625,True,34.1990356445,False,USABLE_PREEMPTIVE,PREEMPTIVE_TAKEOVER_NO_TOR_ISSUED
density_10_nback_0_id_3,3,density_10_nback_0,10,0,1233,61.59999990463257,0.04999999992259137,9.530932605127777e-08,True,False,True,21.1001586914,True,23.0999031067,True,31.4999065399,1.9997444153000004,0.0,77.8017807007,0.0,1.0,-0.209314674139,0.0951576307416,-726.486083984,True,26.4501438141,False,USABLE_FULL,NONE
density_10_nback_1_id_3,3,density_10_nback_1,10,1,1375,68.70000004768372,0.050000000034704305,9.539345000612286e-08,True,False,True,26.0496120453,True,28.8998889923,True,38.59948349,2.8502769469999976,0.0,263.936859131,0.0,1.0,-0.833442986012,0.569903790951,-867.26550293,True,32.6498756409,False,USABLE_FULL,NONE
density_10_nback_2_id_3,3,density_10_nback_2,10,2,1446,72.25,0.05,9.5367431640625e-08,True,False,True,26.9498748779,True,27.2995510101,True,42.1000061035,0.34967613219999905,0.0,226.522872925,0.0,1.0,-0.217311158776,0.147410437465,-693.390258789,True,35.1497879028,False,USABLE_FULL,NONE
density_20_nback_0_id_3,3,density_20_nback_0,20,0,2107,105.29999995231628,0.04999999997735816,9.535044605994625e-08,True,False,True,48.6500968933,True,50.1505622864,True,75.1506958008,1.5004653931000007,0.0,393.249298096,0.0,1.0,-0.466440171003,0.629190862179,-784.66015625,True,71.3505477905,False,USABLE_FULL,NONE
density_20_nback_1_id_3,3,density_20_nback_1,20,1,1335,66.70000004768372,0.05000000003574492,9.539422986246252e-08,True,False,True,24.050037384,True,24.6998062134,True,36.5494689941,0.6497688293999992,0.0,386.208374023,0.0,1.0,-0.248560354114,0.218119502068,-647.102539062,True,31.449760437,False,USABLE_FULL,NONE
density_20_nback_2_id_3,3,density_20_nback_2,20,2,1810,90.45000004768372,0.05000000002635916,9.538719531804513e-08,True,False,True,49.1500968933,True,50.8502159119,True,60.2998695374,1.7001190185999988,0.0,147.157714844,0.0,1.0,-0.260975033045,0.220995798707,-857.926940918,True,55.7500152588,False,USABLE_FULL,NONE
density_0_nback_0_id_4,4,density_0_nback_0,0,0,1438,71.84999990463257,0.049999999933634354,9.531762130730901e-08,True,False,True,29.449836731,True,30.3494987488,True,41.7004318237,0.8996620177999972,0.0,74.9346923828,0.0,1.0,-0.210233286023,0.189510673285,-823.381469727,True,33.5498657227,False,USABLE_FULL,NONE
density_0_nback_1_id_4,4,density_0_nback_1,0,1,1595,79.70000004768372,0.050000000029914504,9.538986018784015e-08,True,False,True,34.1995201111,True,37.2995643616,True,49.5995483398,3.100044250499998,0.0,260.992553711,0.0,1.0,-0.314536184072,0.31123816967,-632.543579102,True,41.1491508484,False,USABLE_FULL,NONE
density_0_nback_2_id_4,4,density_0_nback_2,0,2,1584,79.15000009536743,0.05000000006024474,9.541258548131017e-08,True,False,True,31.7500667572,True,32.1499061584,True,49.0496368408,0.3998394012000013,0.0,76.1140975952,0.0,1.0,-0.309874564409,0.125838175416,-978.421142578,True,35.650062561,False,USABLE_FULL,NONE
density_10_nback_0_id_4,4,density_10_nback_0,10,0,1227,61.299999952316284,0.04999999996110627,9.533824894537304e-08,True,False,True,21.1507015228,True,23.4501590729,True,31.1996212006,2.2994575501000014,0.0,75.3095550537,0.0,1.0,-0.209315523505,0.144294440746,-722.20703125,True,26.5001392365,False,USABLE_FULL,NONE
density_10_nback_1_id_4,4,density_10_nback_1,10,1,1361,68.0,0.05,9.536743164062499e-08,True,False,True,26.0501880646,True,29.8000545502,True,37.9000396729,3.7498664855999984,0.0,271.341369629,0.0,1.0,-0.368220120668,0.422097206116,-838.389892578,True,31.9500617981,False,USABLE_FULL,NONE
density_10_nback_2_id_4,4,density_10_nback_2,10,2,1377,68.79999995231628,0.04999999996534614,9.534143140281876e-08,True,False,True,26.8999919891,True,29.3500671387,True,38.7003517151,2.4500751496,0.0,76.4963760376,0.0,1.0,-0.293566018343,0.19906771183,-636.265991211,True,32.59998703,False,USABLE_FULL,NONE
density_20_nback_0_id_4,4,density_20_nback_0,20,0,1890,94.45000004768372,0.05000000002524284,9.538635854816315e-08,True,False,True,48.6501960754,True,49.3503913879,True,64.3003234863,0.7001953125,0.0,25.2325839996,0.0,0.705583572388,-0.216201975942,0.165866702795,-964.239318848,True,52.2001876831,False,USABLE_FULL,NONE
density_20_nback_1_id_4,4,density_20_nback_1,20,1,1639,81.90000009536743,0.050000000058221875,9.541107029062571e-08,True,False,True,24.0500888824,True,26.1500282288,True,51.750125885,2.0999393463999994,0.0,325.437072754,0.0,1.0,-0.231644883752,0.111501090229,-858.644287109,True,31.1499404907,False,USABLE_FULL,NONE
density_20_nback_2_id_4,4,density_20_nback_2,20,2,1850,92.45000004768372,0.05000000002578892,9.538676788460022e-08,True,False,True,49.15001297,True,50.9504241943,True,62.3003311157,1.8004112242999994,0.0,159.893600464,0.0,1.0,-0.131392151117,0.212304517627,-911.531433105,True,54.3006248474,False,USABLE_FULL,NONE
density_0_nback_0_id_5,5,density_0_nback_0,0,0,1318,65.84999990463257,0.04999999992758737,9.531307918933862e-08,True,False,True,29.4498996735,True,31.3998680115,True,35.7499809265,1.9499683380000015,0.0,76.8097610474,0.0,1.0,-1.02659976482,0.273248612881,-707.369750977,True,34.1999778748,False,USABLE_FULL,NONE
density_0_nback_1_id_5,5,density_0_nback_1,0,1,1695,84.70000004768372,0.05000000002814859,9.538853659561581e-08,True,False,True,34.1992645264,True,36.5993156433,True,54.5498008728,2.400051116900002,0.0,251.343490601,0.0,1.0,-0.488007634878,0.308463960886,-939.680419922,True,41.7497711182,False,USABLE_FULL,NONE
density_0_nback_2_id_5,5,density_0_nback_2,0,2,1740,86.95000004768372,0.050000000027420194,9.53879906274917e-08,True,False,True,31.7998714447,True,33.5998802185,True,56.8498802185,1.8000087737999984,0.0,121.889556885,0.0,1.0,-0.233428865671,0.317831277847,-1199.64672852,True,38.4500389099,False,USABLE_FULL,NONE
density_10_nback_0_id_5,5,density_10_nback_0,10,0,1457,72.79999995231628,0.04999999996725019,9.534286049841754e-08,True,False,True,21.100194931,True,23.3003635406,True,42.7002258301,2.2001686095999986,0.0,92.3087539673,0.0,1.0,-0.382512927055,0.186371609569,-813.981933594,True,27.1997432709,False,USABLE_FULL,NONE
density_10_nback_1_id_5,5,density_10_nback_1,10,1,1529,76.40000009536743,0.050000000062413244,9.541420967550706e-08,True,False,True,26.049654007,True,28.6995182037,True,46.3000259399,2.6498641966999976,0.0,280.941375732,0.0,1.0,-0.193191558123,0.242568060756,-978.815673828,True,33.7498893738,False,USABLE_FULL,NONE
density_10_nback_2_id_5,5,density_10_nback_2,10,2,1548,77.34999990463257,0.04999999993835331,9.532116547477078e-08,True,False,True,26.9501018524,True,29.5502166748,True,47.2501945496,2.600114822400002,0.0,90.5481414795,0.0,1.0,-0.254552662373,0.265578478575,-778.209106445,True,35.0498352051,False,USABLE_FULL,NONE
density_20_nback_0_id_5,5,density_20_nback_0,20,0,2175,108.70000004768372,0.05000000002193363,9.538387792421182e-08,True,False,True,48.5999717712,True,50.2495574951,True,78.549987793,1.649585723899996,0.0,148.550521851,0.0,1.0,-0.27756306529,0.412988901138,-1040.22509766,True,65.0500183105,False,USABLE_FULL,NONE
density_20_nback_1_id_5,5,density_20_nback_1,20,1,3760,187.95000004768372,0.05000000001268521,9.537694423232441e-08,True,False,True,24.100276947,True,26.2999382019,True,157.850021362,2.1996612549000005,0.0,322.637695312,0.0,1.0,-0.380390822887,0.423775047064,-1531.51220703,True,35.5999832153,False,USABLE_FULL,NONE
density_20_nback_2_id_5,5,density_20_nback_2,20,2,2124,106.15000009536743,0.05000000004492107,9.540110591831464e-08,True,False,True,49.1502609253,True,51.2002105713,True,76.0003890991,2.0499496459999946,0.0,260.093231201,0.0,1.0,-0.443429768085,0.844194412231,-922.605895996,True,64.9999847412,False,USABLE_FULL,NONE
density_0_nback_0_id_6,6,density_0_nback_0,0,0,1447,72.29999995231628,0.04999999996702371,9.534269051229117e-08,True,False,True,29.4499454498,True,31.6499767303,True,42.1501617432,2.2000312804999993,0.0,75.7100830078,0.0,1.0,-0.368166536093,0.374638229609,-840.661987305,True,36.7500419617,False,USABLE_FULL,NONE
density_0_nback_1_id_6,6,density_0_nback_1,0,1,1730,86.45000004768372,0.05000000002757878,9.538810949848435e-08,True,False,True,34.1993103027,True,37.3001098633,True,56.3001213074,3.1007995606000023,0.0,328.983062744,0.0,1.0,-0.337679505348,0.363852083683,-863.837280273,True,43.7001075745,False,USABLE_FULL,NONE
density_0_nback_2_id_6,6,density_0_nback_2,0,2,1472,73.54999995231628,0.04999999996758415,9.534311114263982e-08,True,False,True,31.6995048523,True,32.8003044128,True,43.4493789673,1.100799560500004,0.0,74.5367889404,0.0,1.0,-0.23779925704,0.187438964844,-908.594238281,True,35.8503227234,False,USABLE_FULL,NONE
density_10_nback_0_id_6,6,density_10_nback_0,10,0,1323,66.09999990463257,0.04999999992786125,9.531328492040148e-08,True,False,True,21.199848175,True,23.1498718262,True,35.9498939514,1.9500236511999987,0.0,83.5775527954,0.0,1.0,-1.56645166874,2.25309991837,-741.516845703,True,27.2498836517,False,USABLE_FULL,NONE
density_10_nback_1_id_6,6,density_10_nback_1,10,1,1542,77.04999995231628,0.049999999969056644,9.534421627588954e-08,True,False,True,26.050163269,True,27.7500228882,True,46.9002037048,1.6998596192000015,0.0,392.114013672,0.0,1.0,-0.162511020899,0.290266722441,-995.707885742,True,36.4998817444,False,USABLE_FULL,NONE
density_10_nback_2_id_6,6,density_10_nback_2,10,2,1443,72.09999990463257,0.049999999933864475,9.531779414477976e-08,True,False,True,26.9502677917,True,28.4504299164,True,42.0001716614,1.500162124700001,0.0,392.553497314,0.0,1.0,-0.191508322954,0.193431258202,-690.216430664,True,34.9501991272,False,USABLE_FULL,NONE
density_20_nback_0_id_6,6,density_20_nback_0,20,0,2013,100.59999990463257,0.04999999995260068,9.533186373890452e-08,True,False,False,,True,48.4500923157,True,70.5001220703,,0.0,391.552490234,0.0,1.0,-0.185521423817,0.230343788862,-945.012939453,True,55.7501335144,False,USABLE_PREEMPTIVE,PREEMPTIVE_TAKEOVER_NO_TOR_ISSUED
density_20_nback_1_id_6,6,density_20_nback_1,20,1,1569,78.40000009536743,0.050000000060821066,9.541301715081765e-08,True,False,True,24.049489975,True,25.3993244171,True,48.2993927002,1.3498344421000006,0.0,269.17868042,0.0,1.0,-0.425057977438,0.254099398851,-808.323242188,True,30.9001846313,False,USABLE_FULL,NONE
density_20_nback_2_id_6,6,density_20_nback_2,20,2,1860,92.95000004768372,0.0500000000256502,9.538666389951557e-08,True,False,True,37.8006324768,True,39.1502799988,True,62.8007507324,1.349647522000005,0.0,258.087799072,0.0,1.0,-0.289160221815,0.200717136264,-1173.2199707,True,44.0003890991,False,USABLE_FULL,NONE
density_0_nback_0_id_7,7,density_0_nback_0,0,0,1529,76.40000009536743,0.050000000062413244,9.541420967550706e-08,True,False,True,29.4009151459,True,30.3007507324,True,46.2506828308,0.8998355865000001,0.0,74.2908325195,0.0,1.0,-0.208474099636,0.186963781714,-931.547729492,True,34.3508758545,False,USABLE_FULL,NONE
density_0_nback_1_id_7,7,density_0_nback_1,0,1,1712,85.54999995231628,0.04999999997213108,9.534652358945756e-08,True,False,True,34.1997146606,True,37.100402832,True,55.4003067017,2.900688171399999,0.0,177.2996521,0.0,1.0,-0.634571492672,0.293781399727,-880.205810547,True,41.5503845215,False,USABLE_FULL,NONE
density_0_nback_2_id_7,7,density_0_nback_2,0,2,1565,78.20000004768372,0.05000000003048831,9.539029025969391e-08,True,False,True,31.7496109009,True,34.1500968933,True,48.0998954773,2.4004859924000037,0.0,76.5938339233,0.0,1.0,-0.617931187153,1.13800954819,-978.361450195,True,38.2501907349,False,USABLE_FULL,NONE
density_10_nback_0_id_7,7,density_10_nback_0,10,0,1343,67.09999990463257,0.04999999992893634,9.531409250256862e-08,True,False,True,21.1498985291,True,22.7002353668,True,37.00025177,1.5503368377000015,0.0,73.5521850586,0.0,1.0,-0.458341658115,0.910885691643,-733.758056641,True,27.0002231598,False,USABLE_FULL,NONE
density_10_nback_1_id_7,7,density_10_nback_1,10,1,1482,74.04999995231628,0.04999999996780303,9.53432754171318e-08,True,False,True,26.0504684448,True,28.6000175476,True,43.9004859924,2.5495491028000004,0.0,252.543777466,0.0,1.0,-0.193191558123,0.11672988534,-1018.44592285,True,33.1498641968,False,USABLE_FULL,NONE
density_10_nback_2_id_7,7,density_10_nback_2,10,2,1521,76.0,0.05,9.5367431640625e-08,True,False,True,27.0000305176,True,29.2002716064,True,45.949256897,2.200241088800002,0.0,152.652206421,0.0,1.0,-0.174253061414,0.230343788862,-755.034790039,True,35.0000610352,False,USABLE_FULL,NONE
density_20_nback_0_id_7,7,density_20_nback_0,20,0,1948,97.34999990463257,0.04999999995101827,9.533067567993742e-08,True,False,True,48.6991157532,True,49.5500144958,True,67.2998504639,0.8508987426000019,0.0,105.482803345,0.0,1.0,-0.156518727541,0.124400027096,-1035.68664551,True,55.0498924255,False,USABLE_FULL,NONE
density_20_nback_1_id_7,7,density_20_nback_1,20,1,1416,70.75,0.05,9.536743164062499e-08,True,False,True,24.0505695343,True,25.4002513885,True,40.6007804871,1.3496818542,0.0,289.758300781,0.0,1.0,-0.17470626533,0.130632013083,-700.894775391,True,30.3001117706,False,USABLE_FULL,NONE
density_20_nback_2_id_7,7,density_20_nback_2,20,2,1886,94.25,0.05,9.5367431640625e-08,True,False,True,49.15001297,True,50.8000869751,True,64.149230957,1.6500740051000022,0.0,197.510055542,0.0,1.0,-0.253114491701,0.218119502068,-832.362060547,True,55.0495567322,False,USABLE_FULL,NONE
density_0_nback_0_id_8,8,density_0_nback_0,0,0,1677,83.79999995231628,0.049999999971549094,9.534608682977335e-08,True,False,True,29.4497642517,True,31.0503063202,True,53.650592804,1.6005420685000011,0.0,76.0819396973,0.0,1.0,-0.571461796761,0.307045161724,-1107.94104004,True,33.4005775452,False,USABLE_FULL,NONE
density_0_nback_1_id_8,8,density_0_nback_1,0,1,1769,88.40000009536743,0.050000000053940855,9.54078634564063e-08,True,False,True,34.2006416321,True,36.0007667542,True,58.2508926392,1.800125122099999,0.0,188.244598389,0.0,1.0,-0.405079066753,0.379192382097,-967.349365234,True,39.0498657227,False,USABLE_FULL,NONE
density_0_nback_2_id_8,8,density_0_nback_2,0,2,1665,83.20000004768372,0.05000000002865608,9.538891697452281e-08,True,False,True,31.7995948792,True,33.3004722595,True,53.0502586365,1.5008773802999968,0.0,76.5537719727,0.0,1.0,-0.15795686841,0.280918747187,-1129.07641602,True,35.8503761292,False,USABLE_FULL,NONE
density_10_nback_0_id_8,8,density_10_nback_0,10,0,1340,66.95000004768372,0.05000000003561144,9.539412983333684e-08,True,False,True,21.1500682831,True,22.5997028351,True,36.8490524292,1.4496345519999991,0.0,73.6847763062,0.0,1.0,-0.280253916979,0.200571522117,-731.867675781,True,25.8492107391,False,USABLE_FULL,NONE
density_10_nback_1_id_8,8,density_10_nback_1,10,1,1646,82.25,0.05,9.5367431640625e-08,True,False,True,26.0997905731,True,28.0992355347,True,52.1497840881,1.9994449615999983,0.0,177.623321533,0.0,1.0,-0.102343373001,0.426651328802,-1293.08874512,True,30.9991664886,True,COLLISION_FAILURE,COLLISION_WITH_HAZARD
density_10_nback_2_id_8,8,density_10_nback_2,10,2,1687,84.29999995231628,0.04999999997171784,9.534621346918921e-08,True,False,True,26.9000968933,True,28.5500297546,True,54.1501083374,1.6499328613000017,0.0,264.976196289,0.0,1.0,-0.821209788322,1.07046854496,-897.485473633,True,30.6000347137,False,USABLE_FULL,NONE
density_20_nback_0_id_8,8,density_20_nback_0,20,0,2120,105.95000004768372,0.05000000002250293,9.538430469310826e-08,True,False,True,48.6000671387,True,50.0994224548,True,75.800201416,1.4993553161000008,0.0,376.930755615,0.0,1.0,-0.121044337749,0.265578478575,-1239.81640625,True,54.7501678467,False,USABLE_FULL,NONE
density_20_nback_1_id_8,8,density_20_nback_1,20,1,1486,74.25,0.05,9.536743164062499e-08,True,False,True,24.0495071411,True,25.7998008728,True,44.1493759155,1.7502937316999976,0.0,324.091064453,0.0,1.0,-0.193191558123,0.213325664401,-749.4140625,True,28.6498985291,False,USABLE_FULL,NONE
density_20_nback_2_id_8,8,density_20_nback_2,20,2,2163,108.09999990463257,0.04999999995588925,9.533433263636407e-08,True,False,True,49.2001571655,True,50.850227356,True,77.9502410889,1.6500701904999957,0.0,213.42578125,0.0,1.0,-0.360496401787,0.32861739397,-1140.18066406,True,53.2002258301,False,USABLE_FULL,NONE
density_0_nback_0_id_9,9,density_0_nback_0,0,0,1488,74.34999990463257,0.04999999993586588,9.531929734082525e-08,True,False,True,29.4500198364,True,31.7499485016,True,44.2500495911,2.2999286651999995,0.0,75.7279663086,0.0,1.0,-0.209697708488,0.308483302593,-842.612670898,True,35.1502151489,False,USABLE_FULL,NONE
density_0_nback_1_id_9,9,density_0_nback_1,0,1,1642,82.04999995231628,0.04999999997094228,9.534563143335424e-08,True,False,True,34.2001113892,True,35.8999900818,True,51.9004173279,1.6998786925999951,0.0,258.760620117,0.0,1.0,-0.54826259613,0.311525046825,-683.12097168,True,41.5500793457,False,USABLE_FULL,NONE
density_0_nback_2_id_9,9,density_0_nback_2,0,2,1507,75.29999995231628,0.049999999968337504,9.534367655555999e-08,True,False,False,,True,31.5500507355,True,45.2000045776,,0.0,74.9324951172,0.0,1.0,-0.36989068985,2.07597470284,-943.113891602,True,35.0001220703,False,USABLE_PREEMPTIVE,PREEMPTIVE_TAKEOVER_NO_TOR_ISSUED
density_10_nback_0_id_9,9,density_10_nback_0,10,0,1463,73.09999990463257,0.049999999934769196,9.531847366425025e-08,True,False,True,21.1500816345,True,22.6501502991,True,43.0501556396,1.5000686646000005,0.0,144.44883728,0.0,1.0,-0.205415844917,0.374638229609,-766.086669922,True,32.0003128052,False,USABLE_FULL,NONE
density_10_nback_1_id_9,9,density_10_nback_1,10,1,1584,79.15000009536743,0.05000000006024474,9.541258548131017e-08,True,False,True,26.1001224518,True,27.9000892639,True,49.0500221252,1.7999668120999992,0.0,307.963806152,0.0,1.0,-0.245635330677,0.377967655659,-1017.50561523,True,35.4000968933,False,USABLE_FULL,NONE
density_10_nback_2_id_9,9,density_10_nback_2,10,2,1520,75.95000004768372,0.05000000003139152,9.539096720848511e-08,True,False,True,26.9500274658,True,28.6003475189,True,45.8500022888,1.6503200530999997,0.0,162.393722534,0.0,1.0,-0.308243602514,0.342064142227,-755.460083008,True,34.4501113892,False,USABLE_FULL,NONE
density_20_nback_0_id_9,9,density_20_nback_0,20,0,1887,94.29999995231628,0.04999999997471701,9.534846416183556e-08,True,False,True,48.650352478,True,49.5503425598,True,64.2003173828,0.8999900817999986,0.0,225.912506104,0.0,1.0,-0.193191558123,0.261024326086,-955.526489258,True,55.7502708435,False,USABLE_FULL,NONE
density_20_nback_1_id_9,9,density_20_nback_1,20,1,1641,82.0,0.05,9.536743164062499e-08,True,False,True,28.7002868652,True,30.1502666473,True,51.9503097534,1.4499797821000016,0.0,292.410614014,0.0,1.0,-0.242328375578,0.170420840383,-681.825683594,True,34.9505767822,False,USABLE_FULL,NONE
density_20_nback_2_id_9,9,density_20_nback_2,20,2,2395,119.70000004768372,0.05000000001991801,9.538236689860787e-08,True,False,True,43.599937439,True,44.9999389648,True,89.5502319336,1.4000015258000005,0.0,142.910705566,0.0,1.0,-0.320707589388,0.385184675455,-861.105102539,True,78.6999053955,False,USABLE_FULL,NONE
density_0_nback_0_id_10,10,density_0_nback_0,0,0,1436,71.75,0.05,9.536743164062499e-08,True,False,True,29.4496212006,True,30.350107193,True,41.6502990723,0.9004859924000002,0.0,74.2533416748,0.0,1.0,-0.20949433744,0.170420840383,-829.641967773,True,34.749420166,False,USABLE_FULL,NONE
density_0_nback_1_id_10,10,density_0_nback_1,0,1,1871,93.5,0.05,9.5367431640625e-08,True,False,True,34.2493057251,True,35.9499168396,True,63.4492340088,1.7006111144999991,0.0,260.992462158,0.0,1.0,-0.417636245489,0.316358268261,-1051.88757324,True,43.5499000549,False,USABLE_FULL,NONE
density_0_nback_2_id_10,10,density_0_nback_2,0,2,1699,84.90000009536743,0.05000000005616456,9.540952923457695e-08,True,False,True,31.7995815277,True,34.0494766235,True,54.7506217957,2.2498950957999995,0.0,304.301574707,0.0,1.0,-0.121044337749,0.105943761766,-1156.62695312,True,39.3995361328,False,USABLE_FULL,NONE
density_10_nback_0_id_10,10,density_10_nback_0,10,0,1523,76.09999990463257,0.049999999937340715,9.53204049977607e-08,True,False,True,21.1004562378,True,22.500202179,True,45.9496269226,1.399745941199999,0.0,278.2371521,0.0,1.0,-1.06301271915,0.718621075153,-866.759521484,True,30.650396347,False,USABLE_FULL,NONE
density_10_nback_1_id_10,10,density_10_nback_1,10,1,1454,72.65000009536743,0.05000000006563485,9.541662250294547e-08,True,False,True,26.0500030518,True,27.4995384216,True,42.5492782593,1.4495353697999995,0.0,143.423416138,0.0,1.0,-0.112994559109,0.156758412719,-1020.26379395,True,33.1497993469,False,USABLE_FULL,NONE
density_10_nback_2_id_10,10,density_10_nback_2,10,2,1495,74.70000004768372,0.05000000003191681,9.539136090601252e-08,True,False,True,26.8997211456,True,28.5495586395,True,44.5992088318,1.649837493899998,0.0,259.482849121,0.0,1.0,-0.897776722908,1.48109984398,-735.111206055,True,35.5999107361,False,USABLE_FULL,NONE
density_20_nback_0_id_10,10,density_20_nback_0,20,0,1940,96.95000004768372,0.050000000024591915,9.538587062077307e-08,True,False,True,48.6003189087,True,49.4007225037,True,66.8005142212,0.8004035950000059,0.0,101.176795959,0.0,1.0,-0.151415869594,0.128954172134,-1027.36254883,True,55.7502212524,False,USABLE_FULL,NONE
density_20_nback_1_id_10,10,density_20_nback_1,20,1,1789,89.40000009536743,0.05000000005333749,9.540741146237174e-08,True,False,True,28.7000923157,True,30.0001888275,True,59.2502174377,1.3000965117999996,0.0,345.726226807,0.0,1.0,-0.412749230862,0.420659035444,-794.811523438,True,40.8994483948,False,USABLE_FULL,NONE
density_20_nback_2_id_10,10,density_20_nback_2,20,2,1999,99.90000009536743,0.05000000004773145,9.54032115693168e-08,True,False,True,43.5499992371,True,45.2491455078,True,69.7992706299,1.6991462706999982,0.0,236.899169922,0.0,1.0,-1.16921639442,1.00071310997,-1103.36010742,True,54.299987793,False,USABLE_FULL,NONE
density_0_nback_0_id_11,11,density_0_nback_0,0,0,1480,73.95000004768372,0.05000000003224051,9.53916035108802e-08,True,False,True,29.4492549896,True,30.949426651,True,43.8493270874,1.5001716613999996,0.0,75.1641082764,0.0,1.0,-0.209673821926,0.343957692385,-848.548217773,True,34.6493492126,False,USABLE_FULL,NONE
density_0_nback_1_id_11,11,density_0_nback_1,0,1,1782,89.04999995231628,0.04999999997322644,9.534734559486914e-08,True,False,True,34.2008247375,True,35.8000335693,True,58.9009590149,1.5992088317999986,0.0,262.852416992,0.0,1.0,-0.303445965052,0.314722925425,-1012.38842773,True,41.1509399414,False,USABLE_FULL,NONE
density_0_nback_2_id_11,11,density_0_nback_2,0,2,1645,82.20000004768372,0.05000000002900469,9.538917827048527e-08,True,False,True,31.8001747131,True,33.1502952576,True,52.050163269,1.350120544500001,0.0,92.9315185547,0.0,1.0,-0.347767472267,0.227227792144,-1104.55773926,True,37.1000175476,False,USABLE_FULL,NONE
density_10_nback_0_id_11,11,density_10_nback_0,10,0,1366,68.25,0.05,9.536743164062499e-08,True,False,True,21.1001262665,True,22.8506965637,True,38.1001701355,1.750570297200003,0.0,308.121185303,0.0,1.0,-0.159605965018,0.179768815637,-750.884033203,True,27.550245285,False,USABLE_FULL,NONE
density_10_nback_1_id_11,11,density_10_nback_1,10,1,1447,72.29999995231628,0.04999999996702371,9.534269051229117e-08,True,False,True,26.0499591827,True,27.4500141144,True,42.1505393982,1.400054931699998,0.0,76.3351669312,0.0,1.0,-0.127276331186,0.274926453829,-1020.38232422,True,33.3499259949,False,USABLE_FULL,NONE
density_10_nback_2_id_11,11,density_10_nback_2,10,2,1449,72.40000009536743,0.050000000065861486,9.54167922387412e-08,True,False,True,26.8996601105,True,28.6498336792,True,42.2998466492,1.7501735686999993,0.0,155.989898682,0.0,1.0,-0.19103294611,0.345395833254,-696.69152832,True,32.9997215271,False,USABLE_FULL,NONE
density_20_nback_0_id_11,11,density_20_nback_0,20,0,1955,97.70000004768372,0.05000000002440313,9.538572911054384e-08,True,False,False,,True,47.9763565063,True,67.5263137817,,0.0,93.6900100708,0.0,1.0,-0.15795686841,0.228665947914,-1045.96240234,True,53.8761672974,False,USABLE_PREEMPTIVE,PREEMPTIVE_TAKEOVER_NO_TOR_ISSUED
density_20_nback_1_id_11,11,density_20_nback_1,20,1,1412,70.54999995231628,0.04999999996620573,9.534207657948954e-08,True,False,True,24.1509056091,True,26.0000743866,True,40.4003677368,1.849168777500001,0.0,326.374298096,0.0,1.0,-0.174752444029,0.191993102431,-735.560791016,True,30.450006485,False,USABLE_FULL,NONE
density_20_nback_2_id_11,11,density_20_nback_2,20,2,1970,98.45000004768372,0.05000000002421723,9.538558975581688e-08,True,False,True,49.1496543884,True,50.7491912842,True,68.2992477417,1.5995368958,0.0,149.610473633,0.0,1.0,-0.182405427098,0.222673654556,-1110.89489746,True,55.8493270874,False,USABLE_FULL,NONE
density_0_nback_0_id_12,12,density_0_nback_0,0,0,1440,71.95000004768372,0.050000000033136704,9.539227517517139e-08,True,False,True,29.4500656128,True,30.0508518219,True,41.8500213623,0.6007862091000007,0.0,73.4826812744,0.0,1.0,-0.220756113529,0.25335419178,-832.569458008,True,33.8002815247,False,USABLE_FULL,NONE
density_0_nback_1_id_12,12,density_0_nback_1,0,1,1854,92.65000009536743,0.0500000000514665,9.540600982831383e-08,True,False,True,34.1494140625,True,35.4995117188,True,62.4999198914,1.350097656300001,0.0,228.907806396,0.0,1.0,-0.258846491575,0.31724178791,-1091.19506836,True,39.999458313,False,USABLE_FULL,NONE
density_0_nback_2_id_12,12,density_0_nback_2,0,2,1515,75.70000004768372,0.05000000003149519,9.539104490819641e-08,True,False,True,31.7492523193,True,32.4492111206,True,45.5492744446,0.6999588012999993,0.0,73.3395233154,0.0,1.0,-0.206782206893,0.173536837101,-964.021606445,True,36.699306488,False,USABLE_FULL,NONE
density_10_nback_0_id_12,12,density_10_nback_0,10,0,1416,70.75,0.05,9.536743164062499e-08,True,False,True,21.099521637,True,21.6993141174,True,40.6491088867,0.5997924804000014,0.0,257.753601074,0.0,1.0,-0.208253473043,0.207333371043,-784.740722656,True,25.899061203,False,USABLE_FULL,NONE
density_10_nback_1_id_12,12,density_10_nback_1,10,1,1603,80.09999990463257,0.04999999994046977,9.532275492182668e-08,True,False,True,26.0502262115,True,27.1500854492,True,50.0008926392,1.0998592376999987,0.0,258.872497559,0.0,1.0,-1.66178297997,1.13254356384,-1228.84411621,True,34.1001434326,False,USABLE_FULL,NONE
density_10_nback_2_id_12,12,density_10_nback_2,10,2,1474,73.65000009536743,0.05000000006474367,9.541595507475067e-08,True,False,True,26.9495868683,True,27.3504886627,True,43.5000801086,0.4009017943999993,0.0,182.626556396,0.0,1.0,-0.26048257947,0.336287558079,-848.834106445,True,31.7497177124,False,USABLE_FULL,NONE
density_20_nback_0_id_12,12,density_20_nback_0,20,0,1947,97.29999995231628,0.04999999997549655,9.534904913272629e-08,True,False,True,48.6495780945,True,49.1997795105,True,67.1504058838,0.5502014160000002,0.0,105.014724731,0.0,1.0,-0.190075561404,0.179768815637,-1034.63378906,True,54.0995750427,False,USABLE_FULL,NONE
density_20_nback_1_id_12,12,density_20_nback_1,20,1,1372,68.54999995231628,0.049999999965219755,9.534133654462483e-08,True,False,True,24.0990428925,True,25.3992652893,True,38.4491729736,1.3002223967999988,0.0,282.130218506,0.0,1.0,-0.33293184638,0.211887523532,-708.516357422,True,29.0992851257,False,USABLE_FULL,NONE
density_20_nback_2_id_12,12,density_20_nback_2,20,2,1877,93.79999995231628,0.04999999997458224,9.53483630277984e-08,True,False,True,49.1500778198,True,49.6501426697,True,63.6999702454,0.5000648498999993,0.0,156.714904785,0.0,1.0,-0.303689450026,0.208771526814,-1018.74841309,True,54.2501792908,False,USABLE_FULL,NONE
density_0_nback_0_id_13,13,density_0_nback_0,0,0,1506,75.25,0.05,9.536743164062499e-08,True,False,True,29.4501628876,True,30.900182724,True,45.1006660461,1.4500198363999992,0.0,74.3689117432,0.0,1.0,-0.209684178233,0.185761108994,-898.05065918,True,34.9001693726,False,USABLE_FULL,NONE
density_0_nback_1_id_13,13,density_0_nback_1,0,1,1710,85.45000004768372,0.05000000002790153,9.53883514125504e-08,True,False,True,34.199546814,True,35.9995765686,True,55.3491973877,1.800029754599997,0.0,178.210159302,0.0,1.0,-0.244216233492,0.297696948051,-847.371337891,True,41.7990989685,False,USABLE_FULL,NONE
density_0_nback_2_id_13,13,density_0_nback_2,0,2,1541,77.0,0.05,9.536743164062499e-08,True,False,True,31.7993583679,True,33.699256897,True,46.8494987488,1.8998985290999997,0.0,73.6564407349,0.0,1.0,-0.190312922001,0.138302147388,-969.169067383,True,37.6493377686,False,USABLE_FULL,NONE
density_10_nback_0_id_13,13,density_10_nback_0,10,0,1335,66.70000004768372,0.05000000003574492,9.539422986246252e-08,True,False,True,21.1491680145,True,22.9496307373,True,36.5498847961,1.8004627228000025,0.0,73.9541549683,0.0,1.0,-0.173467516899,0.176652833819,-728.389648438,True,27.0998306274,False,USABLE_FULL,NONE
density_10_nback_1_id_13,13,density_10_nback_1,10,1,1456,72.75,0.05,9.536743164062499e-08,True,False,True,26.0502758026,True,29.0002346039,True,42.6502418518,2.9499588012999993,0.0,263.9269104,0.0,1.0,-0.291465193033,0.245986253023,-983.47644043,True,33.150177002,False,USABLE_FULL,NONE
density_10_nback_2_id_13,13,density_10_nback_2,10,2,1459,72.90000009536743,0.050000000065409764,9.541645393048676e-08,True,False,True,26.9003047943,True,29.3496646881,True,42.7996635437,2.4493598938000005,0.0,76.9804992676,0.0,1.0,-0.606496989727,1.05070507526,-704.359008789,True,34.2497062683,False,USABLE_FULL,NONE
density_20_nback_0_id_13,13,density_20_nback_0,20,0,1975,98.70000004768372,0.05000000002415588,9.538554377475106e-08,True,False,True,48.7005805969,True,51.5499458313,True,68.6000213623,2.849365234400004,0.0,105.016571045,0.0,1.0,-0.23524159193,0.342101991177,-1069.57836914,True,55.7501831055,False,USABLE_FULL,NONE
density_20_nback_1_id_13,13,density_20_nback_1,20,1,1425,71.20000004768372,0.05000000003348576,9.539253677400637e-08,True,False,True,24.1492576599,True,27.0993289948,True,41.0500106812,2.9500713348999987,0.0,327.545257568,0.0,1.0,-0.263603806496,0.202779233456,-697.233886719,True,31.2493782043,False,USABLE_FULL,NONE
density_20_nback_2_id_13,13,density_20_nback_2,20,2,1874,93.65000009536743,0.05000000005091694,9.54055981172868e-08,True,False,True,49.1489906311,True,52.7499732971,True,63.499382019,3.600982666,0.0,146.486923218,0.0,1.0,-0.230104088783,0.316153436899,-818.824035645,True,56.249168396,False,USABLE_FULL,NONE
density_0_nback_0_id_14,14,density_0_nback_0,0,0,1329,66.40000009536743,0.05000000007181282,9.542124903641998e-08,True,False,False,,True,29.2491111755,True,36.2992210388,,0.0,138.809020996,0.0,1.0,-0.405079066753,0.735134661198,-683.621459961,True,31.399187088,False,USABLE_PREEMPTIVE,PREEMPTIVE_TAKEOVER_NO_TOR_ISSUED
density_0_nback_1_id_14,14,density_0_nback_1,0,1,1508,75.34999990463257,0.049999999936717034,9.531993659206862e-08,True,False,True,34.2001571655,True,36.6003036499,True,45.25025177,2.400146484399997,0.0,182.26914978,0.0,1.0,-0.271228641272,0.357500880957,-590.33215332,True,39.5503044128,False,USABLE_FULL,NONE
density_0_nback_2_id_14,14,density_0_nback_2,0,2,1398,69.84999990463257,0.049999999931734124,9.531619403496557e-08,True,False,True,31.7500171661,True,32.5009155273,True,39.7501945496,0.7508983612000009,0.0,74.5509872437,0.0,1.0,-0.492892771959,0.258286058903,-805.732299805,True,35.1001853943,False,USABLE_FULL,NONE
density_10_nback_0_id_14,14,density_10_nback_0,10,0,1190,59.450000047683716,0.05000000004010405,9.53974965070327e-08,True,False,False,,True,20.6501750946,True,29.3001804352,,0.0,103.920249939,0.0,1.0,-0.290027022362,0.29170486331,-675.175292969,True,21.7500705719,False,USABLE_PREEMPTIVE,PREEMPTIVE_TAKEOVER_NO_TOR_ISSUED
density_10_nback_1_id_14,14,density_10_nback_1,10,1,1300,64.95000004768372,0.05000000003670802,9.539495161901838e-08,True,False,True,26.0495891571,True,27.9996700287,True,34.7998771667,1.9500808715999973,0.0,162.150970459,0.0,1.0,-0.268454760313,0.202779233456,-803.626708984,True,31.2495994568,False,USABLE_FULL,NONE
density_10_nback_2_id_14,14,density_10_nback_2,10,2,1307,65.29999995231628,0.04999999996348873,9.534003726606419e-08,True,False,True,26.9003543854,True,27.8501663208,True,35.150554657,0.9498119353999996,0.0,264.365814209,0.0,1.0,-0.29458117485,0.299374997616,-573.80090332,True,30.300409317,False,USABLE_FULL,NONE
density_20_nback_0_id_14,14,density_20_nback_0,20,0,1737,86.79999995231628,0.04999999997253242,9.534682477501063e-08,True,False,False,,True,47.6994285583,True,56.6493339539,,0.0,120.351417542,0.0,1.0,-0.213085979223,0.329768896103,-769.249267578,True,49.7995986938,False,USABLE_PREEMPTIVE,PREEMPTIVE_TAKEOVER_NO_TOR_ISSUED
density_20_nback_1_id_14,14,density_20_nback_1,20,1,1277,63.799999952316284,0.04999999996263032,9.533939293475517e-08,True,False,True,24.050819397,True,24.6001033783,True,33.6504096985,0.5492839812999968,0.0,140.859863281,0.0,1.0,-0.571414768696,0.401142239571,-601.655273438,True,29.9999656677,False,USABLE_FULL,NONE
density_20_nback_2_id_14,14,density_20_nback_2,20,2,1739,86.90000009536743,0.05000000005487194,9.540856094069004e-08,True,False,True,49.1499214172,True,50.4001159668,True,56.7998008728,1.2501945496000033,0.0,157.112716675,0.0,1.0,-0.220756113529,0.337078720331,-790.293518066,True,52.8999023438,False,USABLE_FULL,NONE
density_0_nback_0_id_15,15,density_0_nback_0,0,0,1516,75.75,0.05,9.536743164062499e-08,True,False,True,29.4498729706,True,30.9498062134,True,45.6501655579,1.4999332427999974,0.0,214.925842285,0.0,1.0,-0.409133315086,0.430836796761,-841.962280273,True,36.649772644,False,USABLE_FULL,NONE
density_0_nback_1_id_15,15,density_0_nback_1,0,1,1635,81.70000004768372,0.0500000000291822,9.538931131637971e-08,True,False,True,34.199962616,True,36.999786377,True,51.5498466492,2.799823760999999,0.0,261.979949951,0.0,1.0,-0.622260570526,0.316497832537,-798.339599609,True,42.6002006531,False,USABLE_FULL,NONE
density_0_nback_2_id_15,15,density_0_nback_2,0,2,1565,78.20000004768372,0.05000000003048831,9.539029025969391e-08,True,False,True,31.8005638123,True,32.5001525879,True,48.0500869751,0.6995887755999988,0.0,100.355690002,0.0,1.0,-0.39864730835,0.174332022667,-964.195678711,True,38.0500526428,False,USABLE_FULL,NONE
density_10_nback_0_id_15,15,density_10_nback_0,10,0,1359,67.90000009536743,0.05000000007022638,9.542006105125756e-08,True,False,False,,True,20.6996173859,True,37.7492332458,,0.0,107.53364563,0.0,1.0,-0.340653181076,0.322385430336,-699.628173828,True,31.3500423431,False,USABLE_PREEMPTIVE,PREEMPTIVE_TAKEOVER_NO_TOR_ISSUED
density_10_nback_1_id_15,15,density_10_nback_1,10,1,1482,74.04999995231628,0.04999999996780303,9.53432754171318e-08,True,False,True,26.0996589661,True,27.9503726959,True,43.8997192383,1.850713729799999,0.0,197.835479736,0.0,1.0,-0.158507838845,0.190315261483,-989.630859375,True,35.1994132996,False,USABLE_FULL,NONE
density_10_nback_2_id_15,15,density_10_nback_2,10,2,1490,74.45000004768372,0.05000000003202398,9.539144123138702e-08,True,False,True,26.9000720978,True,30.5500297546,True,44.3008804321,3.6499576568000016,0.0,192.342147827,0.0,1.0,-0.193766236305,0.210449367762,-730.594604492,True,36.9000854492,False,USABLE_FULL,NONE
density_20_nback_0_id_15,15,density_20_nback_0,20,0,2010,100.45000004768372,0.05000000002373505,9.538522831413985e-08,True,False,False,,True,47.6496200562,True,70.2996673584,,0.0,117.275154114,0.0,1.0,-0.264063775539,0.296888440847,-1114.88037109,True,59.4491653442,False,USABLE_PREEMPTIVE,PREEMPTIVE_TAKEOVER_NO_TOR_ISSUED
density_20_nback_1_id_15,15,density_20_nback_1,20,1,1770,88.45000004768372,0.050000000026955184,9.538764207574583e-08,True,False,True,24.1497268677,True,25.8497333527,True,58.3495788574,1.7000064849999994,0.0,369.807739258,0.0,1.0,-0.245444372296,0.758145034313,-716.137939453,False,,False,USABLE_FULL,NONE
density_20_nback_2_id_15,15,density_20_nback_2,20,2,2267,113.29999995231628,0.04999999997895688,9.535164567054747e-08,True,False,True,49.1494750977,True,50.499168396,True,83.19921875,1.3496932983000036,0.0,358.479248047,0.0,1.0,-0.489450573921,1.10665690899,-923.701416016,False,,False,USABLE_FULL,NONE
density_0_nback_0_id_16,16,density_0_nback_0,0,0,1582,79.04999995231628,0.049999999969839524,9.534480382841909e-08,True,False,True,29.4497737885,True,30.649274826,True,48.9492797852,1.1995010374999993,0.0,74.8068847656,0.0,1.0,-0.387924492359,0.242568060756,-974.630981445,True,35.3991279602,False,USABLE_FULL,NONE
density_0_nback_1_id_16,16,density_0_nback_1,0,1,1707,85.29999995231628,0.0499999999720494,9.53464622927543e-08,True,False,True,34.1993942261,True,35.5495834351,True,55.1501274109,1.3501892089999998,0.0,212.436828613,0.0,1.0,-0.421446442604,0.322385430336,-893.486450195,True,40.0495223999,False,USABLE_FULL,NONE
density_0_nback_2_id_16,16,density_0_nback_2,0,2,1605,80.20000004768372,0.050000000029728,9.538972040438941e-08,True,False,True,31.8001308441,True,33.0000953674,True,50.0508804321,1.1999645233000003,0.0,76.7194824219,0.0,1.0,-0.265239387751,0.124400027096,-1051.49633789,True,37.6000442505,False,USABLE_FULL,NONE
density_10_nback_0_id_16,16,density_10_nback_0,10,0,1603,80.09999990463257,0.04999999994046977,9.532275492182668e-08,True,False,True,21.1497879028,True,22.4498920441,True,49.9503746033,1.3001041413000003,0.0,376.540130615,0.0,1.0,-0.451099902391,0.251676350832,-1026.38110352,True,27.3003253937,False,USABLE_FULL,NONE
density_10_nback_1_id_16,16,density_10_nback_1,10,1,1646,82.25,0.05,9.5367431640625e-08,True,False,True,26.0494499207,True,28.1993045807,True,52.1493034363,2.1498546600000026,0.0,189.156555176,0.0,1.0,-0.268454760313,0.179768815637,-1255.05236816,True,33.9990615845,False,USABLE_FULL,NONE
density_10_nback_2_id_16,16,density_10_nback_2,10,2,1507,75.29999995231628,0.049999999968337504,9.534367655555999e-08,True,False,True,26.9000492096,True,28.5506896973,True,45.1509094238,1.6506404877000023,0.0,116.762443542,0.0,1.0,-0.288349181414,0.369844377041,-744.850463867,True,33.1507873535,False,USABLE_FULL,NONE
density_20_nback_0_id_16,16,density_20_nback_0,20,0,2026,101.25,0.05,9.5367431640625e-08,True,False,True,48.6492767334,True,49.7995452881,True,71.0999145508,1.1502685546999984,0.0,104.959632874,0.0,1.0,-0.477226287127,0.280918747187,-1134.53625488,True,55.4001579285,False,USABLE_FULL,NONE
density_20_nback_1_id_16,16,density_20_nback_1,20,1,1444,72.15000009536743,0.0500000000660897,9.541696314995817e-08,True,False,True,24.0507888794,True,25.8003101349,True,42.0000076294,1.7495212554999995,0.0,328.730926514,0.0,1.0,-0.203977689147,0.213325664401,-720.344970703,True,31.5503120422,False,USABLE_FULL,NONE
density_20_nback_2_id_16,16,density_20_nback_2,20,2,1963,98.09999990463257,0.049999999951392746,9.533095683803936e-08,True,False,True,49.1499557495,True,51.0492782593,True,67.950012207,1.899322509800001,0.0,156.580078125,0.0,1.0,-0.27756306529,0.264140337706,-917.900390625,True,54.8000221252,False,USABLE_FULL,NONE
density_0_nback_0_id_17,17,density_0_nback_0,0,0,1441,72.0,0.05,9.536743164062499e-08,True,False,True,29.450553894,True,30.6995410919,True,41.8502578735,1.2489871979,0.0,74.7475891113,0.0,1.0,-0.207862719893,0.274926453829,-833.741577148,True,33.2495613098,False,USABLE_FULL,NONE
density_0_nback_1_id_17,17,density_0_nback_1,0,1,1597,79.79999995231628,0.049999999970122985,9.534501656523812e-08,True,False,True,34.2004699707,True,35.7005691528,True,49.6505622864,1.5000991821000014,0.0,261.591339111,0.0,1.0,-0.588413596153,0.318075150251,-756.594726562,True,40.0506820679,False,USABLE_FULL,NONE
density_0_nback_2_id_17,17,density_0_nback_2,0,2,1494,74.65000009536743,0.05000000006387638,9.541530551561356e-08,True,False,True,31.8001346588,True,33.5002365112,True,44.5003395081,1.7001018523999996,0.0,76.7187042236,0.0,1.0,-0.443709939718,0.212534636259,-937.693115234,True,36.6501617432,False,USABLE_FULL,NONE
density_10_nback_0_id_17,17,density_10_nback_0,10,0,1330,66.45000004768372,0.05000000003587939,9.539433064395789e-08,True,False,True,21.1001434326,True,21.6501579285,True,36.3002891541,0.5500144959000011,0.0,188.148040771,0.0,1.0,-0.246191352606,1.42181694508,-723.2890625,True,24.6998519897,False,USABLE_FULL,NONE
density_10_nback_1_id_17,17,density_10_nback_1,10,1,1422,71.04999995231628,0.04999999996644355,9.534225507601252e-08,True,False,True,26.1005077362,True,27.4003715515,True,40.9502944946,1.2998638153000002,0.0,98.8175582886,0.0,1.0,-0.101149924099,0.182645127177,-984.000488281,True,32.4003944397,False,USABLE_FULL,NONE
density_10_nback_2_id_17,17,density_10_nback_2,10,2,1424,71.15000009536743,0.050000000067018574,9.541765879666166e-08,True,False,True,27.0000743866,True,28.1002063751,True,41.1000518799,1.1001319884999994,0.0,308.696258545,0.0,1.0,-0.192253887653,0.191993102431,-674.387084961,True,32.4000740051,False,USABLE_FULL,NONE
density_20_nback_0_id_17,17,density_20_nback_0,20,0,1897,94.79999995231628,0.04999999997485036,9.53485642287649e-08,True,False,True,48.6004524231,True,49.7510299683,True,64.7001876831,1.1505775452000009,0.0,150.088653564,0.0,1.0,-0.205415844917,0.25335419178,-973.607727051,True,55.0498428345,False,USABLE_FULL,NONE
density_20_nback_1_id_17,17,density_20_nback_1,20,1,1387,69.29999995231628,0.04999999996559616,9.534161906522732e-08,True,False,True,24.1003341675,True,25.4505405426,True,39.150428772,1.3502063750999973,0.0,292.815185547,0.0,1.0,-0.299004912376,0.221517875791,-680.861328125,True,30.2003498077,False,USABLE_FULL,NONE
density_20_nback_2_id_17,17,density_20_nback_2,20,2,1903,95.09999990463257,0.049999999949859396,9.532980558303544e-08,True,False,True,49.249874115,True,51.099281311,True,65.0496139526,1.8494071960000014,0.0,205.223556519,0.0,1.0,-0.216201975942,0.167304843664,-849.977111816,True,54.4994621277,False,USABLE_FULL,NONE
density_0_nback_0_id_18,18,density_0_nback_0,0,0,1505,75.20000004768372,0.0500000000317046,9.539120185694359e-08,True,False,True,29.4499092102,True,30.4500293732,True,45.1002540588,1.0001201629999983,0.0,73.6590499878,0.0,1.0,-0.209653884172,0.188877105713,-855.374389648,True,34.0000190735,False,USABLE_FULL,NONE
density_0_nback_1_id_18,18,density_0_nback_1,0,1,1671,83.5,0.05,9.5367431640625e-08,True,False,True,34.2000198364,True,35.8498535156,True,53.4000358582,1.6498336792000003,0.0,212.571350098,0.0,1.0,-0.243373125792,0.306505471468,-809.127075195,True,40.7002983093,False,USABLE_FULL,NONE
density_0_nback_2_id_18,18,density_0_nback_2,0,2,1528,76.34999990463257,0.049999999937545885,9.532055908660302e-08,True,False,True,31.8001861572,True,32.7999458313,True,46.2497444153,0.9997596741000017,0.0,73.5903015137,0.0,1.0,-0.466764509678,0.339075148106,-937.833740234,True,36.65001297,False,USABLE_FULL,NONE
density_10_nback_0_id_18,18,density_10_nback_0,10,0,1320,65.95000004768372,0.05000000003615142,9.539453449826855e-08,True,False,True,21.1005496979,True,22.0002174377,True,35.8001365662,0.8996677398000017,0.0,75.8802261353,0.0,1.0,-0.173892274499,0.199663236737,-717.891113281,True,25.5505199432,False,USABLE_FULL,NONE
density_10_nback_1_id_18,18,density_10_nback_1,10,1,1549,77.40000009536743,0.05000000006160687,9.541360571469782e-08,True,False,True,26.1000576019,True,27.6501598358,True,47.3001327515,1.5501022338999988,0.0,100.868400574,0.0,1.0,-0.29601931572,0.377514541149,-1048.33007812,True,33.9002304077,False,USABLE_FULL,NONE
density_10_nback_2_id_18,18,density_10_nback_2,10,2,1868,93.34999990463257,0.049999999948919426,9.532909982676806e-08,True,False,True,26.9501113892,True,28.400056839,True,63.2501449585,1.4499454498000013,0.0,190.511032104,0.0,1.0,-0.386622816324,0.308483302593,-1151.89782715,True,34.2500610352,False,USABLE_FULL,NONE
density_20_nback_0_id_18,18,density_20_nback_0,20,0,2090,104.45000004768372,0.0500000000228261,9.538454694556581e-08,True,False,True,48.650302887,True,49.450088501,True,74.350189209,0.799785614000001,0.0,334.575958252,0.0,1.0,-0.524685263634,0.552489519119,-1129.44238281,True,60.5001716614,False,USABLE_FULL,NONE
density_20_nback_1_id_18,18,density_20_nback_1,20,1,1473,73.59999990463257,0.04999999993521234,9.531880649463374e-08,True,False,True,24.0497589111,True,25.0997638702,True,43.4997215271,1.0500049591000007,0.0,210.697616577,0.0,1.0,-0.180125042796,0.145972281694,-741.831298828,True,29.5495948792,False,USABLE_FULL,NONE
density_20_nback_2_id_18,18,density_20_nback_2,20,2,2371,118.5,0.05,9.5367431640625e-08,True,False,True,49.1494369507,True,49.999256134,True,88.3495254517,0.8498191832999993,0.0,310.64944458,0.0,1.0,-0.51701515913,0.853302657604,-1118.88415527,True,75.2994842529,False,USABLE_FULL,NONE
density_0_nback_0_id_19,19,density_0_nback_0,0,0,1543,77.09999990463257,0.04999999993815342,9.532101535340454e-08,True,False,True,29.4502487183,True,30.4502735138,True,47.0003662109,1.0000247955,0.0,76.0667572021,0.0,1.0,-0.20963537693,0.189359501004,-933.852661133,True,33.8002853394,False,USABLE_FULL,NONE
density_0_nback_1_id_19,19,density_0_nback_1,0,1,1647,82.29999995231628,0.04999999997103055,9.534569767608308e-08,True,False,True,34.2001533508,True,35.7000694275,True,52.15076828,1.4999160766999964,0.0,252.946929932,0.0,1.0,-0.3951562047,0.308937132359,-820.457885742,True,41.2001686096,False,USABLE_FULL,NONE
density_0_nback_2_id_19,19,density_0_nback_2,0,2,1542,77.04999995231628,0.049999999969056644,9.534421627588954e-08,True,False,True,31.7500152588,True,33.5005683899,True,46.9501075745,1.750553131100002,0.0,74.110458374,0.0,1.0,-1.8135215044,1.07001268864,-976.243774414,True,37.4498901367,False,USABLE_FULL,NONE
density_10_nback_0_id_19,19,density_10_nback_0,10,0,1417,70.79999995231628,0.04999999996632506,9.53421661430091e-08,True,False,True,21.2001686096,True,24.200012207,True,40.6505317688,2.9998435974000017,0.0,72.8415756226,0.0,1.0,-0.209285661578,0.112588815391,-860.714355469,True,28.4006404877,False,USABLE_FULL,NONE
density_10_nback_1_id_19,19,density_10_nback_1,10,1,1538,76.84999990463257,0.049999999937952226,9.532086425465951e-08,True,False,True,26.0495491028,True,27.7002906799,True,46.6998825073,1.6507415770999998,0.0,129.067504883,0.0,1.0,-0.125598490238,0.165866702795,-1111.86901855,True,33.4997367859,False,USABLE_FULL,NONE
density_10_nback_2_id_19,19,density_10_nback_2,10,2,1540,76.95000004768372,0.05000000003098357,9.539066145664558e-08,True,False,True,26.9002304077,True,28.3003139496,True,46.800819397,1.400083541899999,0.0,117.787864685,0.0,1.0,-0.346594303846,0.872165381908,-771.764282227,True,34.6501731873,False,USABLE_FULL,NONE
density_20_nback_0_id_19,19,density_20_nback_0,20,0,1951,97.5,0.05,9.5367431640625e-08,True,False,True,48.6002845764,True,49.4502792358,True,67.3500442505,0.8499946593999965,0.0,101.120346069,0.0,1.0,-0.0920416340232,0.0951576307416,-1040.98022461,True,55.1005363464,False,USABLE_FULL,NONE
density_20_nback_1_id_19,19,density_20_nback_1,20,1,1437,71.79999995231628,0.04999999996679407,9.534251815781126e-08,True,False,True,24.0492706299,True,24.9991207123,True,41.6991844177,0.9498500824000011,0.0,188.556945801,0.0,1.0,-0.181772261858,0.0798173546791,-753.475585938,True,30.0492324829,False,USABLE_FULL,NONE
density_20_nback_2_id_19,19,density_20_nback_2,20,2,1987,99.29999995231628,0.04999999997599007,9.534941947168511e-08,True,False,True,49.2502441406,True,50.9005355835,True,69.1507720947,1.6502914428999986,0.0,246.855285645,0.0,1.0,-0.0981938838959,0.116828374565,-943.870849609,True,54.7501335144,False,USABLE_FULL,NONE
density_0_nback_0_id_20,20,density_0_nback_0,0,0,1469,73.40000009536743,0.05000000006496419,9.541612022806642e-08,True,False,True,29.4504070282,True,31.3003387451,True,43.3002891541,1.8499317168999987,0.0,73.9480056763,0.0,1.0,-0.209659054875,0.155080571771,-852.224487305,True,34.9002723694,False,USABLE_FULL,NONE
density_0_nback_1_id_20,20,density_0_nback_1,0,1,1798,89.84999990463257,0.04999999994692964,9.532760579072876e-08,True,False,True,34.1999053955,True,36.0497627258,True,59.700378418,1.8498573303000043,0.0,254.083526611,0.0,1.0,-0.279240906239,0.314445137978,-1072.13830566,True,41.0000267029,False,USABLE_FULL,NONE
density_0_nback_2_id_20,20,density_0_nback_2,0,2,1896,94.75,0.05,9.5367431640625e-08,True,False,True,31.7494239807,True,33.6494560242,True,64.5995864868,1.9000320434999978,0.0,116.258529663,0.0,1.0,-0.434869855642,0.591090559959,-1366.6875,True,36.8994865417,False,USABLE_FULL,NONE
density_10_nback_0_id_20,20,density_10_nback_0,10,0,1441,72.0,0.05,9.536743164062499e-08,True,False,True,21.1501674652,True,22.5002746582,True,41.8502578735,1.3501071929999995,0.0,72.412902832,0.0,1.0,-0.727762162685,1.25326824188,-802.181640625,True,27.1001377106,False,USABLE_FULL,NONE
density_10_nback_1_id_20,20,density_10_nback_1,10,1,1666,83.25,0.05,9.536743164062499e-08,True,False,True,26.0504207611,True,28.4002914429,True,53.1003684998,2.349870681799999,0.0,155.430130005,0.0,1.0,-0.136384606361,0.284034729004,-1314.35229492,True,31.0504817963,False,USABLE_FULL,NONE
density_10_nback_2_id_20,20,density_10_nback_2,10,2,1643,82.09999990463257,0.049999999941919955,9.532384396126683e-08,True,False,True,26.9499568939,True,29.5504302979,True,51.9503936768,2.600473403999999,0.0,86.2750778198,0.0,1.0,-0.421004652977,0.334609687328,-857.809692383,True,32.450717926,False,USABLE_FULL,NONE
density_20_nback_0_id_20,20,density_20_nback_0,20,0,1985,99.20000004768372,0.05000000002403413,9.53854525077151e-08,True,False,True,48.6501426697,True,50.200012207,True,69.0503768921,1.5498695372999975,0.0,170.084381104,0.0,1.0,-0.342040151358,0.222673654556,-1083.09020996,True,55.7503089905,False,USABLE_FULL,NONE
density_20_nback_1_id_20,20,density_20_nback_1,20,1,1695,84.70000004768372,0.05000000002814859,9.538853659561581e-08,True,False,True,28.700094223,True,30.7501869202,True,54.6003379822,2.0500926972,0.0,342.178283691,0.0,1.0,-2.08930206299,1.55323278904,-774.026855469,True,37.8001823425,False,USABLE_FULL,NONE
density_20_nback_2_id_20,20,density_20_nback_2,20,2,2306,115.25,0.05,9.536743164062499e-08,True,False,True,43.600353241,True,45.2998733521,True,85.2001724243,1.6995201111,0.0,384.645843506,0.0,1.0,-1.17688655853,0.837962388992,-1030.79418945,False,,False,USABLE_FULL,NONE
density_0_nback_0_id_21,21,density_0_nback_0,0,0,1526,76.25,0.05,9.5367431640625e-08,True,False,True,29.450220108,True,30.9003314972,True,46.1498985291,1.4501113892,0.0,74.9149932861,0.0,1.0,-0.344644576311,0.187438964844,-927.736206055,True,34.000087738,False,USABLE_FULL,NONE
density_0_nback_1_id_21,21,density_0_nback_1,0,1,1652,82.54999995231628,0.04999999997111828,9.53457635174574e-08,True,False,True,34.2507896423,True,36.2506561279,True,52.4506187439,1.999866485600002,0.0,234.983413696,0.0,1.0,-0.603044807911,0.307468682528,-815.966430664,True,40.7501068115,False,USABLE_FULL,NONE
density_0_nback_2_id_21,21,density_0_nback_2,0,2,1550,77.45000004768372,0.050000000030783545,9.539051154052928e-08,True,False,True,31.7500324249,True,33.0500526428,True,47.3500175476,1.3000202178999984,0.0,93.3545455933,0.0,1.0,-0.40238660574,0.193833425641,-1007.45056152,True,36.5498809814,False,USABLE_FULL,NONE
density_10_nback_0_id_21,21,density_10_nback_0,10,0,1329,66.40000009536743,0.05000000007181282,9.542124903641998e-08,True,False,True,21.1998977661,True,23.5508308411,True,36.2504920959,2.3509330750000004,0.0,66.2935256958,0.0,1.0,-0.488605350256,0.958973824978,-724.329833984,True,26.9001350403,False,USABLE_FULL,NONE
density_10_nback_1_id_21,21,density_10_nback_1,10,1,1512,75.54999995231628,0.04999999996844228,9.534375518982389e-08,True,False,True,26.0499992371,True,28.5499572754,True,45.4499969482,2.499958038300001,0.0,263.562652588,0.0,1.0,-0.136384606361,0.101389616728,-1108.46240234,True,32.6000442505,False,USABLE_FULL,NONE
density_10_nback_2_id_21,21,density_10_nback_2,10,2,1871,93.5,0.05,9.5367431640625e-08,True,False,True,26.9007053375,True,29.1002025604,True,63.4001274109,2.1994972229,0.0,362.989013672,0.0,1.0,-1.65869891644,1.15243220329,-1202.38977051,True,32.5507965088,False,USABLE_FULL,NONE
density_20_nback_0_id_21,21,density_20_nback_0,20,0,1992,99.54999995231628,0.04999999997605037,9.534946471749463e-08,True,False,True,48.6494750977,True,49.8495330811,True,69.4495925903,1.2000579834000007,0.0,291.832489014,0.0,1.0,-0.209422767162,0.143711328506,-1091.43444824,True,55.0503692627,False,USABLE_FULL,NONE
density_20_nback_1_id_21,21,density_20_nback_1,20,1,1481,74.0,0.05,9.536743164062499e-08,True,False,True,24.0991611481,True,25.7493419647,True,43.8993873596,1.6501808166000025,0.0,326.271026611,0.0,1.0,-0.175903558731,0.119845882058,-745.356201172,True,30.1493396759,False,USABLE_FULL,NONE
density_20_nback_2_id_21,21,density_20_nback_2,20,2,1936,96.75,0.05,9.5367431640625e-08,True,False,True,49.1503982544,True,51.3996772766,True,66.6497650146,2.2492790221999996,0.0,296.156738281,0.0,1.0,-0.182405427098,0.23633608222,-888.401977539,True,54.8496513367,False,USABLE_FULL,NONE
density_0_nback_0_id_22,22,density_0_nback_0,0,0,1404,70.15000009536743,0.050000000067973935,9.541837426176233e-08,True,False,True,29.4501876831,True,29.9500217438,True,40.0501098633,0.4998340606999996,0.0,64.9747238159,0.0,1.0,-0.209848612547,0.165866702795,-794.779174805,True,33.9502906799,False,USABLE_FULL,NONE
density_0_nback_1_id_22,22,density_0_nback_1,0,1,1533,76.59999990463257,0.04999999993774972,9.532071216895957e-08,True,False,True,34.1999359131,True,35.8997383118,True,46.4996604919,1.699802398700001,0.0,234.052215576,0.0,1.0,-0.266218751669,0.325028032064,-656.69909668,True,41.3997459412,False,USABLE_FULL,NONE
density_0_nback_2_id_22,22,density_0_nback_2,0,2,1446,72.25,0.05,9.5367431640625e-08,True,False,True,31.7495994568,True,33.7994766235,True,42.1494483948,2.0498771667,0.0,75.0073852539,0.0,1.0,-0.266387432814,0.140312567353,-857.469116211,True,37.299785614,False,USABLE_FULL,NONE
density_10_nback_0_id_22,22,density_10_nback_0,10,0,1255,62.700000047683716,0.050000000038025294,9.539593876795775e-08,True,False,True,21.1496982574,True,21.6497306824,True,32.5999031067,0.5000324250000006,0.0,74.4177093506,0.0,1.0,-0.225756242871,0.119845882058,-747.908935547,True,26.9998664856,False,USABLE_FULL,NONE
density_10_nback_1_id_22,22,density_10_nback_1,10,1,1363,68.09999990463257,0.04999999992997986,9.531487634905638e-08,True,False,True,26.1005687714,True,28.1001777649,True,37.9501075745,1.9996089935000008,0.0,173.252883911,0.0,1.0,-0.156518727541,0.124400027096,-874.674194336,True,33.5001373291,False,USABLE_FULL,NONE
density_10_nback_2_id_22,22,density_10_nback_2,10,2,1367,68.29999995231628,0.04999999996509245,9.534124099174302e-08,True,False,True,26.9492492676,True,29.19962883,True,38.1498832703,2.2503795624000027,0.0,129.067504883,0.0,1.0,-0.280679047108,0.345395833254,-627.297973633,True,34.5994377136,False,USABLE_FULL,NONE
density_20_nback_0_id_22,22,density_20_nback_0,20,0,1837,91.79999995231628,0.04999999997402848,9.534794747174474e-08,True,False,True,48.6504592896,True,49.900604248,True,61.7501296997,1.2501449584,0.0,189.290298462,0.0,1.0,-2.94317507744,1.62223386765,-898.106872559,False,,True,COLLISION_FAILURE,COLLISION_WITH_HAZARD
density_20_nback_1_id_22,22,density_20_nback_1,20,1,1307,65.29999995231628,0.04999999996348873,9.534003726606419e-08,True,False,True,24.0502147675,True,24.6502094269,True,35.200214386,0.5999946593999965,0.0,182.048568726,0.0,1.0,-0.173911288381,0.185761108994,-627.627685547,True,30.2502365112,False,USABLE_FULL,NONE
density_20_nback_2_id_22,22,density_20_nback_2,20,2,1795,89.70000004768372,0.050000000026579554,9.53873605182155e-08,True,False,True,49.1496543884,True,51.1996803284,True,59.5996780396,2.0500259399999976,0.0,148.879425049,0.0,1.0,-0.173297151923,0.0982736200094,-851.989868164,True,55.8995552063,False,USABLE_FULL,NONE
density_0_nback_0_id_23,23,density_0_nback_0,0,0,1440,71.95000004768372,0.050000000033136704,9.539227517517139e-08,True,False,True,29.450220108,True,31.7503376007,True,41.7999725342,2.3001174927,0.0,75.2310562134,0.0,1.0,-0.209604352713,0.191993102431,-816.094360352,True,35.6000366211,False,USABLE_FULL,NONE
density_0_nback_1_id_23,23,density_0_nback_1,0,1,1592,79.54999995231628,0.04999999997002909,9.534494609881984e-08,True,False,True,34.2498550415,True,37.199760437,True,49.4996299744,2.9499053955000036,0.0,265.678985596,0.0,1.0,-0.263705402613,0.324354678392,-732.521728516,True,41.349811554,False,USABLE_FULL,NONE
density_0_nback_2_id_23,23,density_0_nback_2,0,2,1475,73.70000004768372,0.050000000032349876,9.539168547604482e-08,True,False,True,31.7500705719,True,34.0000953674,True,43.550075531,2.2500247955,0.0,76.0771408081,0.0,1.0,-0.246455311775,0.130632013083,-912.268310547,True,37.3997650146,False,USABLE_FULL,NONE
density_10_nback_0_id_23,23,density_10_nback_0,10,0,1324,66.15000009536743,0.05000000007208422,9.542145226785322e-08,True,False,True,21.0999946594,True,23.6500205994,True,35.9999809265,2.550025940000001,0.0,296.105072021,0.0,1.0,-0.603499352932,1.37830531597,-669.749511719,True,29.9502162933,False,USABLE_FULL,NONE
density_10_nback_1_id_23,23,density_10_nback_1,10,1,1417,70.79999995231628,0.04999999996632506,9.53421661430091e-08,True,False,True,26.0494689941,True,27.7000675201,True,40.6496353149,1.6505985259999996,0.0,106.508224487,0.0,1.0,-0.125598490238,0.224111795425,-976.927124023,True,33.0494232178,False,USABLE_FULL,NONE
density_10_nback_2_id_23,23,density_10_nback_2,10,2,1453,72.59999990463257,0.04999999993431995,9.531813624613695e-08,True,False,True,26.9493350983,True,28.5493240356,True,42.4501419067,1.599988937300001,0.0,125.478530884,0.0,1.0,-0.504475176334,1.05242013931,-699.123413086,True,33.1502418518,False,USABLE_FULL,NONE
density_20_nback_0_id_23,23,density_20_nback_0,20,0,1849,92.40000009536743,0.05000000005160575,9.540611414770676e-08,True,False,True,48.6496810913,True,50.700176239,True,62.2500267029,2.0504951476999977,0.0,142.910705566,0.0,1.0,-0.142616599798,0.0937194824219,-913.422851562,True,55.3000259399,False,USABLE_FULL,NONE
density_20_nback_1_id_23,23,density_20_nback_1,20,1,1371,68.5,0.05,9.5367431640625e-08,True,False,True,24.1003170013,True,26.1006889343,True,38.3509063721,2.0003719330000003,0.0,327.210754395,0.0,1.0,-0.209352701902,0.165866702795,-669.132568359,True,30.9502620697,False,USABLE_FULL,NONE
density_20_nback_2_id_23,23,density_20_nback_2,20,2,1998,99.84999990463257,0.049999999952244654,9.533159643951458e-08,True,False,True,49.1999549866,True,54.1004066467,True,69.700302124,4.900451660100003,0.0,394.592132568,0.0,1.0,-0.414187371731,1.08652281761,-946.987731934,True,63.7998352051,False,USABLE_FULL,NONE
density_0_nback_0_id_24,24,density_0_nback_0,0,0,1464,73.15000009536743,0.05000000006518621,9.541628650944604e-08,True,False,True,29.4498767853,True,30.5498561859,True,43.0003623962,1.0999794006000023,0.0,74.1612930298,0.0,1.0,-0.209631517529,0.325501412153,-859.525512695,True,33.1999397278,False,USABLE_FULL,NONE
density_0_nback_1_id_24,24,density_0_nback_1,0,1,1734,86.65000009536743,0.050000000055030254,9.540867953441398e-08,True,False,True,34.250125885,True,37.0492706299,True,56.4996757507,2.7991447448999978,0.0,261.609924316,0.0,1.0,-0.420315504074,0.311441659927,-961.060180664,True,40.1997566223,False,USABLE_FULL,NONE
density_0_nback_2_id_24,24,density_0_nback_2,0,2,1623,81.09999990463257,0.049999999941203806,9.532330616003569e-08,True,False,True,31.7501678467,True,33.5007781982,True,51.0002174377,1.7506103515000042,0.0,75.8254013062,0.0,1.0,-0.145732596517,0.259346485138,-1081.94421387,True,36.3501853943,False,USABLE_FULL,NONE
density_10_nback_0_id_24,24,density_10_nback_0,10,0,1404,70.15000009536743,0.050000000067973935,9.541837426176233e-08,True,False,True,21.0995349884,True,23.1498165131,True,39.9999580383,2.050281524700001,0.0,76.743309021,0.0,1.0,-0.342040151358,0.165866702795,-776.343994141,True,26.2496433258,False,USABLE_FULL,NONE
density_10_nback_1_id_24,24,density_10_nback_1,10,1,1615,80.70000004768372,0.050000000029543815,9.538958235251668e-08,True,False,True,32.1505584717,True,33.950214386,True,50.6001396179,1.799655914299997,0.0,217.367324829,0.0,1.0,-0.841888129711,0.996158957481,-1116.37805176,True,39.2002754211,False,USABLE_FULL,NONE
density_10_nback_2_id_24,24,density_10_nback_2,10,2,1532,76.54999995231628,0.04999999996885453,9.53440645889947e-08,True,False,True,26.9498271942,True,29.8000640869,True,46.4002113342,2.8502368927,0.0,105.067428589,0.0,1.0,-0.190783336759,0.357620120049,-764.918823242,True,32.5999794006,False,USABLE_FULL,NONE
density_20_nback_0_id_24,24,density_20_nback_0,20,0,1895,94.70000004768372,0.0500000000251762,9.538630859646453e-08,True,False,True,48.5999832153,True,49.6000099182,True,64.5497665405,1.0000267029000014,0.0,165.982696533,0.0,1.0,-1.77683508396,0.841078400612,-971.401672363,True,51.8498573303,False,USABLE_FULL,NONE
density_20_nback_1_id_24,24,density_20_nback_1,20,1,1437,71.79999995231628,0.04999999996679407,9.534251815781126e-08,True,False,True,24.1504001617,True,26.7004451752,True,41.6996459961,2.5500450135,0.0,324.602661133,0.0,1.0,-0.174747034907,0.266855120659,-714.700683594,True,29.5003986359,False,USABLE_FULL,NONE
density_20_nback_2_id_24,24,density_20_nback_2,20,2,1971,98.5,0.05,9.5367431640625e-08,True,False,True,49.1997528076,True,56.1002731323,True,68.3498764038,6.900520324700004,0.0,193.17578125,0.0,1.0,-1.42856287956,2.00885677338,-926.246582031,False,,False,USABLE_FULL,NONE
density_0_nback_0_id_25,25,density_0_nback_0,0,0,1520,75.95000004768372,0.05000000003139152,9.539096720848511e-08,True,False,True,29.4498462677,True,30.699546814,True,45.7998580933,1.2497005463000015,0.0,64.8987350464,0.0,1.0,-0.209655106068,0.160568103194,-907.979370117,True,34.2500152588,False,USABLE_FULL,NONE
density_0_nback_1_id_25,25,density_0_nback_1,0,1,1698,84.84999990463257,0.04999999994380234,9.532525751123672e-08,True,False,True,34.2008247375,True,35.9507980347,True,54.7008171082,1.7499732972000004,0.0,171.256698608,0.0,1.0,-0.322449117899,0.323712080717,-884.158203125,True,40.0499954224,False,USABLE_FULL,NONE
density_0_nback_2_id_25,25,density_0_nback_2,0,2,1516,75.75,0.05,9.536743164062499e-08,True,False,True,31.7499465942,True,32.7999305725,True,45.6498184204,1.049983978300002,0.0,73.8550491333,0.0,1.0,-0.77306419611,1.2013143301,-967.229125977,True,36.2497215271,False,USABLE_FULL,NONE
density_10_nback_0_id_25,25,density_10_nback_0,10,0,1380,68.95000004768372,0.050000000034578475,9.539335570394637e-08,True,False,True,21.1003818512,True,23.249961853,True,38.7995529175,2.149580001799997,0.0,75.8908615112,0.0,1.0,-0.173860415816,0.13662430644,-760.047851562,True,26.6002826691,False,USABLE_FULL,NONE
density_10_nback_1_id_25,25,density_10_nback_1,10,1,1447,72.29999995231628,0.04999999996702371,9.534269051229117e-08,True,False,True,26.0999851227,True,27.7496509552,True,42.199382782,1.6496658324999984,0.0,95.8470077515,0.0,1.0,-0.145732596517,0.196547240019,-994.108886719,True,33.9000663757,False,USABLE_FULL,NONE
density_10_nback_2_id_25,25,density_10_nback_2,10,2,1541,77.0,0.05,9.536743164062499e-08,True,False,True,26.9002094269,True,28.149389267,True,46.8997192383,1.2491798401000018,0.0,76.6388549805,0.0,1.0,-0.732063829899,1.14187395573,-773.250610352,True,32.4496231079,False,USABLE_FULL,NONE
density_20_nback_0_id_25,25,density_20_nback_0,20,0,1930,96.45000004768372,0.050000000024719396,9.538596618325199e-08,True,False,True,48.6992797852,True,49.7493286133,True,66.349281311,1.050048828100003,0.0,105.016799927,0.0,1.0,-0.188637420535,0.270132631063,-1013.42877197,True,56.1492614746,False,USABLE_FULL,NONE
density_20_nback_1_id_25,25,density_20_nback_1,20,1,2183,109.09999990463257,0.04999999995629357,9.533463616348348e-08,True,False,True,28.6997108459,True,30.3996009827,True,79.0004577637,1.6998901368000006,0.0,291.109832764,0.0,1.0,-0.678088009357,1.92304706573,-790.315185547,False,,False,USABLE_FULL,NONE
density_20_nback_2_id_25,25,density_20_nback_2,20,2,1950,97.45000004768372,0.05000000002446573,9.538577603866299e-08,True,False,True,45.5496444702,True,46.6493453979,True,67.3497924805,1.099700927699999,0.0,151.142791748,0.0,1.0,-0.147480875254,0.108574315906,-1099.61328125,True,51.6000480652,False,USABLE_FULL,NONE
density_0_nback_0_id_26,26,density_0_nback_0,0,0,1445,72.20000004768372,0.05000000003302196,9.5392189182875e-08,True,False,True,29.4503383636,True,31.7503471375,True,42.1004104614,2.3000087739,0.0,74.6423950195,0.0,1.0,-0.255289316177,0.275667339563,-840.020141602,True,35.0504837036,False,USABLE_FULL,NONE
density_0_nback_1_id_26,26,density_0_nback_1,0,1,1578,78.84999990463257,0.049999999939526044,9.532204619896524e-08,True,False,True,34.2500190735,True,36.2000770569,True,48.8000640869,1.9500579834000007,0.0,267.598297119,0.0,1.0,-0.423348665237,0.32178285718,-744.679199219,True,41.0003356934,False,USABLE_FULL,NONE
density_0_nback_2_id_26,26,density_0_nback_2,0,2,1460,72.95000004768372,0.050000000032682464,9.53919347410756e-08,True,False,True,31.800151825,True,33.4000167847,True,42.9006271362,1.5998649596999996,0.0,87.0030288696,0.0,1.0,-0.418299913406,1.1549270153,-893.112792969,True,37.3003044128,False,USABLE_FULL,NONE
density_10_nback_0_id_26,26,density_10_nback_0,10,0,1298,64.84999990463257,0.04999999992647076,9.531224039027489e-08,True,False,True,21.149723053,True,22.6999511719,True,34.6999816895,1.5502281189000016,0.0,80.937210083,0.0,1.0,-0.19018009305,0.116317629814,-703.332275391,True,27.3999233246,False,USABLE_FULL,NONE
density_10_nback_1_id_26,26,density_10_nback_1,10,1,1429,71.40000009536743,0.050000000066783915,9.54174830595149e-08,True,False,True,26.099937439,True,27.5494918823,True,41.3496131897,1.4495544432999985,0.0,146.499679565,0.0,1.0,-0.098033927381,0.110497899354,-994.139770508,True,33.100063324,False,USABLE_FULL,NONE
density_10_nback_2_id_26,26,density_10_nback_2,10,2,1442,72.04999995231628,0.049999999966909285,9.534260463417819e-08,True,False,True,26.9496383667,True,28.6996154785,True,41.8998947144,1.7499771117999998,0.0,140.859863281,0.0,1.0,-0.191460326314,0.230505093932,-690.20690918,True,33.0500297546,False,USABLE_FULL,NONE
density_20_nback_0_id_26,26,density_20_nback_0,20,0,1892,94.54999995231628,0.04999999997478386,9.534851432763033e-08,True,False,True,48.6501045227,True,50.3000297546,True,64.4501037598,1.6499252318999993,0.0,209.991882324,0.0,1.0,-0.270996779203,0.367602914572,-967.10546875,True,54.450012207,False,USABLE_FULL,NONE
density_20_nback_1_id_26,26,density_20_nback_1,20,1,1375,68.70000004768372,0.050000000034704305,9.539345000612286e-08,True,False,True,24.1496677399,True,25.999753952,True,38.6497383118,1.850086212099999,0.0,324.107269287,0.0,1.0,-0.174707576632,0.128737166524,-671.543701172,True,31.6999702454,False,USABLE_FULL,NONE
density_20_nback_2_id_26,26,density_20_nback_2,20,2,1864,93.15000009536743,0.05000000005119025,9.540580286845023e-08,True,False,True,49.1498413086,True,51.1504440308,True,63.0002250671,2.0006027222,0.0,334.249389648,0.0,1.0,-0.219673886895,0.171925738454,-807.907287598,True,55.5002593994,False,USABLE_FULL,NONE
density_0_nback_0_id_27,27,density_0_nback_0,0,0,1719,85.90000009536743,0.05000000005551073,9.540903945488122e-08,True,False,True,29.4503288269,True,30.3997402191,True,55.7997436523,0.9494113921999983,0.0,75.1003646851,0.0,1.0,-0.796256065369,0.588511705399,-1470.85119629,True,33.6000366211,False,USABLE_FULL,NONE
density_0_nback_1_id_27,27,density_0_nback_1,0,1,1791,89.5,0.05,9.5367431640625e-08,True,False,True,34.1997756958,True,36.9000167847,True,59.3503570557,2.7002410889000004,0.0,182.348709106,0.0,1.0,-0.469556152821,0.294394224882,-1257.56994629,True,42.0499343872,False,USABLE_FULL,NONE
density_0_nback_2_id_27,27,density_0_nback_2,0,2,1513,75.59999990463257,0.049999999936926304,9.532009376065123e-08,True,False,True,31.7499504089,True,33.4998245239,True,45.4502563477,1.7498741150000043,0.0,89.0760498047,0.0,1.0,-0.345917582512,0.161312550306,-963.16394043,True,37.4495048523,False,USABLE_FULL,NONE
density_10_nback_0_id_27,27,density_10_nback_0,10,0,1416,70.75,0.05,9.536743164062499e-08,True,False,True,21.2003498077,True,23.9499320984,True,40.7003288269,2.749582290700001,0.0,283.28729248,0.0,1.0,-0.306805461645,0.305606991053,-733.135009766,True,31.2497501373,False,USABLE_FULL,NONE
density_10_nback_1_id_27,27,density_10_nback_1,10,1,1727,86.29999995231628,0.04999999997237328,9.534670534810033e-08,True,False,True,26.0992183685,True,28.6500148773,True,56.1496696472,2.5507965087999978,0.0,189.725570679,0.0,1.0,-0.185521423817,0.170420840383,-1317.06872559,True,32.4498786926,False,USABLE_FULL,NONE
density_10_nback_2_id_27,27,density_10_nback_2,10,2,1759,87.90000009536743,0.050000000054247686,9.540809330774305e-08,True,False,True,26.9500846863,True,28.7001342773,True,57.7504615784,1.7500495909999998,0.0,91.3938980103,0.0,1.0,-0.218515887856,0.244006216526,-962.01940918,True,31.4002857208,False,USABLE_FULL,NONE
density_20_nback_0_id_27,27,density_20_nback_0,20,0,1975,98.70000004768372,0.05000000002415588,9.538554377475106e-08,True,False,True,48.6499557495,True,50.8996696472,True,68.550201416,2.2497138976999977,0.0,169.571670532,0.0,1.0,-0.785469889641,0.810397863388,-1070.06323242,True,55.8997383118,False,USABLE_FULL,NONE
density_20_nback_1_id_27,27,density_20_nback_1,20,1,2589,129.40000009536743,0.05000000003684986,9.539505791308175e-08,True,False,True,28.6502990723,True,31.3503990173,True,99.2500228882,2.700099944999998,0.0,370.58291626,0.0,1.0,-1.73848438263,3.85184669495,-963.250244141,True,76.9001312256,False,USABLE_FULL,NONE
density_20_nback_2_id_27,27,density_20_nback_2,20,2,1972,98.54999995231628,0.04999999997580735,9.534928235654675e-08,True,False,True,43.5501022339,True,45.1995315552,True,68.4496765137,1.6494293212999978,0.0,391.027557373,0.0,1.0,-0.601386606693,0.534272968769,-1084.73852539,True,50.5000267029,False,USABLE_FULL,NONE
density_0_nback_0_id_28,28,density_0_nback_0,0,0,1496,74.75,0.05,9.5367431640625e-08,True,False,True,29.4491634369,True,33.7991104126,True,44.5996589661,4.3499469757,0.0,75.0889663696,0.0,1.0,-0.256286382675,0.331493705511,-818.41418457,True,36.449546814,False,USABLE_FULL,NONE
density_0_nback_1_id_28,28,density_0_nback_1,0,1,1603,80.09999990463257,0.04999999994046977,9.532275492182668e-08,True,False,True,34.1998672485,True,36.1497268677,True,49.9996833801,1.949859619199998,0.0,263.139709473,0.0,1.0,-0.374800175428,0.321403086185,-769.628662109,True,39.6500740051,False,USABLE_FULL,NONE
density_0_nback_2_id_28,28,density_0_nback_2,0,2,1505,75.20000004768372,0.0500000000317046,9.539120185694359e-08,True,False,True,31.7500476837,True,33.4504966736,True,45.0506095886,1.7004489899,0.0,75.3535461426,0.0,1.0,-0.48918351531,1.61469447613,-951.937988281,True,35.4501647949,False,USABLE_FULL,NONE
density_10_nback_0_id_28,28,density_10_nback_0,10,0,1385,69.20000004768372,0.050000000034453554,9.539326208288764e-08,True,False,True,21.1998329163,True,22.4502277374,True,39.1496429443,1.2503948210999987,0.0,73.1348571777,0.0,1.0,-0.578173577785,1.50917077065,-762.806396484,True,26.6997051239,False,USABLE_FULL,NONE
density_10_nback_1_id_28,28,density_10_nback_1,10,1,1442,72.04999995231628,0.049999999966909285,9.534260463417819e-08,True,False,True,26.049823761,True,27.3998718262,True,41.9499015808,1.3500480651999993,0.0,99.3302688599,0.0,1.0,-0.504790842533,0.834846436977,-993.380859375,True,34.3498535156,False,USABLE_FULL,NONE
density_10_nback_2_id_28,28,density_10_nback_2,10,2,1481,74.0,0.05,9.536743164062499e-08,True,False,True,26.8996696472,True,28.0004711151,True,43.8504486084,1.100801467900002,0.0,86.856338501,0.0,1.0,-0.245444372296,0.222673654556,-723.493530273,True,34.5996208191,False,USABLE_FULL,NONE
density_20_nback_0_id_28,28,density_20_nback_0,20,0,1915,95.70000004768372,0.05000000002491312,9.538611139876656e-08,True,False,True,48.6501426697,True,49.5500717163,True,65.6000976562,0.8999290466000005,0.0,172.64793396,0.0,1.0,-0.325261712074,0.416104912758,-995.27923584,True,56.8000450134,False,USABLE_FULL,NONE
density_20_nback_1_id_28,28,density_20_nback_1,20,1,1912,95.54999995231628,0.04999999997504777,9.534871236498696e-08,True,False,True,49.1992111206,True,50.3492240906,True,65.3992004395,1.150012970000006,0.0,178.557571411,0.0,1.0,-0.43959531188,0.306575447321,-860.580383301,True,53.9492111206,False,USABLE_FULL,NONE
density_20_nback_2_id_28,28,density_20_nback_2,20,2,1967,98.29999995231628,0.04999999997574582,9.534923618642274e-08,True,False,True,49.2002220154,True,50.7001037598,True,68.2499008179,1.4998817443999997,0.0,157.147644043,0.0,1.0,-0.343717992306,0.349949985743,-921.417541504,True,56.2507858276,False,USABLE_FULL,NONE
density_0_nback_0_id_29,29,density_0_nback_0,0,0,1485,74.20000004768372,0.05000000003213188,9.539152209784766e-08,True,False,True,29.4509487152,True,31.7009849548,True,44.1002082825,2.2500362396,0.0,75.5208740234,0.0,1.0,-0.241370409727,0.247122213244,-830.216186523,True,34.2009773254,False,USABLE_FULL,NONE
density_0_nback_1_id_29,29,density_0_nback_1,0,1,1654,82.65000009536743,0.05000000005769355,9.541067454509111e-08,True,False,True,34.1999816895,True,38.4000358582,True,52.5507888794,4.2000541686999995,0.0,232.961730957,0.0,1.0,-0.245752990246,0.306974679232,-666.014404297,True,41.8499450684,False,USABLE_FULL,NONE
density_0_nback_2_id_29,29,density_0_nback_2,0,2,1330,66.45000004768372,0.05000000003587939,9.539433064395789e-08,True,False,True,31.7497844696,True,34.8006858826,True,36.3497390747,3.0509014129999983,0.0,160.05708313,0.0,1.0,-2.72743439674,1.68061316013,-578.726074219,True,39.9497909546,False,USABLE_FULL,NONE
density_10_nback_0_id_29,29,density_10_nback_0,10,0,1500,74.95000004768372,0.05000000003181035,9.53912811163116e-08,True,False,True,21.1997032166,True,22.4495983124,True,44.8497924805,1.2498950957999995,0.0,400.0,0.0,1.0,-1.1507601738,1.16034781933,-791.671386719,True,36.0496635437,False,USABLE_FULL,NONE
density_10_nback_1_id_29,29,density_10_nback_1,10,1,1455,72.70000004768372,0.05000000003279485,9.539201897190312e-08,True,False,True,26.0495738983,True,28.85014534,True,42.549697876,2.8005714417000007,0.0,272.526397705,0.0,1.0,-0.329655110836,0.226313948631,-921.595947266,True,32.0495567322,False,USABLE_FULL,NONE
density_10_nback_2_id_29,29,density_10_nback_2,10,2,1478,73.84999990463257,0.049999999935431666,9.531897121856713e-08,True,False,True,26.9506282806,True,28.9506225586,True,43.7501983643,1.999994277999999,0.0,300.151062012,0.0,1.0,-0.194138079882,0.208771526814,-720.365112305,True,31.9506950378,False,USABLE_FULL,NONE
density_20_nback_0_id_29,29,density_20_nback_0,20,0,1909,95.40000009536743,0.05000000004998293,9.540489838061726e-08,True,False,True,48.6494750977,True,49.9999160767,True,65.2993927002,1.3504409790000054,0.0,353.400970459,0.0,1.0,-0.248560354114,0.127516016364,-985.473144531,True,56.199924469,False,USABLE_FULL,NONE
density_20_nback_1_id_29,29,density_20_nback_1,20,1,1444,72.15000009536743,0.0500000000660897,9.541696314995817e-08,True,False,True,24.1002998352,True,25.6001205444,True,42.0002593994,1.499820709199998,0.0,323.925170898,0.0,1.0,-0.407910615206,0.322022050619,-617.107421875,True,28.4001255035,False,USABLE_FULL,NONE
density_20_nback_2_id_29,29,density_20_nback_2,20,2,1905,95.20000004768372,0.05000000002504397,9.538620947990609e-08,True,False,True,49.2492179871,True,51.049243927,True,65.0500793457,1.8000259398999958,0.0,157.625869751,0.0,1.0,-0.125598490238,0.205655530095,-852.890319824,True,53.8500442505,False,USABLE_FULL,NONE
density_0_nback_0_id_30,30,density_0_nback_0,0,0,1474,73.65000009536743,0.05000000006474367,9.541595507475067e-08,True,False,True,29.450044632,True,30.7505912781,True,43.5505218506,1.300546646099999,0.0,75.7914886475,0.0,1.0,-0.209676101804,0.173536837101,-870.490112305,True,35.5508613586,False,USABLE_FULL,NONE
density_0_nback_1_id_30,30,density_0_nback_1,0,1,1721,86.0,0.05,9.5367431640625e-08,True,False,True,34.149269104,True,36.0993804932,True,55.8995361328,1.9501113892000035,0.0,233.817749023,0.0,1.0,-0.279644787312,0.303190201521,-864.949584961,True,42.0997047424,False,USABLE_FULL,NONE
density_0_nback_2_id_30,30,density_0_nback_2,0,2,1547,77.29999995231628,0.049999999969156717,9.534429138322114e-08,True,False,True,31.7491226196,True,33.449131012,True,47.1992607117,1.700008392400001,0.0,76.7592544556,0.0,1.0,-0.137003049254,0.132070168853,-989.159667969,True,37.8996925354,False,USABLE_FULL,NONE
density_10_nback_0_id_30,30,density_10_nback_0,10,0,1434,71.65000009536743,0.05000000006655089,9.541730854783507e-08,True,False,True,21.1505622864,True,22.9505138397,True,41.5507850647,1.7999515533000014,0.0,73.2870025635,0.0,1.0,-0.281379640102,0.150526434183,-874.500732422,True,26.5005168915,False,USABLE_FULL,NONE
density_10_nback_1_id_30,30,density_10_nback_1,10,1,1512,75.54999995231628,0.04999999996844228,9.534375518982389e-08,True,False,True,26.1007328033,True,28.0503234863,True,45.5004882812,1.9495906830000003,0.0,98.8175582886,0.0,1.0,-0.236096382141,0.113613896072,-1095.73571777,True,33.649810791,False,USABLE_FULL,NONE
density_10_nback_2_id_30,30,density_10_nback_2,10,2,1610,80.45000004768372,0.05000000002963562,9.5389651164023e-08,True,False,True,26.8999843597,True,28.6995658875,True,50.2998390198,1.799581527800001,0.0,88.0506286621,0.0,1.0,-0.191753417253,0.130632013083,-830.658569336,True,34.2994346619,False,USABLE_FULL,NONE
density_20_nback_0_id_30,30,density_20_nback_0,20,0,1917,95.79999995231628,0.04999999997511288,9.534876122815184e-08,True,False,True,48.5999298096,True,49.3502464294,True,65.6995925903,0.7503166198000031,0.0,102.919250488,0.0,1.0,-0.0997117757797,0.0720349997282,-998.950134277,True,55.2500648499,False,USABLE_FULL,NONE
density_20_nback_1_id_30,30,density_20_nback_1,20,1,1560,77.95000004768372,0.05000000003058609,9.539036354700483e-08,True,False,True,28.6994743347,True,30.4502429962,True,47.8495559692,1.7507686615000004,0.0,288.074981689,0.0,1.0,-1.41581976414,4.51495361328,-681.538085938,True,36.6000213623,False,USABLE_FULL,NONE
density_20_nback_2_id_30,30,density_20_nback_2,20,2,1979,98.90000009536743,0.05000000004821407,9.540357315769323e-08,True,False,True,43.5505943298,True,45.4006614685,True,68.8001708984,1.8500671386999983,0.0,349.468963623,0.0,1.0,-0.971231043339,1.13254356384,-1081.46435547,True,53.7003555298,False,USABLE_FULL,NONE
density_0_nback_0_id_31,31,density_0_nback_0,0,0,1582,79.04999995231628,0.049999999969839524,9.534480382841909e-08,True,False,True,29.4500331879,True,30.3501281738,True,48.9005203247,0.9000949859000009,0.0,95.7412948608,0.0,1.0,-0.301996141672,0.207333371043,-986.817504883,True,35.4002494812,False,USABLE_FULL,NONE
density_0_nback_1_id_31,31,density_0_nback_1,0,1,1783,89.09999990463257,0.04999999994648292,9.532727036029026e-08,True,False,True,34.2501792908,True,36.6503181458,True,59.0002326965,2.4001388550000016,0.0,263.24105835,0.0,1.0,-0.612596035004,0.318880081177,-953.928833008,True,42.3003311157,False,USABLE_FULL,NONE
density_0_nback_2_id_31,31,density_0_nback_2,0,2,1590,79.45000004768372,0.05000000003000863,9.538993073912011e-08,True,False,True,31.8001327515,True,33.000289917,True,49.3501625061,1.200157165500002,0.0,76.3628082275,0.0,1.0,-0.202116757631,0.109059751034,-1021.61962891,True,38.0502510071,False,USABLE_FULL,NONE
density_10_nback_0_id_31,31,density_10_nback_0,10,0,1426,71.25,0.05,9.536743164062499e-08,True,False,False,,True,20.699388504,True,41.1492042542,,0.0,73.597114563,0.0,1.0,-0.209822878242,0.121799640357,-868.801757812,True,25.200056076,False,USABLE_PREEMPTIVE,PREEMPTIVE_TAKEOVER_NO_TOR_ISSUED
density_10_nback_1_id_31,31,density_10_nback_1,10,1,1575,78.70000004768372,0.05000000003029461,9.539014508144553e-08,True,False,True,26.0496006012,True,27.6996173859,True,48.5503425598,1.6500167847,0.0,87.6673660278,0.0,1.0,-0.182405427098,0.194043427706,-1136.09912109,True,33.7003555298,False,USABLE_FULL,NONE
density_10_nback_2_id_31,31,density_10_nback_2,10,2,1551,77.5,0.05,9.5367431640625e-08,True,False,True,26.9003314972,True,28.3508014679,True,47.3503646851,1.4504699706999986,0.0,92.6135406494,0.0,1.0,-0.190909057856,0.151964575052,-781.722290039,True,34.1001930237,False,USABLE_FULL,NONE
density_20_nback_0_id_31,31,density_20_nback_0,20,0,1990,99.45000004768372,0.050000000023973715,9.538540721825119e-08,True,False,False,,True,47.649646759,True,69.3494720459,,0.0,101.10534668,0.0,1.0,-0.122722186148,0.112175747752,-1090.18701172,True,54.9495124817,False,USABLE_PREEMPTIVE,PREEMPTIVE_TAKEOVER_NO_TOR_ISSUED
density_20_nback_1_id_31,31,density_20_nback_1,20,1,1467,73.29999995231628,0.04999999996747359,9.534302816467324e-08,True,False,True,24.0494308472,True,25.2494087219,True,43.1496353149,1.1999778747,0.0,232.356018066,0.0,1.0,-0.494063347578,1.82379257679,-774.506835938,True,30.7994041443,False,USABLE_FULL,NONE
density_20_nback_2_id_31,31,density_20_nback_2,20,2,2009,100.40000009536743,0.05000000004749374,9.540303347483584e-08,True,False,True,49.199886322,True,50.9497795105,True,70.2499160767,1.7498931885000033,0.0,263.755462646,0.0,1.0,-0.228426247835,0.317831277847,-968.850769043,True,61.0997810364,False,USABLE_FULL,NONE
density_0_nback_0_id_32,32,density_0_nback_0,0,0,1364,68.15000009536743,0.05000000006996877,9.541986813415451e-08,True,False,True,29.3999462128,True,30.4002075195,True,38.0501785278,1.0002613067000006,0.0,85.1161956787,0.0,1.0,-0.208159968257,0.211887523532,-754.307983398,True,33.0502853394,False,USABLE_FULL,NONE
density_0_nback_1_id_32,32,density_0_nback_1,0,1,1551,77.5,0.05,9.5367431640625e-08,True,False,True,34.1998214722,True,35.7498970032,True,47.3498725891,1.5500755309999974,0.0,234.488540649,0.0,1.0,-0.397132694721,0.396037489176,-707.454711914,True,39.2498931885,False,USABLE_FULL,NONE
density_0_nback_2_id_32,32,density_0_nback_2,0,2,1462,73.04999995231628,0.04999999996736228,9.534294461855091e-08,True,False,True,31.8007316589,True,33.2009277344,True,42.9004936218,1.4001960754999985,0.0,75.9169387817,0.0,1.0,-0.134043827653,0.147410437465,-895.308227539,True,36.1005744934,False,USABLE_FULL,NONE
density_10_nback_0_id_32,32,density_10_nback_0,10,0,1254,62.65000009536743,0.05000000007611128,9.542446767202966e-08,True,False,True,21.1492099762,True,22.2500896454,True,32.5497322083,1.1008796691999976,0.0,250.726013184,0.0,1.0,-0.176121860743,0.250438779593,-673.056640625,True,25.0997829437,False,USABLE_FULL,NONE
density_10_nback_1_id_32,32,density_10_nback_1,10,1,1388,69.34999990463257,0.04999999993124194,9.531582434427339e-08,True,False,True,26.0503940582,True,27.600227356,True,39.2503738403,1.549833297800003,0.0,161.881011963,0.0,1.0,-0.205465555191,0.237712115049,-938.901367188,True,33.1005249023,False,USABLE_FULL,NONE
density_10_nback_2_id_32,32,density_10_nback_2,10,2,1480,73.95000004768372,0.05000000003224051,9.53916035108802e-08,True,False,True,26.9500541687,True,28.450466156,True,43.8004760742,1.5004119873000015,0.0,341.699188232,0.0,1.0,-0.282735735178,0.21547883749,-861.802856445,True,31.5996551514,False,USABLE_FULL,NONE
density_20_nback_0_id_32,32,density_20_nback_0,20,0,1864,93.15000009536743,0.05000000005119025,9.540580286845023e-08,True,False,True,48.6503295898,True,50.6502456665,True,63.00025177,1.9999160766999964,0.0,104.953536987,0.0,1.0,-0.305367320776,0.248800054193,-932.241455078,True,55.4505233765,False,USABLE_FULL,NONE
density_20_nback_1_id_32,32,density_20_nback_1,20,1,1366,68.25,0.05,9.536743164062499e-08,True,False,True,24.0996799469,True,25.8003063202,True,38.100402832,1.7006263733000004,0.0,324.747680664,0.0,1.0,-0.174141198397,0.208617478609,-665.961425781,True,29.3000564575,False,USABLE_FULL,NONE
density_20_nback_2_id_32,32,density_20_nback_2,20,2,1886,94.25,0.05,9.5367431640625e-08,True,False,True,49.1496696472,True,50.6495399475,True,64.1500473022,1.4998703003000031,0.0,227.743606567,0.0,1.0,-0.323636800051,0.342962175608,-832.180725098,True,57.6994934082,False,USABLE_FULL,NONE
density_0_nback_0_id_33,33,density_0_nback_0,0,0,1535,76.70000004768372,0.05000000003108456,9.539073714742151e-08,True,False,True,29.4507465363,True,31.000371933,True,46.550491333,1.5496253967000015,0.0,74.3978729248,0.0,1.0,-0.336062401533,0.191972628236,-936.677612305,True,35.6501808167,False,USABLE_FULL,NONE
density_0_nback_1_id_33,33,density_0_nback_1,0,1,1610,80.45000004768372,0.05000000002963562,9.5389651164023e-08,True,False,True,34.2500305176,True,35.4500656128,True,50.3996887207,1.2000350952000005,0.0,209.800689697,0.0,1.0,-0.528365194798,0.298877477646,-771.22253418,True,42.5000724792,False,USABLE_FULL,NONE
density_0_nback_2_id_33,33,density_0_nback_2,0,2,1575,78.70000004768372,0.05000000003029461,9.539014508144553e-08,True,False,True,31.7504024506,True,33.050327301,True,48.5503158569,1.2999248504000036,0.0,107.000953674,0.0,1.0,-0.78199082613,1.21644258499,-1036.62866211,True,36.5002059937,False,USABLE_FULL,NONE
density_10_nback_0_id_33,33,density_10_nback_0,10,0,1822,91.04999995231628,0.049999999973814546,9.534778693020972e-08,True,False,True,21.1002655029,True,22.1497554779,True,60.9501686096,1.0494899750000002,0.0,149.519500732,0.0,1.0,-0.886595368385,1.62272548676,-1184.95703125,True,26.600276947,False,USABLE_FULL,NONE
density_10_nback_1_id_33,33,density_10_nback_1,10,1,1518,75.84999990463257,0.04999999993713419,9.53202498924737e-08,True,False,True,26.0501346588,True,27.8007507324,True,45.7007713318,1.7506160735999998,0.0,128.049179077,0.0,1.0,-0.0767013654113,0.081031434238,-1118.17456055,True,32.3007545471,False,USABLE_FULL,NONE
density_10_nback_2_id_33,33,density_10_nback_2,10,2,1509,75.40000009536743,0.050000000063241005,9.54148296454321e-08,True,False,True,26.950296402,True,28.6502971649,True,45.3002052307,1.7000007629000002,0.0,99.3302688599,0.0,1.0,-0.258971989155,0.151050716639,-745.444702148,True,33.7501182556,False,USABLE_FULL,NONE
density_20_nback_0_id_33,33,density_20_nback_0,20,0,1966,98.25,0.05,9.5367431640625e-08,True,False,True,48.6000595093,True,49.6498336792,True,68.1001815796,1.0497741698999974,0.0,101.108863831,0.0,1.0,-0.189976423979,0.142994835973,-1060.25,True,54.7999038696,False,USABLE_FULL,NONE
density_20_nback_1_id_33,33,density_20_nback_1,20,1,1430,71.45000004768372,0.05000000003336859,9.53924489644029e-08,True,False,True,24.1001300812,True,25.1500911713,True,41.3002243042,1.0499610901000018,0.0,210.176086426,0.0,1.0,-0.178378924727,0.067593075335,-748.380859375,True,30.2502155304,False,USABLE_FULL,NONE
density_20_nback_2_id_33,33,density_20_nback_2,20,2,1912,95.54999995231628,0.04999999997504777,9.534871236498696e-08,True,False,True,49.199180603,True,50.9992408752,True,65.4493026733,1.8000602721999996,0.0,302.398956299,0.0,1.0,-0.117928348482,0.0968354716897,-860.881103516,True,55.1993255615,False,USABLE_FULL,NONE
density_0_nback_0_id_34,34,density_0_nback_0,0,0,1446,72.25,0.05,9.5367431640625e-08,True,False,True,29.4497585297,True,32.0500068665,True,42.1001167297,2.6002483368,0.0,77.0177764893,0.0,1.0,-0.209656894207,0.297936856747,-806.983276367,True,34.5503959656,False,USABLE_FULL,NONE
density_0_nback_1_id_34,34,density_0_nback_1,0,1,1676,83.75,0.05,9.5367431640625e-08,True,False,True,34.1994819641,True,35.749458313,True,53.6497879028,1.549976348899996,0.0,275.703582764,0.0,1.0,-0.502662062645,0.327004343271,-924.845947266,True,39.4494934082,False,USABLE_FULL,NONE
density_0_nback_2_id_34,34,density_0_nback_2,0,2,1533,76.59999990463257,0.04999999993774972,9.532071216895957e-08,True,False,True,31.8000926971,True,33.4505577087,True,46.5004272461,1.650465011600005,0.0,75.1268157959,0.0,1.0,-0.41605836153,0.211887523532,-954.256347656,True,36.3005599976,False,USABLE_FULL,NONE
density_10_nback_0_id_34,34,density_10_nback_0,10,0,1333,66.59999990463257,0.04999999992840283,9.531369174532064e-08,True,False,True,21.1505126953,True,23.4005355835,True,36.5005264282,2.2500228882,0.0,340.861785889,0.0,1.0,-0.182405427098,0.182645127177,-725.552001953,True,26.500459671,False,USABLE_FULL,NONE
density_10_nback_1_id_34,34,density_10_nback_1,10,1,1493,74.59999990463257,0.049999999936080806,9.531945876145513e-08,True,False,True,26.1003341675,True,27.7002906799,True,44.5002822876,1.5999565123999986,0.0,210.653244019,0.0,1.0,-0.208531826735,0.446785449982,-1053.51049805,True,32.4503707886,False,USABLE_FULL,NONE
density_10_nback_2_id_34,34,density_10_nback_2,10,2,1558,77.84999990463257,0.04999999993874924,9.532146282305603e-08,True,False,True,26.9494915009,True,28.5499858856,True,47.6997718811,1.6004943847000028,0.0,203.939178467,0.0,1.0,-0.574152588844,0.19510909915,-999.816772461,True,34.0995826721,False,USABLE_FULL,NONE
density_20_nback_0_id_34,34,density_20_nback_0,20,0,1920,95.95000004768372,0.05000000002484821,9.538606274142187e-08,True,False,True,48.6503334045,True,49.5006523132,True,65.8009338379,0.8503189086999967,0.0,195.393997192,0.0,1.0,-0.15795686841,0.142856284976,-1001.64715576,True,54.5503692627,False,USABLE_FULL,NONE
density_20_nback_1_id_34,34,density_20_nback_1,20,1,1409,70.40000009536743,0.05000000006773255,9.541819349136115e-08,True,False,True,24.0998783112,True,26.4998264313,True,40.3499717712,2.3999481200999995,0.0,325.264556885,0.0,1.0,-0.526511490345,0.362480580807,-698.177490234,True,29.4501247406,False,USABLE_FULL,NONE
density_20_nback_2_id_34,34,density_20_nback_2,20,2,1867,93.29999995231628,0.04999999997444603,9.534826080949257e-08,True,False,True,49.199962616,True,50.9000968933,True,63.2500305176,1.7001342773000019,0.0,150.699066162,0.0,1.0,-0.187215521932,0.173536837101,-810.812927246,True,54.0508041382,False,USABLE_FULL,NONE
density_0_nback_0_id_35,35,density_0_nback_0,0,0,1476,73.75,0.05,9.5367431640625e-08,True,False,True,29.4501094818,True,30.7992343903,True,43.5995597839,1.349124908500002,0.0,76.5527572632,0.0,1.0,-0.208139225841,0.19510909915,-871.51184082,True,34.6998100281,False,USABLE_FULL,NONE
density_0_nback_1_id_35,35,density_0_nback_1,0,1,1648,82.34999990463257,0.04999999994209628,9.532397636944724e-08,True,False,True,34.2003173828,True,36.9006309509,True,52.2500495911,2.7003135681000003,0.0,169.52835083,0.0,1.0,-0.23353010416,0.327217012644,-831.860351562,True,41.050201416,False,USABLE_FULL,NONE
density_0_nback_2_id_35,35,density_0_nback_2,0,2,1546,77.25,0.05,9.5367431640625e-08,True,False,True,31.750535965,True,33.7001571655,True,47.1008338928,1.949621200500001,0.0,108.217063904,0.0,1.0,-0.243327632546,0.149685904384,-1003.29675293,True,37.1003036499,False,USABLE_FULL,NONE
density_10_nback_0_id_35,35,density_10_nback_0,10,0,1317,65.79999995231628,0.049999999963766174,9.534024551240396e-08,True,False,True,21.1496276855,True,23.1002883911,True,35.6996459961,1.9506607056000007,0.0,75.3213729858,0.0,1.0,-0.190343886614,0.127516016364,-715.840576172,True,26.4001178741,False,USABLE_FULL,NONE
density_10_nback_1_id_35,35,density_10_nback_1,10,1,1460,72.95000004768372,0.050000000032682464,9.53919347410756e-08,True,False,True,26.0495147705,True,27.899520874,True,42.7997169495,1.8500061035000002,0.0,140.193527222,0.0,1.0,-0.188637420535,0.0968354716897,-1024.9263916,True,32.7494544983,False,USABLE_FULL,NONE
density_10_nback_2_id_35,35,density_10_nback_2,10,2,1445,72.20000004768372,0.05000000003302196,9.5392189182875e-08,True,False,True,26.9498710632,True,29.8005867004,True,42.0505371094,2.8507156372000004,0.0,101.363021851,0.0,1.0,-0.989486455917,1.25589025021,-692.653930664,True,33.1504249573,False,USABLE_FULL,NONE
density_20_nback_0_id_35,35,density_20_nback_0,20,0,1907,95.29999995231628,0.04999999997498231,9.534866324538707e-08,True,False,True,48.6501426697,True,49.4999961853,True,65.1499252319,0.849853515599996,0.0,161.881011963,0.0,1.0,-0.125598490238,0.196547240019,-985.566223145,True,54.8493804932,False,USABLE_FULL,NONE
density_20_nback_1_id_35,35,density_20_nback_1,20,1,1427,71.29999995231628,0.04999999996656121,9.534234338513452e-08,True,False,True,24.049993515,True,27.2499771118,True,41.1506385803,3.199983596799999,0.0,324.853881836,0.0,1.0,-0.177851289511,0.159634709358,-699.203125,True,30.9001140594,False,USABLE_FULL,NONE
density_20_nback_2_id_35,35,density_20_nback_2,20,2,1885,94.20000004768372,0.050000000025309826,9.538640876492486e-08,True,False,True,49.1504936218,True,51.1003494263,True,64.050491333,1.9498558044999967,0.0,216.326873779,0.0,1.0,-0.165893435478,0.248588696122,-831.325683594,True,54.5505027771,False,USABLE_FULL,NONE
density_0_nback_0_id_36,36,density_0_nback_0,0,0,2108,105.34999990463257,0.04999999995473781,9.533346821043516e-08,True,False,True,29.4503383636,True,30.5500888824,True,75.2002487183,1.0997505188000005,0.0,75.2637710571,0.0,1.0,-0.25766864419,0.362561166286,-1486.66589355,True,35.7503089905,False,USABLE_FULL,NONE
density_0_nback_1_id_36,36,density_0_nback_1,0,1,1812,90.54999995231628,0.049999999973669954,9.534767842462804e-08,True,False,True,34.2502593994,True,36.1502952576,True,60.4501571655,1.900035858199999,0.0,267.930175781,0.0,1.0,-0.361645907164,0.322545081377,-969.622680664,True,42.2501831055,False,USABLE_FULL,NONE
density_0_nback_2_id_36,36,density_0_nback_2,0,2,1720,85.95000004768372,0.050000000027739216,9.538822975208287e-08,True,False,True,31.7500743866,True,34.1503410339,True,55.8501663208,2.400266647299997,0.0,75.1229782104,0.0,1.0,-0.307518482208,1.55679607391,-1131.35449219,True,37.2500953674,False,USABLE_FULL,NONE
density_10_nback_0_id_36,36,density_10_nback_0,10,0,1909,95.40000009536743,0.05000000004998293,9.540489838061726e-08,True,False,False,,True,20.7000637054,True,65.2502746582,,0.0,76.4155273438,0.0,1.0,-0.791886150837,1.98220300674,-1324.40283203,True,24.8503742218,False,USABLE_PREEMPTIVE,PREEMPTIVE_TAKEOVER_NO_TOR_ISSUED
density_10_nback_1_id_36,36,density_10_nback_1,10,1,1512,75.54999995231628,0.04999999996844228,9.534375518982389e-08,True,False,True,26.0497150421,True,27.699754715,True,45.4496841431,1.6500396729000002,0.0,96.9929962158,0.0,1.0,-0.102588072419,0.162750706077,-1065.73657227,True,33.2997283936,False,USABLE_FULL,NONE
density_10_nback_2_id_36,36,density_10_nback_2,10,2,1609,80.40000009536743,0.0500000000593081,9.54118839172843e-08,True,False,True,26.900800705,True,28.8505134583,True,50.3002662659,1.9497127532999983,0.0,225.912506104,0.0,1.0,-0.291092336178,0.233459770679,-829.148803711,True,34.3505783081,False,USABLE_FULL,NONE
density_20_nback_0_id_36,36,density_20_nback_0,20,0,2048,102.34999990463257,0.049999999953411124,9.533247219527338e-08,True,False,False,,True,47.999874115,True,72.2500839233,,0.0,101.170005798,0.0,1.0,-0.078139513731,0.124400027096,-1162.30541992,True,51.350063324,False,USABLE_PREEMPTIVE,PREEMPTIVE_TAKEOVER_NO_TOR_ISSUED
density_20_nback_1_id_36,36,density_20_nback_1,20,1,1611,80.5,0.05,9.5367431640625e-08,True,False,True,24.0501098633,True,26.0000267029,True,50.350112915,1.9499168396000002,0.0,324.570861816,0.0,1.0,-0.37091460824,0.133220568299,-879.184082031,True,31.1999225616,False,USABLE_FULL,NONE
density_20_nback_2_id_36,36,density_20_nback_2,20,2,1810,90.45000004768372,0.05000000002635916,9.538719531804513e-08,True,False,True,49.1501426697,True,50.9002037048,True,60.349571228,1.7500610350999963,0.0,149.11026001,0.0,1.0,-0.158333823085,0.11641047895,-872.906616211,True,55.3002510071,False,USABLE_FULL,NONE
density_0_nback_0_id_37,37,density_0_nback_0,0,0,1580,78.95000004768372,0.05000000003019868,9.539007318166759e-08,True,False,True,29.4001121521,True,30.7004852295,True,48.8501167297,1.3003730773999997,0.0,118.813285828,0.0,1.0,-0.208964467049,0.204477638006,-949.00793457,True,37.0500946045,False,USABLE_FULL,NONE
density_0_nback_1_id_37,37,density_0_nback_1,0,1,1897,94.79999995231628,0.04999999997485036,9.53485642287649e-08,True,False,True,34.2006187439,True,37.4002876282,True,64.6998443604,3.199668884299996,0.0,267.940155029,0.0,1.0,-0.567590117455,0.322445720434,-1141.89941406,True,43.7501564026,False,USABLE_FULL,NONE
density_0_nback_2_id_37,37,density_0_nback_2,0,2,1595,79.70000004768372,0.050000000029914504,9.538986018784015e-08,True,False,True,31.800201416,True,34.4504699707,True,49.6001586914,2.6502685546999984,0.0,75.2708892822,0.0,1.0,-2.1494743824,1.44486761093,-1032.7154541,True,38.550151825,False,USABLE_FULL,NONE
density_10_nback_0_id_37,37,density_10_nback_0,10,0,1422,71.04999995231628,0.04999999996644355,9.534225507601252e-08,True,False,True,21.0997962952,True,21.1998462677,True,40.9498023987,0.10004997249999903,0.0,288.190643311,0.0,1.0,-0.191413775086,0.0951576307416,-803.387451172,True,27.2999305725,False,USABLE_FULL,NONE
density_10_nback_1_id_37,37,density_10_nback_1,10,1,1556,77.75,0.05,9.5367431640625e-08,True,False,True,26.0998268127,True,30.6000919342,True,47.6499252319,4.5002651215,0.0,268.479248047,0.0,1.0,-0.170181155205,0.153946384788,-1088.46118164,True,34.5498085022,False,USABLE_FULL,NONE
density_10_nback_2_id_37,37,density_10_nback_2,10,2,1628,81.34999990463257,0.049999999941384494,9.532344185069133e-08,True,False,True,26.9495677948,True,28.749797821,True,51.2499847412,1.8002300262000013,0.0,268.638427734,0.0,1.0,-0.392615109682,0.400764614344,-844.728393555,True,37.0998344421,False,USABLE_FULL,NONE
density_20_nback_0_id_37,37,density_20_nback_0,20,0,2070,103.45000004768372,0.05000000002304675,9.538471234911297e-08,True,False,True,48.6001815796,True,49.4000663757,True,73.300453186,0.7998847961000024,0.0,192.342147827,0.0,1.0,-0.17641313374,0.218119502068,-1128.37158203,True,59.4500350952,False,USABLE_FULL,NONE
density_20_nback_1_id_37,37,density_20_nback_1,20,1,1640,81.95000004768372,0.050000000029093175,9.538924459055938e-08,True,False,True,28.7001361847,True,31.3498516083,True,51.8001861572,2.6497154236,0.0,277.373687744,0.0,1.0,-0.326699882746,0.322385430336,-773.899902344,False,,True,COLLISION_FAILURE,COLLISION_WITH_HAZARD
density_20_nback_2_id_37,37,density_20_nback_2,20,2,2054,102.65000009536743,0.05000000004645272,9.540225350900961e-08,True,False,True,43.5500030518,True,46.8502464294,True,72.5502166748,3.3002433776000046,0.0,148.037811279,0.0,1.0,-0.498558878899,0.626314580441,-1049.43933105,False,,True,COLLISION_FAILURE,COLLISION_WITH_HAZARD
density_0_nback_0_id_38,38,density_0_nback_0,0,0,1486,74.25,0.05,9.536743164062499e-08,True,False,True,29.4506034851,True,30.2000713348,True,44.1499023438,0.7494678497000002,0.0,72.9222640991,0.0,1.0,-0.314772158861,0.231839224696,-881.749145508,True,34.7004699707,False,USABLE_FULL,NONE
density_0_nback_1_id_38,38,density_0_nback_1,0,1,1670,83.45000004768372,0.05000000002857023,9.538885262871684e-08,True,False,True,34.1990203857,True,36.349281311,True,53.3493156433,2.150260925299996,0.0,199.989059448,0.0,1.0,-0.217624977231,0.313111811876,-754.299438477,True,42.2496681213,False,USABLE_FULL,NONE
density_0_nback_2_id_38,38,density_0_nback_2,0,2,1573,78.59999990463257,0.0499999999393337,9.532190174755121e-08,True,False,True,31.7501010895,True,32.4002113342,True,48.5002555847,0.6501102447000022,0.0,75.5760726929,0.0,1.0,-0.0866655483842,0.107621602714,-1015.80688477,True,36.2496833801,False,USABLE_FULL,NONE
density_10_nback_0_id_38,38,density_10_nback_0,10,0,1925,96.20000004768372,0.050000000024783636,9.538601433690549e-08,True,False,True,21.0993556976,True,21.3993186951,True,66.0497741699,0.2999629974999998,0.0,175.251785278,0.0,1.0,-0.256230503321,0.497360408306,-1280.5456543,True,27.0491886139,False,USABLE_FULL,NONE
density_10_nback_1_id_38,38,density_10_nback_1,10,1,1483,74.09999990463257,0.049999999935649506,9.531913483022168e-08,True,False,True,26.0997180939,True,27.6494293213,True,43.9993515015,1.5497112273999996,0.0,305.0340271,0.0,1.0,-0.148848578334,0.161388650537,-966.873291016,True,34.1491622925,False,USABLE_FULL,NONE
density_10_nback_2_id_38,38,density_10_nback_2,10,2,1551,77.5,0.05,9.5367431640625e-08,True,False,True,26.8994007111,True,29.0494232178,True,47.399307251,2.150022506700001,0.0,157.779327393,0.0,1.0,-0.188535690308,0.191993102431,-780.859741211,True,34.0999679565,False,USABLE_FULL,NONE
density_20_nback_0_id_38,38,density_20_nback_0,20,0,2014,100.65000009536743,0.05000000004737577,9.540294509079335e-08,True,False,True,48.6001091003,True,49.1994857788,True,70.4994506836,0.5993766785000005,0.0,178.914001465,0.0,1.0,-0.483218580484,0.512700676918,-1083.81396484,True,57.0995559692,False,USABLE_FULL,NONE
density_20_nback_1_id_38,38,density_20_nback_1,20,1,1774,88.65000009536743,0.05000000005378874,9.540774950246512e-08,True,False,True,28.6998844147,True,30.7498111725,True,58.5498199463,2.049926757799998,0.0,373.415008545,0.0,1.0,-0.429527640343,0.762699186802,-728.186035156,True,46.3998298645,False,USABLE_FULL,NONE
density_20_nback_2_id_38,38,density_20_nback_2,20,2,1910,95.45000004768372,0.050000000024978376,9.538616031092565e-08,True,False,True,43.5503959656,True,46.1500892639,True,65.3007659912,2.5996932982999965,0.0,378.200317383,0.0,1.0,-0.978901147842,0.64764714241,-985.272033691,False,,False,USABLE_FULL,NONE
density_0_nback_0_id_39,39,density_0_nback_0,0,0,1451,72.5,0.05,9.536743164062499e-08,True,False,True,29.4500293732,True,30.7505722046,True,42.4009132385,1.3005428314000014,0.0,259.482849121,0.0,1.0,-0.213085979223,0.354504108429,-844.573608398,True,35.1503486633,False,USABLE_FULL,NONE
density_0_nback_1_id_39,39,density_0_nback_1,0,1,1595,79.70000004768372,0.050000000029914504,9.538986018784015e-08,True,False,True,34.2003326416,True,35.5998878479,True,49.6001777649,1.3995552063000005,0.0,265.810028076,0.0,1.0,-0.517443060875,0.511022865772,-792.721923828,True,41.3001289368,False,USABLE_FULL,NONE
density_0_nback_2_id_39,39,density_0_nback_2,0,2,1513,75.59999990463257,0.049999999936926304,9.532009376065123e-08,True,False,True,31.8002967834,True,32.90026474,True,45.500087738,1.099967956599997,0.0,311.13772583,0.0,1.0,-0.236397698522,0.420659035444,-959.115478516,True,37.8502120972,False,USABLE_FULL,NONE
density_10_nback_0_id_39,39,density_10_nback_0,10,0,1464,73.15000009536743,0.05000000006518621,9.541628650944604e-08,True,False,True,21.1499214172,True,22.5494995117,True,43.0495834351,1.3995780944999971,0.0,164.957275391,0.0,1.0,-0.31902974844,0.681443691254,-766.282958984,True,36.649597168,False,USABLE_FULL,NONE
density_10_nback_1_id_39,39,density_10_nback_1,10,1,1526,76.25,0.05,9.5367431640625e-08,True,False,True,26.0492744446,True,27.8493442535,True,46.0992698669,1.8000698088999982,0.0,331.157867432,0.0,1.0,-0.194869399071,0.406756907701,-1079.00427246,True,34.9999656677,False,USABLE_FULL,NONE
density_10_nback_2_id_39,39,density_10_nback_2,10,2,1835,91.70000004768372,0.050000000025999844,9.538692598781786e-08,True,False,True,26.9491825104,True,28.6491584778,True,61.5992240906,1.6999759674000003,0.0,183.186584473,0.0,1.0,-0.533534407616,0.667895555496,-1037.22619629,True,34.4991912842,False,USABLE_FULL,NONE
density_20_nback_0_id_39,39,density_20_nback_0,20,0,2045,102.20000004768372,0.050000000023328627,9.538492365422149e-08,True,False,True,48.6500396729,True,50.4501075745,True,72.0503692627,1.800067901600002,0.0,263.755462646,0.0,1.0,-0.211647823453,0.371522217989,-1105.88586426,True,63.1007575989,False,USABLE_FULL,NONE
density_20_nback_1_id_39,39,density_20_nback_1,20,1,2235,111.70000004768372,0.05000000002134455,9.538343631857985e-08,True,False,True,28.649887085,True,29.7006435394,True,81.5998840332,1.0507564544000019,0.0,276.993225098,0.0,1.0,-0.222433954477,0.589402019978,-725.654052734,True,74.4999160767,False,USABLE_FULL,NONE
density_20_nback_2_id_39,39,density_20_nback_2,20,2,2816,140.75,0.05,9.5367431640625e-08,True,False,True,43.6002578735,True,44.9495773315,True,110.650108337,1.3493194580000036,0.0,157.183807373,0.0,1.0,-0.501674830914,0.819506108761,-965.467163086,True,101.30040741,False,USABLE_FULL,NONE
density_0_nback_0_id_40,40,density_0_nback_0,0,0,1472,73.54999995231628,0.04999999996758415,9.534311114263982e-08,True,False,True,29.4499263763,True,30.5496635437,True,43.449848175,1.0997371674000007,0.0,74.7124557495,0.0,1.0,-0.209662079811,0.31159928441,-845.616821289,True,33.4503517151,False,USABLE_FULL,NONE
density_0_nback_1_id_40,40,density_0_nback_1,0,1,2074,103.65000009536743,0.05000000004600455,9.540191772150838e-08,True,False,True,34.2001571655,True,35.849697113,True,73.4998703003,1.6495399474999957,0.0,176.361801147,0.0,1.0,-0.420419365168,0.500476419926,-1161.46960449,True,42.3994598389,False,USABLE_FULL,NONE
density_0_nback_2_id_40,40,density_0_nback_2,0,2,1507,75.29999995231628,0.049999999968337504,9.534367655555999e-08,True,False,True,31.8006496429,True,33.7505569458,True,45.2000617981,1.949907302899998,0.0,74.2083969116,0.0,1.0,-0.31902974844,0.508146524429,-795.283081055,True,37.7004547119,False,USABLE_FULL,NONE
density_10_nback_0_id_40,40,density_10_nback_0,10,0,1290,64.45000004768372,0.0500000000369928,9.539516503143619e-08,True,False,True,21.0991516113,True,22.5494117737,True,34.349395752,1.4502601623999993,0.0,76.4058761597,0.0,1.0,-0.320707589388,0.308483302593,-697.448730469,True,25.599363327,False,USABLE_FULL,NONE
density_10_nback_1_id_40,40,density_10_nback_1,10,1,1464,73.15000009536743,0.05000000006518621,9.541628650944604e-08,True,False,True,26.0997428894,True,29.7998771667,True,43.0494995117,3.7001342772999983,0.0,266.07522583,0.0,1.0,-0.27756306529,0.383746504784,-872.813842773,True,32.7001190186,False,USABLE_FULL,NONE
density_10_nback_2_id_40,40,density_10_nback_2,10,2,1540,76.95000004768372,0.05000000003098357,9.539066145664558e-08,True,False,True,26.9500045776,True,27.6495037079,True,46.8493881226,0.6994991302999978,0.0,235.068054199,0.0,1.0,-0.249998509884,0.365290254354,-771.981323242,True,34.7995605469,False,USABLE_FULL,NONE
density_20_nback_0_id_40,40,density_20_nback_0,20,0,1874,93.65000009536743,0.05000000005091694,9.54055981172868e-08,True,False,True,48.650642395,True,50.1003723145,True,63.5498123169,1.449729919500001,0.0,104.983169556,0.0,1.0,-0.500236690044,0.356181949377,-836.390258789,True,54.90026474,False,USABLE_FULL,NONE
density_20_nback_1_id_40,40,density_20_nback_1,20,1,1648,82.34999990463257,0.04999999994209628,9.532397636944724e-08,True,False,True,28.6997699738,True,30.0498580933,True,52.2495002747,1.3500881195000005,0.0,295.284637451,0.0,1.0,-0.29458117485,0.383746504784,-685.706542969,True,36.4996109009,False,USABLE_FULL,NONE
density_20_nback_2_id_40,40,density_20_nback_2,20,2,1972,98.54999995231628,0.04999999997580735,9.534928235654675e-08,True,False,True,43.5499076843,True,45.9505882263,True,68.4497680664,2.4006805419999964,0.0,159.830169678,0.0,1.0,-0.664425551891,0.857856810093,-773.047973633,True,58.099811554,False,USABLE_FULL,NONE
density_0_nback_0_id_41,41,density_0_nback_0,0,0,1539,76.90000009536743,0.05000000006200743,9.541390573297044e-08,True,False,True,29.4499855042,True,30.5002918243,True,46.7502784729,1.050306320099999,0.0,75.1119918823,0.0,1.0,-0.213312461972,0.26697781682,-873.463989258,True,34.2993965149,False,USABLE_FULL,NONE
density_0_nback_1_id_41,41,density_0_nback_1,0,1,2133,106.59999990463257,0.04999999995526856,9.533386666291888e-08,True,False,True,34.200756073,True,38.6500930786,True,76.4999542236,4.4493370056,0.0,178.428771973,0.0,1.0,-0.27756306529,0.293533205986,-1221.46765137,True,43.0006752014,False,USABLE_FULL,NONE
density_0_nback_2_id_41,41,density_0_nback_2,0,2,1925,96.20000004768372,0.050000000024783636,9.538601433690549e-08,True,False,True,31.7503643036,True,33.3004341125,True,66.1000900269,1.5500698088999982,0.0,72.950553894,0.0,1.0,-0.233220085502,0.150526434183,-1255.94970703,True,36.7997741699,False,USABLE_FULL,NONE
density_10_nback_0_id_41,41,density_10_nback_0,10,0,1569,78.40000009536743,0.050000000060821066,9.541301715081765e-08,True,False,True,21.1493988037,True,22.8498783112,True,48.2997093201,1.7004795075000025,0.0,83.9489440918,0.0,1.0,-0.234658241272,0.52804094553,-840.935791016,True,31.1499404907,False,USABLE_FULL,NONE
density_10_nback_1_id_41,41,density_10_nback_1,10,1,1637,81.79999995231628,0.04999999997085348,9.534556478558983e-08,True,False,True,26.0504703522,True,27.0002040863,True,51.6502037048,0.949733734099997,0.0,167.520828247,0.0,1.0,-0.193191558123,0.326939553022,-1152.46582031,True,33.700138092,False,USABLE_FULL,NONE
density_10_nback_2_id_41,41,density_10_nback_2,10,2,2336,116.75,0.05,9.5367431640625e-08,True,False,True,26.9499759674,True,27.8998088837,True,86.6002426147,0.9498329163000001,0.0,74.3178710938,0.0,1.0,-0.237774223089,0.218550771475,-1448.06921387,True,33.0501251221,False,USABLE_FULL,NONE
density_20_nback_0_id_41,41,density_20_nback_0,20,0,2227,111.29999995231628,0.04999999997857874,9.535136193893884e-08,True,False,True,48.6000137329,True,50.1492042542,True,81.1993103027,1.5491905212999981,0.0,143.936126709,0.0,1.0,-0.500236690044,0.405318766832,-1353.24121094,True,54.3499794006,False,USABLE_FULL,NONE
density_20_nback_1_id_41,41,density_20_nback_1,20,1,2068,103.34999990463257,0.04999999995386191,9.533281062843338e-08,True,False,True,28.6998405457,True,30.0993385315,True,73.2498016357,1.3994979858,0.0,341.323242188,0.0,1.0,-0.290027022362,0.460447877645,-1011.54589844,True,38.5496063232,False,USABLE_FULL,NONE
density_20_nback_2_id_41,41,density_20_nback_2,20,2,3535,176.70000004768372,0.05000000001349285,9.537754978346078e-08,True,False,True,43.5506362915,True,45.250213623,True,146.550476074,1.6995773315000022,0.0,128.675430298,0.0,1.0,-0.747119247913,1.06974434853,-1121.50292969,True,121.049949646,False,USABLE_FULL,NONE
density_0_nback_0_id_42,42,density_0_nback_0,0,0,1515,75.70000004768372,0.05000000003149519,9.539104490819641e-08,True,False,True,29.4498310089,True,30.5006771088,True,45.5998001099,1.0508460999000029,0.0,73.431350708,0.0,1.0,-0.209654554725,0.205655530095,-907.438842773,True,34.550693512,False,USABLE_FULL,NONE
density_0_nback_1_id_42,42,density_0_nback_1,0,1,1682,84.04999995231628,0.04999999997163372,9.534615033787903e-08,True,False,True,34.2000999451,True,36.7503509521,True,53.9001541138,2.550251007,0.0,267.988220215,0.0,1.0,-0.461486339569,0.322192400694,-863.624145508,True,41.8506126404,False,USABLE_FULL,NONE
density_0_nback_2_id_42,42,density_0_nback_2,0,2,1642,82.04999995231628,0.04999999997094228,9.534563143335424e-08,True,False,True,31.6994171143,True,33.8993873596,True,51.8997650146,2.1999702452999976,0.0,334.331787109,0.0,1.0,-1.8808991909,5.24895477295,-996.186767578,True,40.0502510071,False,USABLE_FULL,NONE
density_10_nback_0_id_42,42,density_10_nback_0,10,0,1383,69.09999990463257,0.049999999930993175,9.531563749113403e-08,True,False,True,21.1497745514,True,23.2004451752,True,39.0005531311,2.0506706237999985,0.0,96.2540054321,0.0,1.0,-0.213085979223,0.220995798707,-836.181640625,True,27.6003704071,False,USABLE_FULL,NONE
density_10_nback_1_id_42,42,density_10_nback_1,10,1,1509,75.40000009536743,0.050000000063241005,9.54148296454321e-08,True,False,True,26.099615097,True,28.2505912781,True,45.2495918274,2.150976181099999,0.0,124.019676208,0.0,1.0,-0.226988106966,0.220995798707,-1060.78137207,True,34.9006347656,False,USABLE_FULL,NONE
density_10_nback_2_id_42,42,density_10_nback_2,10,2,1499,74.90000009536743,0.050000000063663175,9.541514583405484e-08,True,False,True,26.9502124786,True,28.9001560211,True,44.8000221252,1.949943542499998,0.0,260.703613281,0.0,1.0,-0.397738665342,1.05941188335,-737.873413086,True,35.4501876831,False,USABLE_FULL,NONE
density_20_nback_0_id_42,42,density_20_nback_0,20,0,2044,102.15000009536743,0.05000000004668009,9.540242386690341e-08,True,False,True,48.6500663757,True,49.8503417969,True,72.0497131348,1.200275421199997,0.0,311.13772583,0.0,1.0,-0.467878311872,0.503352701664,-1140.91943359,True,59.6003799438,False,USABLE_FULL,NONE
density_20_nback_1_id_42,42,density_20_nback_1,20,1,1740,86.95000004768372,0.050000000027420194,9.53879906274917e-08,True,False,True,28.7001876831,True,30.9499568939,True,56.7996177673,2.2497692108000003,0.0,297.936187744,0.0,1.0,-0.27756306529,0.480342298746,-702.611572266,True,43.1000328064,False,USABLE_FULL,NONE
density_20_nback_2_id_42,42,density_20_nback_2,20,2,2210,110.45000004768372,0.05000000002158611,9.538361740623036e-08,True,False,True,43.5503005981,True,46.2004432678,True,80.3497619629,2.6501426696999957,0.0,369.514770508,0.0,1.0,-1.12007963657,2.03953719139,-1016.4197998,False,,False,USABLE_FULL,NONE
density_0_nback_0_id_43,43,density_0_nback_0,0,0,1742,87.04999995231628,0.04999999997261131,9.534688397383635e-08,True,False,True,29.4506912231,True,30.2498836517,True,56.9005393982,0.7991924285999978,0.0,73.6093139648,0.0,1.0,-0.419669747353,0.206820115447,-1158.00939941,True,35.1504898071,False,USABLE_FULL,NONE
density_0_nback_1_id_43,43,density_0_nback_1,0,1,1869,93.40000009536743,0.05000000005105323,9.540570021899674e-08,True,False,True,34.1995582581,True,37.3495559692,True,63.2496070862,3.1499977110999993,0.0,250.65864563,0.0,1.0,-0.473053842783,0.30775359273,-1012.09863281,True,42.1995925903,False,USABLE_FULL,NONE
density_0_nback_2_id_43,43,density_0_nback_2,0,2,1736,86.75,0.05,9.5367431640625e-08,True,False,True,31.7493095398,True,33.0998268127,True,56.5997886658,1.350517272900003,0.0,114.577484131,0.0,1.0,-0.140258133411,0.127516016364,-1219.87304688,True,36.4996147156,False,USABLE_FULL,NONE
density_10_nback_0_id_43,43,density_10_nback_0,10,0,1469,73.40000009536743,0.05000000006496419,9.541612022806642e-08,True,False,True,21.1498622894,True,22.7495155334,True,43.2504272461,1.5996532439999989,0.0,192.952514648,0.0,1.0,-0.233220085502,0.416104912758,-770.470947266,True,30.7997207642,False,USABLE_FULL,NONE
density_10_nback_1_id_43,43,density_10_nback_1,10,1,1625,81.20000004768372,0.05000000002936189,9.538944600024495e-08,True,False,True,26.0502796173,True,27.8001117706,True,51.0502166748,1.7498321533000016,0.0,382.399658203,0.0,1.0,-0.111936055124,0.197985395789,-1073.8059082,True,32.7496109009,False,USABLE_FULL,NONE
density_10_nback_2_id_43,43,density_10_nback_2,10,2,1612,80.54999995231628,0.04999999997040117,9.534522533919683e-08,True,False,True,26.9500598907,True,28.8998394012,True,50.4495010376,1.9497795105000009,0.0,323.345123291,0.0,1.0,-0.292903333902,0.216441661119,-832.215942383,True,33.9502105713,False,USABLE_FULL,NONE
density_20_nback_0_id_43,43,density_20_nback_0,20,0,1988,99.34999990463257,0.04999999995200431,9.533141599667742e-08,True,False,True,48.649307251,True,49.3502082825,True,69.2499389648,0.7009010314999955,0.0,330.425415039,0.0,0.722456455231,-0.243788540363,0.319269418716,-1037.27026367,True,54.3001708984,False,USABLE_FULL,NONE
density_20_nback_1_id_43,43,density_20_nback_1,20,1,1805,90.20000004768372,0.05000000002643221,9.53872500796088e-08,True,False,True,28.7001438141,True,30.2508411407,True,60.0505142212,1.5506973266000017,0.0,318.950469971,0.0,1.0,-0.218234702945,0.208771526814,-804.274414062,True,38.5005722046,False,USABLE_FULL,NONE
density_20_nback_2_id_43,43,density_20_nback_2,20,2,2051,102.5,0.05,9.5367431640625e-08,True,False,True,43.5503463745,True,45.7503814697,True,72.3506088257,2.2000350952000005,0.0,220.419174194,0.0,1.0,-0.286911040545,0.363852083683,-1033.13256836,True,55.0496902466,False,USABLE_FULL,NONE
density_0_nback_0_id_44,44,density_0_nback_0,0,0,1506,75.25,0.05,9.536743164062499e-08,True,False,True,29.4507846832,True,30.5505027771,True,45.1005210876,1.0997180939000017,0.0,74.2850723267,0.0,1.0,-0.209678813815,0.158744573593,-907.146118164,True,34.4501876831,False,USABLE_FULL,NONE
density_0_nback_1_id_44,44,density_0_nback_1,0,1,1699,84.90000009536743,0.05000000005616456,9.540952923457695e-08,True,False,True,34.2003211975,True,35.6505088806,True,54.7501487732,1.4501876830999976,0.0,228.656341553,0.0,1.0,-0.396351844072,0.301913261414,-860.624633789,True,41.150554657,False,USABLE_FULL,NONE
density_0_nback_2_id_44,44,density_0_nback_2,0,2,1587,79.29999995231628,0.04999999996993461,9.534487518795289e-08,True,False,True,31.7993106842,True,33.1495628357,True,49.1995697021,1.3502521515000012,0.0,73.8677825928,0.0,1.0,-0.427284926176,1.54320025444,-1043.43225098,True,37.6493988037,False,USABLE_FULL,NONE
density_10_nback_0_id_44,44,density_10_nback_0,10,0,1419,70.90000009536743,0.050000000067254885,9.541783577222919e-08,True,False,True,21.1503067017,True,22.2998714447,True,40.7504234314,1.1495647429999991,0.0,93.1777420044,0.0,1.0,-0.314475595951,0.199663236737,-862.844970703,True,26.9502811432,False,USABLE_FULL,NONE
density_10_nback_1_id_44,44,density_10_nback_1,10,1,1498,74.84999990463257,0.0499999999362943,9.531961910304049e-08,True,False,True,26.0500774384,True,27.6000576019,True,44.7007484436,1.5499801635000026,0.0,118.813285828,0.0,1.0,-0.0872478038073,0.0874874964356,-1044.71923828,True,32.3998603821,False,USABLE_FULL,NONE
density_10_nback_2_id_44,44,density_10_nback_2,10,2,1541,77.0,0.05,9.536743164062499e-08,True,False,True,26.9497432709,True,28.3002109528,True,46.8996925354,1.3504676818999997,0.0,138.809020996,0.0,1.0,-0.535415410995,1.47097754478,-772.817993164,True,34.3501815796,False,USABLE_FULL,NONE
density_20_nback_0_id_44,44,density_20_nback_0,20,0,1995,99.70000004768372,0.050000000023913596,9.538536215585665e-08,True,False,True,48.6496009827,True,50.0000648499,True,69.5499267578,1.3504638671999984,0.0,129.067504883,0.0,1.0,-0.345156133175,0.296259015799,-1095.28686523,True,55.6494941711,False,USABLE_FULL,NONE
density_20_nback_1_id_44,44,density_20_nback_1,20,1,1834,91.65000009536743,0.05000000005202806,9.540643051865521e-08,True,False,True,28.7005119324,True,30.15076828,True,61.5008049011,1.4502563475999999,0.0,300.151062012,0.0,1.0,-0.564713776112,0.911547780037,-825.114746094,False,,True,COLLISION_FAILURE,COLLISION_WITH_HAZARD
density_20_nback_2_id_44,44,density_20_nback_2,20,2,1981,99.0,0.05,9.5367431640625e-08,True,False,True,43.599773407,True,45.0497589111,True,68.8502197266,1.449985504099999,0.0,299.767303467,0.0,1.0,-0.176195919514,0.233459770679,-1043.74853516,True,52.9001655579,False,USABLE_FULL,NONE
density_0_nback_0_id_45,45,density_0_nback_0,0,0,2399,119.90000009536743,0.05000000003976957,9.539724586642372e-08,True,False,True,29.4498577118,True,30.9492797852,True,89.7990951538,1.4994220734000017,0.0,73.8497695923,0.0,1.0,-0.25766864419,0.319269418716,-1486.6661377,True,34.349571228,False,USABLE_FULL,NONE
density_0_nback_1_id_45,45,density_0_nback_1,0,1,1614,80.65000009536743,0.05000000005912426,9.54117462124556e-08,True,False,True,34.2007217407,True,35.0500564575,True,50.5500526428,0.8493347168000014,0.0,234.065689087,0.0,1.0,-0.311851203442,0.311571776867,-814.966552734,True,42.3501281738,False,USABLE_FULL,NONE
density_0_nback_2_id_45,45,density_0_nback_2,0,2,1560,77.95000004768372,0.05000000003058609,9.539036354700483e-08,True,False,True,31.7498531342,True,32.3991317749,True,47.7997055054,0.6492786407000004,0.0,94.6127853394,0.0,1.0,-0.274383306503,0.162750706077,-1018.51623535,True,35.6493682861,False,USABLE_FULL,NONE
density_10_nback_0_id_45,45,density_10_nback_0,10,0,1599,79.90000009536743,0.050000000059679243,9.54121619104538e-08,True,False,True,21.1502075195,True,21.750164032,True,49.8500061035,0.5999565125000004,0.0,75.9804840088,0.0,1.0,-0.644735634327,0.179814934731,-1021.8840332,True,25.8008384705,False,USABLE_FULL,NONE
density_10_nback_1_id_45,45,density_10_nback_1,10,1,3077,153.79999995231628,0.04999999998449814,9.535580327813575e-08,True,False,True,26.0493392944,True,27.3492946625,True,123.699188232,1.299955368100001,0.0,91.6396102905,0.0,1.0,-0.246882513165,0.206818774343,-2984.31860352,True,33.2997016907,False,USABLE_FULL,NONE
density_10_nback_2_id_45,45,density_10_nback_2,10,2,1675,83.70000004768372,0.0500000000284849,9.538878866717482e-08,True,False,True,26.9507350922,True,28.6501102448,True,53.5500450134,1.6993751526000018,0.0,340.499816895,0.0,1.0,-0.243270888925,0.156252741814,-1017.93444824,True,33.9500045776,False,USABLE_FULL,NONE
density_20_nback_0_id_45,45,density_20_nback_0,20,0,2109,105.40000009536743,0.05000000004524072,9.540134541765902e-08,True,False,True,48.6491241455,True,50.2990188599,True,75.2992401123,1.6498947144000056,0.0,104.965377808,0.0,1.0,-0.115052044392,0.159634709358,-1237.81274414,True,55.3490905762,False,USABLE_FULL,NONE
density_20_nback_1_id_45,45,density_20_nback_1,20,1,1740,86.95000004768372,0.050000000027420194,9.53879906274917e-08,True,False,True,28.7003593445,True,30.6000480652,True,56.8501052856,1.8996887206999986,0.0,278.728118896,0.0,1.0,-0.777364194393,1.33700156212,-806.592041016,True,40.9506072998,False,USABLE_FULL,NONE
density_20_nback_2_id_45,45,density_20_nback_2,20,2,2406,120.25,0.05,9.5367431640625e-08,True,False,True,43.5501823425,True,45.4500770569,True,90.1003036499,1.8998947143999985,0.0,121.376846313,0.0,1.0,-0.263900637627,0.620082616806,-1568.625,True,54.7500801086,False,USABLE_FULL,NONE
density_0_nback_0_id_46,46,density_0_nback_0,0,0,1470,73.45000004768372,0.05000000003245998,9.539176799897733e-08,True,False,True,29.450838089,True,30.0998783112,True,43.3005065918,0.6490402222,0.0,75.6067657471,0.0,1.0,-0.209674865007,0.211887523532,-853.912963867,True,33.0498847961,False,USABLE_FULL,NONE
density_0_nback_1_id_46,46,density_0_nback_1,0,1,1704,85.15000009536743,0.050000000055999666,9.540940571181948e-08,True,False,True,34.2001571655,True,36.1000785828,True,55.0502700806,1.8999214172999999,0.0,187.143585205,0.0,1.0,-0.261818051338,0.297131627798,-869.586791992,True,42.0502929688,False,USABLE_FULL,NONE
density_0_nback_2_id_46,46,density_0_nback_2,0,2,1563,78.09999990463257,0.04999999993894531,9.532161006851782e-08,True,False,True,32.0999221802,True,33.0997543335,True,47.9998054504,0.9998321533000052,0.0,71.4942855835,0.0,1.0,-1.1348451376,1.54496836662,-993.314208984,True,35.6497116089,False,USABLE_FULL,NONE
density_10_nback_0_id_46,46,density_10_nback_0,10,0,1224,61.15000009536743,0.05000000007797828,9.542586556582761e-08,True,False,True,21.1496601105,True,22.3997631073,True,31.0495834351,1.250102996799999,0.0,75.888168335,0.0,1.0,-0.223872110248,0.307960063219,-671.356201172,True,25.7996234894,False,USABLE_FULL,NONE
density_10_nback_1_id_46,46,density_10_nback_1,10,1,1340,66.95000004768372,0.05000000003561144,9.539412983333684e-08,True,False,True,26.1004543304,True,27.5502204895,True,36.8500671387,1.4497661590999975,0.0,352.033752441,0.0,1.0,-0.153178602457,0.083327665925,-849.011962891,True,31.4002056122,False,USABLE_FULL,NONE
density_10_nback_2_id_46,46,density_10_nback_2,10,2,1366,68.25,0.05,9.536743164062499e-08,True,False,True,26.8996257782,True,27.5496349335,True,38.1002426147,0.6500091552999976,0.0,359.065216064,0.0,1.0,-0.206010445952,0.174522668123,-626.751831055,True,31.899646759,False,USABLE_FULL,NONE
density_20_nback_0_id_46,46,density_20_nback_0,20,0,1813,90.59999990463257,0.049999999947368964,9.532793566449038e-08,True,False,True,48.5994110107,True,49.5493049622,True,60.4492530823,0.9498939514999947,0.0,314.067504883,0.0,1.0,-0.223872110248,0.204217389226,-868.930358887,True,54.8493461609,False,USABLE_FULL,NONE
density_20_nback_1_id_46,46,density_20_nback_1,20,1,1656,82.75,0.05,9.5367431640625e-08,True,False,True,28.7000694275,True,29.9501838684,True,52.6002655029,1.2501144408999991,0.0,362.190307617,0.0,1.0,-0.282422989607,0.149088278413,-700.742919922,True,33.9500198364,False,USABLE_FULL,NONE
density_20_nback_2_id_46,46,density_20_nback_2,20,2,1933,96.59999990463257,0.049999999950637974,9.533039015367231e-08,True,False,True,43.550151825,True,44.8502044678,True,66.4502716064,1.3000526427999972,0.0,367.952209473,0.0,1.0,-0.242328375578,0.262462466955,-1041.45532227,True,50.4507331848,False,USABLE_FULL,NONE
density_0_nback_0_id_47,47,density_0_nback_0,0,0,1565,78.20000004768372,0.05000000003048831,9.539029025969391e-08,True,False,True,29.3999328613,True,30.650308609,True,48.050201416,1.250375747699998,0.0,130.891098022,0.0,1.0,-0.209627404809,0.167304843664,-910.192749023,True,34.9499168396,False,USABLE_FULL,NONE
density_0_nback_1_id_47,47,density_0_nback_1,0,1,1750,87.45000004768372,0.050000000027263417,9.538787311539668e-08,True,False,True,34.200302124,True,36.500289917,True,57.3003616333,2.2999877930000068,0.0,239.340896606,0.0,1.0,-0.311359614134,0.302726447582,-950.799926758,True,39.9502830505,False,USABLE_FULL,NONE
density_0_nback_2_id_47,47,density_0_nback_2,0,2,1596,79.75,0.05,9.5367431640625e-08,True,False,True,31.8004894257,True,33.3505783081,True,49.6504364014,1.5500888823999972,0.0,76.3889007568,0.0,1.0,-0.452797681093,1.87925755978,-1026.04272461,True,36.5504646301,False,USABLE_FULL,NONE
density_10_nback_0_id_47,47,density_10_nback_0,10,0,1428,71.34999990463257,0.04999999993316928,9.531727199613098e-08,True,False,True,21.2001514435,True,22.150144577,True,41.2500953674,0.9499931334999978,0.0,72.8945388794,0.0,1.0,-0.64097738266,1.78763222694,-792.208984375,True,25.9001159668,False,USABLE_FULL,NONE
density_10_nback_1_id_47,47,density_10_nback_1,10,1,1565,78.20000004768372,0.05000000003048831,9.539029025969391e-08,True,False,True,26.0501689911,True,28.6001873016,True,48.0500984192,2.550018310499997,0.0,201.646514893,0.0,1.0,-0.164188861847,0.173536837101,-1051.75915527,True,33.2500305176,False,USABLE_FULL,NONE
density_10_nback_2_id_47,47,density_10_nback_2,10,2,1549,77.40000009536743,0.05000000006160687,9.541360571469782e-08,True,False,True,26.900806427,True,28.7004051208,True,47.3002586365,1.7995986938000001,0.0,80.3599624634,0.0,1.0,-0.293406456709,0.197985395789,-779.636352539,True,32.7505187988,False,USABLE_FULL,NONE
density_20_nback_0_id_47,47,density_20_nback_0,20,0,2062,103.04999995231628,0.049999999976863795,9.535007510200796e-08,True,False,True,48.7001037598,True,50.0498924255,True,72.900177002,1.3497886656999967,0.0,105.010353088,0.0,1.0,-0.134946465492,0.227227792144,-1122.66809082,True,56.4002227783,False,USABLE_FULL,NONE
density_20_nback_1_id_47,47,density_20_nback_1,20,1,1767,88.29999995231628,0.04999999997299903,9.534717493826928e-08,True,False,True,28.6508216858,True,30.5006008148,True,58.1507072449,1.849779128999998,0.0,320.640533447,0.0,1.0,-0.382068663836,0.515816688538,-779.170898438,True,38.2509269714,False,USABLE_FULL,NONE
density_20_nback_2_id_47,47,density_20_nback_2,20,2,2167,108.29999995231628,0.049999999977985356,9.535091668779755e-08,True,False,True,43.6002540588,True,45.8998756409,True,78.1994094849,2.299621582100002,0.0,338.482299805,0.0,1.0,-0.642853319645,2.26197123528,-1051.97363281,True,60.6994552612,False,USABLE_FULL,NONE
density_0_nback_0_id_48,48,density_0_nback_0,0,0,1871,93.5,0.05,9.5367431640625e-08,True,False,True,29.4003543854,True,30.0502052307,True,63.3997573853,0.6498508453000014,0.0,230.795471191,0.0,1.0,-0.398860663176,0.245684057474,-1189.5982666,True,34.4004096985,False,USABLE_FULL,NONE
density_0_nback_1_id_48,48,density_0_nback_1,0,1,1935,96.70000004768372,0.05000000002465549,9.538591827851624e-08,True,False,True,34.1504135132,True,36.2003974915,True,66.550239563,2.0499839782999985,0.0,235.026794434,0.0,1.0,-0.573285758495,0.304679274559,-957.628173828,True,48.5500869751,False,USABLE_FULL,NONE
density_0_nback_2_id_48,48,density_0_nback_2,0,2,1787,89.29999995231628,0.049999999973301394,9.534740184320062e-08,True,False,True,31.8001613617,True,32.6001319885,True,59.2496948242,0.799970626800004,0.0,211.263626099,0.0,1.0,-1.58650445938,3.98307061195,-1137.02770996,True,41.2501220703,False,USABLE_FULL,NONE
density_10_nback_0_id_48,48,density_10_nback_0,10,0,1464,73.15000009536743,0.05000000006518621,9.541628650944604e-08,True,False,True,21.1499385834,True,21.7502613068,True,43.0003128052,0.6003227233999979,0.0,74.5970611572,0.0,1.0,-0.845877230167,1.04655230045,-818.908691406,True,24.9997463226,False,USABLE_FULL,NONE
density_10_nback_1_id_48,48,density_10_nback_1,10,1,2012,100.54999995231628,0.04999999997628855,9.534964345023408e-08,True,False,True,26.0503101349,True,27.1001091003,True,70.4002914429,1.0497989654000008,0.0,377.809692383,0.0,1.0,-1.91034340858,4.5452747345,-1325.78051758,True,52.0502090454,False,USABLE_FULL,NONE
density_10_nback_2_id_48,48,density_10_nback_2,10,2,1812,90.54999995231628,0.049999999973669954,9.534767842462804e-08,True,False,True,26.9000911713,True,28.7999782562,True,60.40001297,1.8998870848999978,0.0,345.867340088,0.0,1.0,-0.650523424149,0.905555486679,-1005.10852051,True,40.7000083923,False,USABLE_FULL,NONE
density_20_nback_0_id_48,48,density_20_nback_0,20,0,2298,114.84999990463257,0.04999999995848174,9.533627882370562e-08,True,False,True,48.7000770569,True,49.2501525879,True,84.7500762939,0.5500755309999974,0.0,341.900390625,0.0,1.0,-0.408195078373,0.261024326086,-1284.3927002,True,65.5001220703,False,USABLE_FULL,NONE
density_20_nback_1_id_48,48,density_20_nback_1,20,1,1833,91.59999990463257,0.04999999994794354,9.532836708849643e-08,True,False,True,28.7502880096,True,30.7500038147,True,61.5502548218,1.9997158051000028,0.0,395.641967773,0.0,1.0,-0.598270654678,0.885661065578,-766.680908203,True,42.7998199463,False,USABLE_FULL,NONE
density_20_nback_2_id_48,48,density_20_nback_2,20,2,2263,113.09999990463257,0.04999999995783933,9.53357965731273e-08,True,False,True,43.5995597839,True,45.3001747131,True,82.9501266479,1.7006149292000003,0.0,255.210266113,0.0,1.0,-0.45565405488,0.735134661198,-1233.27148438,False,,False,USABLE_FULL,NONE
density_0_nback_0_id_49,49,density_0_nback_0,0,0,1748,87.34999990463257,0.049999999945410746,9.53264652754792e-08,True,False,True,29.4496250153,True,30.899728775,True,57.2493972778,1.4501037596999993,0.0,73.7926025391,0.0,1.0,-0.366240262985,0.20685018599,-1054.78601074,True,35.4992752075,False,USABLE_FULL,NONE
density_0_nback_1_id_49,49,density_0_nback_1,0,1,2183,109.09999990463257,0.04999999995629357,9.533463616348348e-08,True,False,True,34.1999282837,True,36.7999038696,True,78.9998855591,2.5999755859000047,0.0,263.574371338,0.0,1.0,-0.263900637627,0.316153436899,-1336.24414062,True,42.4998512268,False,USABLE_FULL,NONE
density_0_nback_2_id_49,49,density_0_nback_2,0,2,1769,88.40000009536743,0.050000000053940855,9.54078634564063e-08,True,False,True,31.8000564575,True,33.8499717712,True,58.3501091003,2.049915313700005,0.0,72.1980743408,0.0,1.0,-2.07598471642,1.29715335369,-1167.13171387,True,37.7000236511,False,USABLE_FULL,NONE
density_10_nback_0_id_49,49,density_10_nback_0,10,0,1767,88.29999995231628,0.04999999997299903,9.534717493826928e-08,True,False,True,21.0999755859,True,24.1506195068,True,58.1506881714,3.050643920899997,0.0,235.068054199,0.0,1.0,-0.714709162712,0.582078516483,-964.262207031,True,33.1004333496,False,USABLE_FULL,NONE
density_10_nback_1_id_49,49,density_10_nback_1,10,1,1780,88.95000004768372,0.05000000002680366,9.538752850340788e-08,True,False,True,26.0501976013,True,28.9994449615,True,58.8493843079,2.949247360200001,0.0,248.658828735,0.0,1.0,-0.198719114065,0.319269418716,-1311.65881348,True,32.6501693726,False,USABLE_FULL,NONE
density_10_nback_2_id_49,49,density_10_nback_2,10,2,1962,98.04999995231628,0.04999999997568398,9.53491897807945e-08,True,False,True,27.0001468658,True,29.5002307892,True,67.900100708,2.5000839233999983,0.0,71.2390365601,0.0,1.0,-0.311359614134,0.172941967845,-1162.6348877,True,34.7500648499,False,USABLE_FULL,NONE
density_20_nback_0_id_49,49,density_20_nback_0,20,0,2504,125.15000009536743,0.050000000038101254,9.539599569018264e-08,True,False,True,48.6501502991,True,50.0001373291,True,95.0499801636,1.3499870300000012,0.0,355.256500244,0.0,1.0,-0.168742999434,0.426651328802,-1469.5802002,True,62.5501289368,False,USABLE_FULL,NONE
density_20_nback_1_id_49,49,density_20_nback_1,20,1,2459,122.90000009536743,0.05000000003879879,9.539651840686504e-08,True,False,True,28.6500453949,True,30.5000362396,True,92.8000259399,1.8499908446999989,0.0,288.009796143,0.0,1.0,-0.392615109682,0.646209001541,-1191.82617188,True,54.4999809265,False,USABLE_FULL,NONE
density_20_nback_2_id_49,49,density_20_nback_2,20,2,2743,137.09999990463257,0.049999999965219755,9.534133654462483e-08,True,False,True,43.5496940613,True,46.3495674133,True,106.949821472,2.7998733519999988,0.0,386.110717773,0.0,1.0,-1.0280380249,2.17160725594,-1484.04211426,False,,False,USABLE_FULL,NONE
density_0_nback_0_id_50,50,density_0_nback_0,0,0,1643,82.09999990463257,0.049999999941919955,9.532384396126683e-08,True,False,True,29.4498386383,True,31.8005847931,True,51.9501800537,2.3507461547999995,0.0,85.999786377,0.0,1.0,-0.458512157202,0.193924948573,-937.826782227,True,36.6501464844,False,USABLE_FULL,NONE
density_0_nback_1_id_50,50,density_0_nback_1,0,1,1809,90.40000009536743,0.050000000052747476,9.540696946244436e-08,True,False,True,34.1997947693,True,36.8997154236,True,60.2499275208,2.6999206543000014,0.0,235.099258423,0.0,1.0,-0.218936145306,0.307786971331,-881.025634766,True,43.7498092651,False,USABLE_FULL,NONE
density_0_nback_2_id_50,50,density_0_nback_2,0,2,1730,86.45000004768372,0.05000000002757878,9.538810949848435e-08,True,False,True,31.8003520966,True,33.6996574402,True,56.3004608154,1.8993053435999983,0.0,205.770294189,0.0,1.0,-0.266083091497,0.31159928441,-1070.41845703,True,38.8004837036,False,USABLE_FULL,NONE
density_10_nback_0_id_50,50,density_10_nback_0,10,0,1386,69.25,0.05,9.536743164062499e-08,True,False,True,21.100233078,True,22.5502643585,True,39.1002464294,1.4500312805000029,0.0,400.0,0.0,0.58506923914,-0.378754168749,1.71493804455,-763.504638672,True,26.0499763489,False,USABLE_FULL,NONE
density_10_nback_1_id_50,50,density_10_nback_1,10,1,1551,77.5,0.05,9.5367431640625e-08,True,False,True,26.049943924,True,28.3501338959,True,47.3997383118,2.3001899719,0.0,163.109329224,0.0,1.0,-0.149234041572,0.156758412719,-1106.83435059,True,33.0998458862,False,USABLE_FULL,NONE
density_10_nback_2_id_50,50,density_10_nback_2,10,2,1536,76.75,0.05,9.5367431640625e-08,True,False,True,26.8998947144,True,29.0997276306,True,46.5998268127,2.199832916200002,0.0,96.7667160034,0.0,1.0,-0.620293617249,0.987231075764,-768.189086914,True,33.9993438721,False,USABLE_FULL,NONE
density_20_nback_0_id_50,50,density_20_nback_0,20,0,2002,100.04999995231628,0.04999999997617006,9.534955453058914e-08,True,False,True,48.7000770569,True,49.2000045776,True,69.9500579834,0.49992752069999824,0.0,105.006507874,0.0,1.0,-0.143410488963,0.0997256189585,-1103.24658203,True,54.4995613098,False,USABLE_FULL,NONE
density_20_nback_1_id_50,50,density_20_nback_1,20,1,1702,85.04999995231628,0.049999999971967246,9.534640063558382e-08,True,False,True,28.7502326965,True,31.6001033783,True,54.9497909546,2.849870681799999,0.0,287.889831543,0.0,1.0,-0.375836670399,0.552489519119,-732.855712891,True,38.3996734619,False,USABLE_FULL,NONE
density_20_nback_2_id_50,50,density_20_nback_2,20,2,2111,105.5,0.05,9.5367431640625e-08,True,False,True,43.5500488281,True,46.3497886658,True,75.400062561,2.7997398376999953,0.0,169.571670532,0.0,1.0,-1.36576366425,2.27755117416,-1009.93585205,True,59.0503158569,False,USABLE_FULL,NONE
density_0_nback_0_id_51,51,density_0_nback_0,0,0,1579,78.90000009536743,0.05000000006043563,9.541272845989847e-08,True,False,True,29.4506378174,True,30.5504226685,True,48.8006668091,1.0997848511000008,0.0,125.991241455,0.0,1.0,-0.268039703369,0.11816804111,-883.789916992,True,35.2508087158,False,USABLE_FULL,NONE
density_0_nback_1_id_51,51,density_0_nback_1,0,1,1696,84.75,0.05,9.5367431640625e-08,True,False,True,34.1993293762,True,36.0993461609,True,54.6494140625,1.9000167847,0.0,265.737579346,0.0,1.0,-0.233009502292,0.321009576321,-824.991088867,True,43.0002174377,False,USABLE_FULL,NONE
density_0_nback_2_id_51,51,density_0_nback_2,0,2,1535,76.70000004768372,0.05000000003108456,9.539073714742151e-08,True,False,True,31.749174118,True,33.8495559692,True,46.5497207642,2.100381851199998,0.0,76.0631942749,0.0,1.0,-2.40049028397,1.81387770176,-958.131347656,True,38.049697876,False,USABLE_FULL,NONE
density_10_nback_0_id_51,51,density_10_nback_0,10,0,1364,68.15000009536743,0.05000000006996877,9.541986813415451e-08,True,False,True,21.1003036499,True,22.5006103516,True,38.0502319336,1.4003067017,0.0,182.176086426,0.0,1.0,-0.202096894383,0.0874874964356,-763.731689453,True,27.6501464844,False,USABLE_FULL,NONE
density_10_nback_1_id_51,51,density_10_nback_1,10,1,1507,75.29999995231628,0.049999999968337504,9.534367655555999e-08,True,False,True,26.0495262146,True,28.1997451782,True,45.1994590759,2.1502189636000004,0.0,233.236938477,0.0,1.0,-0.130392313004,0.161312550306,-1051.09057617,True,35.699508667,False,USABLE_FULL,NONE
density_10_nback_2_id_51,51,density_10_nback_2,10,2,1558,77.84999990463257,0.04999999993874924,9.532146282305603e-08,True,False,True,26.9497699738,True,28.1997661591,True,47.7004623413,1.2499961853000023,0.0,291.832489014,0.0,1.0,-1.68657517433,1.28356063366,-786.80065918,True,35.6498413086,False,USABLE_FULL,NONE
density_20_nback_0_id_51,51,density_20_nback_0,20,0,2004,100.15000009536743,0.0500000000476123,9.540312229990724e-08,True,False,True,48.6500320435,True,49.4506835938,True,69.9999771118,0.8006515503000031,0.0,201.497695923,0.0,1.0,-0.122722186148,0.202779233456,-1106.71911621,True,56.0001831055,False,USABLE_FULL,NONE
density_20_nback_1_id_51,51,density_20_nback_1,20,1,2302,115.04999995231628,0.04999999997927696,9.535188584178863e-08,True,False,True,28.6999797821,True,30.399980545,True,84.9002914429,1.7000007628999967,0.0,295.423095703,0.0,1.0,-1.24759566784,1.78786087036,-713.088867188,True,76.8999710083,False,USABLE_FULL,NONE
density_20_nback_2_id_51,51,density_20_nback_2,20,2,2013,100.59999990463257,0.04999999995260068,9.533186373890452e-08,True,False,True,43.5500030518,True,45.9991836548,True,70.4496002197,2.449180603000002,0.0,339.703063965,0.0,1.0,-0.688874125481,0.857856810093,-1111.50036621,True,54.1999206543,False,USABLE_FULL,NONE
density_0_nback_0_id_52,52,density_0_nback_0,0,0,1483,74.09999990463257,0.049999999935649506,9.531913483022168e-08,True,False,True,29.4491081238,True,30.6491603851,True,43.9493522644,1.2000522613000015,0.0,75.4954376221,0.0,1.0,-0.361934572458,0.374638229609,-847.150756836,True,33.5492019653,False,USABLE_FULL,NONE
density_0_nback_1_id_52,52,density_0_nback_1,0,1,1933,96.59999990463257,0.049999999950637974,9.533039015367231e-08,True,False,True,34.2490653992,True,36.600025177,True,66.4999389648,2.3509597778,0.0,267.790252686,0.0,1.0,-0.555832564831,0.323881983757,-625.391113281,True,44.7491226196,False,USABLE_FULL,NONE
density_0_nback_2_id_52,52,density_0_nback_2,0,2,1846,92.25,0.05,9.5367431640625e-08,True,False,True,31.8000011444,True,33.4496994019,True,62.0996322632,1.649698257499999,0.0,82.9235229492,0.0,1.0,-0.460208177567,0.482020139694,-972.280761719,True,39.2492713928,False,USABLE_FULL,NONE
density_10_nback_0_id_52,52,density_10_nback_0,10,0,1585,79.20000004768372,0.05000000003010335,9.539000173565314e-08,True,False,True,21.1496944427,True,22.3999481201,True,49.0997695923,1.2502536774,0.0,118.813285828,0.0,1.0,-0.352826267481,0.583170056343,-675.180908203,True,26.6995544434,False,USABLE_FULL,NONE
density_10_nback_1_id_52,52,density_10_nback_1,10,1,1586,79.25,0.05,9.5367431640625e-08,True,False,True,26.0496902466,True,28.7001285553,True,49.1493644714,2.6504383087,0.0,201.253494263,0.0,1.0,-0.426411658525,0.287150740623,-947.021606445,True,34.0500640869,False,USABLE_FULL,NONE
density_10_nback_2_id_52,52,density_10_nback_2,10,2,1514,75.65000009536743,0.05000000006303201,9.54146731174011e-08,True,False,True,26.9500656128,True,28.6991081238,True,45.500087738,1.749042510999999,0.0,104.970092773,0.0,1.0,-0.659722328186,0.996454417706,-749.668579102,True,32.6999397278,False,USABLE_FULL,NONE
density_20_nback_0_id_52,52,density_20_nback_0,20,0,2179,108.90000009536743,0.0500000000437867,9.540025596438271e-08,True,False,True,48.6498260498,True,50.3998641968,True,78.7993240356,1.750038147000005,0.0,177.693252563,0.0,1.0,-0.763107836246,0.7787758708,-855.531738281,True,54.2494010925,False,USABLE_FULL,NONE
density_20_nback_1_id_52,52,density_20_nback_1,20,1,2410,120.45000004768372,0.05000000001979399,9.538227392208709e-08,True,False,True,28.6999454498,True,30.5499668121,True,90.3500061035,1.850021362299998,0.0,318.218017578,0.0,1.0,-0.606770098209,0.649325013161,-705.656982422,True,75.9499588013,False,USABLE_FULL,NONE
density_20_nback_2_id_52,52,density_20_nback_2,20,2,3330,166.45000004768372,0.05000000001432373,9.537817276176835e-08,True,False,True,43.5996742249,True,45.8000640869,True,136.349609375,2.2003898620000015,0.0,300.151062012,0.0,1.0,-0.475548446178,0.908671498299,-821.343994141,True,120.799491882,False,USABLE_FULL,NONE
density_0_nback_0_id_53,53,density_0_nback_0,0,0,1577,78.79999995231628,0.04999999996974384,9.534473201594672e-08,True,False,True,29.4490642548,True,30.1996383667,True,48.6991767883,0.7505741119000007,0.0,76.5369338989,0.0,1.0,-0.400265067816,0.330055564642,-988.009887695,True,33.7996482849,False,USABLE_FULL,NONE
density_0_nback_1_id_53,53,density_0_nback_1,0,1,1617,80.79999995231628,0.04999999997049275,9.534529406896008e-08,True,False,True,34.1498222351,True,35.8503456116,True,50.6503448486,1.7005233765000014,0.0,240.351531982,0.0,1.0,-0.36204791069,0.337725698948,-796.571044922,True,39.8996315002,False,USABLE_FULL,NONE
density_0_nback_2_id_53,53,density_0_nback_2,0,2,1543,77.09999990463257,0.04999999993815342,9.532101535340454e-08,True,False,True,31.7498092651,True,33.1490631104,True,46.9991569519,1.3992538452999987,0.0,76.3267059326,0.0,1.0,-2.34324622154,1.70384037495,-978.805297852,True,36.6498298645,False,USABLE_FULL,NONE
density_10_nback_0_id_53,53,density_10_nback_0,10,0,1313,65.59999990463257,0.04999999992731141,9.531287188895851e-08,True,False,True,21.1491603851,True,22.5491161346,True,35.4991874695,1.3999557494999983,0.0,105.366073608,0.0,1.0,-0.191753417253,0.238013923168,-712.691650391,True,25.4992389679,False,USABLE_FULL,NONE
density_10_nback_1_id_53,53,density_10_nback_1,10,1,1509,75.40000009536743,0.050000000063241005,9.54148296454321e-08,True,False,True,26.0496349335,True,27.5995883942,True,45.2496833801,1.549953460700003,0.0,197.225097656,0.0,1.0,-0.145696267486,0.198032647371,-1090.94836426,True,33.249710083,False,USABLE_FULL,NONE
density_10_nback_2_id_53,53,density_10_nback_2,10,2,1562,78.04999995231628,0.0499999999694531,9.53445138173598e-08,True,False,True,26.9500427246,True,28.5001811981,True,47.9501266479,1.5501384735000023,0.0,114.198890686,0.0,1.0,-0.177196234465,0.133508309722,-789.58215332,True,33.4001731873,False,USABLE_FULL,NONE
density_20_nback_0_id_53,53,density_20_nback_0,20,0,1952,97.54999995231628,0.049999999975559345,9.534909625578065e-08,True,False,True,48.6495628357,True,49.3992538452,True,67.3995666504,0.7496910094999976,0.0,157.266616821,0.0,1.0,-0.220191463828,0.275568813086,-1041.78808594,True,54.3992080688,False,USABLE_FULL,NONE
density_20_nback_1_id_53,53,density_20_nback_1,20,1,1702,85.04999995231628,0.049999999971967246,9.534640063558382e-08,True,False,True,28.6998596191,True,29.2501220703,True,54.950378418,0.5502624512000018,0.0,218.235137939,0.0,1.0,-0.174150809646,0.268694460392,-766.950439453,True,38.6500968933,False,USABLE_FULL,NONE
density_20_nback_2_id_53,53,density_20_nback_2,20,2,1857,92.79999995231628,0.049999999974308346,9.534815748938726e-08,True,False,True,43.5992240906,True,44.9993438721,True,62.699382782,1.4001197814999955,0.0,128.521743774,0.0,1.0,-0.097901083529,0.138302147388,-1132.85449219,True,49.0991744995,False,USABLE_FULL,NONE
density_0_nback_0_id_54,54,density_0_nback_0,0,0,1467,73.29999995231628,0.04999999996747359,9.534302816467324e-08,True,False,True,29.4504299164,True,30.8504810333,True,43.200050354,1.4000511168999985,0.0,75.077835083,0.0,1.0,-0.209663182497,0.155080571771,-842.92565918,True,34.2005157471,False,USABLE_FULL,NONE
density_0_nback_1_id_54,54,density_0_nback_1,0,1,1642,82.04999995231628,0.04999999997094228,9.534563143335424e-08,True,False,True,34.2505226135,True,36.050163269,True,51.900177002,1.7996406554999993,0.0,266.178771973,0.0,1.0,-0.655324280262,0.325566023588,-753.325439453,True,43.0003547668,False,USABLE_FULL,NONE
density_0_nback_2_id_54,54,density_0_nback_2,0,2,1486,74.25,0.05,9.536743164062499e-08,True,False,True,31.8002281189,True,32.800819397,True,44.1003990173,1.0005912780999964,0.0,77.0412597656,0.0,1.0,-0.11960618943,0.174974992871,-904.510620117,True,36.7002067566,False,USABLE_FULL,NONE
density_10_nback_0_id_54,54,density_10_nback_0,10,0,1301,65.0,0.05,9.5367431640625e-08,True,False,True,21.0997638702,True,22.0498695374,True,34.8498382568,0.950105667199999,0.0,101.576042175,0.0,1.0,-0.190281629562,0.145972281694,-704.572509766,True,26.3993148804,False,USABLE_FULL,NONE
density_10_nback_1_id_54,54,density_10_nback_1,10,1,1456,72.75,0.05,9.536743164062499e-08,True,False,True,26.0508270264,True,27.4003925323,True,42.6503410339,1.3495655058999994,0.0,163.419143677,0.0,1.0,-0.167065158486,0.199663236737,-943.564697266,True,33.6998672485,False,USABLE_FULL,NONE
density_10_nback_2_id_54,54,density_10_nback_2,10,2,1483,74.09999990463257,0.049999999935649506,9.531913483022168e-08,True,False,True,26.9496936798,True,28.1496105194,True,43.9999275208,1.1999168396000002,0.0,239.340652466,0.0,1.0,-0.177054420114,0.158196568489,-724.161743164,True,34.5004272461,False,USABLE_FULL,NONE
density_20_nback_0_id_54,54,density_20_nback_0,20,0,1889,94.40000009536743,0.05000000005051241,9.540529505512468e-08,True,False,True,48.6498451233,True,49.6492042542,True,64.2991943359,0.9993591309000038,0.0,271.6902771,0.0,1.0,-0.196307554841,0.25335419178,-963.540466309,True,55.5992393494,False,USABLE_FULL,NONE
density_20_nback_1_id_54,54,density_20_nback_1,20,1,1516,75.75,0.05,9.536743164062499e-08,True,False,True,28.6502914429,True,29.799955368,True,45.6501922607,1.1496639251000005,0.0,293.365844727,0.0,1.0,-0.253469258547,0.796288967133,-673.384765625,True,33.6500167847,False,USABLE_FULL,NONE
density_20_nback_2_id_54,54,density_20_nback_2,20,2,1901,95.0,0.05,9.5367431640625e-08,True,False,True,43.5497589111,True,44.9995307922,True,64.8498916626,1.4497718810999984,0.0,276.573242188,0.0,1.0,-0.210209682584,0.294820874929,-913.983581543,True,51.449672699,False,USABLE_FULL,NONE
density_0_nback_0_id_55,55,density_0_nback_0,0,0,1522,76.04999995231628,0.04999999996864976,9.534391090684889e-08,True,False,True,29.4500293732,True,31.0504245758,True,45.9500656128,1.6003952026000015,0.0,135.73274231,0.0,1.0,-0.20965436101,0.185761108994,-851.772094727,True,36.5001487732,False,USABLE_FULL,NONE
density_0_nback_1_id_55,55,density_0_nback_1,0,1,1850,92.45000004768372,0.05000000002578892,9.538676788460022e-08,True,False,True,34.1993598938,True,37.2493057251,True,62.2993011475,3.0499458313000005,0.0,253.542953491,0.0,1.0,-0.336047858,0.314279586077,-1018.58349609,True,44.6492080688,False,USABLE_FULL,NONE
density_0_nback_2_id_55,55,density_0_nback_2,0,2,1646,82.25,0.05,9.5367431640625e-08,True,False,True,31.7501049042,True,33.7500762939,True,52.100227356,1.9999713897000007,0.0,159.830169678,0.0,1.0,-0.247778728604,0.631045162678,-1036.53051758,True,39.7002220154,False,USABLE_FULL,NONE
density_10_nback_0_id_55,55,density_10_nback_0,10,0,1359,67.90000009536743,0.05000000007022638,9.542006105125756e-08,True,False,True,21.2001552582,True,23.5504226685,True,37.750213623,2.3502674103000025,0.0,72.9092178345,0.0,1.0,-0.434605926275,0.827370524406,-744.93359375,True,26.9999980927,False,USABLE_FULL,NONE
density_10_nback_1_id_55,55,density_10_nback_1,10,1,1580,78.95000004768372,0.05000000003019868,9.539007318166759e-08,True,False,True,26.0492458344,True,28.5999946594,True,48.7991294861,2.5507488249999994,0.0,184.281661987,0.0,1.0,-0.115052044392,0.151964575052,-1090.20727539,True,35.1000099182,False,USABLE_FULL,NONE
density_10_nback_2_id_55,55,density_10_nback_2,10,2,1581,79.0,0.05,9.5367431640625e-08,True,False,True,27.0004673004,True,29.4509735107,True,48.850276947,2.4505062102999986,0.0,73.1820144653,0.0,1.0,-0.302251309156,0.383746504784,-804.82434082,True,35.6502075195,False,USABLE_FULL,NONE
density_20_nback_0_id_55,55,density_20_nback_0,20,0,1918,95.84999990463257,0.04999999995025173,9.533010015664929e-08,True,False,True,48.6492729187,True,49.6997947693,True,65.7492294312,1.0505218505999991,0.0,105.003684998,0.0,1.0,-0.107381910086,0.170420840383,-998.338378906,True,55.2993545532,False,USABLE_FULL,NONE
density_20_nback_1_id_55,55,density_20_nback_1,20,1,1734,86.65000009536743,0.050000000055030254,9.540867953441398e-08,True,False,True,28.6501350403,True,30.5502929688,True,56.5501556396,1.9001579285000005,0.0,297.7918396,0.0,1.0,-0.343717992306,0.793379724026,-697.564941406,True,44.4501304626,False,USABLE_FULL,NONE
density_20_nback_2_id_55,55,density_20_nback_2,20,2,2538,126.84999990463257,0.04999999996240937,9.533922708796544e-08,True,False,True,43.6001968384,True,47.2503395081,True,96.7500762939,3.6501426696999957,0.0,391.161834717,0.0,1.0,-1.07405877113,2.18838572502,-1039.49291992,True,80.7505874634,False,USABLE_FULL,NONE
density_0_nback_0_id_56,56,density_0_nback_0,0,0,1468,73.34999990463257,0.049999999934991525,9.53186406470404e-08,True,False,True,29.4505233765,True,30.1008453369,True,43.2502059937,0.6503219603999995,0.0,74.0198669434,0.0,1.0,-0.209678038955,0.19510909915,-860.099975586,True,34.9000396729,False,USABLE_FULL,NONE
density_0_nback_1_id_56,56,density_0_nback_1,0,1,1648,82.34999990463257,0.04999999994209628,9.532397636944724e-08,True,False,True,34.1994018555,True,35.6995353699,True,52.249256134,1.500133514399998,0.0,251.563217163,0.0,1.0,-0.424538403749,0.306911796331,-812.542602539,True,40.9999351501,False,USABLE_FULL,NONE
density_0_nback_2_id_56,56,density_0_nback_2,0,2,1544,77.15000009536743,0.0500000000618065,9.541375523806655e-08,True,False,True,31.7991924286,True,32.7494621277,True,47.0488319397,0.9502696990999979,0.0,93.4664306641,0.0,1.0,-0.236586511135,0.188877105713,-1001.40478516,True,36.8993186951,False,USABLE_FULL,NONE
density_10_nback_0_id_56,56,density_10_nback_0,10,0,1389,69.40000009536743,0.05000000006870852,9.541892438138461e-08,True,False,True,21.2003097534,True,22.1506843567,True,39.3004875183,0.950374603300002,0.0,65.1250686646,0.0,1.0,-0.191789582372,0.129098549485,-765.081787109,True,26.8999652863,False,USABLE_FULL,NONE
density_10_nback_1_id_56,56,density_10_nback_1,10,1,1486,74.25,0.05,9.536743164062499e-08,True,False,True,26.0502700806,True,28.7499542236,True,44.149684906,2.699684142999999,0.0,204.682022095,0.0,1.0,-0.214763820171,0.254792332649,-1047.45397949,True,33.2994842529,False,USABLE_FULL,NONE
density_10_nback_2_id_56,56,density_10_nback_2,10,2,1476,73.75,0.05,9.5367431640625e-08,True,False,True,26.9001274109,True,30.3999614716,True,43.6002845764,3.4998340606999996,0.0,113.610160828,0.0,1.0,-0.29458117485,0.264140337706,-719.211547852,True,35.1999320984,False,USABLE_FULL,NONE
density_20_nback_0_id_56,56,density_20_nback_0,20,0,1996,99.75,0.05,9.5367431640625e-08,True,False,True,48.5999526978,True,55.299987793,True,69.5999145508,6.7000350952000005,0.0,104.419952393,0.0,1.0,-1.61264622211,1.21859288216,-1097.3807373,True,57.1998558044,False,USABLE_FULL,NONE
density_20_nback_1_id_56,56,density_20_nback_1,20,1,1834,91.65000009536743,0.05000000005202806,9.540643051865521e-08,True,False,True,28.7001342773,True,29.6500415802,True,61.5995750427,0.9499073029000016,0.0,339.807098389,0.0,1.0,-2.58389592171,1.47329771519,-899.51953125,True,36.0995826721,False,USABLE_FULL,NONE
density_20_nback_2_id_56,56,density_20_nback_2,20,2,2040,101.95000004768372,0.05000000002338583,9.538496653687479e-08,True,False,True,43.6003570557,True,45.500164032,True,71.8003158569,1.899806976299999,0.0,391.564697266,0.0,1.0,-0.37439852953,0.55105137825,-1139.42578125,False,,True,COLLISION_FAILURE,COLLISION_WITH_HAZARD
density_0_nback_0_id_57,57,density_0_nback_0,0,0,1441,72.0,0.05,9.536743164062499e-08,True,False,True,29.4502639771,True,30.8500270844,True,41.9501266479,1.3997631073,0.0,76.1806869507,0.0,1.0,-0.24526104331,0.43144518137,-806.090209961,True,33.0500183105,False,USABLE_FULL,NONE
density_0_nback_1_id_57,57,density_0_nback_1,0,1,1727,86.29999995231628,0.04999999997237328,9.534670534810033e-08,True,False,True,34.2000465393,True,36.9502029419,True,56.1502342224,2.7501564026000054,0.0,206.74130249,0.0,1.0,-0.469835639,0.397933810949,-697.877929688,True,40.2500991821,False,USABLE_FULL,NONE
density_0_nback_2_id_57,57,density_0_nback_2,0,2,1510,75.45000004768372,0.050000000031599545,9.539112312263862e-08,True,False,True,31.8001346588,True,33.3501014709,True,45.3997001648,1.5499668120999992,0.0,76.1124267578,0.0,1.0,-0.626261711121,0.718505382538,-906.370483398,True,36.0497817993,False,USABLE_FULL,NONE
density_10_nback_0_id_57,57,density_10_nback_0,10,0,1305,65.20000004768372,0.050000000036567266,9.539484613976797e-08,True,False,True,21.1500587463,True,22.8501396179,True,35.0504226685,1.7000808715999973,0.0,77.777961731,0.0,1.0,-0.309486955404,0.414732784033,-707.928710938,True,26.3501491547,False,USABLE_FULL,NONE
density_10_nback_1_id_57,57,density_10_nback_1,10,1,1565,78.20000004768372,0.05000000003048831,9.539029025969391e-08,True,False,True,26.1000747681,True,27.4999847412,True,48.0996055603,1.399909973099998,0.0,337.994018555,0.0,1.0,-0.267016619444,0.323823571205,-960.916503906,True,33.1001625061,False,USABLE_FULL,NONE
density_10_nback_2_id_57,57,density_10_nback_2,10,2,1531,76.5,0.05,9.536743164062499e-08,True,False,True,26.9002361298,True,28.3501796722,True,46.4001045227,1.4499435423999998,0.0,221.029541016,0.0,1.0,-0.288881927729,0.423423230648,-765.340454102,True,34.0000038147,False,USABLE_FULL,NONE
density_20_nback_0_id_57,57,density_20_nback_0,20,0,1963,98.09999990463257,0.049999999951392746,9.533095683803936e-08,True,False,True,48.6503257751,True,50.3500442505,True,68.0000076294,1.6997184753999974,0.0,329.937133789,0.0,1.0,-0.27468675375,0.354504108429,-941.268981934,True,55.999912262,False,USABLE_FULL,NONE
density_20_nback_1_id_57,57,density_20_nback_1,20,1,1659,82.90000009536743,0.05000000005751956,9.541054422016996e-08,True,False,True,28.699716568,True,30.1997318268,True,52.7497520447,1.5000152588000013,0.0,339.271850586,0.0,1.0,-0.27468675375,0.354504108429,-691.061767578,True,38.2997398376,False,USABLE_FULL,NONE
density_20_nback_2_id_57,57,density_20_nback_2,20,2,1738,86.84999990463257,0.04999999994509647,9.532622928849644e-08,True,False,True,43.6001586914,True,45.3501014709,True,56.8000450134,1.749942779500003,0.0,128.396697998,0.0,1.0,-0.268454760313,0.305606991053,-917.526000977,True,47.8501586914,False,USABLE_FULL,NONE
