trial_id,density,nback,window,window_duration_s,window_reaches_handback,brake_channel_peaks__prominence15,brake_channel_peaks__prominence30,brake_channel_peaks__prominence5,steering_channel_hysteresis_reversals__gap1deg_lowpass2Hz,steering_channel_hysteresis_reversals__gap1deg_raw,steering_channel_hysteresis_reversals__gap2deg_lowpass2Hz,steering_channel_hysteresis_reversals__gap2deg_raw,steering_channel_hysteresis_reversals__gap3deg_lowpass2Hz,steering_channel_hysteresis_reversals__gap3deg_raw,steering_channel_hysteresis_reversals__gap5deg_lowpass2Hz,steering_channel_hysteresis_reversals__gap5deg_raw
density_0_nback_0_id_1,0,0,HISTORICAL_ACUTE_8S_POST_TOR,7.950000047683716,False,2,1,2,7,7,3,3,0,1,0,0
density_0_nback_0_id_1,0,0,HISTORICAL_FULL_RECORD_POST_TOR_INVALID,44.950000047683716,True,3,1,3,16,16,12,12,5,6,5,5
density_0_nback_0_id_1,0,0,POST_BUTTON_MANUAL,13.549999952316284,False,1,1,2,9,9,5,5,2,3,1,1
density_0_nback_0_id_1,0,0,POST_TOR_MANUAL,14.799999952316284,False,2,1,2,9,9,5,5,2,3,1,1
density_0_nback_0_id_10,0,0,HISTORICAL_ACUTE_8S_POST_TOR,7.950000047683716,False,1,1,1,3,3,2,2,2,2,1,1
density_0_nback_0_id_10,0,0,HISTORICAL_FULL_RECORD_POST_TOR_INVALID,42.299999952316284,True,2,2,4,11,11,8,8,8,8,4,4
density_0_nback_0_id_10,0,0,POST_BUTTON_MANUAL,11.25,False,1,1,1,6,6,3,3,2,2,1,1
density_0_nback_0_id_10,0,0,POST_TOR_MANUAL,12.200000047683716,False,1,1,1,6,6,3,3,2,2,1,1
density_0_nback_0_id_11,0,0,HISTORICAL_ACUTE_8S_POST_TOR,7.950000047683716,False,2,1,2,4,4,3,3,3,3,2,2
density_0_nback_0_id_11,0,0,HISTORICAL_FULL_RECORD_POST_TOR_INVALID,44.5,True,2,1,2,15,15,12,12,12,12,10,10
density_0_nback_0_id_11,0,0,POST_BUTTON_MANUAL,12.849999904632568,False,1,1,1,9,9,7,7,7,7,5,5
density_0_nback_0_id_11,0,0,POST_TOR_MANUAL,14.349999904632568,False,2,1,2,9,9,7,7,7,7,5,5
density_0_nback_0_id_12,0,0,HISTORICAL_ACUTE_8S_POST_TOR,7.950000047683716,False,1,0,1,9,9,8,9,5,6,3,3
density_0_nback_0_id_12,0,0,HISTORICAL_FULL_RECORD_POST_TOR_INVALID,42.450000047683716,True,2,1,3,18,18,16,16,12,14,8,8
density_0_nback_0_id_12,0,0,POST_BUTTON_MANUAL,11.75,False,1,0,1,12,12,11,11,7,9,5,5
density_0_nback_0_id_12,0,0,POST_TOR_MANUAL,12.349999904632568,False,1,0,1,12,12,11,11,7,9,5,5
density_0_nback_0_id_13,0,0,HISTORICAL_ACUTE_8S_POST_TOR,7.950000047683716,False,1,1,1,4,4,1,1,1,1,1,1
density_0_nback_0_id_13,0,0,HISTORICAL_FULL_RECORD_POST_TOR_INVALID,45.75,True,1,1,2,13,13,8,8,8,8,8,8
density_0_nback_0_id_13,0,0,POST_BUTTON_MANUAL,14.149999856948853,False,0,0,0,7,7,4,4,4,4,4,4
density_0_nback_0_id_13,0,0,POST_TOR_MANUAL,15.599999904632568,False,1,1,1,7,7,4,4,4,4,4,4
density_0_nback_0_id_15,0,0,HISTORICAL_ACUTE_8S_POST_TOR,7.950000047683716,False,3,1,3,2,2,2,2,1,1,1,1
density_0_nback_0_id_15,0,0,HISTORICAL_FULL_RECORD_POST_TOR_INVALID,46.299999952316284,True,4,2,4,11,11,11,11,10,10,10,10
density_0_nback_0_id_15,0,0,POST_BUTTON_MANUAL,14.700000047683716,False,2,1,2,5,5,5,5,4,4,4,4
density_0_nback_0_id_15,0,0,POST_TOR_MANUAL,16.200000047683716,False,3,1,3,5,5,5,5,4,4,4,4
density_0_nback_0_id_16,0,0,HISTORICAL_ACUTE_8S_POST_TOR,7.950000047683716,False,1,1,1,4,4,3,3,3,3,2,2
density_0_nback_0_id_16,0,0,HISTORICAL_FULL_RECORD_POST_TOR_INVALID,49.59999990463257,True,1,1,1,19,21,18,18,16,16,12,12
density_0_nback_0_id_16,0,0,POST_BUTTON_MANUAL,18.25,False,1,0,1,12,14,11,11,9,9,7,7
density_0_nback_0_id_16,0,0,POST_TOR_MANUAL,19.450000047683716,False,1,1,1,12,14,11,11,9,9,7,7
density_0_nback_0_id_17,0,0,HISTORICAL_ACUTE_8S_POST_TOR,7.950000047683716,False,1,1,1,6,6,4,4,3,3,3,3
density_0_nback_0_id_17,0,0,HISTORICAL_FULL_RECORD_POST_TOR_INVALID,42.5,True,2,2,4,14,14,12,12,12,12,8,8
density_0_nback_0_id_17,0,0,POST_BUTTON_MANUAL,11.149999856948853,False,1,0,1,9,9,7,7,6,6,4,4
density_0_nback_0_id_17,0,0,POST_TOR_MANUAL,12.349999904632568,False,1,1,1,9,9,7,7,6,6,4,4
density_0_nback_0_id_18,0,0,HISTORICAL_ACUTE_8S_POST_TOR,7.950000047683716,False,2,2,2,6,6,6,6,3,3,3,3
density_0_nback_0_id_18,0,0,HISTORICAL_FULL_RECORD_POST_TOR_INVALID,45.75,True,2,2,3,16,16,16,16,12,12,12,12
density_0_nback_0_id_18,0,0,POST_BUTTON_MANUAL,14.599999904632568,False,2,2,2,11,11,11,11,7,7,6,6
density_0_nback_0_id_18,0,0,POST_TOR_MANUAL,15.649999856948853,False,2,2,2,11,11,11,11,7,7,6,6
density_0_nback_0_id_19,0,0,HISTORICAL_ACUTE_8S_POST_TOR,7.950000047683716,False,1,1,1,7,7,1,1,1,1,1,1
density_0_nback_0_id_19,0,0,HISTORICAL_FULL_RECORD_POST_TOR_INVALID,47.59999990463257,True,1,1,1,24,24,14,14,6,8,4,4
density_0_nback_0_id_19,0,0,POST_BUTTON_MANUAL,16.5,False,1,1,1,18,18,9,9,4,6,2,2
density_0_nback_0_id_19,0,0,POST_TOR_MANUAL,17.5,False,1,1,1,18,18,9,9,4,6,2,2
density_0_nback_0_id_2,0,0,HISTORICAL_ACUTE_8S_POST_TOR,7.950000047683716,True,2,1,3,4,4,1,1,1,1,1,1
density_0_nback_0_id_2,0,0,HISTORICAL_FULL_RECORD_POST_TOR_INVALID,37.5,True,2,1,4,15,17,12,12,12,12,10,10
density_0_nback_0_id_2,0,0,POST_BUTTON_MANUAL,5.400000095367432,False,1,1,2,3,3,1,1,1,1,1,1
density_0_nback_0_id_2,0,0,POST_TOR_MANUAL,7.299999952316284,False,2,1,3,4,4,1,1,1,1,1,1
density_0_nback_0_id_20,0,0,HISTORICAL_ACUTE_8S_POST_TOR,7.950000047683716,False,1,1,2,5,5,3,3,1,1,0,0
density_0_nback_0_id_20,0,0,HISTORICAL_FULL_RECORD_POST_TOR_INVALID,43.90000009536743,True,1,1,2,15,15,12,12,8,8,5,5
density_0_nback_0_id_20,0,0,POST_BUTTON_MANUAL,11.950000047683716,False,0,0,1,7,7,5,5,3,3,3,3
density_0_nback_0_id_20,0,0,POST_TOR_MANUAL,13.799999952316284,False,1,1,2,8,8,5,5,3,3,2,2
density_0_nback_0_id_21,0,0,HISTORICAL_ACUTE_8S_POST_TOR,7.950000047683716,False,1,1,1,5,5,4,4,4,4,4,4
density_0_nback_0_id_21,0,0,HISTORICAL_FULL_RECORD_POST_TOR_INVALID,46.75,True,2,2,2,16,16,16,16,16,16,10,12
density_0_nback_0_id_21,0,0,POST_BUTTON_MANUAL,15.149999856948853,False,0,0,0,8,8,8,8,8,8,4,4
density_0_nback_0_id_21,0,0,POST_TOR_MANUAL,16.59999990463257,False,1,1,1,8,8,8,8,8,8,4,4
density_0_nback_0_id_22,0,0,HISTORICAL_ACUTE_8S_POST_TOR,7.950000047683716,False,0,0,1,2,2,2,2,2,2,2,2
density_0_nback_0_id_22,0,0,HISTORICAL_FULL_RECORD_POST_TOR_INVALID,40.65000009536743,True,1,1,2,6,6,6,6,6,6,6,6
density_0_nback_0_id_22,0,0,POST_BUTTON_MANUAL,10.049999952316284,False,0,0,1,2,2,2,2,2,2,2,2
density_0_nback_0_id_22,0,0,POST_TOR_MANUAL,10.549999952316284,False,0,0,1,2,2,2,2,2,2,2,2
density_0_nback_0_id_23,0,0,HISTORICAL_ACUTE_8S_POST_TOR,7.950000047683716,False,1,1,2,3,3,1,1,1,1,1,1
density_0_nback_0_id_23,0,0,HISTORICAL_FULL_RECORD_POST_TOR_INVALID,42.450000047683716,True,1,1,2,9,9,8,8,8,8,6,6
density_0_nback_0_id_23,0,0,POST_BUTTON_MANUAL,9.950000047683716,False,0,0,0,2,2,2,2,2,2,2,2
density_0_nback_0_id_23,0,0,POST_TOR_MANUAL,12.25,False,1,1,2,3,3,2,2,2,2,2,2
density_0_nback_0_id_24,0,0,HISTORICAL_ACUTE_8S_POST_TOR,7.950000047683716,False,1,1,1,3,3,3,3,3,3,3,3
density_0_nback_0_id_24,0,0,HISTORICAL_FULL_RECORD_POST_TOR_INVALID,43.700000047683716,True,2,2,3,12,14,12,12,10,10,8,8
density_0_nback_0_id_24,0,0,POST_BUTTON_MANUAL,12.450000047683716,False,1,1,1,7,8,7,7,7,7,5,5
density_0_nback_0_id_24,0,0,POST_TOR_MANUAL,13.549999952316284,False,1,1,1,7,8,7,7,7,7,5,5
density_0_nback_0_id_25,0,0,HISTORICAL_ACUTE_8S_POST_TOR,7.950000047683716,False,1,1,1,4,4,4,4,4,4,0,0
density_0_nback_0_id_25,0,0,HISTORICAL_FULL_RECORD_POST_TOR_INVALID,46.5,True,1,1,1,10,10,10,10,10,10,3,3
density_0_nback_0_id_25,0,0,POST_BUTTON_MANUAL,15.049999952316284,False,0,0,1,7,7,6,6,6,6,1,1
density_0_nback_0_id_25,0,0,POST_TOR_MANUAL,16.299999952316284,False,1,1,1,7,7,6,6,6,6,1,1
density_0_nback_0_id_26,0,0,HISTORICAL_ACUTE_8S_POST_TOR,7.950000047683716,False,1,1,2,3,3,2,2,1,1,1,1
density_0_nback_0_id_26,0,0,HISTORICAL_FULL_RECORD_POST_TOR_INVALID,42.700000047683716,True,2,2,3,11,11,10,10,8,8,8,8
density_0_nback_0_id_26,0,0,POST_BUTTON_MANUAL,10.299999952316284,False,0,0,0,4,4,4,4,2,2,2,2
density_0_nback_0_id_26,0,0,POST_TOR_MANUAL,12.599999904632568,False,1,1,2,5,5,4,4,2,2,2,2
density_0_nback_0_id_27,0,0,HISTORICAL_ACUTE_8S_POST_TOR,7.950000047683716,False,1,1,1,5,5,5,5,5,5,5,5
density_0_nback_0_id_27,0,0,HISTORICAL_FULL_RECORD_POST_TOR_INVALID,56.40000009536743,True,3,3,3,29,27,23,27,19,23,15,15
density_0_nback_0_id_27,0,0,POST_BUTTON_MANUAL,25.34999990463257,False,1,1,1,23,21,19,21,15,19,10,10
density_0_nback_0_id_27,0,0,POST_TOR_MANUAL,26.25,False,1,1,1,23,21,19,21,15,19,10,10
density_0_nback_0_id_28,0,0,HISTORICAL_ACUTE_8S_POST_TOR,7.950000047683716,False,2,1,2,2,2,2,2,1,1,1,1
density_0_nback_0_id_28,0,0,HISTORICAL_FULL_RECORD_POST_TOR_INVALID,45.299999952316284,True,2,1,3,13,17,13,13,12,12,8,8
density_0_nback_0_id_28,0,0,POST_BUTTON_MANUAL,10.75,False,0,0,0,5,9,5,5,5,5,2,2
density_0_nback_0_id_28,0,0,POST_TOR_MANUAL,15.099999904632568,False,2,1,2,6,10,6,6,5,5,2,2
density_0_nback_0_id_29,0,0,HISTORICAL_ACUTE_8S_POST_TOR,7.950000047683716,False,1,1,2,4,4,3,3,3,3,3,3
density_0_nback_0_id_29,0,0,HISTORICAL_FULL_RECORD_POST_TOR_INVALID,44.700000047683716,True,1,1,3,15,15,14,14,10,10,10,10
density_0_nback_0_id_29,0,0,POST_BUTTON_MANUAL,12.349999904632568,False,0,0,0,7,7,7,7,4,4,4,4
density_0_nback_0_id_29,0,0,POST_TOR_MANUAL,14.599999904632568,False,1,1,2,8,8,7,7,4,4,4,4
density_0_nback_0_id_3,0,0,HISTORICAL_ACUTE_8S_POST_TOR,7.950000047683716,False,1,0,1,3,3,2,2,2,2,1,1
density_0_nback_0_id_3,0,0,HISTORICAL_FULL_RECORD_POST_TOR_INVALID,39.09999990463257,True,2,1,2,9,9,6,6,6,6,6,6
density_0_nback_0_id_3,0,0,POST_BUTTON_MANUAL,8.300000190734863,False,1,0,1,3,3,2,2,2,2,1,1
density_0_nback_0_id_3,0,0,POST_TOR_MANUAL,8.950000047683716,False,1,0,1,3,3,2,2,2,2,1,1
density_0_nback_0_id_30,0,0,HISTORICAL_ACUTE_8S_POST_TOR,7.950000047683716,False,1,1,1,3,3,3,3,2,2,1,1
density_0_nback_0_id_30,0,0,HISTORICAL_FULL_RECORD_POST_TOR_INVALID,44.15000009536743,True,2,1,2,9,9,7,7,6,6,6,6
density_0_nback_0_id_30,0,0,POST_BUTTON_MANUAL,12.75,False,0,0,0,5,5,3,3,2,2,2,2
density_0_nback_0_id_30,0,0,POST_TOR_MANUAL,14.049999952316284,False,1,1,1,5,5,3,3,2,2,2,2
density_0_nback_0_id_31,0,0,HISTORICAL_ACUTE_8S_POST_TOR,7.950000047683716,False,1,1,3,5,8,3,3,3,3,2,2
density_0_nback_0_id_31,0,0,HISTORICAL_FULL_RECORD_POST_TOR_INVALID,49.549999952316284,True,2,2,4,15,17,13,13,11,11,8,8
density_0_nback_0_id_31,0,0,POST_BUTTON_MANUAL,18.5,False,1,1,3,10,12,8,8,5,6,5,5
density_0_nback_0_id_31,0,0,POST_TOR_MANUAL,19.40000009536743,False,1,1,3,10,12,8,8,6,6,5,5
density_0_nback_0_id_32,0,0,HISTORICAL_ACUTE_8S_POST_TOR,7.949999809265137,False,1,1,1,4,5,4,4,2,2,1,1
density_0_nback_0_id_32,0,0,HISTORICAL_FULL_RECORD_POST_TOR_INVALID,38.75,True,3,3,5,14,16,10,10,6,6,6,6
density_0_nback_0_id_32,0,0,POST_BUTTON_MANUAL,7.599999904632568,False,1,1,1,4,6,4,4,2,2,1,1
density_0_nback_0_id_32,0,0,POST_TOR_MANUAL,8.649999856948853,False,1,1,1,4,6,4,4,2,2,1,1
density_0_nback_0_id_33,0,0,HISTORICAL_ACUTE_8S_POST_TOR,7.950000047683716,False,1,1,1,2,2,0,0,0,0,0,0
density_0_nback_0_id_33,0,0,HISTORICAL_FULL_RECORD_POST_TOR_INVALID,47.200000047683716,True,2,2,2,13,13,9,9,7,7,5,5
density_0_nback_0_id_33,0,0,POST_BUTTON_MANUAL,15.5,False,0,0,0,5,5,2,2,1,1,1,1
density_0_nback_0_id_33,0,0,POST_TOR_MANUAL,17.049999952316284,False,1,1,1,6,6,2,2,1,1,1,1
density_0_nback_0_id_34,0,0,HISTORICAL_ACUTE_8S_POST_TOR,7.950000047683716,False,1,1,2,3,3,2,2,2,2,2,2
density_0_nback_0_id_34,0,0,HISTORICAL_FULL_RECORD_POST_TOR_INVALID,42.799999952316284,True,1,1,2,11,11,10,10,10,10,6,6
density_0_nback_0_id_34,0,0,POST_BUTTON_MANUAL,10.0,False,0,0,0,3,3,3,3,3,3,2,2
density_0_nback_0_id_34,0,0,POST_TOR_MANUAL,12.649999856948853,False,1,1,2,4,4,3,3,3,3,2,2
density_0_nback_0_id_35,0,0,HISTORICAL_ACUTE_8S_POST_TOR,7.950000047683716,False,1,1,1,2,2,2,2,1,1,1,1
density_0_nback_0_id_35,0,0,HISTORICAL_FULL_RECORD_POST_TOR_INVALID,44.25,True,2,2,3,12,12,10,10,8,8,6,6
density_0_nback_0_id_35,0,0,POST_BUTTON_MANUAL,12.75,False,0,0,0,5,5,3,3,2,2,2,2
density_0_nback_0_id_35,0,0,POST_TOR_MANUAL,14.049999952316284,False,1,1,1,5,5,3,3,2,2,2,2
density_0_nback_0_id_36,0,0,HISTORICAL_ACUTE_8S_POST_TOR,7.950000047683716,False,1,1,1,3,3,3,3,1,1,0,0
density_0_nback_0_id_36,0,0,HISTORICAL_FULL_RECORD_POST_TOR_INVALID,75.84999990463257,True,3,3,4,21,23,17,21,11,13,8,8
density_0_nback_0_id_36,0,0,POST_BUTTON_MANUAL,44.60000014305115,False,1,1,1,13,13,10,12,6,6,3,3
density_0_nback_0_id_36,0,0,POST_TOR_MANUAL,45.700000047683716,False,1,1,1,13,13,11,13,6,6,3,3
density_0_nback_0_id_37,0,0,HISTORICAL_ACUTE_8S_POST_TOR,7.950000047683716,False,1,1,3,2,2,2,2,2,2,0,0
density_0_nback_0_id_37,0,0,HISTORICAL_FULL_RECORD_POST_TOR_INVALID,49.5,True,1,1,3,11,11,9,9,9,9,7,7
density_0_nback_0_id_37,0,0,POST_BUTTON_MANUAL,18.09999990463257,False,1,1,3,6,6,6,6,6,6,5,5
density_0_nback_0_id_37,0,0,POST_TOR_MANUAL,19.399999856948853,False,1,1,3,6,6,6,6,6,6,4,4
density_0_nback_0_id_38,0,0,HISTORICAL_ACUTE_8S_POST_TOR,7.950000047683716,False,1,0,1,2,2,1,1,0,0,0,0
density_0_nback_0_id_38,0,0,HISTORICAL_FULL_RECORD_POST_TOR_INVALID,44.75,True,2,1,2,13,13,12,12,9,9,5,5
density_0_nback_0_id_38,0,0,POST_BUTTON_MANUAL,13.849999904632568,False,1,0,1,6,6,5,5,2,2,1,1
density_0_nback_0_id_38,0,0,POST_TOR_MANUAL,14.599999904632568,False,1,0,1,6,6,5,5,2,2,1,1
density_0_nback_0_id_39,0,0,HISTORICAL_ACUTE_8S_POST_TOR,7.950000047683716,False,2,2,2,5,5,2,3,2,2,1,1
density_0_nback_0_id_39,0,0,HISTORICAL_FULL_RECORD_POST_TOR_INVALID,43.0,True,3,3,3,15,15,11,11,9,9,8,8
density_0_nback_0_id_39,0,0,POST_BUTTON_MANUAL,11.600000143051147,False,1,1,1,10,10,6,6,6,6,4,5
density_0_nback_0_id_39,0,0,POST_TOR_MANUAL,12.900000095367432,False,2,2,2,10,10,6,6,6,6,4,5
density_0_nback_0_id_4,0,0,HISTORICAL_ACUTE_8S_POST_TOR,7.950000047683716,False,1,1,1,5,5,2,2,2,2,2,2
density_0_nback_0_id_4,0,0,HISTORICAL_FULL_RECORD_POST_TOR_INVALID,42.39999985694885,True,2,2,3,14,16,10,10,8,8,8,8
density_0_nback_0_id_4,0,0,POST_BUTTON_MANUAL,11.350000143051147,False,1,1,1,8,8,4,4,4,4,3,4
density_0_nback_0_id_4,0,0,POST_TOR_MANUAL,12.25,False,1,1,1,8,8,4,4,4,4,3,4
density_0_nback_0_id_40,0,0,HISTORICAL_ACUTE_8S_POST_TOR,7.950000047683716,False,1,1,2,2,2,2,2,2,2,1,1
density_0_nback_0_id_40,0,0,HISTORICAL_FULL_RECORD_POST_TOR_INVALID,44.09999990463257,True,1,1,3,10,10,10,10,10,10,6,6
density_0_nback_0_id_40,0,0,POST_BUTTON_MANUAL,12.850000143051147,False,1,1,2,5,5,5,5,5,5,3,3
density_0_nback_0_id_40,0,0,POST_TOR_MANUAL,13.950000047683716,False,1,1,2,5,5,5,5,5,5,3,3
density_0_nback_0_id_41,0,0,HISTORICAL_ACUTE_8S_POST_TOR,7.950000047683716,False,1,1,2,3,3,2,2,2,2,2,2
density_0_nback_0_id_41,0,0,HISTORICAL_FULL_RECORD_POST_TOR_INVALID,47.450000047683716,True,1,1,4,15,15,12,12,12,12,12,12
density_0_nback_0_id_41,0,0,POST_BUTTON_MANUAL,16.200000047683716,False,1,1,3,7,7,6,6,6,6,6,6
density_0_nback_0_id_41,0,0,POST_TOR_MANUAL,17.299999952316284,False,1,1,3,8,8,6,6,6,6,6,6
density_0_nback_0_id_42,0,0,HISTORICAL_ACUTE_8S_POST_TOR,7.950000047683716,False,1,1,1,4,4,2,2,2,2,2,2
density_0_nback_0_id_42,0,0,HISTORICAL_FULL_RECORD_POST_TOR_INVALID,46.25,True,2,2,2,11,11,8,8,8,8,6,6
density_0_nback_0_id_42,0,0,POST_BUTTON_MANUAL,15.0,False,1,1,1,8,8,5,5,5,5,5,5
density_0_nback_0_id_42,0,0,POST_TOR_MANUAL,16.09999990463257,False,1,1,1,8,8,5,5,5,5,5,5
density_0_nback_0_id_43,0,0,HISTORICAL_ACUTE_8S_POST_TOR,7.950000047683716,False,2,1,2,5,5,5,5,4,4,4,4
density_0_nback_0_id_43,0,0,HISTORICAL_FULL_RECORD_POST_TOR_INVALID,57.549999952316284,True,3,2,5,18,18,16,16,15,15,13,13
density_0_nback_0_id_43,0,0,POST_BUTTON_MANUAL,26.65000009536743,False,2,1,4,12,12,11,11,10,10,8,8
density_0_nback_0_id_43,0,0,POST_TOR_MANUAL,27.40000009536743,False,2,1,4,12,12,11,11,10,10,8,8
density_0_nback_0_id_44,0,0,HISTORICAL_ACUTE_8S_POST_TOR,7.950000047683716,False,1,1,1,2,2,2,2,2,2,1,1
density_0_nback_0_id_44,0,0,HISTORICAL_FULL_RECORD_POST_TOR_INVALID,45.75,True,2,1,2,6,6,6,6,6,6,5,5
density_0_nback_0_id_44,0,0,POST_BUTTON_MANUAL,14.5,False,1,0,1,5,5,5,5,4,4,3,3
density_0_nback_0_id_44,0,0,POST_TOR_MANUAL,15.599999904632568,False,1,1,1,5,5,5,5,4,4,3,3
density_0_nback_0_id_45,0,0,HISTORICAL_ACUTE_8S_POST_TOR,7.950000047683716,False,1,1,2,4,4,4,4,4,4,2,2
density_0_nback_0_id_45,0,0,HISTORICAL_FULL_RECORD_POST_TOR_INVALID,90.45000004768372,True,2,1,3,32,34,22,22,21,21,11,11
density_0_nback_0_id_45,0,0,POST_BUTTON_MANUAL,58.799999952316284,False,0,0,1,27,29,18,19,18,18,10,10
density_0_nback_0_id_45,0,0,POST_TOR_MANUAL,60.299999952316284,False,1,1,2,27,29,18,19,18,18,10,10
density_0_nback_0_id_46,0,0,HISTORICAL_ACUTE_8S_POST_TOR,7.950000047683716,False,2,1,3,3,5,2,3,2,2,1,1
density_0_nback_0_id_46,0,0,HISTORICAL_FULL_RECORD_POST_TOR_INVALID,43.950000047683716,True,2,1,3,8,10,8,8,8,8,4,4
density_0_nback_0_id_46,0,0,POST_BUTTON_MANUAL,13.200000047683716,False,2,1,3,5,7,5,5,4,4,2,2
density_0_nback_0_id_46,0,0,POST_TOR_MANUAL,13.799999952316284,False,2,1,3,5,7,5,5,4,4,2,2
density_0_nback_0_id_47,0,0,HISTORICAL_ACUTE_8S_POST_TOR,7.949999809265137,False,2,1,3,4,4,2,2,1,1,1,1
density_0_nback_0_id_47,0,0,HISTORICAL_FULL_RECORD_POST_TOR_INVALID,48.799999952316284,True,4,3,6,14,14,10,10,8,8,8,8
density_0_nback_0_id_47,0,0,POST_BUTTON_MANUAL,17.34999990463257,False,1,0,3,7,7,5,5,5,5,4,4
density_0_nback_0_id_47,0,0,POST_TOR_MANUAL,18.649999856948853,False,2,1,3,7,7,5,5,5,5,4,4
density_0_nback_0_id_48,0,0,HISTORICAL_ACUTE_8S_POST_TOR,7.950000047683716,False,2,1,2,2,2,2,2,0,0,0,0
density_0_nback_0_id_48,0,0,HISTORICAL_FULL_RECORD_POST_TOR_INVALID,64.04999995231628,True,6,3,7,22,28,20,20,15,17,12,12
density_0_nback_0_id_48,0,0,POST_BUTTON_MANUAL,33.25,False,4,1,5,11,13,9,9,5,5,5,5
density_0_nback_0_id_48,0,0,POST_TOR_MANUAL,33.89999985694885,False,4,1,5,11,13,9,9,5,5,5,5
density_0_nback_0_id_49,0,0,HISTORICAL_ACUTE_8S_POST_TOR,7.950000047683716,False,1,1,1,3,3,2,2,2,2,1,1
density_0_nback_0_id_49,0,0,HISTORICAL_FULL_RECORD_POST_TOR_INVALID,57.89999985694885,True,2,1,4,21,21,18,18,18,18,11,11
density_0_nback_0_id_49,0,0,POST_BUTTON_MANUAL,26.299999952316284,False,1,0,2,14,14,12,12,12,12,6,6
density_0_nback_0_id_49,0,0,POST_TOR_MANUAL,27.75,False,2,1,3,15,15,12,12,12,12,6,6
density_0_nback_0_id_5,0,0,HISTORICAL_ACUTE_8S_POST_TOR,7.950000047683716,True,1,1,1,4,4,3,3,2,3,2,2
density_0_nback_0_id_5,0,0,HISTORICAL_FULL_RECORD_POST_TOR_INVALID,36.39999985694885,True,2,2,4,19,19,18,18,14,14,14,14
density_0_nback_0_id_5,0,0,POST_BUTTON_MANUAL,4.299999952316284,False,0,0,0,2,2,2,2,2,2,2,2
density_0_nback_0_id_5,0,0,POST_TOR_MANUAL,6.25,False,1,1,1,3,3,2,2,2,2,2,2
density_0_nback_0_id_50,0,0,HISTORICAL_ACUTE_8S_POST_TOR,7.950000047683716,False,2,1,2,4,4,4,4,1,1,0,0
density_0_nback_0_id_50,0,0,HISTORICAL_FULL_RECORD_POST_TOR_INVALID,52.64999985694885,True,2,1,2,15,17,15,15,12,12,11,11
density_0_nback_0_id_50,0,0,POST_BUTTON_MANUAL,20.100000143051147,False,1,1,1,8,8,7,7,5,5,4,4
density_0_nback_0_id_50,0,0,POST_TOR_MANUAL,22.5,False,2,1,2,8,8,8,8,5,5,4,4
density_0_nback_0_id_51,0,0,HISTORICAL_ACUTE_8S_POST_TOR,7.950000047683716,False,3,3,4,1,1,0,0,0,0,0,0
density_0_nback_0_id_51,0,0,HISTORICAL_FULL_RECORD_POST_TOR_INVALID,49.40000009536743,True,5,5,7,16,18,13,15,7,9,5,5
density_0_nback_0_id_51,0,0,POST_BUTTON_MANUAL,18.200000047683716,False,3,2,4,5,5,5,5,3,3,1,1
density_0_nback_0_id_51,0,0,POST_TOR_MANUAL,19.299999952316284,False,3,3,4,5,5,4,4,3,3,1,1
density_0_nback_0_id_52,0,0,HISTORICAL_ACUTE_8S_POST_TOR,7.950000047683716,False,1,1,1,4,4,3,3,3,3,3,3
density_0_nback_0_id_52,0,0,HISTORICAL_FULL_RECORD_POST_TOR_INVALID,44.64999985694885,True,1,1,2,15,15,12,12,8,8,6,6
density_0_nback_0_id_52,0,0,POST_BUTTON_MANUAL,13.25,False,1,0,1,10,10,7,7,5,5,5,5
density_0_nback_0_id_52,0,0,POST_TOR_MANUAL,14.450000047683716,False,1,1,1,10,10,7,7,5,5,5,5
density_0_nback_0_id_53,0,0,HISTORICAL_ACUTE_8S_POST_TOR,7.950000047683716,False,1,0,1,2,4,2,2,2,2,2,2
density_0_nback_0_id_53,0,0,HISTORICAL_FULL_RECORD_POST_TOR_INVALID,49.34999990463257,True,2,1,3,16,20,16,16,14,14,12,12
density_0_nback_0_id_53,0,0,POST_BUTTON_MANUAL,18.450000047683716,False,1,0,1,11,13,11,11,9,9,7,7
density_0_nback_0_id_53,0,0,POST_TOR_MANUAL,19.200000047683716,False,1,0,1,11,13,11,11,9,9,7,7
density_0_nback_0_id_54,0,0,HISTORICAL_ACUTE_8S_POST_TOR,7.950000047683716,False,1,1,1,8,8,5,5,5,5,0,0
density_0_nback_0_id_54,0,0,HISTORICAL_FULL_RECORD_POST_TOR_INVALID,43.799999952316284,True,1,1,2,17,17,14,14,14,14,7,7
density_0_nback_0_id_54,0,0,POST_BUTTON_MANUAL,12.299999952316284,False,0,0,0,10,10,7,7,7,7,1,1
density_0_nback_0_id_54,0,0,POST_TOR_MANUAL,13.700000047683716,False,1,1,1,11,11,7,7,7,7,1,1
density_0_nback_0_id_55,0,0,HISTORICAL_ACUTE_8S_POST_TOR,7.950000047683716,False,2,1,3,2,2,2,2,1,1,1,1
density_0_nback_0_id_55,0,0,HISTORICAL_FULL_RECORD_POST_TOR_INVALID,46.549999952316284,True,3,2,4,7,7,7,7,4,4,4,4
density_0_nback_0_id_55,0,0,POST_BUTTON_MANUAL,14.850000143051147,False,1,1,2,4,4,3,3,3,3,3,3
density_0_nback_0_id_55,0,0,POST_TOR_MANUAL,16.450000047683716,False,2,1,3,4,4,4,4,3,3,3,3
density_0_nback_0_id_56,0,0,HISTORICAL_ACUTE_8S_POST_TOR,7.950000047683716,False,1,1,2,5,5,5,5,2,2,2,2
density_0_nback_0_id_56,0,0,HISTORICAL_FULL_RECORD_POST_TOR_INVALID,43.84999990463257,True,2,1,3,13,13,13,13,10,10,8,8
density_0_nback_0_id_56,0,0,POST_BUTTON_MANUAL,13.099999904632568,False,1,1,2,8,8,8,8,5,5,4,4
density_0_nback_0_id_56,0,0,POST_TOR_MANUAL,13.75,False,1,1,2,8,8,8,8,5,5,4,4
density_0_nback_0_id_57,0,0,HISTORICAL_ACUTE_8S_POST_TOR,7.950000047683716,False,1,1,1,3,3,3,3,3,3,3,3
density_0_nback_0_id_57,0,0,HISTORICAL_FULL_RECORD_POST_TOR_INVALID,42.5,True,1,1,2,14,14,14,14,10,10,10,10
density_0_nback_0_id_57,0,0,POST_BUTTON_MANUAL,11.049999952316284,False,0,0,0,7,7,7,7,5,5,5,5
density_0_nback_0_id_57,0,0,POST_TOR_MANUAL,12.450000047683716,False,1,1,1,7,7,7,7,5,5,5,5
density_0_nback_0_id_6,0,0,HISTORICAL_ACUTE_8S_POST_TOR,7.950000047683716,False,1,1,2,6,6,5,5,2,4,2,2
density_0_nback_0_id_6,0,0,HISTORICAL_FULL_RECORD_POST_TOR_INVALID,42.84999990463257,True,2,2,4,13,13,12,12,9,11,9,9
density_0_nback_0_id_6,0,0,POST_BUTTON_MANUAL,10.5,False,0,0,0,7,7,7,7,5,7,4,4
density_0_nback_0_id_6,0,0,POST_TOR_MANUAL,12.700000047683716,False,1,1,2,8,8,7,7,4,6,4,4
density_0_nback_0_id_7,0,0,HISTORICAL_ACUTE_8S_POST_TOR,7.950000047683716,False,1,1,1,2,2,2,2,2,2,1,1
density_0_nback_0_id_7,0,0,HISTORICAL_FULL_RECORD_POST_TOR_INVALID,46.950000047683716,True,2,2,3,16,16,14,14,10,10,9,9
density_0_nback_0_id_7,0,0,POST_BUTTON_MANUAL,15.900000095367432,False,1,1,1,9,9,7,7,5,5,4,4
density_0_nback_0_id_7,0,0,POST_TOR_MANUAL,16.799999952316284,False,1,1,1,9,9,7,7,5,5,4,4
density_0_nback_0_id_8,0,0,HISTORICAL_ACUTE_8S_POST_TOR,7.950000047683716,False,1,1,1,6,6,6,6,6,6,6,6
density_0_nback_0_id_8,0,0,HISTORICAL_FULL_RECORD_POST_TOR_INVALID,54.34999990463257,True,1,1,2,24,24,24,24,20,20,18,18
density_0_nback_0_id_8,0,0,POST_BUTTON_MANUAL,22.550000190734863,False,0,0,0,17,17,17,17,15,15,13,13
density_0_nback_0_id_8,0,0,POST_TOR_MANUAL,24.200000047683716,False,1,1,1,17,17,17,17,15,15,13,13
density_0_nback_0_id_9,0,0,HISTORICAL_ACUTE_8S_POST_TOR,7.950000047683716,False,2,2,3,5,5,5,5,4,4,3,3
density_0_nback_0_id_9,0,0,HISTORICAL_FULL_RECORD_POST_TOR_INVALID,44.84999990463257,True,2,2,4,15,15,13,13,12,12,12,12
density_0_nback_0_id_9,0,0,POST_BUTTON_MANUAL,12.5,False,1,1,1,9,9,7,7,7,7,6,6
density_0_nback_0_id_9,0,0,POST_TOR_MANUAL,14.75,False,2,2,3,9,9,8,8,7,7,6,6
density_0_nback_1_id_1,0,1,HISTORICAL_ACUTE_8S_POST_TOR,7.950000047683716,False,2,2,3,4,4,2,2,2,2,2,2
density_0_nback_1_id_1,0,1,HISTORICAL_FULL_RECORD_POST_TOR_INVALID,51.09999990463257,True,5,2,7,18,18,8,8,7,8,7,7
density_0_nback_1_id_1,0,1,POST_BUTTON_MANUAL,19.199999809265137,False,4,2,5,10,10,3,3,3,3,0,0
density_0_nback_1_id_1,0,1,POST_TOR_MANUAL,20.899999856948853,False,4,2,5,10,10,3,3,3,3,2,2
density_0_nback_1_id_10,0,1,HISTORICAL_ACUTE_8S_POST_TOR,7.950000047683716,False,0,0,0,4,4,4,4,4,4,4,2
density_0_nback_1_id_10,0,1,HISTORICAL_FULL_RECORD_POST_TOR_INVALID,59.25,True,2,1,3,24,24,20,20,16,16,14,12
density_0_nback_1_id_10,0,1,POST_BUTTON_MANUAL,27.450000047683716,False,0,0,0,19,19,15,15,11,11,5,5
density_0_nback_1_id_10,0,1,POST_TOR_MANUAL,29.15000009536743,False,0,0,0,19,19,15,15,11,11,9,7
density_0_nback_1_id_11,0,1,HISTORICAL_ACUTE_8S_POST_TOR,7.950000047683716,False,0,0,0,5,4,4,4,4,4,0,0
density_0_nback_1_id_11,0,1,HISTORICAL_FULL_RECORD_POST_TOR_INVALID,54.799999952316284,True,1,0,2,14,14,14,14,12,12,7,7
density_0_nback_1_id_11,0,1,POST_BUTTON_MANUAL,23.050000190734863,False,0,0,0,8,8,8,8,5,5,3,3
density_0_nback_1_id_11,0,1,POST_TOR_MANUAL,24.65000009536743,False,0,0,0,8,8,8,8,6,6,2,2
density_0_nback_1_id_12,0,1,HISTORICAL_ACUTE_8S_POST_TOR,7.949999809265137,False,0,0,0,5,5,4,4,2,2,1,1
density_0_nback_1_id_12,0,1,HISTORICAL_FULL_RECORD_POST_TOR_INVALID,58.5,True,1,0,2,22,26,19,19,15,15,10,10
density_0_nback_1_id_12,0,1,POST_BUTTON_MANUAL,26.950000047683716,False,0,0,0,16,18,14,14,10,10,5,5
density_0_nback_1_id_12,0,1,POST_TOR_MANUAL,28.299999952316284,False,0,0,0,17,19,14,14,10,10,5,5
density_0_nback_1_id_13,0,1,HISTORICAL_ACUTE_8S_POST_TOR,7.950000047683716,False,0,0,0,4,4,2,2,2,2,2,2
density_0_nback_1_id_13,0,1,HISTORICAL_FULL_RECORD_POST_TOR_INVALID,51.25,True,1,0,2,18,18,10,12,10,10,9,9
density_0_nback_1_id_13,0,1,POST_BUTTON_MANUAL,19.299999952316284,False,0,0,0,12,12,6,8,6,6,5,5
density_0_nback_1_id_13,0,1,POST_TOR_MANUAL,21.09999990463257,False,0,0,0,12,12,6,8,6,6,6,6
density_0_nback_1_id_14,0,1,HISTORICAL_ACUTE_8S_POST_TOR,7.950000047683716,False,0,0,0,3,3,3,3,2,2,1,1
density_0_nback_1_id_14,0,1,HISTORICAL_FULL_RECORD_POST_TOR_INVALID,41.09999990463257,True,2,1,2,13,13,9,9,8,8,8,8
density_0_nback_1_id_14,0,1,POST_BUTTON_MANUAL,8.599999904632568,False,0,0,0,5,5,2,2,2,2,2,2
density_0_nback_1_id_14,0,1,POST_TOR_MANUAL,11.0,False,0,0,0,6,6,3,3,2,2,2,2
density_0_nback_1_id_15,0,1,HISTORICAL_ACUTE_8S_POST_TOR,7.950000047683716,False,1,1,1,2,2,2,2,2,2,0,0
density_0_nback_1_id_15,0,1,HISTORICAL_FULL_RECORD_POST_TOR_INVALID,47.5,True,3,2,4,16,16,12,12,12,12,7,7
density_0_nback_1_id_15,0,1,POST_BUTTON_MANUAL,14.5,False,1,1,1,6,8,4,4,4,4,0,0
density_0_nback_1_id_15,0,1,POST_TOR_MANUAL,17.299999952316284,False,1,1,1,7,8,5,5,5,5,0,0
density_0_nback_1_id_16,0,1,HISTORICAL_ACUTE_8S_POST_TOR,7.950000047683716,False,0,0,0,5,5,5,5,3,4,2,2
density_0_nback_1_id_16,0,1,HISTORICAL_FULL_RECORD_POST_TOR_INVALID,51.09999990463257,True,3,2,3,18,18,16,16,15,16,10,10
density_0_nback_1_id_16,0,1,POST_BUTTON_MANUAL,19.600000143051147,False,1,1,1,11,11,10,10,10,10,5,5
density_0_nback_1_id_16,0,1,POST_TOR_MANUAL,20.950000047683716,False,1,1,1,11,11,11,11,10,11,5,5
density_0_nback_1_id_17,0,1,HISTORICAL_ACUTE_8S_POST_TOR,7.950000047683716,False,0,0,0,5,5,3,3,1,1,0,0
density_0_nback_1_id_17,0,1,HISTORICAL_FULL_RECORD_POST_TOR_INVALID,45.549999952316284,True,4,2,4,18,18,14,14,12,12,7,7
density_0_nback_1_id_17,0,1,POST_BUTTON_MANUAL,13.900000095367432,False,1,1,1,9,9,5,5,4,4,2,2
density_0_nback_1_id_17,0,1,POST_TOR_MANUAL,15.400000095367432,False,1,1,1,10,10,6,6,4,4,1,1
density_0_nback_1_id_18,0,1,HISTORICAL_ACUTE_8S_POST_TOR,7.950000047683716,False,0,0,0,5,5,2,2,1,1,0,0
density_0_nback_1_id_18,0,1,HISTORICAL_FULL_RECORD_POST_TOR_INVALID,49.25,True,1,0,2,20,20,12,12,9,9,3,3
density_0_nback_1_id_18,0,1,POST_BUTTON_MANUAL,17.550000190734863,False,0,0,0,12,13,6,6,5,5,0,0
density_0_nback_1_id_18,0,1,POST_TOR_MANUAL,19.15000009536743,False,0,0,0,13,14,7,7,5,5,0,0
density_0_nback_1_id_19,0,1,HISTORICAL_ACUTE_8S_POST_TOR,7.950000047683716,False,0,0,0,5,5,4,4,2,2,0,0
density_0_nback_1_id_19,0,1,HISTORICAL_FULL_RECORD_POST_TOR_INVALID,48.049999952316284,True,2,1,3,16,18,16,16,6,8,3,3
density_0_nback_1_id_19,0,1,POST_BUTTON_MANUAL,16.40000009536743,False,0,0,0,8,10,8,8,0,1,0,0
density_0_nback_1_id_19,0,1,POST_TOR_MANUAL,17.90000009536743,False,0,0,0,8,10,8,8,2,3,0,0
density_0_nback_1_id_2,0,1,HISTORICAL_ACUTE_8S_POST_TOR,7.950000047683716,True,0,0,0,2,2,2,2,2,2,2,2
density_0_nback_1_id_2,0,1,HISTORICAL_FULL_RECORD_POST_TOR_INVALID,37.09999990463257,True,2,2,3,17,17,17,17,17,17,13,17
density_0_nback_1_id_2,0,1,POST_BUTTON_MANUAL,5.400000095367432,False,0,0,0,2,2,2,2,2,2,1,1
density_0_nback_1_id_2,0,1,POST_TOR_MANUAL,6.950000047683716,False,0,0,0,2,2,2,2,2,2,2,2
density_0_nback_1_id_20,0,1,HISTORICAL_ACUTE_8S_POST_TOR,7.950000047683716,False,0,0,0,5,3,3,3,2,2,1,1
density_0_nback_1_id_20,0,1,HISTORICAL_FULL_RECORD_POST_TOR_INVALID,55.64999985694885,True,1,0,1,16,14,14,14,11,11,7,7
density_0_nback_1_id_20,0,1,POST_BUTTON_MANUAL,23.65000009536743,False,0,0,0,10,8,8,8,8,8,6,6
density_0_nback_1_id_20,0,1,POST_TOR_MANUAL,25.5,False,0,0,0,11,9,9,9,8,8,6,6
density_0_nback_1_id_21,0,1,HISTORICAL_ACUTE_8S_POST_TOR,7.950000047683716,False,0,0,0,3,3,3,3,3,3,1,1
density_0_nback_1_id_21,0,1,HISTORICAL_FULL_RECORD_POST_TOR_INVALID,48.25,True,2,1,3,16,16,16,16,16,16,11,11
density_0_nback_1_id_21,0,1,POST_BUTTON_MANUAL,16.15000009536743,False,0,0,0,8,8,7,7,7,7,7,7
density_0_nback_1_id_21,0,1,POST_TOR_MANUAL,18.15000009536743,False,0,0,0,8,8,8,8,8,8,6,6
density_0_nback_1_id_22,0,1,HISTORICAL_ACUTE_8S_POST_TOR,7.950000047683716,False,0,0,0,2,2,2,2,2,2,0,0
density_0_nback_1_id_22,0,1,HISTORICAL_FULL_RECORD_POST_TOR_INVALID,42.39999985694885,True,4,1,4,13,13,13,13,13,13,7,7
density_0_nback_1_id_22,0,1,POST_BUTTON_MANUAL,10.549999952316284,False,0,0,0,7,7,6,6,5,5,2,2
density_0_nback_1_id_22,0,1,POST_TOR_MANUAL,12.25,False,0,0,0,7,7,7,7,7,7,2,2
density_0_nback_1_id_23,0,1,HISTORICAL_ACUTE_8S_POST_TOR,7.950000047683716,False,0,0,0,2,2,2,2,2,2,0,0
density_0_nback_1_id_23,0,1,HISTORICAL_FULL_RECORD_POST_TOR_INVALID,45.299999952316284,True,1,0,2,12,12,12,12,9,9,5,5
density_0_nback_1_id_23,0,1,POST_BUTTON_MANUAL,12.25,False,0,0,0,4,4,4,4,4,4,2,2
density_0_nback_1_id_23,0,1,POST_TOR_MANUAL,15.200000047683716,False,0,0,0,5,5,5,5,5,5,1,1
density_0_nback_1_id_24,0,1,HISTORICAL_ACUTE_8S_POST_TOR,7.950000047683716,False,0,0,1,4,6,4,4,2,2,1,1
density_0_nback_1_id_24,0,1,HISTORICAL_FULL_RECORD_POST_TOR_INVALID,52.35000014305115,True,1,0,3,16,18,16,16,12,12,10,10
density_0_nback_1_id_24,0,1,POST_BUTTON_MANUAL,19.40000009536743,False,0,0,1,10,11,10,10,6,6,6,6
density_0_nback_1_id_24,0,1,POST_TOR_MANUAL,22.15000009536743,False,0,0,1,11,13,11,11,7,7,6,6
density_0_nback_1_id_25,0,1,HISTORICAL_ACUTE_8S_POST_TOR,7.950000047683716,False,0,0,0,5,5,2,2,0,0,0,0
density_0_nback_1_id_25,0,1,HISTORICAL_FULL_RECORD_POST_TOR_INVALID,50.59999990463257,True,1,0,2,16,18,13,13,10,10,5,5
density_0_nback_1_id_25,0,1,POST_BUTTON_MANUAL,18.700000047683716,False,0,0,0,8,10,6,6,6,6,1,1
density_0_nback_1_id_25,0,1,POST_TOR_MANUAL,20.450000047683716,False,0,0,0,9,11,6,6,5,5,1,1
density_0_nback_1_id_26,0,1,HISTORICAL_ACUTE_8S_POST_TOR,7.950000047683716,False,0,0,1,3,3,2,3,0,0,0,0
density_0_nback_1_id_26,0,1,HISTORICAL_FULL_RECORD_POST_TOR_INVALID,44.549999952316284,True,3,2,4,14,14,12,14,7,9,7,7
density_0_nback_1_id_26,0,1,POST_BUTTON_MANUAL,12.549999952316284,False,0,0,1,6,6,4,6,2,4,1,1
density_0_nback_1_id_26,0,1,POST_TOR_MANUAL,14.5,False,0,0,1,7,7,5,7,1,3,1,1
density_0_nback_1_id_27,0,1,HISTORICAL_ACUTE_8S_POST_TOR,7.950000047683716,False,0,0,0,3,3,3,3,3,3,3,3
density_0_nback_1_id_27,0,1,HISTORICAL_FULL_RECORD_POST_TOR_INVALID,55.299999952316284,True,2,1,4,25,25,19,19,19,19,13,13
density_0_nback_1_id_27,0,1,POST_BUTTON_MANUAL,22.399999856948853,False,0,0,0,17,18,13,13,13,13,7,7
density_0_nback_1_id_27,0,1,POST_TOR_MANUAL,25.149999856948853,False,0,0,0,17,18,13,13,13,13,9,9
density_0_nback_1_id_28,0,1,HISTORICAL_ACUTE_8S_POST_TOR,7.950000047683716,False,0,0,0,5,5,5,5,2,2,1,1
density_0_nback_1_id_28,0,1,HISTORICAL_FULL_RECORD_POST_TOR_INVALID,45.89999985694885,True,1,0,1,14,14,12,12,9,9,8,8
density_0_nback_1_id_28,0,1,POST_BUTTON_MANUAL,13.799999952316284,False,0,0,0,7,7,7,7,4,6,4,4
density_0_nback_1_id_28,0,1,POST_TOR_MANUAL,15.75,False,0,0,0,8,8,8,8,4,4,4,4
density_0_nback_1_id_29,0,1,HISTORICAL_ACUTE_8S_POST_TOR,7.950000047683716,False,0,0,1,5,5,4,4,4,4,3,3
density_0_nback_1_id_29,0,1,HISTORICAL_FULL_RECORD_POST_TOR_INVALID,48.450000047683716,True,1,0,3,21,21,19,19,15,15,10,10
density_0_nback_1_id_29,0,1,POST_BUTTON_MANUAL,14.099999904632568,False,0,0,0,13,13,11,11,9,9,6,6
density_0_nback_1_id_29,0,1,POST_TOR_MANUAL,18.34999990463257,False,0,0,1,14,14,12,12,10,10,6,6
density_0_nback_1_id_3,0,1,HISTORICAL_ACUTE_8S_POST_TOR,7.950000047683716,False,0,0,0,4,4,4,4,2,2,0,0
density_0_nback_1_id_3,0,1,HISTORICAL_FULL_RECORD_POST_TOR_INVALID,44.700000047683716,True,0,0,1,13,13,11,11,9,9,7,7
density_0_nback_1_id_3,0,1,POST_BUTTON_MANUAL,12.25,False,0,0,0,6,6,4,4,2,2,2,2
density_0_nback_1_id_3,0,1,POST_TOR_MANUAL,14.549999952316284,False,0,0,0,6,6,5,5,3,3,1,1
density_0_nback_1_id_30,0,1,HISTORICAL_ACUTE_8S_POST_TOR,7.949999809265137,False,0,0,0,2,2,2,2,2,2,2,2
density_0_nback_1_id_30,0,1,HISTORICAL_FULL_RECORD_POST_TOR_INVALID,51.84999990463257,True,1,0,3,10,10,10,10,10,10,9,9
density_0_nback_1_id_30,0,1,POST_BUTTON_MANUAL,19.75,False,0,0,0,6,6,6,6,6,6,4,4
density_0_nback_1_id_30,0,1,POST_TOR_MANUAL,21.699999809265137,False,0,0,0,6,6,6,6,6,6,6,6
density_0_nback_1_id_31,0,1,HISTORICAL_ACUTE_8S_POST_TOR,7.950000047683716,False,1,1,1,4,4,4,4,2,2,0,0
density_0_nback_1_id_31,0,1,HISTORICAL_FULL_RECORD_POST_TOR_INVALID,54.799999952316284,True,2,1,3,22,22,16,16,12,12,7,9
density_0_nback_1_id_31,0,1,POST_BUTTON_MANUAL,22.299999952316284,False,1,1,1,15,15,9,9,6,6,2,4
density_0_nback_1_id_31,0,1,POST_TOR_MANUAL,24.700000047683716,False,1,1,1,15,15,9,9,7,7,2,4
density_0_nback_1_id_32,0,1,HISTORICAL_ACUTE_8S_POST_TOR,7.950000047683716,False,0,0,0,4,4,2,2,0,0,0,0
density_0_nback_1_id_32,0,1,HISTORICAL_FULL_RECORD_POST_TOR_INVALID,43.299999952316284,True,3,2,3,14,14,10,10,9,9,7,7
density_0_nback_1_id_32,0,1,POST_BUTTON_MANUAL,11.549999952316284,False,0,0,0,6,6,4,4,4,4,1,1
density_0_nback_1_id_32,0,1,POST_TOR_MANUAL,13.099999904632568,False,0,0,0,7,7,4,4,3,3,1,1
density_0_nback_1_id_33,0,1,HISTORICAL_ACUTE_8S_POST_TOR,7.950000047683716,False,0,0,0,2,2,2,2,2,2,0,0
density_0_nback_1_id_33,0,1,HISTORICAL_FULL_RECORD_POST_TOR_INVALID,46.15000009536743,True,3,2,3,12,12,12,12,10,10,5,5
density_0_nback_1_id_33,0,1,POST_BUTTON_MANUAL,14.849999904632568,False,0,0,0,4,4,4,4,3,3,0,0
density_0_nback_1_id_33,0,1,POST_TOR_MANUAL,16.049999952316284,False,0,0,0,4,4,4,4,3,3,0,0
density_0_nback_1_id_34,0,1,HISTORICAL_ACUTE_8S_POST_TOR,7.950000047683716,False,0,0,0,3,3,2,2,2,2,1,1
density_0_nback_1_id_34,0,1,HISTORICAL_FULL_RECORD_POST_TOR_INVALID,49.549999952316284,True,2,1,2,16,16,15,15,11,11,9,9
density_0_nback_1_id_34,0,1,POST_BUTTON_MANUAL,17.84999990463257,False,0,0,0,7,7,7,7,6,6,5,5
density_0_nback_1_id_34,0,1,POST_TOR_MANUAL,19.399999856948853,False,0,0,0,8,8,7,7,6,6,4,4
density_0_nback_1_id_35,0,1,HISTORICAL_ACUTE_8S_POST_TOR,7.950000047683716,False,0,0,0,2,2,2,2,0,0,0,0
density_0_nback_1_id_35,0,1,HISTORICAL_FULL_RECORD_POST_TOR_INVALID,48.09999990463257,True,0,0,2,14,14,10,10,6,6,5,5
density_0_nback_1_id_35,0,1,POST_BUTTON_MANUAL,15.299999952316284,False,0,0,0,7,7,5,5,5,5,4,4
density_0_nback_1_id_35,0,1,POST_TOR_MANUAL,18.0,False,0,0,0,8,8,6,6,4,4,4,4
density_0_nback_1_id_36,0,1,HISTORICAL_ACUTE_8S_POST_TOR,7.950000047683716,False,0,0,0,2,2,2,2,2,2,0,0
density_0_nback_1_id_36,0,1,HISTORICAL_FULL_RECORD_POST_TOR_INVALID,56.25,True,1,0,1,14,14,14,14,12,12,3,3
density_0_nback_1_id_36,0,1,POST_BUTTON_MANUAL,24.25,False,0,0,0,8,8,7,7,6,6,0,0
density_0_nback_1_id_36,0,1,POST_TOR_MANUAL,26.15000009536743,False,0,0,0,8,8,7,7,7,7,0,0
density_0_nback_1_id_37,0,1,HISTORICAL_ACUTE_8S_POST_TOR,7.950000047683716,False,0,0,0,1,1,1,1,1,1,1,1
density_0_nback_1_id_37,0,1,HISTORICAL_FULL_RECORD_POST_TOR_INVALID,60.549999952316284,True,0,0,2,16,16,14,14,14,14,12,12
density_0_nback_1_id_37,0,1,POST_BUTTON_MANUAL,27.200000047683716,False,0,0,0,12,12,10,10,10,10,6,6
density_0_nback_1_id_37,0,1,POST_TOR_MANUAL,30.40000009536743,False,0,0,0,12,12,10,10,10,10,8,8
density_0_nback_1_id_38,0,1,HISTORICAL_ACUTE_8S_POST_TOR,7.950000047683716,False,0,0,0,4,4,4,4,2,2,0,0
density_0_nback_1_id_38,0,1,HISTORICAL_FULL_RECORD_POST_TOR_INVALID,49.25,True,2,1,3,20,20,16,16,9,9,5,5
density_0_nback_1_id_38,0,1,POST_BUTTON_MANUAL,16.950000047683716,False,1,1,1,13,13,11,11,3,3,0,0
density_0_nback_1_id_38,0,1,POST_TOR_MANUAL,19.09999990463257,False,1,1,1,13,13,11,11,5,5,0,0
density_0_nback_1_id_39,0,1,HISTORICAL_ACUTE_8S_POST_TOR,7.950000047683716,False,1,1,1,3,3,2,2,2,2,1,1
density_0_nback_1_id_39,0,1,HISTORICAL_FULL_RECORD_POST_TOR_INVALID,45.450000047683716,True,3,2,3,14,14,14,14,14,14,12,12
density_0_nback_1_id_39,0,1,POST_BUTTON_MANUAL,14.0,False,1,1,1,6,6,6,6,6,6,5,5
density_0_nback_1_id_39,0,1,POST_TOR_MANUAL,15.349999904632568,False,1,1,1,6,6,6,6,6,6,5,5
density_0_nback_1_id_4,0,1,HISTORICAL_ACUTE_8S_POST_TOR,7.950000047683716,False,0,0,0,6,6,5,5,1,3,0,0
density_0_nback_1_id_4,0,1,HISTORICAL_FULL_RECORD_POST_TOR_INVALID,45.5,True,0,0,1,17,17,17,17,12,14,9,9
density_0_nback_1_id_4,0,1,POST_BUTTON_MANUAL,12.25,False,0,0,0,10,10,10,10,6,8,6,6
density_0_nback_1_id_4,0,1,POST_TOR_MANUAL,15.349999904632568,False,0,0,0,11,11,11,11,6,8,5,5
density_0_nback_1_id_40,0,1,HISTORICAL_ACUTE_8S_POST_TOR,7.950000047683716,False,1,0,2,2,2,2,2,2,2,1,1
density_0_nback_1_id_40,0,1,HISTORICAL_FULL_RECORD_POST_TOR_INVALID,69.40000009536743,True,2,1,4,23,23,23,23,21,21,19,19
density_0_nback_1_id_40,0,1,POST_BUTTON_MANUAL,37.60000014305115,False,1,1,3,17,17,17,17,16,16,16,16
density_0_nback_1_id_40,0,1,POST_TOR_MANUAL,39.200000047683716,False,1,1,3,17,17,17,17,17,17,16,16
density_0_nback_1_id_41,0,1,HISTORICAL_ACUTE_8S_POST_TOR,7.950000047683716,False,0,0,1,2,2,2,2,2,2,0,0
density_0_nback_1_id_41,0,1,HISTORICAL_FULL_RECORD_POST_TOR_INVALID,72.34999990463257,True,2,0,3,25,25,23,23,21,21,17,17
density_0_nback_1_id_41,0,1,POST_BUTTON_MANUAL,37.75,False,1,0,1,16,16,16,16,14,14,12,12
density_0_nback_1_id_41,0,1,POST_TOR_MANUAL,42.200000047683716,False,1,0,2,17,17,17,17,15,15,11,11
density_0_nback_1_id_42,0,1,HISTORICAL_ACUTE_8S_POST_TOR,7.950000047683716,False,1,0,1,4,4,4,4,4,4,2,2
density_0_nback_1_id_42,0,1,HISTORICAL_FULL_RECORD_POST_TOR_INVALID,49.799999952316284,True,3,1,4,20,20,18,18,12,14,9,9
density_0_nback_1_id_42,0,1,POST_BUTTON_MANUAL,17.100000143051147,False,1,0,1,12,12,9,10,6,6,3,3
density_0_nback_1_id_42,0,1,POST_TOR_MANUAL,19.65000009536743,False,1,0,1,12,12,9,10,6,6,4,4
density_0_nback_1_id_43,0,1,HISTORICAL_ACUTE_8S_POST_TOR,7.950000047683716,False,0,0,0,2,2,2,2,2,2,0,0
density_0_nback_1_id_43,0,1,HISTORICAL_FULL_RECORD_POST_TOR_INVALID,59.200000047683716,True,6,3,6,14,14,14,14,14,14,6,6
density_0_nback_1_id_43,0,1,POST_BUTTON_MANUAL,25.850000143051147,False,4,2,4,7,7,6,6,6,6,1,1
density_0_nback_1_id_43,0,1,POST_TOR_MANUAL,29.0,False,4,2,4,7,7,7,7,7,7,1,1
density_0_nback_1_id_44,0,1,HISTORICAL_ACUTE_8S_POST_TOR,7.950000047683716,False,1,1,1,2,2,2,2,2,2,0,0
density_0_nback_1_id_44,0,1,HISTORICAL_FULL_RECORD_POST_TOR_INVALID,50.65000009536743,True,2,1,3,18,18,12,12,10,10,7,7
density_0_nback_1_id_44,0,1,POST_BUTTON_MANUAL,19.049999952316284,False,1,1,1,10,10,5,5,5,5,4,4
density_0_nback_1_id_44,0,1,POST_TOR_MANUAL,20.5,False,1,1,1,10,10,6,6,6,6,4,4
density_0_nback_1_id_45,0,1,HISTORICAL_ACUTE_8S_POST_TOR,7.950000047683716,False,0,0,2,4,4,4,4,2,2,2,2
density_0_nback_1_id_45,0,1,HISTORICAL_FULL_RECORD_POST_TOR_INVALID,46.40000009536743,True,2,1,4,16,16,14,14,10,10,5,5
density_0_nback_1_id_45,0,1,POST_BUTTON_MANUAL,15.450000047683716,False,0,0,2,10,10,8,8,6,6,0,0
density_0_nback_1_id_45,0,1,POST_TOR_MANUAL,16.299999952316284,False,0,0,2,10,10,8,8,6,6,2,2
density_0_nback_1_id_46,0,1,HISTORICAL_ACUTE_8S_POST_TOR,7.950000047683716,False,2,1,2,6,6,6,6,2,2,2,2
density_0_nback_1_id_46,0,1,HISTORICAL_FULL_RECORD_POST_TOR_INVALID,50.90000009536743,True,3,1,4,18,18,16,16,9,9,8,8
density_0_nback_1_id_46,0,1,POST_BUTTON_MANUAL,18.899999856948853,False,2,1,2,9,9,9,9,5,5,5,5
density_0_nback_1_id_46,0,1,POST_TOR_MANUAL,20.799999952316284,False,2,1,2,10,10,10,10,5,5,5,5
density_0_nback_1_id_47,0,1,HISTORICAL_ACUTE_8S_POST_TOR,7.950000047683716,False,1,0,1,3,3,3,3,1,1,1,1
density_0_nback_1_id_47,0,1,HISTORICAL_FULL_RECORD_POST_TOR_INVALID,53.200000047683716,True,2,0,2,14,14,12,14,11,9,8,8
density_0_nback_1_id_47,0,1,POST_BUTTON_MANUAL,20.75,False,1,0,1,7,7,7,7,7,5,5,5
density_0_nback_1_id_47,0,1,POST_TOR_MANUAL,23.049999952316284,False,1,0,1,8,8,8,8,7,5,5,5
density_0_nback_1_id_48,0,1,HISTORICAL_ACUTE_8S_POST_TOR,7.950000047683716,False,1,1,3,3,3,3,3,3,3,1,1
density_0_nback_1_id_48,0,1,HISTORICAL_FULL_RECORD_POST_TOR_INVALID,62.5,True,3,2,7,26,26,20,20,16,16,11,11
density_0_nback_1_id_48,0,1,POST_BUTTON_MANUAL,30.299999952316284,False,2,2,5,19,19,15,15,11,11,5,5
density_0_nback_1_id_48,0,1,POST_TOR_MANUAL,32.34999990463257,False,2,2,5,19,19,15,15,11,11,7,7
density_0_nback_1_id_49,0,1,HISTORICAL_ACUTE_8S_POST_TOR,7.950000047683716,False,0,0,0,2,2,2,2,2,2,2,2
density_0_nback_1_id_49,0,1,HISTORICAL_FULL_RECORD_POST_TOR_INVALID,74.89999985694885,True,0,0,0,31,31,31,31,29,29,21,23
density_0_nback_1_id_49,0,1,POST_BUTTON_MANUAL,42.15000009536743,False,0,0,0,26,26,26,26,24,24,15,17
density_0_nback_1_id_49,0,1,POST_TOR_MANUAL,44.75,False,0,0,0,26,26,26,26,24,24,16,18
density_0_nback_1_id_5,0,1,HISTORICAL_ACUTE_8S_POST_TOR,7.950000047683716,False,0,0,0,2,2,2,2,2,2,0,2
density_0_nback_1_id_5,0,1,HISTORICAL_FULL_RECORD_POST_TOR_INVALID,50.5,True,2,1,2,14,14,12,12,12,12,9,11
density_0_nback_1_id_5,0,1,POST_BUTTON_MANUAL,17.90000009536743,False,0,0,0,8,8,6,6,4,4,4,4
density_0_nback_1_id_5,0,1,POST_TOR_MANUAL,20.299999952316284,False,0,0,0,8,8,6,6,6,6,4,6
density_0_nback_1_id_50,0,1,HISTORICAL_ACUTE_8S_POST_TOR,7.950000047683716,False,0,0,0,2,2,2,2,1,1,1,1
density_0_nback_1_id_50,0,1,HISTORICAL_FULL_RECORD_POST_TOR_INVALID,56.200000047683716,True,1,0,2,12,12,12,12,10,10,7,7
density_0_nback_1_id_50,0,1,POST_BUTTON_MANUAL,23.299999952316284,False,0,0,0,6,6,6,6,6,6,5,5
density_0_nback_1_id_50,0,1,POST_TOR_MANUAL,26.0,False,0,0,0,6,6,6,6,6,6,6,6
density_0_nback_1_id_51,0,1,HISTORICAL_ACUTE_8S_POST_TOR,7.950000047683716,False,0,0,0,3,3,3,3,3,3,2,2
density_0_nback_1_id_51,0,1,HISTORICAL_FULL_RECORD_POST_TOR_INVALID,50.549999952316284,True,1,0,2,14,14,12,12,12,12,5,5
density_0_nback_1_id_51,0,1,POST_BUTTON_MANUAL,18.5,False,0,0,0,8,8,8,8,8,8,0,0
density_0_nback_1_id_51,0,1,POST_TOR_MANUAL,20.399999856948853,False,0,0,0,8,8,8,8,8,8,2,2
density_0_nback_1_id_52,0,1,HISTORICAL_ACUTE_8S_POST_TOR,7.950000047683716,False,2,1,2,1,1,1,1,0,0,0,0
density_0_nback_1_id_52,0,1,HISTORICAL_FULL_RECORD_POST_TOR_INVALID,62.34999990463257,True,3,2,5,17,19,13,15,13,13,11,11
density_0_nback_1_id_52,0,1,POST_BUTTON_MANUAL,29.799999952316284,False,2,1,3,12,12,8,10,7,7,7,7
density_0_nback_1_id_52,0,1,POST_TOR_MANUAL,32.200000047683716,False,2,1,3,12,12,8,10,8,8,6,6
density_0_nback_1_id_53,0,1,HISTORICAL_ACUTE_8S_POST_TOR,7.949999809265137,False,0,0,0,5,5,3,3,3,3,2,2
density_0_nback_1_id_53,0,1,HISTORICAL_FULL_RECORD_POST_TOR_INVALID,46.64999985694885,True,2,1,3,14,14,12,12,12,12,10,10
density_0_nback_1_id_53,0,1,POST_BUTTON_MANUAL,14.75,False,0,0,0,8,8,6,6,5,5,5,5
density_0_nback_1_id_53,0,1,POST_TOR_MANUAL,16.5,False,0,0,0,8,8,6,6,6,6,5,5
density_0_nback_1_id_54,0,1,HISTORICAL_ACUTE_8S_POST_TOR,7.950000047683716,False,0,0,0,4,4,2,2,2,2,0,2
density_0_nback_1_id_54,0,1,HISTORICAL_FULL_RECORD_POST_TOR_INVALID,47.75,True,1,0,2,20,20,14,14,13,13,7,9
density_0_nback_1_id_54,0,1,POST_BUTTON_MANUAL,15.800000190734863,False,0,0,0,12,12,6,6,6,6,3,3
density_0_nback_1_id_54,0,1,POST_TOR_MANUAL,17.600000143051147,False,0,0,0,12,12,6,6,6,6,2,4
density_0_nback_1_id_55,0,1,HISTORICAL_ACUTE_8S_POST_TOR,7.950000047683716,False,1,1,1,1,1,1,1,1,1,1,1
density_0_nback_1_id_55,0,1,HISTORICAL_FULL_RECORD_POST_TOR_INVALID,58.25,True,2,1,3,16,16,14,14,14,14,11,11
density_0_nback_1_id_55,0,1,POST_BUTTON_MANUAL,25.0,False,1,1,1,11,11,9,9,8,8,8,8
density_0_nback_1_id_55,0,1,POST_TOR_MANUAL,28.049999952316284,False,1,1,1,11,11,9,9,9,9,9,9
density_0_nback_1_id_56,0,1,HISTORICAL_ACUTE_8S_POST_TOR,7.950000047683716,False,0,0,0,3,3,3,3,3,3,3,3
density_0_nback_1_id_56,0,1,HISTORICAL_FULL_RECORD_POST_TOR_INVALID,48.14999985694885,True,2,1,3,16,16,16,16,14,14,11,11
density_0_nback_1_id_56,0,1,POST_BUTTON_MANUAL,16.5,False,0,0,0,10,10,10,10,8,8,6,6
density_0_nback_1_id_56,0,1,POST_TOR_MANUAL,18.0,False,0,0,0,10,10,10,10,8,8,6,6
density_0_nback_1_id_57,0,1,HISTORICAL_ACUTE_8S_POST_TOR,7.950000047683716,False,0,0,0,2,2,2,2,2,2,1,1
density_0_nback_1_id_57,0,1,HISTORICAL_FULL_RECORD_POST_TOR_INVALID,52.049999952316284,True,1,0,2,14,14,13,13,13,13,12,12
density_0_nback_1_id_57,0,1,POST_BUTTON_MANUAL,19.15000009536743,False,0,0,1,8,8,8,8,7,7,7,7
density_0_nback_1_id_57,0,1,POST_TOR_MANUAL,21.90000009536743,False,0,0,1,8,8,8,8,8,8,7,7
density_0_nback_1_id_6,0,1,HISTORICAL_ACUTE_8S_POST_TOR,7.950000047683716,False,1,1,1,4,4,4,4,4,4,2,2
density_0_nback_1_id_6,0,1,HISTORICAL_FULL_RECORD_POST_TOR_INVALID,52.25,True,2,1,2,22,24,20,20,18,18,11,11
density_0_nback_1_id_6,0,1,POST_BUTTON_MANUAL,18.950000047683716,False,1,1,1,15,15,13,13,10,11,8,8
density_0_nback_1_id_6,0,1,POST_TOR_MANUAL,22.09999990463257,False,1,1,1,16,16,14,14,12,12,8,8
density_0_nback_1_id_7,0,1,HISTORICAL_ACUTE_8S_POST_TOR,7.950000047683716,False,0,0,0,2,2,2,2,2,2,0,0
density_0_nback_1_id_7,0,1,HISTORICAL_FULL_RECORD_POST_TOR_INVALID,51.34999990463257,True,1,0,2,16,16,14,14,14,14,7,7
density_0_nback_1_id_7,0,1,POST_BUTTON_MANUAL,18.25,False,0,0,0,8,8,5,6,5,5,2,2
density_0_nback_1_id_7,0,1,POST_TOR_MANUAL,21.200000047683716,False,0,0,0,9,9,6,7,6,6,2,2
density_0_nback_1_id_8,0,1,HISTORICAL_ACUTE_8S_POST_TOR,7.950000047683716,False,0,0,1,5,5,5,5,4,4,3,3
density_0_nback_1_id_8,0,1,HISTORICAL_FULL_RECORD_POST_TOR_INVALID,54.15000009536743,True,1,0,3,20,24,20,20,17,17,10,10
density_0_nback_1_id_8,0,1,POST_BUTTON_MANUAL,22.200000047683716,False,0,0,0,14,16,14,14,12,12,6,6
density_0_nback_1_id_8,0,1,POST_TOR_MANUAL,24.0,False,0,0,1,15,17,15,15,12,12,6,6
density_0_nback_1_id_9,0,1,HISTORICAL_ACUTE_8S_POST_TOR,7.950000047683716,False,0,0,0,4,4,2,2,2,2,2,2
density_0_nback_1_id_9,0,1,HISTORICAL_FULL_RECORD_POST_TOR_INVALID,47.799999952316284,True,1,0,1,18,18,15,15,15,15,15,15
density_0_nback_1_id_9,0,1,POST_BUTTON_MANUAL,16.0,False,0,0,0,10,10,8,8,8,8,8,8
density_0_nback_1_id_9,0,1,POST_TOR_MANUAL,17.65000009536743,False,0,0,0,10,10,8,8,8,8,8,8
density_0_nback_2_id_10,0,2,HISTORICAL_ACUTE_8S_POST_TOR,7.950000047683716,False,2,2,2,2,2,2,2,1,1,1,1
density_0_nback_2_id_10,0,2,HISTORICAL_FULL_RECORD_POST_TOR_INVALID,53.10000014305115,True,4,3,5,21,19,11,13,11,11,6,6
density_0_nback_2_id_10,0,2,POST_BUTTON_MANUAL,20.700000047683716,False,2,2,2,14,12,8,8,7,7,5,5
density_0_nback_2_id_10,0,2,POST_TOR_MANUAL,22.950000047683716,False,2,2,2,14,12,8,8,7,7,5,5
density_0_nback_2_id_11,0,2,HISTORICAL_ACUTE_8S_POST_TOR,7.950000047683716,False,1,0,1,4,4,1,1,1,1,1,1
density_0_nback_2_id_11,0,2,HISTORICAL_FULL_RECORD_POST_TOR_INVALID,50.35000014305115,True,3,1,6,21,21,13,13,13,13,11,11
density_0_nback_2_id_11,0,2,POST_BUTTON_MANUAL,18.84999990463257,False,1,0,1,12,12,6,6,6,6,4,4
density_0_nback_2_id_11,0,2,POST_TOR_MANUAL,20.200000047683716,False,1,0,1,12,12,6,6,6,6,4,4
density_0_nback_2_id_12,0,2,HISTORICAL_ACUTE_8S_POST_TOR,7.950000047683716,False,0,0,0,3,3,3,3,3,3,3,3
density_0_nback_2_id_12,0,2,HISTORICAL_FULL_RECORD_POST_TOR_INVALID,43.950000047683716,True,1,0,4,15,15,13,13,13,13,11,11
density_0_nback_2_id_12,0,2,POST_BUTTON_MANUAL,13.049999952316284,False,0,0,0,8,8,8,8,8,8,5,6
density_0_nback_2_id_12,0,2,POST_TOR_MANUAL,13.75,False,0,0,0,8,8,8,8,8,8,5,6
density_0_nback_2_id_13,0,2,HISTORICAL_ACUTE_8S_POST_TOR,7.950000047683716,False,1,0,1,2,2,2,2,1,1,1,1
density_0_nback_2_id_13,0,2,HISTORICAL_FULL_RECORD_POST_TOR_INVALID,45.200000047683716,True,2,0,3,11,11,11,11,9,9,8,8
density_0_nback_2_id_13,0,2,POST_BUTTON_MANUAL,13.099999904632568,False,0,0,0,5,5,5,5,5,5,4,4
density_0_nback_2_id_13,0,2,POST_TOR_MANUAL,15.0,False,1,0,1,5,5,5,5,5,5,4,4
density_0_nback_2_id_14,0,2,HISTORICAL_ACUTE_8S_POST_TOR,7.950000047683716,False,0,0,0,4,4,4,4,4,4,3,4
density_0_nback_2_id_14,0,2,HISTORICAL_FULL_RECORD_POST_TOR_INVALID,38.049999952316284,True,1,0,2,11,13,10,12,10,12,10,10
density_0_nback_2_id_14,0,2,POST_BUTTON_MANUAL,7.200000047683716,False,0,0,0,4,4,4,4,4,4,3,4
density_0_nback_2_id_14,0,2,POST_TOR_MANUAL,7.950000047683716,False,0,0,0,4,4,4,4,4,4,3,4
density_0_nback_2_id_15,0,2,HISTORICAL_ACUTE_8S_POST_TOR,7.950000047683716,False,1,1,2,8,8,6,8,3,3,1,1
density_0_nback_2_id_15,0,2,HISTORICAL_FULL_RECORD_POST_TOR_INVALID,46.35000014305115,True,2,1,4,21,21,19,21,13,13,8,8
density_0_nback_2_id_15,0,2,POST_BUTTON_MANUAL,15.5,False,1,1,2,13,14,11,13,8,8,4,4
density_0_nback_2_id_15,0,2,POST_TOR_MANUAL,16.200000047683716,False,1,1,2,13,14,11,13,8,8,4,4
density_0_nback_2_id_16,0,2,HISTORICAL_ACUTE_8S_POST_TOR,7.950000047683716,False,0,0,1,4,4,4,4,4,4,1,1
density_0_nback_2_id_16,0,2,HISTORICAL_FULL_RECORD_POST_TOR_INVALID,48.35000014305115,True,1,0,3,17,17,13,13,13,13,10,11
density_0_nback_2_id_16,0,2,POST_BUTTON_MANUAL,17.0,False,0,0,1,10,10,7,7,7,7,5,5
density_0_nback_2_id_16,0,2,POST_TOR_MANUAL,18.200000047683716,False,0,0,1,10,10,7,7,7,7,5,5
density_0_nback_2_id_17,0,2,HISTORICAL_ACUTE_8S_POST_TOR,7.950000047683716,False,1,0,1,3,3,3,3,2,2,2,2
density_0_nback_2_id_17,0,2,HISTORICAL_FULL_RECORD_POST_TOR_INVALID,42.80000019073486,True,2,0,5,13,15,11,13,11,11,9,9
density_0_nback_2_id_17,0,2,POST_BUTTON_MANUAL,10.950000047683716,False,0,0,0,5,5,5,5,5,5,4,4
density_0_nback_2_id_17,0,2,POST_TOR_MANUAL,12.650000095367432,False,1,0,1,5,5,5,5,5,5,4,4
density_0_nback_2_id_18,0,2,HISTORICAL_ACUTE_8S_POST_TOR,7.950000047683716,False,0,0,0,4,4,4,4,4,4,4,4
density_0_nback_2_id_18,0,2,HISTORICAL_FULL_RECORD_POST_TOR_INVALID,44.5,True,1,0,2,15,15,15,15,15,15,12,12
density_0_nback_2_id_18,0,2,POST_BUTTON_MANUAL,13.400000095367432,False,0,0,0,7,7,7,7,7,7,7,7
density_0_nback_2_id_18,0,2,POST_TOR_MANUAL,14.350000143051147,False,0,0,0,7,7,7,7,7,7,7,7
density_0_nback_2_id_19,0,2,HISTORICAL_ACUTE_8S_POST_TOR,7.950000047683716,False,0,0,1,4,4,3,3,1,1,0,0
density_0_nback_2_id_19,0,2,HISTORICAL_FULL_RECORD_POST_TOR_INVALID,45.25,True,1,0,3,25,53,17,45,13,39,9,35
density_0_nback_2_id_19,0,2,POST_BUTTON_MANUAL,13.400000095367432,False,0,0,0,11,11,7,9,2,2,0,0
density_0_nback_2_id_19,0,2,POST_TOR_MANUAL,15.150000095367432,False,0,0,1,11,11,7,9,2,2,0,0
density_0_nback_2_id_2,0,2,HISTORICAL_ACUTE_8S_POST_TOR,7.950000047683716,False,1,0,1,3,3,3,3,3,3,1,1
density_0_nback_2_id_2,0,2,HISTORICAL_FULL_RECORD_POST_TOR_INVALID,46.85000014305115,True,3,1,4,16,16,11,11,11,11,9,9
density_0_nback_2_id_2,0,2,POST_BUTTON_MANUAL,14.75,False,0,0,0,5,5,5,5,5,5,3,3
density_0_nback_2_id_2,0,2,POST_TOR_MANUAL,16.700000047683716,False,1,0,1,5,5,5,5,5,5,3,3
density_0_nback_2_id_20,0,2,HISTORICAL_ACUTE_8S_POST_TOR,7.950000047683716,False,1,0,1,2,2,2,2,2,2,2,2
density_0_nback_2_id_20,0,2,HISTORICAL_FULL_RECORD_POST_TOR_INVALID,63.0,True,6,3,8,24,24,17,17,11,11,11,11
density_0_nback_2_id_20,0,2,POST_BUTTON_MANUAL,30.899999856948853,False,0,0,1,15,15,9,9,4,4,4,4
density_0_nback_2_id_20,0,2,POST_TOR_MANUAL,32.799999952316284,False,1,0,1,15,15,9,9,4,4,4,4
density_0_nback_2_id_21,0,2,HISTORICAL_ACUTE_8S_POST_TOR,7.950000047683716,False,0,0,1,3,3,2,3,2,2,1,1
density_0_nback_2_id_21,0,2,HISTORICAL_FULL_RECORD_POST_TOR_INVALID,45.65000009536743,True,2,1,7,14,16,13,13,11,11,9,9
density_0_nback_2_id_21,0,2,POST_BUTTON_MANUAL,14.25,False,0,0,1,6,8,5,5,5,5,3,3
density_0_nback_2_id_21,0,2,POST_TOR_MANUAL,15.549999952316284,False,0,0,1,6,8,5,5,5,5,3,3
density_0_nback_2_id_22,0,2,HISTORICAL_ACUTE_8S_POST_TOR,7.950000047683716,False,1,0,1,3,3,2,3,2,2,2,2
density_0_nback_2_id_22,0,2,HISTORICAL_FULL_RECORD_POST_TOR_INVALID,40.5,True,2,0,3,11,11,11,11,10,10,8,8
density_0_nback_2_id_22,0,2,POST_BUTTON_MANUAL,8.299999952316284,False,0,0,1,5,5,4,4,4,4,2,2
density_0_nback_2_id_22,0,2,POST_TOR_MANUAL,10.349999904632568,False,1,0,1,5,5,4,4,4,4,2,2
density_0_nback_2_id_23,0,2,HISTORICAL_ACUTE_8S_POST_TOR,7.950000047683716,False,1,0,1,3,3,1,1,1,1,1,1
density_0_nback_2_id_23,0,2,HISTORICAL_FULL_RECORD_POST_TOR_INVALID,41.90000009536743,True,3,1,4,13,13,7,7,7,7,6,6
density_0_nback_2_id_23,0,2,POST_BUTTON_MANUAL,9.5,False,0,0,0,6,6,2,2,2,2,2,2
density_0_nback_2_id_23,0,2,POST_TOR_MANUAL,11.75,False,1,0,1,6,6,2,2,2,2,2,2
density_0_nback_2_id_24,0,2,HISTORICAL_ACUTE_8S_POST_TOR,7.950000047683716,False,1,0,1,6,4,2,2,2,2,2,2
density_0_nback_2_id_24,0,2,HISTORICAL_FULL_RECORD_POST_TOR_INVALID,49.299999952316284,True,2,0,3,15,13,11,11,9,9,6,6
density_0_nback_2_id_24,0,2,POST_BUTTON_MANUAL,17.450000047683716,False,0,0,1,10,8,5,5,5,5,5,5
density_0_nback_2_id_24,0,2,POST_TOR_MANUAL,19.200000047683716,False,1,0,1,10,8,5,5,5,5,5,5
density_0_nback_2_id_25,0,2,HISTORICAL_ACUTE_8S_POST_TOR,7.950000047683716,False,0,0,0,2,2,2,2,2,2,1,1
density_0_nback_2_id_25,0,2,HISTORICAL_FULL_RECORD_POST_TOR_INVALID,44.0,True,2,0,4,15,25,15,25,13,23,9,17
density_0_nback_2_id_25,0,2,POST_BUTTON_MANUAL,12.799999952316284,False,0,0,0,6,6,6,6,5,5,2,2
density_0_nback_2_id_25,0,2,POST_TOR_MANUAL,13.849999904632568,False,0,0,0,6,6,6,6,5,5,2,2
density_0_nback_2_id_26,0,2,HISTORICAL_ACUTE_8S_POST_TOR,7.950000047683716,False,1,0,1,1,1,1,1,1,1,1,1
density_0_nback_2_id_26,0,2,HISTORICAL_FULL_RECORD_POST_TOR_INVALID,41.10000014305115,True,3,1,6,17,19,13,15,13,15,12,14
density_0_nback_2_id_26,0,2,POST_BUTTON_MANUAL,9.450000047683716,False,0,0,1,4,4,2,2,2,2,2,2
density_0_nback_2_id_26,0,2,POST_TOR_MANUAL,11.050000190734863,False,1,0,1,4,4,2,2,2,2,2,2
density_0_nback_2_id_27,0,2,HISTORICAL_ACUTE_8S_POST_TOR,7.950000047683716,False,1,1,1,2,2,2,2,2,2,2,2
density_0_nback_2_id_27,0,2,HISTORICAL_FULL_RECORD_POST_TOR_INVALID,43.84999990463257,True,4,2,6,13,13,13,13,13,13,11,11
density_0_nback_2_id_27,0,2,POST_BUTTON_MANUAL,11.950000047683716,False,1,1,1,6,6,6,6,5,5,5,5
density_0_nback_2_id_27,0,2,POST_TOR_MANUAL,13.700000047683716,False,1,1,1,6,6,6,6,5,5,5,5
density_0_nback_2_id_28,0,2,HISTORICAL_ACUTE_8S_POST_TOR,7.950000047683716,False,0,0,1,3,3,2,2,2,2,2,2
density_0_nback_2_id_28,0,2,HISTORICAL_FULL_RECORD_POST_TOR_INVALID,43.40000009536743,True,2,1,7,17,21,13,15,11,15,10,12
density_0_nback_2_id_28,0,2,POST_BUTTON_MANUAL,11.549999952316284,False,0,0,1,7,7,5,5,5,5,5,5
density_0_nback_2_id_28,0,2,POST_TOR_MANUAL,13.25,False,0,0,1,7,7,5,5,5,5,5,5
density_0_nback_2_id_29,0,2,HISTORICAL_ACUTE_8S_POST_TOR,7.950000047683716,True,1,1,1,3,3,3,3,3,3,3,3
density_0_nback_2_id_29,0,2,HISTORICAL_FULL_RECORD_POST_TOR_INVALID,34.700000047683716,True,1,1,1,22,48,20,48,20,46,18,44
density_0_nback_2_id_29,0,2,POST_BUTTON_MANUAL,1.4500000476837158,False,1,1,1,1,1,0,1,0,1,0,0
density_0_nback_2_id_29,0,2,POST_TOR_MANUAL,4.549999952316284,False,1,1,1,1,1,0,1,0,1,0,0
density_0_nback_2_id_30,0,2,HISTORICAL_ACUTE_8S_POST_TOR,7.950000047683716,False,0,0,1,1,1,1,1,1,1,1,1
density_0_nback_2_id_30,0,2,HISTORICAL_FULL_RECORD_POST_TOR_INVALID,45.549999952316284,True,1,0,3,11,11,7,7,7,7,5,5
density_0_nback_2_id_30,0,2,POST_BUTTON_MANUAL,13.700000047683716,False,0,0,1,5,5,3,3,3,3,2,2
density_0_nback_2_id_30,0,2,POST_TOR_MANUAL,15.400000095367432,False,0,0,1,5,5,3,3,3,3,2,2
density_0_nback_2_id_31,0,2,HISTORICAL_ACUTE_8S_POST_TOR,7.950000047683716,False,1,0,1,1,1,1,1,1,1,1,1
density_0_nback_2_id_31,0,2,HISTORICAL_FULL_RECORD_POST_TOR_INVALID,47.60000014305115,True,2,0,3,11,11,9,9,9,9,8,8
density_0_nback_2_id_31,0,2,POST_BUTTON_MANUAL,16.299999952316284,False,1,0,1,5,5,5,5,4,4,4,4
density_0_nback_2_id_31,0,2,POST_TOR_MANUAL,17.5,False,1,0,1,5,5,5,5,4,4,4,4
density_0_nback_2_id_32,0,2,HISTORICAL_ACUTE_8S_POST_TOR,7.950000047683716,False,0,0,1,3,3,1,1,1,1,1,1
density_0_nback_2_id_32,0,2,HISTORICAL_FULL_RECORD_POST_TOR_INVALID,41.200000047683716,True,3,2,5,9,9,7,7,7,7,7,7
density_0_nback_2_id_32,0,2,POST_BUTTON_MANUAL,9.650000095367432,False,0,0,1,4,4,2,2,2,2,2,2
density_0_nback_2_id_32,0,2,POST_TOR_MANUAL,11.050000190734863,False,0,0,1,4,4,2,2,2,2,2,2
density_0_nback_2_id_33,0,2,HISTORICAL_ACUTE_8S_POST_TOR,7.950000047683716,False,0,0,1,1,1,1,1,1,1,1,1
density_0_nback_2_id_33,0,2,HISTORICAL_FULL_RECORD_POST_TOR_INVALID,46.90000009536743,True,2,1,4,13,19,11,17,11,17,9,13
density_0_nback_2_id_33,0,2,POST_BUTTON_MANUAL,15.450000047683716,False,0,0,1,3,3,3,3,3,3,3,3
density_0_nback_2_id_33,0,2,POST_TOR_MANUAL,16.75,False,0,0,1,3,3,3,3,3,3,3,3
density_0_nback_2_id_34,0,2,HISTORICAL_ACUTE_8S_POST_TOR,7.950000047683716,False,0,0,1,2,2,2,2,2,2,2,2
density_0_nback_2_id_34,0,2,HISTORICAL_FULL_RECORD_POST_TOR_INVALID,44.75,True,1,0,3,13,13,11,11,9,9,8,8
density_0_nback_2_id_34,0,2,POST_BUTTON_MANUAL,13.0,False,0,0,0,5,5,4,4,4,4,4,4
density_0_nback_2_id_34,0,2,POST_TOR_MANUAL,14.650000095367432,False,0,0,1,5,5,4,4,4,4,4,4
density_0_nback_2_id_35,0,2,HISTORICAL_ACUTE_8S_POST_TOR,7.950000047683716,False,1,0,1,2,2,2,2,2,2,2,2
density_0_nback_2_id_35,0,2,HISTORICAL_FULL_RECORD_POST_TOR_INVALID,45.450000047683716,True,4,0,5,13,13,11,11,11,11,9,9
density_0_nback_2_id_35,0,2,POST_BUTTON_MANUAL,13.349999904632568,False,0,0,0,5,5,5,5,5,5,3,3
density_0_nback_2_id_35,0,2,POST_TOR_MANUAL,15.299999952316284,False,1,0,1,5,5,5,5,5,5,3,3
density_0_nback_2_id_36,0,2,HISTORICAL_ACUTE_8S_POST_TOR,7.950000047683716,False,1,0,1,2,2,2,2,1,1,1,1
density_0_nback_2_id_36,0,2,HISTORICAL_FULL_RECORD_POST_TOR_INVALID,54.15000009536743,True,2,0,3,18,20,13,15,11,13,8,10
density_0_nback_2_id_36,0,2,POST_BUTTON_MANUAL,21.649999856948853,False,0,0,0,7,7,6,6,4,4,4,4
density_0_nback_2_id_36,0,2,POST_TOR_MANUAL,24.049999952316284,False,1,0,1,7,7,6,6,4,4,4,4
density_0_nback_2_id_37,0,2,HISTORICAL_ACUTE_8S_POST_TOR,7.950000047683716,False,1,0,2,1,1,1,1,1,1,0,0
density_0_nback_2_id_37,0,2,HISTORICAL_FULL_RECORD_POST_TOR_INVALID,47.85000014305115,True,2,0,4,15,51,15,51,13,49,9,43
density_0_nback_2_id_37,0,2,POST_BUTTON_MANUAL,15.099999904632568,False,0,0,1,5,5,5,5,5,5,2,2
density_0_nback_2_id_37,0,2,POST_TOR_MANUAL,17.75,False,1,0,2,5,5,5,5,5,5,2,2
density_0_nback_2_id_38,0,2,HISTORICAL_ACUTE_8S_POST_TOR,7.950000047683716,False,0,0,0,2,2,1,1,1,1,1,1
density_0_nback_2_id_38,0,2,HISTORICAL_FULL_RECORD_POST_TOR_INVALID,46.799999952316284,True,1,0,2,11,11,7,7,5,5,4,4
density_0_nback_2_id_38,0,2,POST_BUTTON_MANUAL,16.049999952316284,False,0,0,0,5,5,3,3,3,3,3,3
density_0_nback_2_id_38,0,2,POST_TOR_MANUAL,16.700000047683716,False,0,0,0,5,5,3,3,3,3,3,3
density_0_nback_2_id_39,0,2,HISTORICAL_ACUTE_8S_POST_TOR,7.950000047683716,False,1,1,2,2,4,2,2,2,2,2,2
density_0_nback_2_id_39,0,2,HISTORICAL_FULL_RECORD_POST_TOR_INVALID,43.75,True,3,2,5,16,20,9,9,9,9,9,9
density_0_nback_2_id_39,0,2,POST_BUTTON_MANUAL,12.549999952316284,False,1,1,2,9,13,5,5,5,5,5,5
density_0_nback_2_id_39,0,2,POST_TOR_MANUAL,13.650000095367432,False,1,1,2,9,13,5,5,5,5,5,5
density_0_nback_2_id_4,0,2,HISTORICAL_ACUTE_8S_POST_TOR,7.950000047683716,False,0,0,0,3,3,3,3,2,2,1,1
density_0_nback_2_id_4,0,2,HISTORICAL_FULL_RECORD_POST_TOR_INVALID,47.35000014305115,True,1,0,3,17,17,13,15,13,13,8,8
density_0_nback_2_id_4,0,2,POST_BUTTON_MANUAL,16.84999990463257,False,0,0,0,10,10,7,9,7,7,4,4
density_0_nback_2_id_4,0,2,POST_TOR_MANUAL,17.200000047683716,False,0,0,0,10,10,7,9,7,7,4,4
density_0_nback_2_id_40,0,2,HISTORICAL_ACUTE_8S_POST_TOR,7.950000047683716,False,1,0,2,3,3,3,3,3,3,3,3
density_0_nback_2_id_40,0,2,HISTORICAL_FULL_RECORD_POST_TOR_INVALID,43.450000047683716,True,2,0,3,12,12,10,10,10,10,8,8
density_0_nback_2_id_40,0,2,POST_BUTTON_MANUAL,11.400000095367432,False,0,0,2,6,6,6,6,6,5,5,5
density_0_nback_2_id_40,0,2,POST_TOR_MANUAL,13.350000143051147,False,1,0,3,6,6,6,6,6,5,5,5
density_0_nback_2_id_41,0,2,HISTORICAL_ACUTE_8S_POST_TOR,7.950000047683716,False,0,0,1,3,3,2,2,2,2,2,2
density_0_nback_2_id_41,0,2,HISTORICAL_FULL_RECORD_POST_TOR_INVALID,64.40000009536743,True,3,1,5,19,19,13,13,11,11,7,7
density_0_nback_2_id_41,0,2,POST_BUTTON_MANUAL,32.75,False,1,0,2,13,13,9,9,8,8,5,5
density_0_nback_2_id_41,0,2,POST_TOR_MANUAL,34.299999952316284,False,1,0,2,13,13,9,9,8,8,5,5
density_0_nback_2_id_42,0,2,HISTORICAL_ACUTE_8S_POST_TOR,7.950000047683716,False,1,1,1,1,1,1,1,1,1,1,1
density_0_nback_2_id_42,0,2,HISTORICAL_FULL_RECORD_POST_TOR_INVALID,50.34999990463257,True,1,1,2,27,103,23,101,21,101,20,100
density_0_nback_2_id_42,0,2,POST_BUTTON_MANUAL,17.949999809265137,False,1,1,1,10,10,9,9,9,9,9,9
density_0_nback_2_id_42,0,2,POST_TOR_MANUAL,20.149999856948853,False,1,1,1,10,10,9,9,9,9,9,9
density_0_nback_2_id_43,0,2,HISTORICAL_ACUTE_8S_POST_TOR,7.950000047683716,False,0,0,1,2,2,2,2,2,2,2,2
density_0_nback_2_id_43,0,2,HISTORICAL_FULL_RECORD_POST_TOR_INVALID,55.0,True,3,1,6,17,17,13,15,11,9,7,7
density_0_nback_2_id_43,0,2,POST_BUTTON_MANUAL,23.450000047683716,False,0,0,1,13,13,9,11,9,7,5,5
density_0_nback_2_id_43,0,2,POST_TOR_MANUAL,24.799999952316284,False,0,0,1,13,13,9,11,9,7,5,5
density_0_nback_2_id_44,0,2,HISTORICAL_ACUTE_8S_POST_TOR,7.950000047683716,False,1,1,1,4,4,3,3,3,3,3,3
density_0_nback_2_id_44,0,2,HISTORICAL_FULL_RECORD_POST_TOR_INVALID,47.5,True,2,1,3,20,24,17,23,11,17,11,13
density_0_nback_2_id_44,0,2,POST_BUTTON_MANUAL,16.0,False,1,1,1,10,10,9,9,5,5,4,5
density_0_nback_2_id_44,0,2,POST_TOR_MANUAL,17.350000143051147,False,1,1,1,10,10,9,9,5,5,4,5
density_0_nback_2_id_45,0,2,HISTORICAL_ACUTE_8S_POST_TOR,7.950000047683716,False,0,0,0,3,3,2,2,1,1,1,1
density_0_nback_2_id_45,0,2,HISTORICAL_FULL_RECORD_POST_TOR_INVALID,46.200000047683716,True,2,2,2,14,18,10,10,9,9,7,7
density_0_nback_2_id_45,0,2,POST_BUTTON_MANUAL,15.349999904632568,False,0,0,0,6,6,4,4,4,4,1,1
density_0_nback_2_id_45,0,2,POST_TOR_MANUAL,16.0,False,0,0,0,6,6,4,4,4,4,1,1
density_0_nback_2_id_46,0,2,HISTORICAL_ACUTE_8S_POST_TOR,7.950000047683716,False,2,0,2,3,3,3,3,3,3,3,3
density_0_nback_2_id_46,0,2,HISTORICAL_FULL_RECORD_POST_TOR_INVALID,46.0,True,3,0,4,15,15,11,11,11,11,8,8
density_0_nback_2_id_46,0,2,POST_BUTTON_MANUAL,14.850000143051147,False,1,0,2,9,9,7,7,6,6,4,4
density_0_nback_2_id_46,0,2,POST_TOR_MANUAL,15.850000143051147,False,2,0,2,9,9,7,7,6,6,4,4
density_0_nback_2_id_47,0,2,HISTORICAL_ACUTE_8S_POST_TOR,7.950000047683716,False,1,0,1,4,4,3,3,2,2,1,1
density_0_nback_2_id_47,0,2,HISTORICAL_FULL_RECORD_POST_TOR_INVALID,47.90000009536743,True,2,0,3,17,21,15,19,13,15,10,14
density_0_nback_2_id_47,0,2,POST_BUTTON_MANUAL,16.25,False,1,0,1,7,7,7,7,5,5,5,5
density_0_nback_2_id_47,0,2,POST_TOR_MANUAL,17.800000190734863,False,1,0,1,7,7,7,7,5,5,5,5
density_0_nback_2_id_48,0,2,HISTORICAL_ACUTE_8S_POST_TOR,7.950000047683716,False,1,1,2,1,1,1,1,1,1,1,1
density_0_nback_2_id_48,0,2,HISTORICAL_FULL_RECORD_POST_TOR_INVALID,57.450000047683716,True,1,1,2,19,45,13,39,13,39,10,36
density_0_nback_2_id_48,0,2,POST_BUTTON_MANUAL,26.549999952316284,False,1,1,2,10,10,4,4,4,4,3,3
density_0_nback_2_id_48,0,2,POST_TOR_MANUAL,27.350000143051147,False,1,1,2,10,10,4,4,4,4,3,3
density_0_nback_2_id_49,0,2,HISTORICAL_ACUTE_8S_POST_TOR,7.950000047683716,False,1,0,1,3,3,2,2,2,2,2,2
density_0_nback_2_id_49,0,2,HISTORICAL_FULL_RECORD_POST_TOR_INVALID,56.55000019073486,True,1,0,1,26,44,23,41,23,39,19,35
density_0_nback_2_id_49,0,2,POST_BUTTON_MANUAL,24.5,False,0,0,0,13,13,13,13,13,13,8,8
density_0_nback_2_id_49,0,2,POST_TOR_MANUAL,26.5,False,1,0,1,13,13,13,13,13,13,8,8
density_0_nback_2_id_5,0,2,HISTORICAL_ACUTE_8S_POST_TOR,7.950000047683716,False,2,1,2,2,2,2,2,2,2,2,2
density_0_nback_2_id_5,0,2,HISTORICAL_FULL_RECORD_POST_TOR_INVALID,55.15000009536743,True,5,2,6,15,15,15,15,15,15,11,11
density_0_nback_2_id_5,0,2,POST_BUTTON_MANUAL,23.200000047683716,False,2,1,2,9,9,9,9,9,9,6,6
density_0_nback_2_id_5,0,2,POST_TOR_MANUAL,25.0,False,2,1,2,9,9,9,9,9,9,6,6
density_0_nback_2_id_50,0,2,HISTORICAL_ACUTE_8S_POST_TOR,7.950000047683716,False,1,1,2,2,2,2,2,1,2,1,1
density_0_nback_2_id_50,0,2,HISTORICAL_FULL_RECORD_POST_TOR_INVALID,54.60000014305115,True,1,1,2,17,17,13,13,11,11,10,10
density_0_nback_2_id_50,0,2,POST_BUTTON_MANUAL,22.59999990463257,False,1,1,2,10,10,7,7,5,5,5,5
density_0_nback_2_id_50,0,2,POST_TOR_MANUAL,24.450000047683716,False,1,1,2,10,10,7,7,5,5,5,5
density_0_nback_2_id_51,0,2,HISTORICAL_ACUTE_8S_POST_TOR,7.950000047683716,False,1,0,1,2,2,2,2,2,2,1,2
density_0_nback_2_id_51,0,2,HISTORICAL_FULL_RECORD_POST_TOR_INVALID,44.950000047683716,True,2,0,3,17,43,17,43,17,43,14,40
density_0_nback_2_id_51,0,2,POST_BUTTON_MANUAL,12.650000095367432,False,0,0,0,5,5,5,5,5,5,5,5
density_0_nback_2_id_51,0,2,POST_TOR_MANUAL,14.75,False,1,0,1,5,5,5,5,5,5,5,5
density_0_nback_2_id_52,0,2,HISTORICAL_ACUTE_8S_POST_TOR,7.950000047683716,False,3,2,4,1,1,1,1,1,1,1,1
density_0_nback_2_id_52,0,2,HISTORICAL_FULL_RECORD_POST_TOR_INVALID,60.40000009536743,True,3,2,4,19,19,19,19,19,19,16,16
density_0_nback_2_id_52,0,2,POST_BUTTON_MANUAL,28.59999990463257,False,3,2,4,11,11,11,11,11,11,11,11
density_0_nback_2_id_52,0,2,POST_TOR_MANUAL,30.200000047683716,False,3,2,4,11,11,11,11,11,11,11,11
density_0_nback_2_id_53,0,2,HISTORICAL_ACUTE_8S_POST_TOR,7.950000047683716,False,0,0,1,3,3,3,3,3,3,3,3
density_0_nback_2_id_53,0,2,HISTORICAL_FULL_RECORD_POST_TOR_INVALID,45.34999990463257,True,1,0,3,19,49,17,45,17,45,14,43
density_0_nback_2_id_53,0,2,POST_BUTTON_MANUAL,13.799999952316284,False,0,0,1,7,7,5,5,5,5,5,5
density_0_nback_2_id_53,0,2,POST_TOR_MANUAL,15.200000047683716,False,0,0,1,7,7,5,5,5,5,5,5
density_0_nback_2_id_54,0,2,HISTORICAL_ACUTE_8S_POST_TOR,7.950000047683716,False,0,0,0,3,3,3,3,2,2,2,2
density_0_nback_2_id_54,0,2,HISTORICAL_FULL_RECORD_POST_TOR_INVALID,42.40000009536743,True,1,0,2,9,11,9,9,7,7,6,6
density_0_nback_2_id_54,0,2,POST_BUTTON_MANUAL,11.25,False,0,0,0,5,5,5,5,4,4,4,4
density_0_nback_2_id_54,0,2,POST_TOR_MANUAL,12.25,False,0,0,0,5,5,5,5,4,4,4,4
density_0_nback_2_id_55,0,2,HISTORICAL_ACUTE_8S_POST_TOR,7.950000047683716,False,1,1,1,1,1,1,1,1,1,1,1
density_0_nback_2_id_55,0,2,HISTORICAL_FULL_RECORD_POST_TOR_INVALID,50.450000047683716,True,2,1,4,17,19,15,17,9,11,8,10
density_0_nback_2_id_55,0,2,POST_BUTTON_MANUAL,18.299999952316284,False,1,1,1,8,8,6,6,3,3,3,3
density_0_nback_2_id_55,0,2,POST_TOR_MANUAL,20.299999952316284,False,1,1,1,8,8,6,6,3,3,3,3
density_0_nback_2_id_56,0,2,HISTORICAL_ACUTE_8S_POST_TOR,7.950000047683716,False,1,1,1,2,2,2,2,2,2,2,2
density_0_nback_2_id_56,0,2,HISTORICAL_FULL_RECORD_POST_TOR_INVALID,45.35000014305115,True,4,3,6,11,11,11,11,11,11,11,11
density_0_nback_2_id_56,0,2,POST_BUTTON_MANUAL,14.25,False,1,1,1,5,5,5,5,5,5,5,5
density_0_nback_2_id_56,0,2,POST_TOR_MANUAL,15.200000047683716,False,1,1,1,5,5,5,5,5,5,5,5
density_0_nback_2_id_57,0,2,HISTORICAL_ACUTE_8S_POST_TOR,7.950000047683716,False,0,0,1,5,5,5,5,5,5,2,2
density_0_nback_2_id_57,0,2,HISTORICAL_FULL_RECORD_POST_TOR_INVALID,43.60000014305115,True,1,0,3,15,15,13,13,13,13,10,10
density_0_nback_2_id_57,0,2,POST_BUTTON_MANUAL,11.949999809265137,False,0,0,1,7,7,7,7,7,7,5,5
density_0_nback_2_id_57,0,2,POST_TOR_MANUAL,13.5,False,0,0,1,7,7,7,7,7,7,5,5
density_0_nback_2_id_6,0,2,HISTORICAL_ACUTE_8S_POST_TOR,7.950000047683716,False,0,0,1,6,6,3,3,3,3,2,2
density_0_nback_2_id_6,0,2,HISTORICAL_FULL_RECORD_POST_TOR_INVALID,41.84999990463257,True,3,2,4,15,15,9,9,9,9,7,7
density_0_nback_2_id_6,0,2,POST_BUTTON_MANUAL,10.550000190734863,False,0,0,1,8,8,4,4,4,4,2,2
density_0_nback_2_id_6,0,2,POST_TOR_MANUAL,11.700000047683716,False,0,0,1,8,8,4,4,4,4,2,2
density_0_nback_2_id_7,0,2,HISTORICAL_ACUTE_8S_POST_TOR,7.950000047683716,False,1,0,1,2,4,1,1,1,1,1,1
density_0_nback_2_id_7,0,2,HISTORICAL_FULL_RECORD_POST_TOR_INVALID,46.450000047683716,True,2,0,3,13,25,13,23,13,23,10,20
density_0_nback_2_id_7,0,2,POST_BUTTON_MANUAL,13.849999904632568,False,0,0,0,5,7,5,5,5,5,5,5
density_0_nback_2_id_7,0,2,POST_TOR_MANUAL,16.299999952316284,False,1,0,1,5,7,5,5,5,5,5,5
density_0_nback_2_id_8,0,2,HISTORICAL_ACUTE_8S_POST_TOR,7.950000047683716,False,0,0,1,5,5,3,3,3,3,2,2
density_0_nback_2_id_8,0,2,HISTORICAL_FULL_RECORD_POST_TOR_INVALID,51.40000009536743,True,2,0,5,19,22,17,17,15,15,9,9
density_0_nback_2_id_8,0,2,POST_BUTTON_MANUAL,19.700000047683716,False,0,0,1,13,13,11,11,11,11,5,5
density_0_nback_2_id_8,0,2,POST_TOR_MANUAL,21.25,False,0,0,1,13,13,11,11,11,11,5,5
density_10_nback_0_id_1,10,0,HISTORICAL_ACUTE_8S_POST_TOR,7.949999809265137,False,2,2,2,5,5,5,5,3,3,3,3
density_10_nback_0_id_1,10,0,HISTORICAL_FULL_RECORD_POST_TOR_INVALID,54.75,True,3,3,5,18,18,18,18,12,12,10,10
density_10_nback_0_id_1,10,0,POST_BUTTON_MANUAL,23.700000047683716,False,2,2,2,12,12,12,12,7,7,5,5
density_10_nback_0_id_1,10,0,POST_TOR_MANUAL,24.59999990463257,False,2,2,2,12,12,12,12,7,7,5,5
density_10_nback_0_id_10,10,0,HISTORICAL_ACUTE_8S_POST_TOR,7.949999809265137,False,3,3,5,2,2,0,0,0,0,0,0
density_10_nback_0_id_10,10,0,HISTORICAL_FULL_RECORD_POST_TOR_INVALID,54.94999980926514,True,10,6,12,20,20,16,16,16,16,14,14
density_10_nback_0_id_10,10,0,POST_BUTTON_MANUAL,23.350000143051147,False,3,3,4,13,13,11,11,11,11,8,8
density_10_nback_0_id_10,10,0,POST_TOR_MANUAL,24.75,False,3,3,5,13,13,11,11,11,11,8,8
density_10_nback_0_id_11,10,0,HISTORICAL_ACUTE_8S_POST_TOR,7.949999809265137,False,1,0,2,3,3,1,3,1,1,1,1
density_10_nback_0_id_11,10,0,HISTORICAL_FULL_RECORD_POST_TOR_INVALID,47.09999990463257,True,7,5,9,16,16,14,16,14,14,10,10
density_10_nback_0_id_11,10,0,POST_BUTTON_MANUAL,15.199999809265137,False,1,0,1,10,10,10,10,8,8,5,5
density_10_nback_0_id_11,10,0,POST_TOR_MANUAL,16.949999809265137,False,1,0,2,10,10,8,10,8,8,5,5
density_10_nback_0_id_12,10,0,HISTORICAL_ACUTE_8S_POST_TOR,7.950000047683716,False,0,0,0,7,7,4,4,3,3,3,3
density_10_nback_0_id_12,10,0,HISTORICAL_FULL_RECORD_POST_TOR_INVALID,49.65000009536743,True,5,4,6,25,25,20,20,18,18,12,12
density_10_nback_0_id_12,10,0,POST_BUTTON_MANUAL,18.899999856948853,False,0,0,0,17,17,13,13,10,10,9,9
density_10_nback_0_id_12,10,0,POST_TOR_MANUAL,19.5,False,0,0,0,18,18,13,13,10,10,9,9
density_10_nback_0_id_13,10,0,HISTORICAL_ACUTE_8S_POST_TOR,7.949999809265137,False,0,0,1,4,4,2,2,2,2,1,1
density_10_nback_0_id_13,10,0,HISTORICAL_FULL_RECORD_POST_TOR_INVALID,45.549999952316284,True,3,1,5,14,16,10,10,8,8,8,8
density_10_nback_0_id_13,10,0,POST_BUTTON_MANUAL,13.549999952316284,False,0,0,0,7,9,5,5,5,5,5,5
density_10_nback_0_id_13,10,0,POST_TOR_MANUAL,15.349999904632568,False,0,0,1,7,9,5,5,5,5,5,5
density_10_nback_0_id_16,10,0,HISTORICAL_ACUTE_8S_POST_TOR,7.949999809265137,False,0,0,1,2,2,2,2,2,2,1,1
density_10_nback_0_id_16,10,0,HISTORICAL_FULL_RECORD_POST_TOR_INVALID,58.94999980926514,True,5,3,7,26,26,20,22,20,20,12,12
density_10_nback_0_id_16,10,0,POST_BUTTON_MANUAL,27.5,False,2,1,2,21,21,16,18,16,16,10,10
density_10_nback_0_id_16,10,0,POST_TOR_MANUAL,28.799999952316284,False,2,1,3,21,21,16,18,16,16,10,10
density_10_nback_0_id_17,10,0,HISTORICAL_ACUTE_8S_POST_TOR,7.949999809265137,False,1,1,1,4,4,3,3,2,2,1,1
density_10_nback_0_id_17,10,0,HISTORICAL_FULL_RECORD_POST_TOR_INVALID,45.299999952316284,True,7,5,10,18,20,16,18,12,16,8,10
density_10_nback_0_id_17,10,0,POST_BUTTON_MANUAL,14.599999904632568,False,1,1,1,9,9,7,7,5,5,2,2
density_10_nback_0_id_17,10,0,POST_TOR_MANUAL,15.149999856948853,False,1,1,1,9,9,7,7,5,5,2,2
density_10_nback_0_id_18,10,0,HISTORICAL_ACUTE_8S_POST_TOR,7.949999809265137,False,1,0,1,5,5,5,5,5,5,5,5
density_10_nback_0_id_18,10,0,HISTORICAL_FULL_RECORD_POST_TOR_INVALID,44.799999952316284,True,3,2,5,16,16,14,14,14,14,14,14
density_10_nback_0_id_18,10,0,POST_BUTTON_MANUAL,13.75,False,1,0,1,9,9,9,9,9,9,9,9
density_10_nback_0_id_18,10,0,POST_TOR_MANUAL,14.649999856948853,False,1,0,1,9,9,9,9,9,9,9,9
density_10_nback_0_id_19,10,0,HISTORICAL_ACUTE_8S_POST_TOR,7.950000047683716,False,1,0,1,3,3,1,3,1,1,1,1
density_10_nback_0_id_19,10,0,HISTORICAL_FULL_RECORD_POST_TOR_INVALID,49.549999952316284,True,3,2,5,18,18,10,14,8,8,8,8
density_10_nback_0_id_19,10,0,POST_BUTTON_MANUAL,16.40000009536743,False,0,0,0,11,11,5,9,4,4,4,4
density_10_nback_0_id_19,10,0,POST_TOR_MANUAL,19.40000009536743,False,1,0,1,11,11,5,9,4,4,4,4
density_10_nback_0_id_2,10,0,HISTORICAL_ACUTE_8S_POST_TOR,7.950000047683716,False,0,0,1,3,3,2,2,2,2,1,1
density_10_nback_0_id_2,10,0,HISTORICAL_FULL_RECORD_POST_TOR_INVALID,41.89999985694885,True,2,2,4,14,14,10,10,10,10,8,8
density_10_nback_0_id_2,10,0,POST_BUTTON_MANUAL,10.099999904632568,False,0,0,0,4,4,4,4,4,4,2,2
density_10_nback_0_id_2,10,0,POST_TOR_MANUAL,11.799999952316284,False,0,0,1,4,4,4,4,4,4,2,2
density_10_nback_0_id_20,10,0,HISTORICAL_ACUTE_8S_POST_TOR,7.950000047683716,False,0,0,1,4,4,4,4,4,2,2,2
density_10_nback_0_id_20,10,0,HISTORICAL_FULL_RECORD_POST_TOR_INVALID,50.799999952316284,True,5,3,6,16,22,14,18,14,16,12,16
density_10_nback_0_id_20,10,0,POST_BUTTON_MANUAL,19.299999952316284,False,0,0,0,9,9,7,7,7,5,5,5
density_10_nback_0_id_20,10,0,POST_TOR_MANUAL,20.649999856948853,False,0,0,1,9,9,7,7,7,5,5,5
density_10_nback_0_id_21,10,0,HISTORICAL_ACUTE_8S_POST_TOR,7.950000047683716,False,1,0,1,2,2,2,2,2,2,1,2
density_10_nback_0_id_21,10,0,HISTORICAL_FULL_RECORD_POST_TOR_INVALID,45.200000047683716,True,4,2,5,14,18,14,18,12,18,10,18
density_10_nback_0_id_21,10,0,POST_BUTTON_MANUAL,12.650000095367432,False,0,0,0,5,5,5,5,5,5,3,5
density_10_nback_0_id_21,10,0,POST_TOR_MANUAL,15.049999952316284,False,1,0,1,5,5,5,5,5,5,3,5
density_10_nback_0_id_22,10,0,HISTORICAL_ACUTE_8S_POST_TOR,7.949999809265137,False,0,0,0,4,4,2,2,2,2,2,2
density_10_nback_0_id_22,10,0,HISTORICAL_FULL_RECORD_POST_TOR_INVALID,41.549999952316284,True,3,2,5,12,12,8,8,8,8,8,8
density_10_nback_0_id_22,10,0,POST_BUTTON_MANUAL,10.899999856948853,False,0,0,0,4,4,4,4,2,2,2,2
density_10_nback_0_id_22,10,0,POST_TOR_MANUAL,11.399999856948853,False,0,0,0,4,4,2,2,2,2,2,2
density_10_nback_0_id_23,10,0,HISTORICAL_ACUTE_8S_POST_TOR,7.950000047683716,False,3,2,3,2,2,0,0,0,0,0,0
density_10_nback_0_id_23,10,0,HISTORICAL_FULL_RECORD_POST_TOR_INVALID,45.05000019073486,True,9,6,9,20,30,14,24,12,20,10,18
density_10_nback_0_id_23,10,0,POST_BUTTON_MANUAL,12.25,False,3,3,3,7,7,5,7,3,3,2,2
density_10_nback_0_id_23,10,0,POST_TOR_MANUAL,14.850000143051147,False,4,3,4,7,7,3,5,3,3,2,2
density_10_nback_0_id_24,10,0,HISTORICAL_ACUTE_8S_POST_TOR,7.950000047683716,False,1,0,1,5,5,5,5,5,5,4,4
density_10_nback_0_id_24,10,0,HISTORICAL_FULL_RECORD_POST_TOR_INVALID,49.05000019073486,True,3,2,4,14,14,14,14,12,12,10,10
density_10_nback_0_id_24,10,0,POST_BUTTON_MANUAL,16.799999952316284,False,0,0,0,9,10,9,9,9,9,9,9
density_10_nback_0_id_24,10,0,POST_TOR_MANUAL,18.850000143051147,False,1,0,1,9,10,9,9,9,9,9,9
density_10_nback_0_id_25,10,0,HISTORICAL_ACUTE_8S_POST_TOR,7.949999809265137,False,0,0,2,6,6,4,4,2,2,1,1
density_10_nback_0_id_25,10,0,HISTORICAL_FULL_RECORD_POST_TOR_INVALID,47.799999952316284,True,3,2,6,18,18,12,12,8,8,6,6
density_10_nback_0_id_25,10,0,POST_BUTTON_MANUAL,15.5,False,0,0,1,13,13,8,8,4,4,2,2
density_10_nback_0_id_25,10,0,POST_TOR_MANUAL,17.59999990463257,False,0,0,2,13,13,8,8,4,4,2,2
density_10_nback_0_id_26,10,0,HISTORICAL_ACUTE_8S_POST_TOR,7.949999809265137,False,1,0,2,3,3,1,1,1,1,0,0
density_10_nback_0_id_26,10,0,HISTORICAL_FULL_RECORD_POST_TOR_INVALID,43.69999980926514,True,4,2,7,12,12,8,8,8,8,7,7
density_10_nback_0_id_26,10,0,POST_BUTTON_MANUAL,11.950000047683716,False,1,0,1,7,7,3,3,3,3,1,1
density_10_nback_0_id_26,10,0,POST_TOR_MANUAL,13.5,False,1,0,2,7,7,3,3,3,3,1,1
density_10_nback_0_id_27,10,0,HISTORICAL_ACUTE_8S_POST_TOR,7.950000047683716,False,2,1,3,2,2,1,1,1,1,1,1
density_10_nback_0_id_27,10,0,HISTORICAL_FULL_RECORD_POST_TOR_INVALID,49.5,True,7,4,9,16,16,13,13,11,11,11,11
density_10_nback_0_id_27,10,0,POST_BUTTON_MANUAL,16.75,False,2,2,4,9,9,8,8,7,7,7,7
density_10_nback_0_id_27,10,0,POST_TOR_MANUAL,19.450000047683716,False,3,2,5,9,9,8,8,7,7,7,7
density_10_nback_0_id_28,10,0,HISTORICAL_ACUTE_8S_POST_TOR,7.950000047683716,False,0,0,1,4,4,4,4,3,3,1,1
density_10_nback_0_id_28,10,0,HISTORICAL_FULL_RECORD_POST_TOR_INVALID,48.0,True,2,1,3,18,22,14,20,14,20,12,18
density_10_nback_0_id_28,10,0,POST_BUTTON_MANUAL,16.59999990463257,False,0,0,0,9,9,7,7,7,7,5,5
density_10_nback_0_id_28,10,0,POST_TOR_MANUAL,17.899999856948853,False,0,0,1,9,9,7,7,7,7,5,5
density_10_nback_0_id_29,10,0,HISTORICAL_ACUTE_8S_POST_TOR,7.950000047683716,False,1,1,3,4,4,4,4,2,2,2,2
density_10_nback_0_id_29,10,0,HISTORICAL_FULL_RECORD_POST_TOR_INVALID,53.75,True,6,4,9,26,26,22,22,18,20,18,18
density_10_nback_0_id_29,10,0,POST_BUTTON_MANUAL,22.34999990463257,False,2,2,3,17,17,15,15,13,13,13,13
density_10_nback_0_id_29,10,0,POST_TOR_MANUAL,23.59999990463257,False,2,2,4,17,17,15,15,13,13,13,13
density_10_nback_0_id_3,10,0,HISTORICAL_ACUTE_8S_POST_TOR,7.949999809265137,False,0,0,1,3,3,3,3,3,3,3,3
density_10_nback_0_id_3,10,0,HISTORICAL_FULL_RECORD_POST_TOR_INVALID,40.44999980926514,True,1,1,2,12,12,10,10,10,10,6,6
density_10_nback_0_id_3,10,0,POST_BUTTON_MANUAL,8.350000143051147,False,0,0,0,4,4,3,3,3,3,3,3
density_10_nback_0_id_3,10,0,POST_TOR_MANUAL,10.299999952316284,False,0,0,1,4,4,3,3,3,3,3,3
density_10_nback_0_id_30,10,0,HISTORICAL_ACUTE_8S_POST_TOR,7.950000047683716,False,0,0,1,2,2,2,2,2,2,1,1
density_10_nback_0_id_30,10,0,HISTORICAL_FULL_RECORD_POST_TOR_INVALID,50.450000047683716,True,2,2,5,12,12,12,12,12,12,6,6
density_10_nback_0_id_30,10,0,POST_BUTTON_MANUAL,18.549999952316284,False,0,0,0,5,5,5,5,5,5,2,2
density_10_nback_0_id_30,10,0,POST_TOR_MANUAL,20.34999990463257,False,0,0,1,5,5,5,5,5,5,2,2
density_10_nback_0_id_32,10,0,HISTORICAL_ACUTE_8S_POST_TOR,7.949999809265137,False,0,0,1,5,5,2,2,2,2,2,2
density_10_nback_0_id_32,10,0,HISTORICAL_FULL_RECORD_POST_TOR_INVALID,41.5,True,7,5,10,12,12,10,10,10,10,8,8
density_10_nback_0_id_32,10,0,POST_BUTTON_MANUAL,10.200000047683716,False,0,0,0,6,6,4,4,4,4,4,4
density_10_nback_0_id_32,10,0,POST_TOR_MANUAL,11.349999904632568,False,0,0,1,6,6,4,4,4,4,4,4
density_10_nback_0_id_33,10,0,HISTORICAL_ACUTE_8S_POST_TOR,7.949999809265137,False,0,0,1,2,2,2,2,0,0,0,0
density_10_nback_0_id_33,10,0,HISTORICAL_FULL_RECORD_POST_TOR_INVALID,69.89999985694885,True,10,9,12,32,42,28,36,18,28,8,14
density_10_nback_0_id_33,10,0,POST_BUTTON_MANUAL,38.799999952316284,False,2,2,2,14,16,9,9,4,6,1,1
density_10_nback_0_id_33,10,0,POST_TOR_MANUAL,39.799999952316284,False,2,2,3,14,16,9,9,4,6,1,1
density_10_nback_0_id_34,10,0,HISTORICAL_ACUTE_8S_POST_TOR,7.950000047683716,False,1,1,3,2,4,2,2,2,2,2,2
density_10_nback_0_id_34,10,0,HISTORICAL_FULL_RECORD_POST_TOR_INVALID,45.39999985694885,True,6,5,11,14,16,14,14,12,12,8,8
density_10_nback_0_id_34,10,0,POST_BUTTON_MANUAL,13.049999952316284,False,1,1,2,6,8,5,5,4,4,4,4
density_10_nback_0_id_34,10,0,POST_TOR_MANUAL,15.299999952316284,False,1,1,3,6,8,5,5,4,4,4,4
density_10_nback_0_id_35,10,0,HISTORICAL_ACUTE_8S_POST_TOR,7.949999809265137,False,0,0,1,2,2,2,2,2,2,1,1
density_10_nback_0_id_35,10,0,HISTORICAL_FULL_RECORD_POST_TOR_INVALID,44.64999985694885,True,3,2,6,8,8,6,6,6,6,6,6
density_10_nback_0_id_35,10,0,POST_BUTTON_MANUAL,12.5,False,0,0,0,5,5,4,4,4,4,4,4
density_10_nback_0_id_35,10,0,POST_TOR_MANUAL,14.5,False,0,0,1,5,5,4,4,4,4,4,4
density_10_nback_0_id_37,10,0,HISTORICAL_ACUTE_8S_POST_TOR,7.950000047683716,False,0,0,0,2,2,1,1,1,1,0,0
density_10_nback_0_id_37,10,0,HISTORICAL_FULL_RECORD_POST_TOR_INVALID,49.950000047683716,True,4,3,7,10,10,8,8,8,8,7,6
density_10_nback_0_id_37,10,0,POST_BUTTON_MANUAL,19.700000047683716,False,0,0,0,5,5,3,3,3,3,1,1
density_10_nback_0_id_37,10,0,POST_TOR_MANUAL,19.800000190734863,False,0,0,0,5,5,3,3,3,3,2,1
density_10_nback_0_id_38,10,0,HISTORICAL_ACUTE_8S_POST_TOR,7.950000047683716,False,1,1,1,6,8,1,1,1,1,0,0
density_10_nback_0_id_38,10,0,HISTORICAL_FULL_RECORD_POST_TOR_INVALID,75.10000014305115,True,8,6,10,48,50,42,42,37,37,22,22
density_10_nback_0_id_38,10,0,POST_BUTTON_MANUAL,44.59999990463257,False,3,2,3,31,33,27,27,22,22,10,10
density_10_nback_0_id_38,10,0,POST_TOR_MANUAL,44.90000009536743,False,3,2,3,31,33,25,25,22,22,9,9
density_10_nback_0_id_39,10,0,HISTORICAL_ACUTE_8S_POST_TOR,7.949999809265137,False,1,1,2,2,2,1,1,1,1,0,0
density_10_nback_0_id_39,10,0,HISTORICAL_FULL_RECORD_POST_TOR_INVALID,52.0,True,3,3,5,20,22,15,17,13,13,12,12
density_10_nback_0_id_39,10,0,POST_BUTTON_MANUAL,20.450000047683716,False,2,2,2,11,14,8,10,8,8,7,7
density_10_nback_0_id_39,10,0,POST_TOR_MANUAL,21.84999990463257,False,2,2,3,11,14,8,10,8,8,7,7
density_10_nback_0_id_4,10,0,HISTORICAL_ACUTE_8S_POST_TOR,7.950000047683716,False,1,0,1,2,2,2,2,2,2,2,2
density_10_nback_0_id_4,10,0,HISTORICAL_FULL_RECORD_POST_TOR_INVALID,40.09999990463257,True,2,1,3,14,14,8,8,8,8,8,8
density_10_nback_0_id_4,10,0,POST_BUTTON_MANUAL,7.650000095367432,False,0,0,0,3,3,3,3,3,3,3,3
density_10_nback_0_id_4,10,0,POST_TOR_MANUAL,9.950000047683716,False,1,0,1,3,3,3,3,3,3,3,3
density_10_nback_0_id_40,10,0,HISTORICAL_ACUTE_8S_POST_TOR,7.950000047683716,False,1,0,3,2,2,2,2,2,2,2,2
density_10_nback_0_id_40,10,0,HISTORICAL_FULL_RECORD_POST_TOR_INVALID,43.35000014305115,True,2,1,6,10,10,8,8,8,8,6,6
density_10_nback_0_id_40,10,0,POST_BUTTON_MANUAL,11.75,False,0,0,3,4,4,4,4,4,4,4,4
density_10_nback_0_id_40,10,0,POST_TOR_MANUAL,13.200000047683716,False,1,0,3,4,4,4,4,4,4,4,4
density_10_nback_0_id_41,10,0,HISTORICAL_ACUTE_8S_POST_TOR,7.949999809265137,False,2,1,3,1,1,1,1,0,0,0,0
density_10_nback_0_id_41,10,0,HISTORICAL_FULL_RECORD_POST_TOR_INVALID,57.25,True,5,4,7,14,14,12,12,12,12,10,10
density_10_nback_0_id_41,10,0,POST_BUTTON_MANUAL,25.40000009536743,False,3,1,4,9,9,7,7,7,7,5,5
density_10_nback_0_id_41,10,0,POST_TOR_MANUAL,27.09999990463257,False,3,1,4,9,9,7,7,7,7,5,5
density_10_nback_0_id_42,10,0,HISTORICAL_ACUTE_8S_POST_TOR,7.949999809265137,False,1,1,1,3,3,3,3,3,3,3,3
density_10_nback_0_id_42,10,0,HISTORICAL_FULL_RECORD_POST_TOR_INVALID,47.94999980926514,True,3,3,4,14,14,14,14,12,12,10,10
density_10_nback_0_id_42,10,0,POST_BUTTON_MANUAL,15.75,False,1,1,1,9,9,9,9,9,9,9,9
density_10_nback_0_id_42,10,0,POST_TOR_MANUAL,17.84999990463257,False,1,1,1,9,9,9,9,9,9,9,9
density_10_nback_0_id_43,10,0,HISTORICAL_ACUTE_8S_POST_TOR,7.949999809265137,False,3,2,4,2,2,2,2,2,2,0,0
density_10_nback_0_id_43,10,0,HISTORICAL_FULL_RECORD_POST_TOR_INVALID,52.25,True,5,4,7,14,14,14,14,14,14,4,4
density_10_nback_0_id_43,10,0,POST_BUTTON_MANUAL,20.5,False,3,2,3,10,10,9,9,9,9,3,3
density_10_nback_0_id_43,10,0,POST_TOR_MANUAL,22.09999990463257,False,3,2,4,10,10,9,9,9,9,3,3
density_10_nback_0_id_44,10,0,HISTORICAL_ACUTE_8S_POST_TOR,7.950000047683716,False,1,1,2,3,3,2,2,2,2,2,2
density_10_nback_0_id_44,10,0,HISTORICAL_FULL_RECORD_POST_TOR_INVALID,49.700000047683716,True,4,3,7,11,11,10,10,10,10,8,8
density_10_nback_0_id_44,10,0,POST_BUTTON_MANUAL,18.450000047683716,False,1,1,2,6,6,5,5,5,5,5,5
density_10_nback_0_id_44,10,0,POST_TOR_MANUAL,19.549999952316284,False,1,1,2,6,6,5,5,5,5,5,5
density_10_nback_0_id_45,10,0,HISTORICAL_ACUTE_8S_POST_TOR,7.950000047683716,False,2,1,2,6,6,4,4,2,2,0,0
density_10_nback_0_id_45,10,0,HISTORICAL_FULL_RECORD_POST_TOR_INVALID,58.700000047683716,True,6,3,8,18,18,14,14,12,12,5,5
density_10_nback_0_id_45,10,0,POST_BUTTON_MANUAL,28.049999952316284,False,2,1,2,12,12,9,9,7,7,0,0
density_10_nback_0_id_45,10,0,POST_TOR_MANUAL,28.649999856948853,False,2,1,2,12,12,9,9,7,7,0,0
density_10_nback_0_id_46,10,0,HISTORICAL_ACUTE_8S_POST_TOR,7.949999809265137,False,1,1,2,2,2,2,2,2,2,1,1
density_10_nback_0_id_46,10,0,HISTORICAL_FULL_RECORD_POST_TOR_INVALID,40.0,True,4,3,5,16,16,12,12,10,10,8,8
density_10_nback_0_id_46,10,0,POST_BUTTON_MANUAL,8.599999904632568,False,1,1,1,2,2,2,2,2,2,2,2
density_10_nback_0_id_46,10,0,POST_TOR_MANUAL,9.849999904632568,False,1,1,2,2,2,2,2,2,2,2,2
density_10_nback_0_id_47,10,0,HISTORICAL_ACUTE_8S_POST_TOR,7.950000047683716,False,1,0,2,4,4,2,2,2,2,1,1
density_10_nback_0_id_47,10,0,HISTORICAL_FULL_RECORD_POST_TOR_INVALID,50.09999990463257,True,5,3,7,22,26,16,20,16,18,16,18
density_10_nback_0_id_47,10,0,POST_BUTTON_MANUAL,19.049999952316284,False,1,0,2,7,7,5,5,5,5,5,5
density_10_nback_0_id_47,10,0,POST_TOR_MANUAL,20.0,False,1,0,2,7,7,5,5,5,5,5,5
density_10_nback_0_id_48,10,0,HISTORICAL_ACUTE_8S_POST_TOR,7.949999809265137,False,0,0,0,4,4,2,4,2,2,2,2
density_10_nback_0_id_48,10,0,HISTORICAL_FULL_RECORD_POST_TOR_INVALID,52.0,True,3,2,4,16,28,14,28,12,24,8,20
density_10_nback_0_id_48,10,0,POST_BUTTON_MANUAL,21.200000047683716,False,0,0,0,9,9,7,9,5,5,3,3
density_10_nback_0_id_48,10,0,POST_TOR_MANUAL,21.84999990463257,False,0,0,0,9,9,7,9,5,5,3,3
density_10_nback_0_id_49,10,0,HISTORICAL_ACUTE_8S_POST_TOR,7.950000047683716,False,1,0,1,1,1,1,1,1,1,1,1
density_10_nback_0_id_49,10,0,HISTORICAL_FULL_RECORD_POST_TOR_INVALID,67.20000004768372,True,6,4,6,26,26,24,24,22,22,18,18
density_10_nback_0_id_49,10,0,POST_BUTTON_MANUAL,33.950000047683716,False,2,2,2,22,22,18,18,16,16,12,12
density_10_nback_0_id_49,10,0,POST_TOR_MANUAL,37.05000019073486,False,3,2,3,20,20,18,18,16,16,12,12
density_10_nback_0_id_5,10,0,HISTORICAL_ACUTE_8S_POST_TOR,7.949999809265137,False,1,0,1,3,3,3,3,3,3,1,1
density_10_nback_0_id_5,10,0,HISTORICAL_FULL_RECORD_POST_TOR_INVALID,51.64999985694885,True,4,2,5,20,20,20,20,18,18,12,12
density_10_nback_0_id_5,10,0,POST_BUTTON_MANUAL,19.350000143051147,False,0,0,0,13,13,13,13,11,11,5,5
density_10_nback_0_id_5,10,0,POST_TOR_MANUAL,21.549999952316284,False,1,0,1,13,13,13,13,11,11,5,5
density_10_nback_0_id_50,10,0,HISTORICAL_ACUTE_8S_POST_TOR,7.949999809265137,False,1,1,1,2,2,2,2,2,2,2,2
density_10_nback_0_id_50,10,0,HISTORICAL_FULL_RECORD_POST_TOR_INVALID,48.09999990463257,True,2,2,3,14,18,14,16,12,16,8,12
density_10_nback_0_id_50,10,0,POST_BUTTON_MANUAL,16.5,False,1,1,1,5,5,5,5,4,4,4,4
density_10_nback_0_id_50,10,0,POST_TOR_MANUAL,17.949999809265137,False,1,1,1,5,5,5,5,4,4,4,4
density_10_nback_0_id_51,10,0,HISTORICAL_ACUTE_8S_POST_TOR,7.949999809265137,False,1,1,2,4,4,1,1,1,1,0,0
density_10_nback_0_id_51,10,0,HISTORICAL_FULL_RECORD_POST_TOR_INVALID,47.0,True,5,4,7,26,26,19,21,14,14,3,3
density_10_nback_0_id_51,10,0,POST_BUTTON_MANUAL,15.5,False,1,1,1,10,10,5,7,5,5,0,0
density_10_nback_0_id_51,10,0,POST_TOR_MANUAL,16.899999856948853,False,1,1,2,10,10,5,7,5,5,0,0
density_10_nback_0_id_52,10,0,HISTORICAL_ACUTE_8S_POST_TOR,7.949999809265137,False,2,1,4,3,3,3,3,3,3,1,1
density_10_nback_0_id_52,10,0,HISTORICAL_FULL_RECORD_POST_TOR_INVALID,58.049999952316284,True,5,2,7,18,18,12,12,12,12,11,11
density_10_nback_0_id_52,10,0,POST_BUTTON_MANUAL,26.649999856948853,False,4,1,4,11,11,8,8,8,8,7,7
density_10_nback_0_id_52,10,0,POST_TOR_MANUAL,27.899999856948853,False,4,1,5,11,11,8,8,8,8,7,7
density_10_nback_0_id_53,10,0,HISTORICAL_ACUTE_8S_POST_TOR,7.949999809265137,False,0,0,1,3,3,2,2,2,2,2,2
density_10_nback_0_id_53,10,0,HISTORICAL_FULL_RECORD_POST_TOR_INVALID,44.44999980926514,True,3,2,5,12,12,10,10,10,10,10,10
density_10_nback_0_id_53,10,0,POST_BUTTON_MANUAL,12.900000095367432,False,0,0,0,5,5,5,5,5,5,5,5
density_10_nback_0_id_53,10,0,POST_TOR_MANUAL,14.299999952316284,False,0,0,1,5,5,5,5,5,5,5,5
density_10_nback_0_id_54,10,0,HISTORICAL_ACUTE_8S_POST_TOR,7.950000047683716,False,0,0,1,4,4,4,4,2,2,2,2
density_10_nback_0_id_54,10,0,HISTORICAL_FULL_RECORD_POST_TOR_INVALID,43.90000009536743,True,3,2,6,14,16,10,10,6,6,6,6
density_10_nback_0_id_54,10,0,POST_BUTTON_MANUAL,12.75,False,0,0,0,9,11,7,7,5,5,5,5
density_10_nback_0_id_54,10,0,POST_TOR_MANUAL,13.700000047683716,False,0,0,1,9,11,7,7,5,5,5,5
density_10_nback_0_id_55,10,0,HISTORICAL_ACUTE_8S_POST_TOR,7.950000047683716,False,1,0,1,3,3,3,3,3,3,1,1
density_10_nback_0_id_55,10,0,HISTORICAL_FULL_RECORD_POST_TOR_INVALID,46.65000009536743,True,4,2,5,12,18,12,18,12,18,8,14
density_10_nback_0_id_55,10,0,POST_BUTTON_MANUAL,14.150000095367432,False,0,0,0,5,5,5,5,5,5,3,3
density_10_nback_0_id_55,10,0,POST_TOR_MANUAL,16.5,False,1,0,1,5,5,5,5,5,5,3,3
density_10_nback_0_id_56,10,0,HISTORICAL_ACUTE_8S_POST_TOR,7.950000047683716,False,0,0,0,2,2,2,2,2,2,1,1
density_10_nback_0_id_56,10,0,HISTORICAL_FULL_RECORD_POST_TOR_INVALID,48.15000009536743,True,3,2,4,14,14,14,14,12,14,11,11
density_10_nback_0_id_56,10,0,POST_BUTTON_MANUAL,17.09999990463257,False,0,0,0,8,8,8,8,6,8,5,5
density_10_nback_0_id_56,10,0,POST_TOR_MANUAL,18.049999952316284,False,0,0,0,8,8,8,8,6,8,5,5
density_10_nback_0_id_57,10,0,HISTORICAL_ACUTE_8S_POST_TOR,7.950000047683716,False,0,0,1,5,5,3,3,2,2,2,2
density_10_nback_0_id_57,10,0,HISTORICAL_FULL_RECORD_POST_TOR_INVALID,44.0,True,2,2,5,14,14,12,12,12,12,10,10
density_10_nback_0_id_57,10,0,POST_BUTTON_MANUAL,12.149999856948853,False,0,0,0,7,7,5,5,5,5,5,5
density_10_nback_0_id_57,10,0,POST_TOR_MANUAL,13.849999904632568,False,0,0,1,7,7,5,5,5,5,5,5
density_10_nback_0_id_6,10,0,HISTORICAL_ACUTE_8S_POST_TOR,7.950000047683716,False,2,2,3,4,4,4,4,3,3,3,3
density_10_nback_0_id_6,10,0,HISTORICAL_FULL_RECORD_POST_TOR_INVALID,44.89999985694885,True,8,5,10,28,46,28,44,24,40,18,34
density_10_nback_0_id_6,10,0,POST_BUTTON_MANUAL,12.75,False,2,2,2,6,6,6,6,6,6,4,4
density_10_nback_0_id_6,10,0,POST_TOR_MANUAL,14.700000047683716,False,2,2,3,6,6,6,6,6,6,4,4
density_10_nback_0_id_7,10,0,HISTORICAL_ACUTE_8S_POST_TOR,7.949999809265137,False,0,0,1,2,2,1,1,1,1,1,1
density_10_nback_0_id_7,10,0,HISTORICAL_FULL_RECORD_POST_TOR_INVALID,45.94999980926514,True,3,1,5,13,23,12,22,12,22,10,20
density_10_nback_0_id_7,10,0,POST_BUTTON_MANUAL,14.25,False,0,0,0,6,6,5,5,5,5,3,3
density_10_nback_0_id_7,10,0,POST_TOR_MANUAL,15.849999904632568,False,0,0,1,6,6,5,5,5,5,3,3
density_10_nback_0_id_8,10,0,HISTORICAL_ACUTE_8S_POST_TOR,7.950000047683716,False,0,0,1,2,2,2,2,2,2,2,2
density_10_nback_0_id_8,10,0,HISTORICAL_FULL_RECORD_POST_TOR_INVALID,45.75,True,3,2,6,12,12,12,12,12,12,10,10
density_10_nback_0_id_8,10,0,POST_BUTTON_MANUAL,14.200000047683716,False,0,0,0,5,6,5,5,5,5,4,4
density_10_nback_0_id_8,10,0,POST_TOR_MANUAL,15.599999904632568,False,0,0,1,5,6,5,5,5,5,4,4
density_10_nback_0_id_9,10,0,HISTORICAL_ACUTE_8S_POST_TOR,7.950000047683716,False,1,1,3,0,0,0,0,0,0,0,0
density_10_nback_0_id_9,10,0,HISTORICAL_FULL_RECORD_POST_TOR_INVALID,51.89999985694885,True,2,1,5,16,16,16,16,16,16,16,16
density_10_nback_0_id_9,10,0,POST_BUTTON_MANUAL,20.34999990463257,False,1,1,2,10,10,10,10,10,10,9,9
density_10_nback_0_id_9,10,0,POST_TOR_MANUAL,21.84999990463257,False,1,1,3,10,10,10,10,10,10,9,9
density_10_nback_1_id_1,10,1,HISTORICAL_ACUTE_8S_POST_TOR,7.950000047683716,False,3,2,3,3,3,3,3,3,3,3,3
density_10_nback_1_id_1,10,1,HISTORICAL_FULL_RECORD_POST_TOR_INVALID,52.65000009536743,True,3,2,3,20,20,13,13,11,11,9,9
density_10_nback_1_id_1,10,1,POST_BUTTON_MANUAL,21.0,False,2,2,2,12,12,9,9,7,7,5,5
density_10_nback_1_id_1,10,1,POST_TOR_MANUAL,22.5,False,3,2,3,12,12,9,9,7,7,5,5
density_10_nback_1_id_10,10,1,HISTORICAL_ACUTE_8S_POST_TOR,7.950000047683716,False,2,1,2,2,2,2,2,1,1,1,1
density_10_nback_1_id_10,10,1,HISTORICAL_FULL_RECORD_POST_TOR_INVALID,46.55000019073486,True,2,1,2,17,17,11,11,9,9,9,9
density_10_nback_1_id_10,10,1,POST_BUTTON_MANUAL,15.0,False,1,1,2,7,7,5,5,2,2,2,2
density_10_nback_1_id_10,10,1,POST_TOR_MANUAL,16.40000009536743,False,2,1,2,7,7,5,5,2,2,2,2
density_10_nback_1_id_11,10,1,HISTORICAL_ACUTE_8S_POST_TOR,7.950000047683716,False,3,2,3,2,2,1,1,1,1,1,1
density_10_nback_1_id_11,10,1,HISTORICAL_FULL_RECORD_POST_TOR_INVALID,46.25,True,5,3,5,14,14,7,7,7,7,6,7
density_10_nback_1_id_11,10,1,POST_BUTTON_MANUAL,14.650000095367432,False,2,1,2,9,9,3,3,3,3,3,3
density_10_nback_1_id_11,10,1,POST_TOR_MANUAL,16.100000143051147,False,3,2,3,9,9,3,3,3,3,3,3
density_10_nback_1_id_12,10,1,HISTORICAL_ACUTE_8S_POST_TOR,7.950000047683716,False,3,2,5,5,5,4,4,2,4,1,1
density_10_nback_1_id_12,10,1,HISTORICAL_FULL_RECORD_POST_TOR_INVALID,54.0,True,4,3,6,22,22,21,21,19,21,10,10
density_10_nback_1_id_12,10,1,POST_BUTTON_MANUAL,22.799999952316284,False,3,2,5,17,17,16,15,13,15,8,8
density_10_nback_1_id_12,10,1,POST_TOR_MANUAL,23.90000009536743,False,3,2,5,17,17,16,15,13,15,8,8
density_10_nback_1_id_13,10,1,HISTORICAL_ACUTE_8S_POST_TOR,7.950000047683716,False,3,2,3,1,3,1,3,1,1,1,1
density_10_nback_1_id_13,10,1,HISTORICAL_FULL_RECORD_POST_TOR_INVALID,46.65000009536743,True,3,2,3,11,13,11,13,11,11,11,11
density_10_nback_1_id_13,10,1,POST_BUTTON_MANUAL,13.600000143051147,False,1,1,1,7,9,6,8,6,6,6,6
density_10_nback_1_id_13,10,1,POST_TOR_MANUAL,16.550000190734863,False,3,2,3,7,9,6,8,6,6,6,6
density_10_nback_1_id_14,10,1,HISTORICAL_ACUTE_8S_POST_TOR,7.950000047683716,False,2,1,2,2,2,2,2,2,2,2,2
density_10_nback_1_id_14,10,1,HISTORICAL_FULL_RECORD_POST_TOR_INVALID,38.90000009536743,True,2,1,2,11,11,9,9,9,9,9,9
density_10_nback_1_id_14,10,1,POST_BUTTON_MANUAL,6.75,False,1,1,1,2,2,2,2,2,2,2,2
density_10_nback_1_id_14,10,1,POST_TOR_MANUAL,8.700000047683716,False,2,1,2,2,2,2,2,2,2,2,2
density_10_nback_1_id_15,10,1,HISTORICAL_ACUTE_8S_POST_TOR,7.950000047683716,False,2,2,3,0,0,0,0,0,0,0,0
density_10_nback_1_id_15,10,1,HISTORICAL_FULL_RECORD_POST_TOR_INVALID,47.950000047683716,True,2,2,3,9,11,9,9,9,9,5,7
density_10_nback_1_id_15,10,1,POST_BUTTON_MANUAL,15.849999904632568,False,2,2,2,4,4,4,4,4,4,2,4
density_10_nback_1_id_15,10,1,POST_TOR_MANUAL,17.75,False,2,2,3,4,4,4,4,4,4,2,4
density_10_nback_1_id_16,10,1,HISTORICAL_ACUTE_8S_POST_TOR,7.950000047683716,False,2,1,4,2,2,2,2,2,2,2,2
density_10_nback_1_id_16,10,1,HISTORICAL_FULL_RECORD_POST_TOR_INVALID,56.200000047683716,True,3,1,5,20,20,16,16,14,14,12,12
density_10_nback_1_id_16,10,1,POST_BUTTON_MANUAL,23.899999856948853,False,1,1,3,19,19,14,14,13,13,11,11
density_10_nback_1_id_16,10,1,POST_TOR_MANUAL,26.049999952316284,False,2,1,4,19,19,14,14,13,13,11,11
density_10_nback_1_id_17,10,1,HISTORICAL_ACUTE_8S_POST_TOR,7.949999809265137,False,2,1,4,2,2,2,2,1,1,1,1
density_10_nback_1_id_17,10,1,HISTORICAL_FULL_RECORD_POST_TOR_INVALID,44.89999985694885,True,5,2,7,11,11,11,11,7,7,3,3
density_10_nback_1_id_17,10,1,POST_BUTTON_MANUAL,13.5,False,2,1,3,6,6,6,6,2,2,2,2
density_10_nback_1_id_17,10,1,POST_TOR_MANUAL,14.799999952316284,False,2,1,4,6,6,6,6,2,2,2,2
density_10_nback_1_id_18,10,1,HISTORICAL_ACUTE_8S_POST_TOR,7.949999809265137,False,3,1,3,3,3,2,2,1,1,1,1
density_10_nback_1_id_18,10,1,HISTORICAL_FULL_RECORD_POST_TOR_INVALID,51.25,True,3,1,4,22,24,19,19,18,18,11,11
density_10_nback_1_id_18,10,1,POST_BUTTON_MANUAL,19.59999990463257,False,2,1,2,15,17,14,14,12,12,10,10
density_10_nback_1_id_18,10,1,POST_TOR_MANUAL,21.149999856948853,False,3,1,3,15,17,14,14,12,12,10,10
density_10_nback_1_id_19,10,1,HISTORICAL_ACUTE_8S_POST_TOR,7.950000047683716,False,3,2,3,1,1,1,1,1,1,1,1
density_10_nback_1_id_19,10,1,HISTORICAL_FULL_RECORD_POST_TOR_INVALID,50.799999952316284,True,3,2,3,14,16,12,12,12,12,8,8
density_10_nback_1_id_19,10,1,POST_BUTTON_MANUAL,18.90000009536743,False,2,2,2,9,11,7,7,7,7,2,2
density_10_nback_1_id_19,10,1,POST_TOR_MANUAL,20.600000143051147,False,3,2,3,9,11,7,7,7,7,2,2
density_10_nback_1_id_2,10,1,HISTORICAL_ACUTE_8S_POST_TOR,7.950000047683716,False,3,1,3,4,4,4,4,4,4,2,2
density_10_nback_1_id_2,10,1,HISTORICAL_FULL_RECORD_POST_TOR_INVALID,43.65000009536743,True,3,1,3,13,13,13,13,13,13,8,8
density_10_nback_1_id_2,10,1,POST_BUTTON_MANUAL,11.599999904632568,False,2,1,2,7,7,7,7,7,7,4,4
density_10_nback_1_id_2,10,1,POST_TOR_MANUAL,13.5,False,3,1,3,7,7,7,7,7,7,4,4
density_10_nback_1_id_20,10,1,HISTORICAL_ACUTE_8S_POST_TOR,7.950000047683716,False,2,1,2,5,5,3,3,3,3,1,2
density_10_nback_1_id_20,10,1,HISTORICAL_FULL_RECORD_POST_TOR_INVALID,57.15000009536743,True,3,2,3,20,20,12,12,12,12,6,6
density_10_nback_1_id_20,10,1,POST_BUTTON_MANUAL,24.649999856948853,False,1,1,1,13,13,8,8,7,7,3,3
density_10_nback_1_id_20,10,1,POST_TOR_MANUAL,27.0,False,2,1,2,13,13,8,8,7,7,3,3
density_10_nback_1_id_21,10,1,HISTORICAL_ACUTE_8S_POST_TOR,7.950000047683716,False,2,1,2,3,5,3,3,1,1,1,1
density_10_nback_1_id_21,10,1,HISTORICAL_FULL_RECORD_POST_TOR_INVALID,49.5,True,2,1,2,16,20,14,16,10,10,4,4
density_10_nback_1_id_21,10,1,POST_BUTTON_MANUAL,16.850000143051147,False,1,0,1,11,15,9,11,7,7,3,3
density_10_nback_1_id_21,10,1,POST_TOR_MANUAL,19.350000143051147,False,2,1,2,11,15,9,11,7,7,3,3
density_10_nback_1_id_22,10,1,HISTORICAL_ACUTE_8S_POST_TOR,7.949999809265137,False,2,1,2,1,1,1,1,1,1,1,1
density_10_nback_1_id_22,10,1,HISTORICAL_FULL_RECORD_POST_TOR_INVALID,41.94999980926514,True,2,1,2,9,9,5,7,5,5,5,5
density_10_nback_1_id_22,10,1,POST_BUTTON_MANUAL,9.799999952316284,False,1,1,1,2,2,2,2,2,2,2,2
density_10_nback_1_id_22,10,1,POST_TOR_MANUAL,11.799999952316284,False,2,1,2,2,2,2,2,2,2,2,2
density_10_nback_1_id_23,10,1,HISTORICAL_ACUTE_8S_POST_TOR,7.950000047683716,False,3,2,3,1,1,1,1,1,1,1,1
density_10_nback_1_id_23,10,1,HISTORICAL_FULL_RECORD_POST_TOR_INVALID,44.75,True,3,2,3,7,7,3,3,3,3,3,3
density_10_nback_1_id_23,10,1,POST_BUTTON_MANUAL,12.849999904632568,False,2,2,2,3,3,3,3,2,2,2,2
density_10_nback_1_id_23,10,1,POST_TOR_MANUAL,14.549999952316284,False,3,2,3,3,3,3,3,2,2,2,2
density_10_nback_1_id_24,10,1,HISTORICAL_ACUTE_8S_POST_TOR,7.950000047683716,False,2,2,3,3,5,2,2,2,2,2,2
density_10_nback_1_id_24,10,1,HISTORICAL_FULL_RECORD_POST_TOR_INVALID,48.5,True,3,3,4,21,23,14,14,14,14,10,10
density_10_nback_1_id_24,10,1,POST_BUTTON_MANUAL,16.59999990463257,False,2,2,2,14,16,10,10,10,10,7,7
density_10_nback_1_id_24,10,1,POST_TOR_MANUAL,18.399999856948853,False,2,2,3,14,16,10,10,10,10,7,7
density_10_nback_1_id_25,10,1,HISTORICAL_ACUTE_8S_POST_TOR,7.950000047683716,False,3,2,3,2,2,2,2,1,1,1,1
density_10_nback_1_id_25,10,1,HISTORICAL_FULL_RECORD_POST_TOR_INVALID,46.200000047683716,True,3,2,3,12,12,8,8,7,7,3,3
density_10_nback_1_id_25,10,1,POST_BUTTON_MANUAL,14.400000095367432,False,2,2,2,8,8,6,6,4,4,2,2
density_10_nback_1_id_25,10,1,POST_TOR_MANUAL,16.050000190734863,False,3,2,3,8,8,6,6,4,4,2,2
density_10_nback_1_id_26,10,1,HISTORICAL_ACUTE_8S_POST_TOR,7.950000047683716,False,3,1,3,3,3,1,1,1,1,1,1
density_10_nback_1_id_26,10,1,HISTORICAL_FULL_RECORD_POST_TOR_INVALID,45.30000019073486,True,5,1,5,11,11,7,7,3,3,3,3
density_10_nback_1_id_26,10,1,POST_BUTTON_MANUAL,13.75,False,2,1,2,7,7,4,4,2,2,2,2
density_10_nback_1_id_26,10,1,POST_TOR_MANUAL,15.200000047683716,False,3,1,3,7,7,4,4,2,2,2,2
density_10_nback_1_id_27,10,1,HISTORICAL_ACUTE_8S_POST_TOR,7.950000047683716,False,1,1,2,2,2,2,2,2,2,2,2
density_10_nback_1_id_27,10,1,HISTORICAL_FULL_RECORD_POST_TOR_INVALID,60.200000047683716,True,2,1,3,26,26,22,24,16,16,10,10
density_10_nback_1_id_27,10,1,POST_BUTTON_MANUAL,27.399999856948853,False,1,1,1,20,20,16,18,10,10,5,5
density_10_nback_1_id_27,10,1,POST_TOR_MANUAL,30.0,False,1,1,2,20,20,16,18,10,10,5,5
density_10_nback_1_id_28,10,1,HISTORICAL_ACUTE_8S_POST_TOR,7.950000047683716,False,4,3,5,4,6,4,4,2,2,1,1
density_10_nback_1_id_28,10,1,HISTORICAL_FULL_RECORD_POST_TOR_INVALID,46.0,True,4,3,5,12,16,12,12,8,8,7,7
density_10_nback_1_id_28,10,1,POST_BUTTON_MANUAL,14.5,False,3,2,5,7,11,7,7,5,5,4,4
density_10_nback_1_id_28,10,1,POST_TOR_MANUAL,15.850000143051147,False,4,3,5,7,11,7,7,5,5,4,4
density_10_nback_1_id_29,10,1,HISTORICAL_ACUTE_8S_POST_TOR,7.950000047683716,False,2,1,2,6,6,2,2,2,2,1,1
density_10_nback_1_id_29,10,1,HISTORICAL_FULL_RECORD_POST_TOR_INVALID,46.65000009536743,True,2,1,2,15,15,11,11,11,11,8,8
density_10_nback_1_id_29,10,1,POST_BUTTON_MANUAL,13.599999904632568,False,0,0,0,9,9,5,5,5,5,3,3
density_10_nback_1_id_29,10,1,POST_TOR_MANUAL,16.450000047683716,False,2,1,2,9,9,5,5,5,5,3,3
density_10_nback_1_id_3,10,1,HISTORICAL_ACUTE_8S_POST_TOR,7.950000047683716,False,2,1,2,2,2,2,2,2,2,1,1
density_10_nback_1_id_3,10,1,HISTORICAL_FULL_RECORD_POST_TOR_INVALID,42.65000009536743,True,2,1,2,9,9,7,7,7,7,7,7
density_10_nback_1_id_3,10,1,POST_BUTTON_MANUAL,9.649999856948853,False,0,0,0,2,2,2,2,2,2,2,2
density_10_nback_1_id_3,10,1,POST_TOR_MANUAL,12.5,False,2,1,2,2,2,2,2,2,2,2,2
density_10_nback_1_id_30,10,1,HISTORICAL_ACUTE_8S_POST_TOR,7.949999809265137,False,3,2,4,1,1,1,1,1,1,1,1
density_10_nback_1_id_30,10,1,HISTORICAL_FULL_RECORD_POST_TOR_INVALID,49.39999985694885,True,4,3,5,12,12,8,8,8,8,8,8
density_10_nback_1_id_30,10,1,POST_BUTTON_MANUAL,17.40000009536743,False,2,2,3,4,4,4,4,4,4,4,4
density_10_nback_1_id_30,10,1,POST_TOR_MANUAL,19.34999990463257,False,3,2,4,4,4,4,4,4,4,4,4
density_10_nback_1_id_31,10,1,HISTORICAL_ACUTE_8S_POST_TOR,7.950000047683716,False,3,1,3,1,1,1,1,1,1,1,1
density_10_nback_1_id_31,10,1,HISTORICAL_FULL_RECORD_POST_TOR_INVALID,52.65000009536743,True,3,1,3,16,18,10,10,10,10,10,10
density_10_nback_1_id_31,10,1,POST_BUTTON_MANUAL,20.84999990463257,False,2,1,2,9,10,5,5,5,5,4,4
density_10_nback_1_id_31,10,1,POST_TOR_MANUAL,22.5,False,3,1,3,9,10,5,5,5,5,4,4
density_10_nback_1_id_32,10,1,HISTORICAL_ACUTE_8S_POST_TOR,7.950000047683716,False,3,2,3,1,1,1,1,1,1,1,1
density_10_nback_1_id_32,10,1,HISTORICAL_FULL_RECORD_POST_TOR_INVALID,43.25,True,5,3,5,9,9,9,9,9,9,7,7
density_10_nback_1_id_32,10,1,POST_BUTTON_MANUAL,11.599999904632568,False,2,2,2,4,4,4,4,4,4,2,2
density_10_nback_1_id_32,10,1,POST_TOR_MANUAL,13.150000095367432,False,3,2,3,4,4,4,4,4,4,2,2
density_10_nback_1_id_33,10,1,HISTORICAL_ACUTE_8S_POST_TOR,7.950000047683716,False,3,2,3,1,1,1,1,1,1,0,0
density_10_nback_1_id_33,10,1,HISTORICAL_FULL_RECORD_POST_TOR_INVALID,49.75,True,6,4,7,12,12,8,8,8,8,0,0
density_10_nback_1_id_33,10,1,POST_BUTTON_MANUAL,17.850000143051147,False,2,2,2,6,6,3,3,3,3,0,0
density_10_nback_1_id_33,10,1,POST_TOR_MANUAL,19.600000143051147,False,3,2,3,6,6,3,3,3,3,0,0
density_10_nback_1_id_34,10,1,HISTORICAL_ACUTE_8S_POST_TOR,7.949999809265137,False,3,2,3,2,2,2,2,2,2,2,2
density_10_nback_1_id_34,10,1,HISTORICAL_FULL_RECORD_POST_TOR_INVALID,48.44999980926514,True,4,2,4,12,12,10,10,10,10,8,7
density_10_nback_1_id_34,10,1,POST_BUTTON_MANUAL,16.75,False,2,2,2,5,5,5,5,5,5,2,2
density_10_nback_1_id_34,10,1,POST_TOR_MANUAL,18.34999990463257,False,3,2,3,5,5,5,5,5,5,2,2
density_10_nback_1_id_35,10,1,HISTORICAL_ACUTE_8S_POST_TOR,7.950000047683716,False,3,1,3,1,1,1,1,1,1,1,1
density_10_nback_1_id_35,10,1,HISTORICAL_FULL_RECORD_POST_TOR_INVALID,46.90000009536743,True,3,1,4,9,9,9,9,9,9,8,8
density_10_nback_1_id_35,10,1,POST_BUTTON_MANUAL,14.849999904632568,False,2,1,2,5,5,5,5,5,5,4,4
density_10_nback_1_id_35,10,1,POST_TOR_MANUAL,16.700000047683716,False,3,1,3,5,5,5,5,5,5,4,4
density_10_nback_1_id_36,10,1,HISTORICAL_ACUTE_8S_POST_TOR,7.950000047683716,False,3,2,5,1,1,1,1,1,1,1,1
density_10_nback_1_id_36,10,1,HISTORICAL_FULL_RECORD_POST_TOR_INVALID,49.5,True,4,2,6,10,10,6,6,6,6,6,6
density_10_nback_1_id_36,10,1,POST_BUTTON_MANUAL,17.700000047683716,False,2,2,4,5,5,5,5,5,5,4,4
density_10_nback_1_id_36,10,1,POST_TOR_MANUAL,19.350000143051147,False,3,2,5,5,5,5,5,5,5,4,4
density_10_nback_1_id_37,10,1,HISTORICAL_ACUTE_8S_POST_TOR,7.950000047683716,False,2,1,2,0,0,0,0,0,0,0,0
density_10_nback_1_id_37,10,1,HISTORICAL_FULL_RECORD_POST_TOR_INVALID,51.65000009536743,True,2,1,2,14,14,10,10,10,10,10,10
density_10_nback_1_id_37,10,1,POST_BUTTON_MANUAL,16.949999809265137,False,0,0,0,6,6,5,5,5,5,5,5
density_10_nback_1_id_37,10,1,POST_TOR_MANUAL,21.5,False,2,1,2,6,6,5,5,5,5,5,5
density_10_nback_1_id_38,10,1,HISTORICAL_ACUTE_8S_POST_TOR,7.950000047683716,False,3,2,3,1,1,1,1,1,1,1,1
density_10_nback_1_id_38,10,1,HISTORICAL_FULL_RECORD_POST_TOR_INVALID,48.0,True,3,2,3,11,11,9,9,9,9,6,6
density_10_nback_1_id_38,10,1,POST_BUTTON_MANUAL,16.299999952316284,False,2,1,2,6,6,4,4,4,4,2,2
density_10_nback_1_id_38,10,1,POST_TOR_MANUAL,17.850000143051147,False,3,2,3,6,6,4,4,4,4,2,2
density_10_nback_1_id_39,10,1,HISTORICAL_ACUTE_8S_POST_TOR,7.950000047683716,False,2,2,3,1,1,1,1,1,1,1,1
density_10_nback_1_id_39,10,1,HISTORICAL_FULL_RECORD_POST_TOR_INVALID,50.200000047683716,True,3,3,4,18,18,16,16,14,14,12,12
density_10_nback_1_id_39,10,1,POST_BUTTON_MANUAL,18.200000047683716,False,2,1,2,10,10,10,10,9,9,7,7
density_10_nback_1_id_39,10,1,POST_TOR_MANUAL,20.0,False,2,2,3,10,10,10,10,9,9,7,7
density_10_nback_1_id_4,10,1,HISTORICAL_ACUTE_8S_POST_TOR,7.950000047683716,False,3,2,3,5,5,3,5,3,3,2,2
density_10_nback_1_id_4,10,1,HISTORICAL_FULL_RECORD_POST_TOR_INVALID,41.90000009536743,True,3,2,3,15,15,9,11,9,9,9,9
density_10_nback_1_id_4,10,1,POST_BUTTON_MANUAL,8.050000190734863,False,1,1,1,8,8,4,6,4,4,3,3
density_10_nback_1_id_4,10,1,POST_TOR_MANUAL,11.800000190734863,False,3,2,3,8,8,4,6,4,4,3,3
density_10_nback_1_id_40,10,1,HISTORICAL_ACUTE_8S_POST_TOR,7.950000047683716,False,3,1,4,2,2,2,2,2,2,1,1
density_10_nback_1_id_40,10,1,HISTORICAL_FULL_RECORD_POST_TOR_INVALID,47.05000019073486,True,3,1,4,15,15,9,9,9,9,9,9
density_10_nback_1_id_40,10,1,POST_BUTTON_MANUAL,13.200000047683716,False,1,0,2,7,7,7,7,7,7,7,7
density_10_nback_1_id_40,10,1,POST_TOR_MANUAL,16.90000009536743,False,3,1,4,7,7,7,7,7,7,7,7
density_10_nback_1_id_41,10,1,HISTORICAL_ACUTE_8S_POST_TOR,7.950000047683716,False,1,1,2,1,1,1,1,1,1,1,1
density_10_nback_1_id_41,10,1,HISTORICAL_FULL_RECORD_POST_TOR_INVALID,55.700000047683716,True,1,1,2,16,16,16,16,14,14,8,8
density_10_nback_1_id_41,10,1,POST_BUTTON_MANUAL,24.600000143051147,False,1,1,2,10,10,10,10,9,9,5,5
density_10_nback_1_id_41,10,1,POST_TOR_MANUAL,25.550000190734863,False,1,1,2,10,10,10,10,9,9,5,5
density_10_nback_1_id_42,10,1,HISTORICAL_ACUTE_8S_POST_TOR,7.950000047683716,False,2,2,5,1,1,1,1,1,1,1,1
density_10_nback_1_id_42,10,1,HISTORICAL_FULL_RECORD_POST_TOR_INVALID,49.30000019073486,True,3,3,6,14,14,14,14,10,10,10,10
density_10_nback_1_id_42,10,1,POST_BUTTON_MANUAL,16.90000009536743,False,2,2,4,9,9,9,9,6,6,6,6
density_10_nback_1_id_42,10,1,POST_TOR_MANUAL,19.100000143051147,False,2,2,5,9,9,9,9,6,6,6,6
density_10_nback_1_id_43,10,1,HISTORICAL_ACUTE_8S_POST_TOR,7.950000047683716,False,2,2,4,2,2,1,1,1,1,1,1
density_10_nback_1_id_43,10,1,HISTORICAL_FULL_RECORD_POST_TOR_INVALID,55.10000014305115,True,2,2,4,18,18,14,14,12,12,8,8
density_10_nback_1_id_43,10,1,POST_BUTTON_MANUAL,23.200000047683716,False,2,2,2,13,13,11,11,9,9,7,7
density_10_nback_1_id_43,10,1,POST_TOR_MANUAL,24.950000047683716,False,2,2,4,13,13,11,11,9,9,7,7
density_10_nback_1_id_44,10,1,HISTORICAL_ACUTE_8S_POST_TOR,7.950000047683716,False,2,1,3,3,3,1,1,1,1,1,1
density_10_nback_1_id_44,10,1,HISTORICAL_FULL_RECORD_POST_TOR_INVALID,48.75,True,3,1,4,12,12,6,6,6,6,3,3
density_10_nback_1_id_44,10,1,POST_BUTTON_MANUAL,17.049999952316284,False,1,1,2,5,5,3,3,3,3,2,2
density_10_nback_1_id_44,10,1,POST_TOR_MANUAL,18.600000143051147,False,2,1,3,5,5,3,3,3,3,2,2
density_10_nback_1_id_45,10,1,HISTORICAL_ACUTE_8S_POST_TOR,7.950000047683716,False,2,1,3,3,3,2,2,1,1,1,1
density_10_nback_1_id_45,10,1,HISTORICAL_FULL_RECORD_POST_TOR_INVALID,127.75,True,4,2,9,53,55,31,31,24,24,14,14
density_10_nback_1_id_45,10,1,POST_BUTTON_MANUAL,96.30000019073486,False,3,2,8,49,51,31,31,24,24,14,14
density_10_nback_1_id_45,10,1,POST_TOR_MANUAL,97.60000014305115,False,4,2,8,49,51,31,31,24,24,14,14
density_10_nback_1_id_46,10,1,HISTORICAL_ACUTE_8S_POST_TOR,7.949999809265137,False,2,1,3,1,1,1,1,1,1,0,0
density_10_nback_1_id_46,10,1,HISTORICAL_FULL_RECORD_POST_TOR_INVALID,40.799999952316284,True,2,1,3,11,11,5,5,5,5,2,2
density_10_nback_1_id_46,10,1,POST_BUTTON_MANUAL,9.25,False,1,1,2,2,2,2,2,1,1,0,0
density_10_nback_1_id_46,10,1,POST_TOR_MANUAL,10.699999809265137,False,2,1,3,2,2,2,2,1,1,0,0
density_10_nback_1_id_47,10,1,HISTORICAL_ACUTE_8S_POST_TOR,7.950000047683716,False,1,1,2,4,4,4,4,4,4,1,1
density_10_nback_1_id_47,10,1,HISTORICAL_FULL_RECORD_POST_TOR_INVALID,52.10000014305115,True,1,1,2,20,20,18,18,14,14,9,9
density_10_nback_1_id_47,10,1,POST_BUTTON_MANUAL,19.399999856948853,False,1,1,1,13,13,11,11,9,9,5,5
density_10_nback_1_id_47,10,1,POST_TOR_MANUAL,21.950000047683716,False,1,1,2,13,13,11,11,9,9,5,5
density_10_nback_1_id_48,10,1,HISTORICAL_ACUTE_8S_POST_TOR,7.950000047683716,False,4,4,4,1,1,0,0,0,0,0,0
density_10_nback_1_id_48,10,1,HISTORICAL_FULL_RECORD_POST_TOR_INVALID,74.45000004768372,True,10,9,12,26,34,20,22,20,22,17,18
density_10_nback_1_id_48,10,1,POST_BUTTON_MANUAL,43.25,False,10,9,11,19,25,14,16,14,16,12,13
density_10_nback_1_id_48,10,1,POST_TOR_MANUAL,44.30000019073486,False,10,9,11,19,25,14,16,14,16,12,13
density_10_nback_1_id_49,10,1,HISTORICAL_ACUTE_8S_POST_TOR,7.950000047683716,False,1,1,2,4,4,2,2,2,2,1,2
density_10_nback_1_id_49,10,1,HISTORICAL_FULL_RECORD_POST_TOR_INVALID,62.85000014305115,True,1,1,2,26,26,24,24,24,24,14,14
density_10_nback_1_id_49,10,1,POST_BUTTON_MANUAL,29.799999952316284,False,1,0,1,20,20,18,18,17,17,9,9
density_10_nback_1_id_49,10,1,POST_TOR_MANUAL,32.700000047683716,False,1,1,2,20,20,18,18,17,17,9,9
density_10_nback_1_id_5,10,1,HISTORICAL_ACUTE_8S_POST_TOR,7.950000047683716,False,2,1,5,3,3,3,3,1,1,1,1
density_10_nback_1_id_5,10,1,HISTORICAL_FULL_RECORD_POST_TOR_INVALID,50.35000014305115,True,2,1,5,21,21,17,17,11,15,7,7
density_10_nback_1_id_5,10,1,POST_BUTTON_MANUAL,17.59999990463257,False,0,0,4,15,15,13,13,8,10,5,5
density_10_nback_1_id_5,10,1,POST_TOR_MANUAL,20.25,False,2,1,5,15,15,13,13,8,10,5,5
density_10_nback_1_id_50,10,1,HISTORICAL_ACUTE_8S_POST_TOR,7.950000047683716,False,3,1,3,1,1,1,1,1,1,1,1
density_10_nback_1_id_50,10,1,HISTORICAL_FULL_RECORD_POST_TOR_INVALID,51.450000047683716,True,4,2,4,12,12,12,12,8,10,6,6
density_10_nback_1_id_50,10,1,POST_BUTTON_MANUAL,18.949999809265137,False,2,1,2,5,5,5,5,2,2,2,2
density_10_nback_1_id_50,10,1,POST_TOR_MANUAL,21.299999952316284,False,3,1,3,5,5,5,5,2,2,2,2
density_10_nback_1_id_51,10,1,HISTORICAL_ACUTE_8S_POST_TOR,7.950000047683716,False,4,2,4,4,4,3,3,2,2,0,0
density_10_nback_1_id_51,10,1,HISTORICAL_FULL_RECORD_POST_TOR_INVALID,49.25,True,5,3,5,15,15,14,14,12,12,6,6
density_10_nback_1_id_51,10,1,POST_BUTTON_MANUAL,16.950000047683716,False,3,2,3,8,8,7,7,6,6,2,2
density_10_nback_1_id_51,10,1,POST_TOR_MANUAL,19.100000143051147,False,4,2,4,8,8,7,7,6,6,2,2
density_10_nback_1_id_52,10,1,HISTORICAL_ACUTE_8S_POST_TOR,7.950000047683716,False,2,1,2,5,3,2,3,0,0,0,0
density_10_nback_1_id_52,10,1,HISTORICAL_FULL_RECORD_POST_TOR_INVALID,53.200000047683716,True,2,1,2,17,15,15,15,13,13,10,10
density_10_nback_1_id_52,10,1,POST_BUTTON_MANUAL,20.34999990463257,False,1,1,1,12,10,9,9,7,7,5,5
density_10_nback_1_id_52,10,1,POST_TOR_MANUAL,23.049999952316284,False,2,1,2,12,10,9,9,7,7,5,5
density_10_nback_1_id_53,10,1,HISTORICAL_ACUTE_8S_POST_TOR,7.950000047683716,False,2,1,2,1,1,1,1,1,1,1,1
density_10_nback_1_id_53,10,1,HISTORICAL_FULL_RECORD_POST_TOR_INVALID,49.35000014305115,True,2,1,2,14,14,10,10,10,10,10,10
density_10_nback_1_id_53,10,1,POST_BUTTON_MANUAL,17.600000143051147,False,1,1,1,6,6,5,5,5,5,5,5
density_10_nback_1_id_53,10,1,POST_TOR_MANUAL,19.15000009536743,False,2,1,2,6,6,5,5,5,5,5,5
density_10_nback_1_id_54,10,1,HISTORICAL_ACUTE_8S_POST_TOR,7.950000047683716,False,2,2,2,2,2,1,1,1,1,1,1
density_10_nback_1_id_54,10,1,HISTORICAL_FULL_RECORD_POST_TOR_INVALID,46.65000009536743,True,2,2,2,14,14,11,11,9,9,7,7
density_10_nback_1_id_54,10,1,POST_BUTTON_MANUAL,15.200000047683716,False,1,1,1,10,10,6,6,4,5,4,4
density_10_nback_1_id_54,10,1,POST_TOR_MANUAL,16.550000190734863,False,2,2,2,10,10,6,6,4,5,4,4
density_10_nback_1_id_55,10,1,HISTORICAL_ACUTE_8S_POST_TOR,7.950000047683716,False,3,1,3,1,1,1,1,0,0,0,0
density_10_nback_1_id_55,10,1,HISTORICAL_FULL_RECORD_POST_TOR_INVALID,52.90000009536743,True,3,1,3,10,10,10,10,8,8,4,4
density_10_nback_1_id_55,10,1,POST_BUTTON_MANUAL,20.15000009536743,False,2,1,2,5,5,5,5,4,4,2,2
density_10_nback_1_id_55,10,1,POST_TOR_MANUAL,22.700000047683716,False,3,1,3,5,5,5,5,4,4,2,2
density_10_nback_1_id_56,10,1,HISTORICAL_ACUTE_8S_POST_TOR,7.950000047683716,False,2,1,3,1,1,1,1,1,1,1,1
density_10_nback_1_id_56,10,1,HISTORICAL_FULL_RECORD_POST_TOR_INVALID,48.15000009536743,True,2,1,3,16,16,12,12,10,12,9,9
density_10_nback_1_id_56,10,1,POST_BUTTON_MANUAL,15.349999904632568,False,1,1,2,7,7,7,7,5,7,5,5
density_10_nback_1_id_56,10,1,POST_TOR_MANUAL,18.0,False,2,1,3,7,7,7,7,5,7,5,5
density_10_nback_1_id_57,10,1,HISTORICAL_ACUTE_8S_POST_TOR,7.949999809265137,False,3,3,3,4,4,2,2,1,1,1,1
density_10_nback_1_id_57,10,1,HISTORICAL_FULL_RECORD_POST_TOR_INVALID,52.049999952316284,True,3,3,3,19,19,17,15,15,15,10,10
density_10_nback_1_id_57,10,1,POST_BUTTON_MANUAL,20.549999952316284,False,2,2,2,14,14,11,10,9,9,7,7
density_10_nback_1_id_57,10,1,POST_TOR_MANUAL,21.899999856948853,False,3,3,3,14,14,11,10,9,9,7,7
density_10_nback_1_id_6,10,1,HISTORICAL_ACUTE_8S_POST_TOR,7.950000047683716,False,4,3,4,5,6,4,4,4,4,3,3
density_10_nback_1_id_6,10,1,HISTORICAL_FULL_RECORD_POST_TOR_INVALID,50.950000047683716,True,5,4,5,19,19,12,12,8,12,7,7
density_10_nback_1_id_6,10,1,POST_BUTTON_MANUAL,19.100000143051147,False,4,4,4,13,13,8,8,5,7,4,4
density_10_nback_1_id_6,10,1,POST_TOR_MANUAL,20.800000190734863,False,5,4,5,13,13,8,8,5,7,4,4
density_10_nback_1_id_7,10,1,HISTORICAL_ACUTE_8S_POST_TOR,7.950000047683716,False,2,1,2,1,1,1,1,1,1,1,1
density_10_nback_1_id_7,10,1,HISTORICAL_FULL_RECORD_POST_TOR_INVALID,47.950000047683716,True,2,1,2,7,7,7,7,5,5,5,5
density_10_nback_1_id_7,10,1,POST_BUTTON_MANUAL,15.25,False,0,0,0,7,7,7,7,5,5,5,5
density_10_nback_1_id_7,10,1,POST_TOR_MANUAL,17.800000190734863,False,2,1,2,7,7,7,7,5,5,5,5
density_10_nback_1_id_8,10,1,HISTORICAL_ACUTE_8S_POST_TOR,7.950000047683716,False,1,1,2,2,2,2,2,1,1,1,1
density_10_nback_1_id_8,10,1,HISTORICAL_FULL_RECORD_POST_TOR_INVALID,56.15000009536743,True,4,1,5,19,19,11,11,10,10,8,8
density_10_nback_1_id_8,10,1,POST_BUTTON_MANUAL,24.0,False,1,1,1,12,12,6,6,5,5,3,3
density_10_nback_1_id_8,10,1,POST_TOR_MANUAL,26.0,False,1,1,2,12,12,6,6,5,5,3,3
density_10_nback_1_id_9,10,1,HISTORICAL_ACUTE_8S_POST_TOR,7.949999809265137,False,3,2,3,1,1,1,1,1,1,1,1
density_10_nback_1_id_9,10,1,HISTORICAL_FULL_RECORD_POST_TOR_INVALID,53.0,True,3,2,3,13,13,13,13,11,11,11,11
density_10_nback_1_id_9,10,1,POST_BUTTON_MANUAL,21.09999990463257,False,2,1,2,7,7,7,7,7,7,7,7
density_10_nback_1_id_9,10,1,POST_TOR_MANUAL,22.899999856948853,False,3,2,3,7,7,7,7,7,7,7,7
density_10_nback_2_id_1,10,2,HISTORICAL_ACUTE_8S_POST_TOR,7.949999809265137,False,1,1,2,5,5,4,4,4,4,3,3
density_10_nback_2_id_1,10,2,HISTORICAL_FULL_RECORD_POST_TOR_INVALID,49.89999985694885,True,3,2,4,15,15,10,12,10,10,8,8
density_10_nback_2_id_1,10,2,POST_BUTTON_MANUAL,17.450000047683716,False,1,1,2,10,10,7,9,7,7,7,7
density_10_nback_2_id_1,10,2,POST_TOR_MANUAL,19.75,False,1,1,2,11,11,7,9,7,7,7,7
density_10_nback_2_id_10,10,2,HISTORICAL_ACUTE_8S_POST_TOR,7.949999809265137,False,1,1,2,2,4,2,2,2,2,2,2
density_10_nback_2_id_10,10,2,HISTORICAL_FULL_RECORD_POST_TOR_INVALID,47.799999952316284,True,6,4,7,15,29,15,25,15,25,13,23
density_10_nback_2_id_10,10,2,POST_BUTTON_MANUAL,16.0,False,2,2,2,8,10,8,8,7,7,5,5
density_10_nback_2_id_10,10,2,POST_TOR_MANUAL,17.649999856948853,False,2,2,3,8,10,8,8,7,7,6,6
density_10_nback_2_id_11,10,2,HISTORICAL_ACUTE_8S_POST_TOR,7.949999809265137,False,2,2,2,4,4,2,2,1,2,1,1
density_10_nback_2_id_11,10,2,HISTORICAL_FULL_RECORD_POST_TOR_INVALID,45.5,True,6,5,6,15,15,8,8,8,8,8,8
density_10_nback_2_id_11,10,2,POST_BUTTON_MANUAL,13.599999904632568,False,2,0,2,7,7,5,5,5,5,5,5
density_10_nback_2_id_11,10,2,POST_TOR_MANUAL,15.349999904632568,False,2,2,2,8,8,5,5,5,5,5,5
density_10_nback_2_id_12,10,2,HISTORICAL_ACUTE_8S_POST_TOR,7.950000047683716,False,1,1,5,5,5,5,5,3,2,2,2
density_10_nback_2_id_12,10,2,HISTORICAL_FULL_RECORD_POST_TOR_INVALID,46.700000047683716,True,5,4,11,24,24,20,20,16,15,15,15
density_10_nback_2_id_12,10,2,POST_BUTTON_MANUAL,16.09999990463257,False,1,1,4,14,14,12,12,9,9,8,8
density_10_nback_2_id_12,10,2,POST_TOR_MANUAL,16.549999952316284,False,1,1,5,14,14,12,12,9,8,8,8
density_10_nback_2_id_13,10,2,HISTORICAL_ACUTE_8S_POST_TOR,7.950000047683716,False,2,2,4,2,2,2,2,1,1,1,1
density_10_nback_2_id_13,10,2,HISTORICAL_FULL_RECORD_POST_TOR_INVALID,45.950000047683716,True,5,4,7,15,25,13,23,12,22,12,22
density_10_nback_2_id_13,10,2,POST_BUTTON_MANUAL,13.400000095367432,False,2,2,3,6,6,5,5,5,5,5,5
density_10_nback_2_id_13,10,2,POST_TOR_MANUAL,15.799999952316284,False,2,2,4,6,6,6,6,5,5,5,5
density_10_nback_2_id_14,10,2,HISTORICAL_ACUTE_8S_POST_TOR,7.950000047683716,False,1,1,2,3,4,3,3,3,3,3,3
density_10_nback_2_id_14,10,2,HISTORICAL_FULL_RECORD_POST_TOR_INVALID,38.34999990463257,True,3,3,5,13,13,11,11,11,11,9,9
density_10_nback_2_id_14,10,2,POST_BUTTON_MANUAL,7.25,False,1,1,1,4,4,3,3,3,3,3,3
density_10_nback_2_id_14,10,2,POST_TOR_MANUAL,8.200000047683716,False,1,1,2,4,4,3,3,3,3,3,3
density_10_nback_2_id_15,10,2,HISTORICAL_ACUTE_8S_POST_TOR,7.950000047683716,False,3,3,4,2,2,2,2,1,1,1,1
density_10_nback_2_id_15,10,2,HISTORICAL_FULL_RECORD_POST_TOR_INVALID,47.5,True,4,4,5,17,15,13,13,8,12,8,8
density_10_nback_2_id_15,10,2,POST_BUTTON_MANUAL,13.700000047683716,False,2,2,3,10,8,6,6,2,6,2,2
density_10_nback_2_id_15,10,2,POST_TOR_MANUAL,17.34999990463257,False,3,3,4,11,9,7,7,2,6,2,2
density_10_nback_2_id_16,10,2,HISTORICAL_ACUTE_8S_POST_TOR,7.950000047683716,False,2,1,2,3,3,2,2,2,2,1,1
density_10_nback_2_id_16,10,2,HISTORICAL_FULL_RECORD_POST_TOR_INVALID,48.34999990463257,True,6,3,6,17,17,16,16,14,16,7,7
density_10_nback_2_id_16,10,2,POST_BUTTON_MANUAL,16.550000190734863,False,1,1,1,10,10,10,10,10,10,5,5
density_10_nback_2_id_16,10,2,POST_TOR_MANUAL,18.200000047683716,False,2,1,2,11,11,10,10,10,10,5,5
density_10_nback_2_id_17,10,2,HISTORICAL_ACUTE_8S_POST_TOR,7.950000047683716,False,1,1,1,4,4,3,3,2,2,2,2
density_10_nback_2_id_17,10,2,HISTORICAL_FULL_RECORD_POST_TOR_INVALID,44.10000014305115,True,5,3,5,14,14,13,13,9,9,9,9
density_10_nback_2_id_17,10,2,POST_BUTTON_MANUAL,12.949999809265137,False,1,1,1,7,7,7,7,5,5,4,4
density_10_nback_2_id_17,10,2,POST_TOR_MANUAL,14.049999952316284,False,1,1,1,7,7,6,6,5,5,5,5
density_10_nback_2_id_18,10,2,HISTORICAL_ACUTE_8S_POST_TOR,7.950000047683716,False,1,1,1,3,4,1,1,1,1,1,1
density_10_nback_2_id_18,10,2,HISTORICAL_FULL_RECORD_POST_TOR_INVALID,66.34999990463257,True,5,3,5,26,29,24,24,24,24,24,24
density_10_nback_2_id_18,10,2,POST_BUTTON_MANUAL,34.799999952316284,False,1,1,1,22,24,20,20,20,20,20,20
density_10_nback_2_id_18,10,2,POST_TOR_MANUAL,36.25,False,1,1,1,22,25,20,20,20,20,20,20
density_10_nback_2_id_19,10,2,HISTORICAL_ACUTE_8S_POST_TOR,7.950000047683716,False,2,1,3,4,6,2,2,2,2,2,2
density_10_nback_2_id_19,10,2,HISTORICAL_FULL_RECORD_POST_TOR_INVALID,50.0,True,5,3,7,21,33,15,25,13,21,13,21
density_10_nback_2_id_19,10,2,POST_BUTTON_MANUAL,18.450000047683716,False,1,1,2,15,15,9,9,7,7,6,7
density_10_nback_2_id_19,10,2,POST_TOR_MANUAL,19.84999990463257,False,2,1,3,14,16,9,9,7,7,7,7
density_10_nback_2_id_2,10,2,HISTORICAL_ACUTE_8S_POST_TOR,7.950000047683716,False,1,1,1,5,7,3,5,2,2,2,2
density_10_nback_2_id_2,10,2,HISTORICAL_FULL_RECORD_POST_TOR_INVALID,43.049999952316284,True,4,3,6,17,19,13,15,10,10,10,10
density_10_nback_2_id_2,10,2,POST_BUTTON_MANUAL,11.0,False,1,1,1,9,11,6,6,4,4,4,4
density_10_nback_2_id_2,10,2,POST_TOR_MANUAL,12.900000095367432,False,1,1,1,9,11,7,9,4,4,4,4
density_10_nback_2_id_20,10,2,HISTORICAL_ACUTE_8S_POST_TOR,7.950000047683716,False,1,1,2,2,2,1,1,1,1,1,1
density_10_nback_2_id_20,10,2,HISTORICAL_FULL_RECORD_POST_TOR_INVALID,55.14999985694885,True,5,3,6,19,19,14,14,14,14,10,10
density_10_nback_2_id_20,10,2,POST_BUTTON_MANUAL,22.350000143051147,False,1,1,1,10,10,8,8,8,8,5,5
density_10_nback_2_id_20,10,2,POST_TOR_MANUAL,25.0,False,1,1,2,11,11,8,8,8,8,5,5
density_10_nback_2_id_21,10,2,HISTORICAL_ACUTE_8S_POST_TOR,7.950000047683716,False,3,1,4,3,3,2,2,2,2,2,2
density_10_nback_2_id_21,10,2,HISTORICAL_FULL_RECORD_POST_TOR_INVALID,66.54999995231628,True,12,9,15,43,79,35,69,30,66,22,58
density_10_nback_2_id_21,10,2,POST_BUTTON_MANUAL,34.25,False,4,3,5,26,28,22,22,18,20,12,14
density_10_nback_2_id_21,10,2,POST_TOR_MANUAL,36.450000047683716,False,5,3,6,27,29,22,22,18,20,12,14
density_10_nback_2_id_22,10,2,HISTORICAL_ACUTE_8S_POST_TOR,7.950000047683716,False,2,2,2,2,2,2,2,1,1,1,1
density_10_nback_2_id_22,10,2,HISTORICAL_FULL_RECORD_POST_TOR_INVALID,41.34999990463257,True,4,4,5,11,13,9,9,6,6,5,5
density_10_nback_2_id_22,10,2,POST_BUTTON_MANUAL,8.899999856948853,False,2,1,2,3,5,2,2,2,2,2,2
density_10_nback_2_id_22,10,2,POST_TOR_MANUAL,11.149999856948853,False,2,2,2,3,5,3,3,2,2,2,2
density_10_nback_2_id_23,10,2,HISTORICAL_ACUTE_8S_POST_TOR,7.950000047683716,False,2,1,2,3,3,0,0,0,0,0,0
density_10_nback_2_id_23,10,2,HISTORICAL_FULL_RECORD_POST_TOR_INVALID,45.64999985694885,True,6,3,6,17,31,11,21,11,21,9,19
density_10_nback_2_id_23,10,2,POST_BUTTON_MANUAL,13.900000095367432,False,1,1,1,7,8,4,4,3,3,1,1
density_10_nback_2_id_23,10,2,POST_TOR_MANUAL,15.5,False,2,1,2,8,9,3,3,3,3,1,1
density_10_nback_2_id_24,10,2,HISTORICAL_ACUTE_8S_POST_TOR,7.950000047683716,False,2,2,2,5,7,4,4,2,2,2,2
density_10_nback_2_id_24,10,2,HISTORICAL_FULL_RECORD_POST_TOR_INVALID,49.59999990463257,True,5,4,5,15,17,14,14,12,12,10,10
density_10_nback_2_id_24,10,2,POST_BUTTON_MANUAL,16.550000190734863,False,2,2,2,11,13,11,11,9,9,9,9
density_10_nback_2_id_24,10,2,POST_TOR_MANUAL,19.450000047683716,False,2,2,2,12,14,11,11,9,9,9,9
density_10_nback_2_id_25,10,2,HISTORICAL_ACUTE_8S_POST_TOR,7.950000047683716,False,1,1,3,2,2,1,1,1,1,0,0
density_10_nback_2_id_25,10,2,HISTORICAL_FULL_RECORD_POST_TOR_INVALID,50.049999952316284,True,5,3,7,12,26,11,23,11,23,9,21
density_10_nback_2_id_25,10,2,POST_BUTTON_MANUAL,18.699999809265137,False,1,1,3,5,7,5,5,4,4,2,2
density_10_nback_2_id_25,10,2,POST_TOR_MANUAL,19.899999856948853,False,1,1,3,5,7,4,4,4,4,2,2
density_10_nback_2_id_26,10,2,HISTORICAL_ACUTE_8S_POST_TOR,7.950000047683716,False,2,1,2,5,5,1,1,1,1,1,1
density_10_nback_2_id_26,10,2,HISTORICAL_FULL_RECORD_POST_TOR_INVALID,45.09999990463257,True,6,3,6,15,17,8,8,8,8,8,8
density_10_nback_2_id_26,10,2,POST_BUTTON_MANUAL,13.149999856948853,False,1,1,1,7,9,3,3,3,3,3,3
density_10_nback_2_id_26,10,2,POST_TOR_MANUAL,14.899999856948853,False,2,1,2,8,10,3,3,3,3,3,3
density_10_nback_2_id_27,10,2,HISTORICAL_ACUTE_8S_POST_TOR,7.950000047683716,False,2,1,2,5,5,4,4,4,4,3,3
density_10_nback_2_id_27,10,2,HISTORICAL_FULL_RECORD_POST_TOR_INVALID,60.90000009536743,True,6,4,6,25,25,22,22,22,22,12,12
density_10_nback_2_id_27,10,2,POST_BUTTON_MANUAL,29.0,False,1,1,1,19,19,17,17,17,17,9,9
density_10_nback_2_id_27,10,2,POST_TOR_MANUAL,30.75,False,2,1,2,20,20,17,17,17,17,9,9
density_10_nback_2_id_28,10,2,HISTORICAL_ACUTE_8S_POST_TOR,7.949999809265137,False,1,1,3,2,2,2,2,2,2,2,2
density_10_nback_2_id_28,10,2,HISTORICAL_FULL_RECORD_POST_TOR_INVALID,47.09999990463257,True,5,3,7,13,13,13,13,11,11,9,9
density_10_nback_2_id_28,10,2,POST_BUTTON_MANUAL,15.799999952316284,False,1,1,2,6,6,6,6,5,5,4,4
density_10_nback_2_id_28,10,2,POST_TOR_MANUAL,16.949999809265137,False,1,1,3,6,6,6,6,5,5,5,5
density_10_nback_2_id_29,10,2,HISTORICAL_ACUTE_8S_POST_TOR,7.950000047683716,False,3,2,3,6,6,5,5,5,5,3,3
density_10_nback_2_id_29,10,2,HISTORICAL_FULL_RECORD_POST_TOR_INVALID,46.84999990463257,True,4,2,5,19,19,16,16,14,14,8,10
density_10_nback_2_id_29,10,2,POST_BUTTON_MANUAL,14.75,False,2,2,2,11,11,11,11,9,9,4,7
density_10_nback_2_id_29,10,2,POST_TOR_MANUAL,16.75,False,3,2,3,12,12,11,11,9,9,4,7
density_10_nback_2_id_3,10,2,HISTORICAL_ACUTE_8S_POST_TOR,7.950000047683716,False,1,1,3,5,5,5,5,3,3,1,1
density_10_nback_2_id_3,10,2,HISTORICAL_FULL_RECORD_POST_TOR_INVALID,45.299999952316284,True,2,2,5,15,15,15,15,11,11,9,9
density_10_nback_2_id_3,10,2,POST_BUTTON_MANUAL,14.799999952316284,False,1,1,2,9,9,9,9,5,5,3,3
density_10_nback_2_id_3,10,2,POST_TOR_MANUAL,15.149999856948853,False,1,1,3,9,9,9,9,5,5,3,3
density_10_nback_2_id_30,10,2,HISTORICAL_ACUTE_8S_POST_TOR,7.949999809265137,False,2,1,2,2,2,1,1,1,1,0,0
density_10_nback_2_id_30,10,2,HISTORICAL_FULL_RECORD_POST_TOR_INVALID,53.549999952316284,True,7,4,7,11,11,8,10,8,8,7,5
density_10_nback_2_id_30,10,2,POST_BUTTON_MANUAL,21.549999952316284,False,2,2,2,5,5,5,5,5,5,3,1
density_10_nback_2_id_30,10,2,POST_TOR_MANUAL,23.34999990463257,False,3,2,3,6,6,5,5,5,5,3,1
density_10_nback_2_id_31,10,2,HISTORICAL_ACUTE_8S_POST_TOR,7.950000047683716,False,1,1,1,2,2,2,2,2,2,0,0
density_10_nback_2_id_31,10,2,HISTORICAL_FULL_RECORD_POST_TOR_INVALID,50.549999952316284,True,4,3,4,9,9,7,7,7,7,3,3
density_10_nback_2_id_31,10,2,POST_BUTTON_MANUAL,18.949999809265137,False,1,1,1,7,7,5,5,4,4,3,3
density_10_nback_2_id_31,10,2,POST_TOR_MANUAL,20.399999856948853,False,1,1,1,7,7,5,5,5,5,2,2
density_10_nback_2_id_32,10,2,HISTORICAL_ACUTE_8S_POST_TOR,7.950000047683716,False,2,1,2,2,2,2,2,2,2,2,2
density_10_nback_2_id_32,10,2,HISTORICAL_FULL_RECORD_POST_TOR_INVALID,46.950000047683716,True,9,8,10,20,20,14,14,12,14,10,10
density_10_nback_2_id_32,10,2,POST_BUTTON_MANUAL,15.299999952316284,False,1,1,1,9,9,5,5,5,5,3,3
density_10_nback_2_id_32,10,2,POST_TOR_MANUAL,16.799999952316284,False,2,1,2,9,9,5,5,5,5,3,3
density_10_nback_2_id_33,10,2,HISTORICAL_ACUTE_8S_POST_TOR,7.950000047683716,False,2,1,2,2,2,0,0,0,0,0,0
density_10_nback_2_id_33,10,2,HISTORICAL_FULL_RECORD_POST_TOR_INVALID,48.40000009536743,True,7,4,7,13,15,9,9,7,7,5,5
density_10_nback_2_id_33,10,2,POST_BUTTON_MANUAL,16.59999990463257,False,2,2,2,4,6,3,3,2,2,1,1
density_10_nback_2_id_33,10,2,POST_TOR_MANUAL,18.299999952316284,False,3,2,3,5,7,2,2,2,2,1,1
density_10_nback_2_id_34,10,2,HISTORICAL_ACUTE_8S_POST_TOR,7.950000047683716,False,2,1,2,2,2,2,2,1,1,1,1
density_10_nback_2_id_34,10,2,HISTORICAL_FULL_RECORD_POST_TOR_INVALID,50.89999985694885,True,3,2,4,16,16,10,10,10,10,10,10
density_10_nback_2_id_34,10,2,POST_BUTTON_MANUAL,19.100000143051147,False,1,1,1,10,10,4,4,4,4,3,3
density_10_nback_2_id_34,10,2,POST_TOR_MANUAL,20.700000047683716,False,2,1,2,10,10,4,4,4,4,3,3
density_10_nback_2_id_35,10,2,HISTORICAL_ACUTE_8S_POST_TOR,7.950000047683716,False,1,1,1,3,3,2,2,1,1,0,0
density_10_nback_2_id_35,10,2,HISTORICAL_FULL_RECORD_POST_TOR_INVALID,45.25,True,4,3,5,13,27,12,26,12,26,7,21
density_10_nback_2_id_35,10,2,POST_BUTTON_MANUAL,12.200000047683716,False,1,1,1,5,5,5,5,4,4,2,2
density_10_nback_2_id_35,10,2,POST_TOR_MANUAL,15.099999904632568,False,1,1,1,6,6,5,5,4,4,1,1
density_10_nback_2_id_36,10,2,HISTORICAL_ACUTE_8S_POST_TOR,7.950000047683716,False,3,2,3,3,3,2,2,2,2,2,2
density_10_nback_2_id_36,10,2,HISTORICAL_FULL_RECORD_POST_TOR_INVALID,53.450000047683716,True,7,5,7,17,17,12,14,12,12,8,8
density_10_nback_2_id_36,10,2,POST_BUTTON_MANUAL,21.399999856948853,False,3,3,3,9,9,8,8,7,7,4,4
density_10_nback_2_id_36,10,2,POST_TOR_MANUAL,23.34999990463257,False,4,3,4,10,10,8,8,7,7,4,4
density_10_nback_2_id_37,10,2,HISTORICAL_ACUTE_8S_POST_TOR,7.950000047683716,False,2,1,4,1,1,1,1,0,0,0,0
density_10_nback_2_id_37,10,2,HISTORICAL_FULL_RECORD_POST_TOR_INVALID,54.39999985694885,True,2,1,6,13,13,11,11,10,10,8,8
density_10_nback_2_id_37,10,2,POST_BUTTON_MANUAL,22.450000047683716,False,1,1,3,6,6,5,5,5,5,3,3
density_10_nback_2_id_37,10,2,POST_TOR_MANUAL,24.25,False,2,1,4,6,6,6,6,5,5,3,3
density_10_nback_2_id_38,10,2,HISTORICAL_ACUTE_8S_POST_TOR,7.949999809265137,False,2,1,4,4,4,4,4,3,4,2,2
density_10_nback_2_id_38,10,2,HISTORICAL_FULL_RECORD_POST_TOR_INVALID,50.59999990463257,True,4,3,7,17,17,17,17,16,17,12,12
density_10_nback_2_id_38,10,2,POST_BUTTON_MANUAL,18.299999952316284,False,2,2,4,12,12,11,11,11,11,6,6
density_10_nback_2_id_38,10,2,POST_TOR_MANUAL,20.449999809265137,False,3,2,5,12,12,12,12,11,12,6,6
density_10_nback_2_id_39,10,2,HISTORICAL_ACUTE_8S_POST_TOR,7.950000047683716,False,2,1,3,2,2,1,1,1,1,1,1
density_10_nback_2_id_39,10,2,HISTORICAL_FULL_RECORD_POST_TOR_INVALID,64.75,True,7,5,9,29,31,26,28,22,22,14,14
density_10_nback_2_id_39,10,2,POST_BUTTON_MANUAL,32.89999985694885,False,3,3,5,22,21,19,19,15,15,9,9
density_10_nback_2_id_39,10,2,POST_TOR_MANUAL,34.59999990463257,False,4,3,6,23,22,19,19,15,15,9,9
density_10_nback_2_id_4,10,2,HISTORICAL_ACUTE_8S_POST_TOR,7.949999809265137,False,1,1,2,3,3,2,2,2,2,2,2
density_10_nback_2_id_4,10,2,HISTORICAL_FULL_RECORD_POST_TOR_INVALID,41.89999985694885,True,4,2,6,15,17,10,10,8,10,8,8
density_10_nback_2_id_4,10,2,POST_BUTTON_MANUAL,9.299999952316284,False,1,1,1,5,7,3,3,3,3,3,3
density_10_nback_2_id_4,10,2,POST_TOR_MANUAL,11.799999952316284,False,1,1,2,6,8,3,3,3,3,3,3
density_10_nback_2_id_40,10,2,HISTORICAL_ACUTE_8S_POST_TOR,7.950000047683716,False,1,1,3,2,2,2,2,1,1,1,1
density_10_nback_2_id_40,10,2,HISTORICAL_FULL_RECORD_POST_TOR_INVALID,49.950000047683716,True,2,1,7,15,15,13,13,10,10,10,10
density_10_nback_2_id_40,10,2,POST_BUTTON_MANUAL,19.149999856948853,False,1,1,3,8,8,7,7,5,5,5,5
density_10_nback_2_id_40,10,2,POST_TOR_MANUAL,19.799999952316284,False,1,1,3,8,8,8,8,5,5,5,5
density_10_nback_2_id_41,10,2,HISTORICAL_ACUTE_8S_POST_TOR,7.950000047683716,False,2,1,2,3,3,3,3,2,2,1,1
density_10_nback_2_id_41,10,2,HISTORICAL_FULL_RECORD_POST_TOR_INVALID,89.79999995231628,True,7,2,9,34,36,31,31,27,27,21,19
density_10_nback_2_id_41,10,2,POST_BUTTON_MANUAL,58.69999980926514,False,5,1,6,28,30,25,25,23,23,19,17
density_10_nback_2_id_41,10,2,POST_TOR_MANUAL,59.64999985694885,False,5,1,6,28,30,26,26,23,23,19,17
density_10_nback_2_id_42,10,2,HISTORICAL_ACUTE_8S_POST_TOR,7.950000047683716,False,2,1,2,2,2,2,2,2,2,1,1
density_10_nback_2_id_42,10,2,HISTORICAL_FULL_RECORD_POST_TOR_INVALID,47.90000009536743,True,3,2,4,13,19,13,19,13,19,12,18
density_10_nback_2_id_42,10,2,POST_BUTTON_MANUAL,15.849999904632568,False,1,1,1,6,6,6,6,4,4,4,4
density_10_nback_2_id_42,10,2,POST_TOR_MANUAL,17.799999952316284,False,2,1,2,6,6,6,6,5,5,4,4
density_10_nback_2_id_43,10,2,HISTORICAL_ACUTE_8S_POST_TOR,7.950000047683716,False,3,2,3,2,2,2,2,2,2,1,1
density_10_nback_2_id_43,10,2,HISTORICAL_FULL_RECORD_POST_TOR_INVALID,53.549999952316284,True,4,2,5,13,13,13,13,13,13,10,10
density_10_nback_2_id_43,10,2,POST_BUTTON_MANUAL,21.5,False,2,2,2,9,9,9,9,8,8,8,8
density_10_nback_2_id_43,10,2,POST_TOR_MANUAL,23.40000009536743,False,3,2,3,9,9,9,9,9,9,8,8
density_10_nback_2_id_44,10,2,HISTORICAL_ACUTE_8S_POST_TOR,7.950000047683716,False,2,1,2,2,2,2,2,2,2,2,2
density_10_nback_2_id_44,10,2,HISTORICAL_FULL_RECORD_POST_TOR_INVALID,50.049999952316284,True,5,3,5,15,25,15,23,11,19,11,19
density_10_nback_2_id_44,10,2,POST_BUTTON_MANUAL,18.5,False,1,1,1,8,8,8,8,5,5,4,5
density_10_nback_2_id_44,10,2,POST_TOR_MANUAL,19.899999856948853,False,2,1,2,8,8,8,8,5,5,5,5
density_10_nback_2_id_45,10,2,HISTORICAL_ACUTE_8S_POST_TOR,7.950000047683716,False,2,1,2,2,2,1,1,1,1,1,0
density_10_nback_2_id_45,10,2,HISTORICAL_FULL_RECORD_POST_TOR_INVALID,56.700000047683716,True,5,3,7,19,21,16,16,14,14,4,3
density_10_nback_2_id_45,10,2,POST_BUTTON_MANUAL,24.84999990463257,False,2,1,2,11,11,11,11,11,11,3,3
density_10_nback_2_id_45,10,2,POST_TOR_MANUAL,26.549999952316284,False,2,1,2,12,12,11,11,11,11,3,2
density_10_nback_2_id_46,10,2,HISTORICAL_ACUTE_8S_POST_TOR,7.949999809265137,False,1,1,2,3,3,2,0,0,0,0,0
density_10_nback_2_id_46,10,2,HISTORICAL_FULL_RECORD_POST_TOR_INVALID,41.34999990463257,True,3,2,4,12,12,9,7,5,5,4,4
density_10_nback_2_id_46,10,2,POST_BUTTON_MANUAL,10.549999952316284,False,1,1,1,4,4,4,2,0,0,0,0
density_10_nback_2_id_46,10,2,POST_TOR_MANUAL,11.199999809265137,False,1,1,2,4,4,3,1,0,0,0,0
density_10_nback_2_id_47,10,2,HISTORICAL_ACUTE_8S_POST_TOR,7.950000047683716,False,1,1,2,7,7,6,6,6,6,3,3
density_10_nback_2_id_47,10,2,HISTORICAL_FULL_RECORD_POST_TOR_INVALID,50.450000047683716,True,3,2,5,19,19,18,18,18,18,12,12
density_10_nback_2_id_47,10,2,POST_BUTTON_MANUAL,18.549999952316284,False,1,1,2,11,11,11,11,11,11,7,7
density_10_nback_2_id_47,10,2,POST_TOR_MANUAL,20.34999990463257,False,1,1,2,12,12,11,11,11,11,7,7
density_10_nback_2_id_48,10,2,HISTORICAL_ACUTE_8S_POST_TOR,7.950000047683716,False,2,1,2,5,5,1,1,1,1,1,1
density_10_nback_2_id_48,10,2,HISTORICAL_FULL_RECORD_POST_TOR_INVALID,63.59999990463257,True,7,3,9,27,29,13,17,11,13,11,13
density_10_nback_2_id_48,10,2,POST_BUTTON_MANUAL,31.600000143051147,False,1,1,1,19,21,8,12,6,8,5,7
density_10_nback_2_id_48,10,2,POST_TOR_MANUAL,33.450000047683716,False,2,1,2,20,22,8,12,6,8,6,8
density_10_nback_2_id_49,10,2,HISTORICAL_ACUTE_8S_POST_TOR,7.950000047683716,False,3,2,4,6,6,2,2,2,2,1,1
density_10_nback_2_id_49,10,2,HISTORICAL_FULL_RECORD_POST_TOR_INVALID,71.0,True,5,4,7,33,33,27,27,21,21,20,20
density_10_nback_2_id_49,10,2,POST_BUTTON_MANUAL,38.35000014305115,False,3,3,3,27,27,21,21,16,16,16,16
density_10_nback_2_id_49,10,2,POST_TOR_MANUAL,40.85000014305115,False,3,3,4,27,27,21,21,17,17,16,16
density_10_nback_2_id_5,10,2,HISTORICAL_ACUTE_8S_POST_TOR,7.950000047683716,False,2,2,3,4,4,4,4,1,1,1,1
density_10_nback_2_id_5,10,2,HISTORICAL_FULL_RECORD_POST_TOR_INVALID,50.34999990463257,True,4,3,6,15,15,15,15,10,10,10,10
density_10_nback_2_id_5,10,2,POST_BUTTON_MANUAL,17.65000009536743,False,2,2,2,10,10,10,10,7,7,5,5
density_10_nback_2_id_5,10,2,POST_TOR_MANUAL,20.25,False,2,2,3,11,11,11,11,5,5,5,5
density_10_nback_2_id_50,10,2,HISTORICAL_ACUTE_8S_POST_TOR,7.949999809265137,False,1,1,1,2,2,1,1,1,1,0,0
density_10_nback_2_id_50,10,2,HISTORICAL_FULL_RECORD_POST_TOR_INVALID,49.84999990463257,True,5,3,5,13,25,10,22,10,22,7,19
density_10_nback_2_id_50,10,2,POST_BUTTON_MANUAL,17.450000047683716,False,1,1,1,5,5,3,3,3,3,2,2
density_10_nback_2_id_50,10,2,POST_TOR_MANUAL,19.649999856948853,False,1,1,1,6,6,3,3,3,3,1,1
density_10_nback_2_id_51,10,2,HISTORICAL_ACUTE_8S_POST_TOR,7.950000047683716,False,2,1,2,2,2,1,1,1,1,1,1
density_10_nback_2_id_51,10,2,HISTORICAL_FULL_RECORD_POST_TOR_INVALID,50.89999985694885,True,5,3,5,17,39,14,36,12,34,12,32
density_10_nback_2_id_51,10,2,POST_BUTTON_MANUAL,19.5,False,1,1,1,8,8,7,7,5,5,4,4
density_10_nback_2_id_51,10,2,POST_TOR_MANUAL,20.75,False,2,1,2,8,8,7,7,5,5,4,4
density_10_nback_2_id_52,10,2,HISTORICAL_ACUTE_8S_POST_TOR,7.950000047683716,False,2,1,2,3,3,2,2,2,2,2,2
density_10_nback_2_id_52,10,2,HISTORICAL_FULL_RECORD_POST_TOR_INVALID,48.65000009536743,True,3,1,4,15,15,14,14,14,14,12,12
density_10_nback_2_id_52,10,2,POST_BUTTON_MANUAL,16.799999952316284,False,1,1,1,7,7,7,7,7,7,7,7
density_10_nback_2_id_52,10,2,POST_TOR_MANUAL,18.5,False,2,1,2,8,8,7,7,7,7,7,7
density_10_nback_2_id_53,10,2,HISTORICAL_ACUTE_8S_POST_TOR,7.950000047683716,False,2,1,3,2,2,1,1,1,1,0,0
density_10_nback_2_id_53,10,2,HISTORICAL_FULL_RECORD_POST_TOR_INVALID,51.049999952316284,True,8,4,9,15,13,10,10,10,10,5,5
density_10_nback_2_id_53,10,2,POST_BUTTON_MANUAL,19.40000009536743,False,2,1,4,9,7,7,7,7,7,4,4
density_10_nback_2_id_53,10,2,POST_TOR_MANUAL,20.950000047683716,False,3,1,5,10,8,7,7,7,7,4,4
density_10_nback_2_id_54,10,2,HISTORICAL_ACUTE_8S_POST_TOR,7.950000047683716,False,2,1,2,2,2,1,1,1,1,1,1
density_10_nback_2_id_54,10,2,HISTORICAL_FULL_RECORD_POST_TOR_INVALID,47.14999985694885,True,4,2,5,11,15,10,10,10,10,6,6
density_10_nback_2_id_54,10,2,POST_BUTTON_MANUAL,15.799999952316284,False,1,1,1,6,10,5,5,5,5,3,3
density_10_nback_2_id_54,10,2,POST_TOR_MANUAL,17.0,False,2,1,2,6,10,5,5,5,5,3,3
density_10_nback_2_id_55,10,2,HISTORICAL_ACUTE_8S_POST_TOR,7.950000047683716,False,2,2,2,1,1,0,0,0,0,0,0
density_10_nback_2_id_55,10,2,HISTORICAL_FULL_RECORD_POST_TOR_INVALID,51.950000047683716,True,2,2,3,11,11,10,10,8,8,4,4
density_10_nback_2_id_55,10,2,POST_BUTTON_MANUAL,19.34999990463257,False,2,2,2,6,6,6,6,5,5,3,3
density_10_nback_2_id_55,10,2,POST_TOR_MANUAL,21.799999952316284,False,2,2,2,7,7,6,6,5,5,3,3
density_10_nback_2_id_56,10,2,HISTORICAL_ACUTE_8S_POST_TOR,7.950000047683716,False,2,2,2,2,2,2,2,2,2,1,1
density_10_nback_2_id_56,10,2,HISTORICAL_FULL_RECORD_POST_TOR_INVALID,46.799999952316284,True,5,4,5,9,9,9,9,7,7,6,6
density_10_nback_2_id_56,10,2,POST_BUTTON_MANUAL,13.199999809265137,False,1,1,1,6,6,5,5,5,5,5,5
density_10_nback_2_id_56,10,2,POST_TOR_MANUAL,16.649999856948853,False,2,2,2,6,6,6,6,6,6,5,5
density_10_nback_2_id_57,10,2,HISTORICAL_ACUTE_8S_POST_TOR,7.950000047683716,False,2,1,2,2,2,1,1,1,1,1,1
density_10_nback_2_id_57,10,2,HISTORICAL_FULL_RECORD_POST_TOR_INVALID,49.549999952316284,True,2,1,4,19,19,18,18,14,14,10,12
density_10_nback_2_id_57,10,2,POST_BUTTON_MANUAL,18.0,False,1,1,1,11,11,11,11,9,9,5,7
density_10_nback_2_id_57,10,2,POST_TOR_MANUAL,19.450000047683716,False,2,1,2,12,12,11,11,9,9,5,7
density_10_nback_2_id_6,10,2,HISTORICAL_ACUTE_8S_POST_TOR,7.950000047683716,False,2,1,2,6,8,5,5,3,5,1,3
density_10_nback_2_id_6,10,2,HISTORICAL_FULL_RECORD_POST_TOR_INVALID,45.09999990463257,True,6,3,6,19,21,14,14,12,14,8,10
density_10_nback_2_id_6,10,2,POST_BUTTON_MANUAL,13.5,False,1,1,1,10,12,8,8,6,8,4,4
density_10_nback_2_id_6,10,2,POST_TOR_MANUAL,15.0,False,2,1,2,11,13,8,8,6,8,2,4
density_10_nback_2_id_7,10,2,HISTORICAL_ACUTE_8S_POST_TOR,7.950000047683716,False,2,1,4,2,2,2,2,2,2,1,1
density_10_nback_2_id_7,10,2,HISTORICAL_FULL_RECORD_POST_TOR_INVALID,48.950000047683716,True,3,2,5,17,21,13,13,11,11,6,6
density_10_nback_2_id_7,10,2,POST_BUTTON_MANUAL,16.65000009536743,False,2,1,3,10,14,10,10,7,7,3,3
density_10_nback_2_id_7,10,2,POST_TOR_MANUAL,18.850000143051147,False,2,1,4,10,14,10,10,8,8,3,3
density_10_nback_2_id_8,10,2,HISTORICAL_ACUTE_8S_POST_TOR,7.950000047683716,False,2,1,2,4,4,4,4,4,4,4,4
density_10_nback_2_id_8,10,2,HISTORICAL_FULL_RECORD_POST_TOR_INVALID,57.34999990463257,True,6,3,6,24,32,18,26,18,26,18,26
density_10_nback_2_id_8,10,2,POST_BUTTON_MANUAL,25.550000190734863,False,1,1,1,17,17,13,13,13,13,13,13
density_10_nback_2_id_8,10,2,POST_TOR_MANUAL,27.200000047683716,False,2,1,2,17,17,13,13,13,13,13,13
density_10_nback_2_id_9,10,2,HISTORICAL_ACUTE_8S_POST_TOR,7.950000047683716,False,2,1,2,2,2,1,1,1,1,1,1
density_10_nback_2_id_9,10,2,HISTORICAL_FULL_RECORD_POST_TOR_INVALID,48.950000047683716,True,3,2,4,13,13,12,12,12,12,12,12
density_10_nback_2_id_9,10,2,POST_BUTTON_MANUAL,17.199999809265137,False,1,1,1,6,6,6,6,6,6,6,6
density_10_nback_2_id_9,10,2,POST_TOR_MANUAL,18.84999990463257,False,2,1,2,7,7,6,6,6,6,6,6
density_20_nback_0_id_10,20,0,HISTORICAL_ACUTE_8S_POST_TOR,7.949999809265137,False,2,2,3,6,6,2,2,1,1,1,1
density_20_nback_0_id_10,20,0,HISTORICAL_FULL_RECORD_POST_TOR_INVALID,48.299999952316284,True,3,2,6,16,16,11,11,8,8,5,5
density_20_nback_0_id_10,20,0,POST_BUTTON_MANUAL,17.34999990463257,False,2,2,3,9,9,5,5,3,3,2,2
density_20_nback_0_id_10,20,0,POST_TOR_MANUAL,18.149999856948853,False,2,2,3,10,10,6,6,3,3,2,2
density_20_nback_0_id_12,20,0,HISTORICAL_ACUTE_8S_POST_TOR,7.949999809265137,False,2,2,2,9,9,6,6,4,4,3,3
density_20_nback_0_id_12,20,0,HISTORICAL_FULL_RECORD_POST_TOR_INVALID,48.64999985694885,True,4,3,5,18,18,13,13,10,10,6,6
density_20_nback_0_id_12,20,0,POST_BUTTON_MANUAL,17.950000047683716,False,2,2,2,14,14,12,12,10,10,7,7
density_20_nback_0_id_12,20,0,POST_TOR_MANUAL,18.5,False,2,2,2,15,15,12,12,10,10,6,6
density_20_nback_0_id_13,20,0,HISTORICAL_ACUTE_8S_POST_TOR,7.950000047683716,False,2,2,2,2,2,1,1,1,1,1,1
density_20_nback_0_id_13,20,0,HISTORICAL_FULL_RECORD_POST_TOR_INVALID,49.950000047683716,True,4,2,5,13,13,12,12,9,9,9,9
density_20_nback_0_id_13,20,0,POST_BUTTON_MANUAL,17.049999952316284,False,2,1,2,7,7,7,7,5,5,5,5
density_20_nback_0_id_13,20,0,POST_TOR_MANUAL,19.84999990463257,False,3,2,3,8,8,7,7,5,5,5,5
density_20_nback_0_id_16,20,0,HISTORICAL_ACUTE_8S_POST_TOR,7.949999809265137,False,1,1,2,5,5,2,2,2,2,2,2
density_20_nback_0_id_16,20,0,HISTORICAL_FULL_RECORD_POST_TOR_INVALID,52.59999990463257,True,2,1,4,19,19,14,14,11,11,9,9
density_20_nback_0_id_16,20,0,POST_BUTTON_MANUAL,21.25,False,1,1,2,14,14,10,10,9,9,9,9
density_20_nback_0_id_16,20,0,POST_TOR_MANUAL,22.399999856948853,False,1,1,2,15,15,10,10,9,9,9,9
density_20_nback_0_id_17,20,0,HISTORICAL_ACUTE_8S_POST_TOR,7.949999809265137,False,2,2,2,3,3,2,2,2,2,2,2
density_20_nback_0_id_17,20,0,HISTORICAL_FULL_RECORD_POST_TOR_INVALID,46.14999985694885,True,3,2,4,12,12,9,9,8,8,6,6
density_20_nback_0_id_17,20,0,POST_BUTTON_MANUAL,14.900000095367432,False,2,2,2,7,7,5,5,5,5,5,5
density_20_nback_0_id_17,20,0,POST_TOR_MANUAL,16.049999952316284,False,2,2,2,8,8,5,5,5,5,5,5
density_20_nback_0_id_18,20,0,HISTORICAL_ACUTE_8S_POST_TOR,7.950000047683716,False,3,3,3,4,4,3,3,3,3,1,1
density_20_nback_0_id_18,20,0,HISTORICAL_FULL_RECORD_POST_TOR_INVALID,55.75,True,3,3,3,24,24,22,24,21,21,15,15
density_20_nback_0_id_18,20,0,POST_BUTTON_MANUAL,24.84999990463257,False,3,3,3,18,18,18,18,16,16,11,11
density_20_nback_0_id_18,20,0,POST_TOR_MANUAL,25.649999856948853,False,3,3,3,18,18,18,18,17,17,11,11
density_20_nback_0_id_19,20,0,HISTORICAL_ACUTE_8S_POST_TOR,7.949999809265137,False,2,2,2,6,6,3,3,3,3,0,0
density_20_nback_0_id_19,20,0,HISTORICAL_FULL_RECORD_POST_TOR_INVALID,48.84999990463257,True,3,2,4,16,16,11,11,10,10,5,5
density_20_nback_0_id_19,20,0,POST_BUTTON_MANUAL,17.84999990463257,False,2,2,2,11,11,7,7,6,7,2,2
density_20_nback_0_id_19,20,0,POST_TOR_MANUAL,18.699999809265137,False,2,2,2,12,12,7,7,6,7,1,1
density_20_nback_0_id_2,20,0,HISTORICAL_ACUTE_8S_POST_TOR,7.950000047683716,False,1,1,5,3,3,2,2,2,2,2,2
density_20_nback_0_id_2,20,0,HISTORICAL_FULL_RECORD_POST_TOR_INVALID,44.5,True,2,1,7,15,15,7,7,7,7,6,6
density_20_nback_0_id_2,20,0,POST_BUTTON_MANUAL,12.700000047683716,False,1,1,5,8,8,5,5,5,5,5,5
density_20_nback_0_id_2,20,0,POST_TOR_MANUAL,14.349999904632568,False,1,1,5,9,9,5,5,5,5,5,5
density_20_nback_0_id_20,20,0,HISTORICAL_ACUTE_8S_POST_TOR,7.950000047683716,False,3,3,3,2,2,1,1,1,1,1,1
density_20_nback_0_id_20,20,0,HISTORICAL_FULL_RECORD_POST_TOR_INVALID,50.5,True,5,4,6,16,16,11,11,6,6,6,6
density_20_nback_0_id_20,20,0,POST_BUTTON_MANUAL,18.799999952316284,False,3,3,3,10,10,7,7,3,3,3,3
density_20_nback_0_id_20,20,0,POST_TOR_MANUAL,20.34999990463257,False,3,3,3,11,11,7,7,3,3,3,3
density_20_nback_0_id_21,20,0,HISTORICAL_ACUTE_8S_POST_TOR,7.949999809265137,False,1,1,2,2,5,1,1,1,1,0,0
density_20_nback_0_id_21,20,0,HISTORICAL_FULL_RECORD_POST_TOR_INVALID,50.89999985694885,True,2,1,4,16,18,14,14,12,12,8,8
density_20_nback_0_id_21,20,0,POST_BUTTON_MANUAL,19.550000190734863,False,1,1,2,9,11,8,8,8,8,5,5
density_20_nback_0_id_21,20,0,POST_TOR_MANUAL,20.75,False,1,1,2,10,12,8,8,8,8,4,4
density_20_nback_0_id_22,20,0,HISTORICAL_ACUTE_8S_POST_TOR,7.950000047683716,False,1,1,2,6,6,2,2,2,2,2,2
density_20_nback_0_id_22,20,0,HISTORICAL_FULL_RECORD_POST_TOR_INVALID,43.09999990463257,True,2,1,4,21,23,14,16,14,16,12,14
density_20_nback_0_id_22,20,0,POST_BUTTON_MANUAL,11.799999952316284,False,1,1,2,11,13,9,11,8,11,6,8
density_20_nback_0_id_22,20,0,POST_TOR_MANUAL,13.049999952316284,False,1,1,2,12,14,8,10,8,10,6,8
density_20_nback_0_id_23,20,0,HISTORICAL_ACUTE_8S_POST_TOR,7.949999809265137,False,2,2,3,2,2,1,1,1,1,0,0
density_20_nback_0_id_23,20,0,HISTORICAL_FULL_RECORD_POST_TOR_INVALID,43.75,True,3,2,6,11,11,7,7,5,5,2,2
density_20_nback_0_id_23,20,0,POST_BUTTON_MANUAL,11.5,False,1,1,2,6,6,4,4,3,3,2,2
density_20_nback_0_id_23,20,0,POST_TOR_MANUAL,13.599999904632568,False,2,2,3,7,7,4,4,3,3,1,1
density_20_nback_0_id_24,20,0,HISTORICAL_ACUTE_8S_POST_TOR,7.950000047683716,False,2,2,2,9,11,8,10,6,8,6,6
density_20_nback_0_id_24,20,0,HISTORICAL_FULL_RECORD_POST_TOR_INVALID,46.10000014305115,True,3,2,5,19,21,15,19,11,15,10,10
density_20_nback_0_id_24,20,0,POST_BUTTON_MANUAL,14.849999904632568,False,2,2,2,14,16,14,16,10,14,9,9
density_20_nback_0_id_24,20,0,POST_TOR_MANUAL,15.900000095367432,False,2,2,2,15,17,14,16,10,14,9,9
density_20_nback_0_id_25,20,0,HISTORICAL_ACUTE_8S_POST_TOR,7.950000047683716,False,1,1,2,4,4,2,2,2,2,2,2
density_20_nback_0_id_25,20,0,HISTORICAL_FULL_RECORD_POST_TOR_INVALID,47.75,True,3,1,5,13,13,8,10,6,6,6,6
density_20_nback_0_id_25,20,0,POST_BUTTON_MANUAL,16.549999952316284,False,1,1,2,9,9,6,8,6,6,5,5
density_20_nback_0_id_25,20,0,POST_TOR_MANUAL,17.59999990463257,False,1,1,2,10,10,6,8,6,6,6,6
density_20_nback_0_id_26,20,0,HISTORICAL_ACUTE_8S_POST_TOR,7.950000047683716,False,1,1,1,3,3,2,2,1,1,0,1
density_20_nback_0_id_26,20,0,HISTORICAL_FULL_RECORD_POST_TOR_INVALID,45.84999990463257,True,2,1,3,11,13,8,8,7,7,6,7
density_20_nback_0_id_26,20,0,POST_BUTTON_MANUAL,14.100000143051147,False,1,1,1,5,7,3,3,2,2,2,2
density_20_nback_0_id_26,20,0,POST_TOR_MANUAL,15.75,False,1,1,1,6,8,3,3,2,2,1,2
density_20_nback_0_id_27,20,0,HISTORICAL_ACUTE_8S_POST_TOR,7.949999809265137,False,2,2,3,4,4,2,2,1,1,1,1
density_20_nback_0_id_27,20,0,HISTORICAL_FULL_RECORD_POST_TOR_INVALID,50.049999952316284,True,3,2,5,18,18,13,13,12,12,9,9
density_20_nback_0_id_27,20,0,POST_BUTTON_MANUAL,17.649999856948853,False,1,1,2,11,11,9,9,9,9,7,7
density_20_nback_0_id_27,20,0,POST_TOR_MANUAL,19.899999856948853,False,2,2,3,12,12,10,10,9,9,7,7
density_20_nback_0_id_28,20,0,HISTORICAL_ACUTE_8S_POST_TOR,7.950000047683716,False,2,1,2,4,6,4,4,4,4,1,1
density_20_nback_0_id_28,20,0,HISTORICAL_FULL_RECORD_POST_TOR_INVALID,47.0,True,3,1,4,14,16,14,14,11,11,8,8
density_20_nback_0_id_28,20,0,POST_BUTTON_MANUAL,16.0,False,2,1,2,8,10,8,8,7,7,4,4
density_20_nback_0_id_28,20,0,POST_TOR_MANUAL,16.899999856948853,False,2,1,2,8,10,8,8,7,7,4,4
density_20_nback_0_id_29,20,0,HISTORICAL_ACUTE_8S_POST_TOR,7.949999809265137,False,2,1,2,6,8,5,5,1,4,1,1
density_20_nback_0_id_29,20,0,HISTORICAL_FULL_RECORD_POST_TOR_INVALID,46.75,True,4,1,5,18,20,18,18,12,15,5,5
density_20_nback_0_id_29,20,0,POST_BUTTON_MANUAL,15.25,False,2,1,2,12,14,11,11,7,9,5,5
density_20_nback_0_id_29,20,0,POST_TOR_MANUAL,16.59999990463257,False,2,1,2,12,14,12,12,7,10,5,5
density_20_nback_0_id_3,20,0,HISTORICAL_ACUTE_8S_POST_TOR,7.950000047683716,False,3,2,3,3,3,3,3,2,2,0,0
density_20_nback_0_id_3,20,0,HISTORICAL_FULL_RECORD_POST_TOR_INVALID,56.59999990463257,True,5,4,5,32,32,27,29,21,21,15,15
density_20_nback_0_id_3,20,0,POST_BUTTON_MANUAL,24.950000047683716,False,4,3,4,15,15,12,14,12,12,9,9
density_20_nback_0_id_3,20,0,POST_TOR_MANUAL,26.450000047683716,False,4,3,4,15,15,13,15,13,13,9,9
density_20_nback_0_id_30,20,0,HISTORICAL_ACUTE_8S_POST_TOR,7.950000047683716,False,1,1,1,2,2,0,0,0,0,0,0
density_20_nback_0_id_30,20,0,HISTORICAL_FULL_RECORD_POST_TOR_INVALID,47.200000047683716,True,2,1,3,7,7,4,4,4,4,3,3
density_20_nback_0_id_30,20,0,POST_BUTTON_MANUAL,16.25,False,1,1,1,2,2,2,2,2,2,1,1
density_20_nback_0_id_30,20,0,POST_TOR_MANUAL,17.050000190734863,False,1,1,1,3,3,1,1,1,1,1,1
density_20_nback_0_id_32,20,0,HISTORICAL_ACUTE_8S_POST_TOR,7.950000047683716,False,2,2,4,4,4,2,2,2,2,1,1
density_20_nback_0_id_32,20,0,HISTORICAL_FULL_RECORD_POST_TOR_INVALID,44.450000047683716,True,4,2,7,12,12,9,9,9,9,7,7
density_20_nback_0_id_32,20,0,POST_BUTTON_MANUAL,12.299999952316284,False,1,1,3,7,7,6,6,5,5,4,4
density_20_nback_0_id_32,20,0,POST_TOR_MANUAL,14.299999952316284,False,2,2,4,8,8,5,5,5,5,4,4
density_20_nback_0_id_33,20,0,HISTORICAL_ACUTE_8S_POST_TOR,7.949999809265137,False,1,1,1,2,4,0,0,0,0,0,0
density_20_nback_0_id_33,20,0,HISTORICAL_FULL_RECORD_POST_TOR_INVALID,49.59999990463257,True,3,2,4,12,14,7,7,5,5,4,4
density_20_nback_0_id_33,20,0,POST_BUTTON_MANUAL,18.449999809265137,False,1,1,1,5,7,3,3,1,1,0,0
density_20_nback_0_id_33,20,0,POST_TOR_MANUAL,19.449999809265137,False,1,1,1,6,8,2,2,1,1,1,1
density_20_nback_0_id_34,20,0,HISTORICAL_ACUTE_8S_POST_TOR,7.950000047683716,False,1,1,1,3,3,2,2,2,2,2,2
density_20_nback_0_id_34,20,0,HISTORICAL_FULL_RECORD_POST_TOR_INVALID,47.25,True,3,2,5,12,12,11,11,8,8,6,6
density_20_nback_0_id_34,20,0,POST_BUTTON_MANUAL,16.25,False,1,1,1,7,7,6,6,4,4,2,2
density_20_nback_0_id_34,20,0,POST_TOR_MANUAL,17.09999990463257,False,1,1,1,8,8,6,6,4,4,2,2
density_20_nback_0_id_35,20,0,HISTORICAL_ACUTE_8S_POST_TOR,7.950000047683716,False,1,1,1,3,3,2,2,2,2,1,1
density_20_nback_0_id_35,20,0,HISTORICAL_FULL_RECORD_POST_TOR_INVALID,46.59999990463257,True,2,1,3,14,14,8,8,8,8,5,5
density_20_nback_0_id_35,20,0,POST_BUTTON_MANUAL,15.599999904632568,False,1,1,1,7,7,5,5,4,4,2,2
density_20_nback_0_id_35,20,0,POST_TOR_MANUAL,16.399999856948853,False,1,1,1,8,8,5,5,4,4,2,2
density_20_nback_0_id_37,20,0,HISTORICAL_ACUTE_8S_POST_TOR,7.949999809265137,False,1,1,1,5,5,1,1,1,1,1,1
density_20_nback_0_id_37,20,0,HISTORICAL_FULL_RECORD_POST_TOR_INVALID,54.799999952316284,True,1,1,1,13,13,8,8,7,7,6,6
density_20_nback_0_id_37,20,0,POST_BUTTON_MANUAL,23.84999990463257,False,1,1,1,10,10,9,9,6,6,6,6
density_20_nback_0_id_37,20,0,POST_TOR_MANUAL,24.649999856948853,False,1,1,1,11,11,6,6,6,6,6,6
density_20_nback_0_id_38,20,0,HISTORICAL_ACUTE_8S_POST_TOR,7.949999809265137,False,2,1,2,3,3,3,3,3,3,3,3
density_20_nback_0_id_38,20,0,HISTORICAL_FULL_RECORD_POST_TOR_INVALID,52.0,True,2,1,2,17,17,17,17,16,16,14,14
density_20_nback_0_id_38,20,0,POST_BUTTON_MANUAL,21.25,False,2,1,2,11,12,11,11,11,11,8,8
density_20_nback_0_id_38,20,0,POST_TOR_MANUAL,21.799999952316284,False,2,1,2,11,12,11,11,11,11,9,9
density_20_nback_0_id_39,20,0,HISTORICAL_ACUTE_8S_POST_TOR,7.950000047683716,False,2,2,2,5,5,0,0,0,0,0,0
density_20_nback_0_id_39,20,0,HISTORICAL_FULL_RECORD_POST_TOR_INVALID,53.5,True,5,4,6,15,15,10,10,10,10,7,7
density_20_nback_0_id_39,20,0,POST_BUTTON_MANUAL,21.549999952316284,False,4,3,5,9,9,7,7,7,7,2,2
density_20_nback_0_id_39,20,0,POST_TOR_MANUAL,23.34999990463257,False,4,3,5,10,10,6,6,6,6,3,3
density_20_nback_0_id_4,20,0,HISTORICAL_ACUTE_8S_POST_TOR,7.950000047683716,False,0,0,0,8,10,5,7,5,5,4,2
density_20_nback_0_id_4,20,0,HISTORICAL_FULL_RECORD_POST_TOR_INVALID,45.75,True,1,0,2,19,21,14,16,13,13,9,7
density_20_nback_0_id_4,20,0,POST_BUTTON_MANUAL,14.899999856948853,False,0,0,0,14,16,10,12,10,10,6,4
density_20_nback_0_id_4,20,0,POST_TOR_MANUAL,15.599999904632568,False,0,0,0,15,17,10,12,10,10,6,4
density_20_nback_0_id_40,20,0,HISTORICAL_ACUTE_8S_POST_TOR,7.950000047683716,False,1,0,4,5,5,5,5,4,4,4,4
density_20_nback_0_id_40,20,0,HISTORICAL_FULL_RECORD_POST_TOR_INVALID,44.950000047683716,True,2,1,5,14,14,11,11,9,9,9,9
density_20_nback_0_id_40,20,0,POST_BUTTON_MANUAL,13.349999904632568,False,2,1,5,8,8,7,7,7,7,6,6
density_20_nback_0_id_40,20,0,POST_TOR_MANUAL,14.799999952316284,False,2,1,5,8,8,8,8,7,7,6,6
density_20_nback_0_id_41,20,0,HISTORICAL_ACUTE_8S_POST_TOR,7.949999809265137,False,1,1,2,5,5,4,4,4,4,2,2
density_20_nback_0_id_41,20,0,HISTORICAL_FULL_RECORD_POST_TOR_INVALID,62.64999985694885,True,1,1,2,24,24,20,20,18,18,11,11
density_20_nback_0_id_41,20,0,POST_BUTTON_MANUAL,31.0,False,1,1,2,18,18,16,16,15,15,11,11
density_20_nback_0_id_41,20,0,POST_TOR_MANUAL,32.5,False,1,1,2,19,19,16,16,15,15,11,11
density_20_nback_0_id_42,20,0,HISTORICAL_ACUTE_8S_POST_TOR,7.950000047683716,False,2,1,3,4,5,4,4,2,2,0,0
density_20_nback_0_id_42,20,0,HISTORICAL_FULL_RECORD_POST_TOR_INVALID,53.450000047683716,True,3,3,4,19,19,18,18,14,14,6,6
density_20_nback_0_id_42,20,0,POST_BUTTON_MANUAL,22.09999990463257,False,2,2,3,15,15,14,14,9,9,3,4
density_20_nback_0_id_42,20,0,POST_TOR_MANUAL,23.299999952316284,False,2,2,3,15,15,14,14,10,10,4,4
density_20_nback_0_id_43,20,0,HISTORICAL_ACUTE_8S_POST_TOR,7.949999809265137,False,1,1,1,5,5,2,2,2,2,2,2
density_20_nback_0_id_43,20,0,HISTORICAL_FULL_RECORD_POST_TOR_INVALID,50.69999980926514,True,1,1,1,21,21,13,13,13,13,9,9
density_20_nback_0_id_43,20,0,POST_BUTTON_MANUAL,19.799999952316284,False,1,1,1,14,14,10,10,9,9,7,7
density_20_nback_0_id_43,20,0,POST_TOR_MANUAL,20.549999952316284,False,1,1,1,15,15,10,10,9,9,7,7
density_20_nback_0_id_44,20,0,HISTORICAL_ACUTE_8S_POST_TOR,7.949999809265137,False,1,1,1,2,2,2,2,2,2,2,2
density_20_nback_0_id_44,20,0,HISTORICAL_FULL_RECORD_POST_TOR_INVALID,51.049999952316284,True,3,2,3,13,13,12,12,12,12,7,7
density_20_nback_0_id_44,20,0,POST_BUTTON_MANUAL,19.450000047683716,False,1,1,1,8,8,8,8,7,7,4,4
density_20_nback_0_id_44,20,0,POST_TOR_MANUAL,20.84999990463257,False,1,1,1,8,8,8,8,7,7,5,5
density_20_nback_0_id_45,20,0,HISTORICAL_ACUTE_8S_POST_TOR,7.949999809265137,False,2,1,2,3,3,2,2,2,1,1,1
density_20_nback_0_id_45,20,0,HISTORICAL_FULL_RECORD_POST_TOR_INVALID,56.75,True,3,1,4,17,17,14,14,9,7,2,2
density_20_nback_0_id_45,20,0,POST_BUTTON_MANUAL,24.950000047683716,False,2,1,2,12,12,11,11,6,4,2,2
density_20_nback_0_id_45,20,0,POST_TOR_MANUAL,26.59999990463257,False,2,1,2,13,13,11,11,6,4,2,2
density_20_nback_0_id_46,20,0,HISTORICAL_ACUTE_8S_POST_TOR,7.950000047683716,False,1,1,2,3,3,2,2,2,2,2,2
density_20_nback_0_id_46,20,0,HISTORICAL_FULL_RECORD_POST_TOR_INVALID,42.0,True,2,1,5,13,13,9,9,9,9,9,9
density_20_nback_0_id_46,20,0,POST_BUTTON_MANUAL,10.850000143051147,False,1,1,2,2,2,2,2,2,2,2,2
density_20_nback_0_id_46,20,0,POST_TOR_MANUAL,11.800000190734863,False,1,1,2,3,3,2,2,2,2,2,2
density_20_nback_0_id_47,20,0,HISTORICAL_ACUTE_8S_POST_TOR,7.950000047683716,False,1,0,3,4,4,3,3,2,2,2,2
density_20_nback_0_id_47,20,0,HISTORICAL_FULL_RECORD_POST_TOR_INVALID,54.299999952316284,True,1,1,6,17,17,15,15,12,12,11,11
density_20_nback_0_id_47,20,0,POST_BUTTON_MANUAL,22.850000143051147,False,1,1,4,11,11,11,11,9,9,7,7
density_20_nback_0_id_47,20,0,POST_TOR_MANUAL,24.15000009536743,False,1,1,4,12,12,11,11,8,8,8,8
density_20_nback_0_id_48,20,0,HISTORICAL_ACUTE_8S_POST_TOR,7.950000047683716,False,4,3,6,2,2,1,1,0,0,0,0
density_20_nback_0_id_48,20,0,HISTORICAL_FULL_RECORD_POST_TOR_INVALID,66.09999990463257,True,5,3,7,15,15,12,12,9,9,7,7
density_20_nback_0_id_48,20,0,POST_BUTTON_MANUAL,35.450000047683716,False,5,3,7,13,13,11,11,9,9,7,7
density_20_nback_0_id_48,20,0,POST_TOR_MANUAL,36.0,False,5,3,7,13,13,11,11,9,9,7,7
density_20_nback_0_id_49,20,0,HISTORICAL_ACUTE_8S_POST_TOR,7.950000047683716,False,3,2,3,3,3,1,1,1,1,1,1
density_20_nback_0_id_49,20,0,HISTORICAL_FULL_RECORD_POST_TOR_INVALID,76.45000004768372,True,3,2,3,27,27,25,25,22,24,20,20
density_20_nback_0_id_49,20,0,POST_BUTTON_MANUAL,44.950000047683716,False,3,2,3,22,22,21,21,19,21,17,17
density_20_nback_0_id_49,20,0,POST_TOR_MANUAL,46.299999952316284,False,3,2,3,23,23,21,21,19,21,17,17
density_20_nback_0_id_5,20,0,HISTORICAL_ACUTE_8S_POST_TOR,7.950000047683716,False,3,2,3,5,5,5,5,0,1,0,0
density_20_nback_0_id_5,20,0,HISTORICAL_FULL_RECORD_POST_TOR_INVALID,60.10000014305115,True,4,2,4,21,23,20,20,15,15,14,14
density_20_nback_0_id_5,20,0,POST_BUTTON_MANUAL,28.25,False,4,2,4,15,17,12,15,12,12,11,12
density_20_nback_0_id_5,20,0,POST_TOR_MANUAL,29.90000009536743,False,4,2,4,16,18,16,16,12,12,12,12
density_20_nback_0_id_50,20,0,HISTORICAL_ACUTE_8S_POST_TOR,7.950000047683716,False,1,1,1,3,3,2,2,1,1,0,0
density_20_nback_0_id_50,20,0,HISTORICAL_FULL_RECORD_POST_TOR_INVALID,51.299999952316284,True,3,2,4,9,9,8,8,6,6,4,4
density_20_nback_0_id_50,20,0,POST_BUTTON_MANUAL,20.700000047683716,False,1,1,1,3,3,3,3,2,2,0,0
density_20_nback_0_id_50,20,0,POST_TOR_MANUAL,21.200000047683716,False,1,1,1,4,4,3,3,2,2,1,1
density_20_nback_0_id_51,20,0,HISTORICAL_ACUTE_8S_POST_TOR,7.950000047683716,False,1,1,1,3,3,2,2,2,2,2,2
density_20_nback_0_id_51,20,0,HISTORICAL_FULL_RECORD_POST_TOR_INVALID,51.450000047683716,True,3,1,4,15,15,13,13,9,9,8,8
density_20_nback_0_id_51,20,0,POST_BUTTON_MANUAL,20.450000047683716,False,1,1,1,9,9,8,8,5,5,4,4
density_20_nback_0_id_51,20,0,POST_TOR_MANUAL,21.25,False,1,1,1,10,10,8,8,5,5,4,4
density_20_nback_0_id_52,20,0,HISTORICAL_ACUTE_8S_POST_TOR,7.949999809265137,False,2,2,3,5,5,4,4,4,4,1,1
density_20_nback_0_id_52,20,0,HISTORICAL_FULL_RECORD_POST_TOR_INVALID,60.25,True,2,2,3,17,17,16,16,15,15,12,12
density_20_nback_0_id_52,20,0,POST_BUTTON_MANUAL,28.34999990463257,False,2,2,3,11,11,11,11,11,11,9,9
density_20_nback_0_id_52,20,0,POST_TOR_MANUAL,30.09999990463257,False,2,2,3,12,12,11,11,11,11,8,8
density_20_nback_0_id_53,20,0,HISTORICAL_ACUTE_8S_POST_TOR,7.949999809265137,False,1,1,1,3,3,2,2,2,2,2,2
density_20_nback_0_id_53,20,0,HISTORICAL_FULL_RECORD_POST_TOR_INVALID,48.89999985694885,True,2,1,3,15,15,14,14,13,13,11,11
density_20_nback_0_id_53,20,0,POST_BUTTON_MANUAL,17.949999809265137,False,1,1,1,9,9,9,9,9,9,7,7
density_20_nback_0_id_53,20,0,POST_TOR_MANUAL,18.699999809265137,False,1,1,1,10,10,9,9,9,9,7,7
density_20_nback_0_id_54,20,0,HISTORICAL_ACUTE_8S_POST_TOR,7.949999809265137,False,1,1,1,5,5,2,3,2,2,1,1
density_20_nback_0_id_54,20,0,HISTORICAL_FULL_RECORD_POST_TOR_INVALID,45.75,True,2,1,4,11,13,8,8,6,6,5,5
density_20_nback_0_id_54,20,0,POST_BUTTON_MANUAL,14.599999904632568,False,1,1,1,7,9,7,7,6,6,5,5
density_20_nback_0_id_54,20,0,POST_TOR_MANUAL,15.599999904632568,False,1,1,1,8,10,6,6,6,6,5,5
density_20_nback_0_id_55,20,0,HISTORICAL_ACUTE_8S_POST_TOR,7.949999809265137,False,1,1,2,6,6,3,3,2,2,1,1
density_20_nback_0_id_55,20,0,HISTORICAL_FULL_RECORD_POST_TOR_INVALID,47.19999980926514,True,3,1,5,10,10,6,6,4,4,2,2
density_20_nback_0_id_55,20,0,POST_BUTTON_MANUAL,16.0,False,1,1,2,7,7,6,6,2,2,2,2
density_20_nback_0_id_55,20,0,POST_TOR_MANUAL,17.049999952316284,False,1,1,2,8,8,5,5,3,3,2,2
density_20_nback_0_id_56,20,0,HISTORICAL_ACUTE_8S_POST_TOR,7.950000047683716,False,3,2,3,1,1,0,0,0,0,0,0
density_20_nback_0_id_56,20,0,HISTORICAL_FULL_RECORD_POST_TOR_INVALID,51.15000009536743,True,4,2,5,17,19,13,15,13,13,10,10
density_20_nback_0_id_56,20,0,POST_BUTTON_MANUAL,14.25,False,1,0,1,11,13,9,11,9,9,7,7
density_20_nback_0_id_56,20,0,POST_TOR_MANUAL,20.950000047683716,False,3,2,3,12,14,9,11,9,9,7,7
density_20_nback_0_id_57,20,0,HISTORICAL_ACUTE_8S_POST_TOR,7.950000047683716,False,2,1,2,2,2,1,1,1,1,1,1
density_20_nback_0_id_57,20,0,HISTORICAL_FULL_RECORD_POST_TOR_INVALID,49.39999985694885,True,2,1,3,13,13,9,9,9,9,8,8
density_20_nback_0_id_57,20,0,POST_BUTTON_MANUAL,17.59999990463257,False,2,1,3,8,8,6,6,6,6,5,5
density_20_nback_0_id_57,20,0,POST_TOR_MANUAL,19.299999952316284,False,2,1,3,9,9,6,6,6,6,5,5
density_20_nback_0_id_7,20,0,HISTORICAL_ACUTE_8S_POST_TOR,7.950000047683716,False,1,1,1,2,2,2,2,1,1,1,1
density_20_nback_0_id_7,20,0,HISTORICAL_FULL_RECORD_POST_TOR_INVALID,48.64999985694885,True,2,1,3,11,11,9,9,6,6,5,5
density_20_nback_0_id_7,20,0,POST_BUTTON_MANUAL,17.65000009536743,False,1,1,1,8,8,8,8,5,5,5,5
density_20_nback_0_id_7,20,0,POST_TOR_MANUAL,18.549999952316284,False,1,1,1,9,9,9,9,5,5,5,5
density_20_nback_0_id_8,20,0,HISTORICAL_ACUTE_8S_POST_TOR,7.949999809265137,False,1,1,1,4,4,3,3,3,3,3,3
density_20_nback_0_id_8,20,0,HISTORICAL_FULL_RECORD_POST_TOR_INVALID,57.299999952316284,True,2,2,2,22,22,18,18,14,14,9,9
density_20_nback_0_id_8,20,0,POST_BUTTON_MANUAL,25.700000047683716,False,1,1,1,15,15,14,14,11,11,6,6
density_20_nback_0_id_8,20,0,POST_TOR_MANUAL,27.149999856948853,False,1,1,1,16,16,14,14,11,11,6,6
density_20_nback_0_id_9,20,0,HISTORICAL_ACUTE_8S_POST_TOR,7.950000047683716,False,1,1,1,3,3,2,2,2,2,1,1
density_20_nback_0_id_9,20,0,HISTORICAL_FULL_RECORD_POST_TOR_INVALID,45.59999990463257,True,2,1,2,15,17,11,13,11,11,10,10
density_20_nback_0_id_9,20,0,POST_BUTTON_MANUAL,14.600000143051147,False,1,1,1,9,11,7,9,7,7,7,7
density_20_nback_0_id_9,20,0,POST_TOR_MANUAL,15.5,False,1,1,1,10,12,7,9,7,7,7,7
density_20_nback_1_id_1,20,1,HISTORICAL_ACUTE_8S_POST_TOR,7.950000047683716,False,3,2,5,2,2,0,1,0,0,0,0
density_20_nback_1_id_1,20,1,HISTORICAL_FULL_RECORD_POST_TOR_INVALID,56.5,True,7,5,12,14,14,13,13,9,9,6,6
density_20_nback_1_id_1,20,1,POST_BUTTON_MANUAL,25.40000009536743,False,4,3,7,8,9,8,8,6,6,5,5
density_20_nback_1_id_1,20,1,POST_TOR_MANUAL,26.350000143051147,False,4,3,7,9,9,8,8,6,6,5,5
density_20_nback_1_id_10,20,1,HISTORICAL_ACUTE_8S_POST_TOR,7.950000047683716,False,3,3,4,0,0,0,0,0,0,0,0
density_20_nback_1_id_10,20,1,HISTORICAL_FULL_RECORD_POST_TOR_INVALID,60.65000009536743,True,11,11,12,26,26,22,22,18,18,16,16
density_20_nback_1_id_10,20,1,POST_BUTTON_MANUAL,29.200000047683716,False,4,4,5,13,13,9,9,5,5,5,5
density_20_nback_1_id_10,20,1,POST_TOR_MANUAL,30.5,False,5,5,6,13,13,9,9,5,5,5,5
density_20_nback_1_id_11,20,1,HISTORICAL_ACUTE_8S_POST_TOR,7.950000047683716,False,2,1,2,2,2,2,2,2,2,2,2
density_20_nback_1_id_11,20,1,HISTORICAL_FULL_RECORD_POST_TOR_INVALID,46.34999990463257,True,3,1,5,12,14,10,10,10,10,10,10
density_20_nback_1_id_11,20,1,POST_BUTTON_MANUAL,14.350000143051147,False,1,0,2,6,8,5,5,5,5,5,5
density_20_nback_1_id_11,20,1,POST_TOR_MANUAL,16.200000047683716,False,2,1,3,6,8,5,5,5,5,5,5
density_20_nback_1_id_12,20,1,HISTORICAL_ACUTE_8S_POST_TOR,7.950000047683716,False,1,1,1,3,3,3,3,3,3,2,2
density_20_nback_1_id_12,20,1,HISTORICAL_FULL_RECORD_POST_TOR_INVALID,44.450000047683716,True,2,2,4,10,14,8,8,8,8,6,6
density_20_nback_1_id_12,20,1,POST_BUTTON_MANUAL,13.0,False,1,1,1,5,9,5,5,5,5,5,5
density_20_nback_1_id_12,20,1,POST_TOR_MANUAL,14.300000190734863,False,1,1,1,5,9,5,5,5,5,5,5
density_20_nback_1_id_14,20,1,HISTORICAL_ACUTE_8S_POST_TOR,7.950000047683716,False,2,2,3,3,3,3,3,3,3,2,2
density_20_nback_1_id_14,20,1,HISTORICAL_FULL_RECORD_POST_TOR_INVALID,39.700000047683716,True,5,3,7,13,13,11,11,11,11,10,10
density_20_nback_1_id_14,20,1,POST_BUTTON_MANUAL,9.0,False,2,2,3,3,3,3,3,3,3,2,2
density_20_nback_1_id_14,20,1,POST_TOR_MANUAL,9.550000190734863,False,2,2,3,3,3,3,3,3,3,2,2
density_20_nback_1_id_15,20,1,HISTORICAL_ACUTE_8S_POST_TOR,7.949999809265137,False,3,2,5,3,3,0,0,0,0,0,0
density_20_nback_1_id_15,20,1,HISTORICAL_FULL_RECORD_POST_TOR_INVALID,64.29999995231628,True,11,8,14,34,36,22,26,22,22,20,20
density_20_nback_1_id_15,20,1,POST_BUTTON_MANUAL,32.450000047683716,False,6,5,7,26,31,16,16,16,16,14,14
density_20_nback_1_id_15,20,1,POST_TOR_MANUAL,34.14999985694885,False,7,6,8,26,28,16,20,16,16,14,14
density_20_nback_1_id_16,20,1,HISTORICAL_ACUTE_8S_POST_TOR,7.950000047683716,False,1,1,1,1,1,1,1,1,1,1,1
density_20_nback_1_id_16,20,1,HISTORICAL_FULL_RECORD_POST_TOR_INVALID,48.05000019073486,True,2,2,4,14,14,12,12,10,10,10,10
density_20_nback_1_id_16,20,1,POST_BUTTON_MANUAL,16.15000009536743,False,0,0,0,10,10,8,8,8,8,7,7
density_20_nback_1_id_16,20,1,POST_TOR_MANUAL,17.90000009536743,False,1,1,1,10,10,8,8,8,8,7,7
density_20_nback_1_id_17,20,1,HISTORICAL_ACUTE_8S_POST_TOR,7.949999809265137,False,2,2,2,4,4,2,2,2,2,2,2
density_20_nback_1_id_17,20,1,HISTORICAL_FULL_RECORD_POST_TOR_INVALID,45.14999985694885,True,4,4,6,16,16,12,12,10,10,10,10
density_20_nback_1_id_17,20,1,POST_BUTTON_MANUAL,13.650000095367432,False,2,2,2,8,8,6,6,4,4,4,4
density_20_nback_1_id_17,20,1,POST_TOR_MANUAL,15.0,False,2,2,2,8,8,6,6,4,4,4,4
density_20_nback_1_id_18,20,1,HISTORICAL_ACUTE_8S_POST_TOR,7.950000047683716,False,1,1,1,3,3,2,2,2,2,2,2
density_20_nback_1_id_18,20,1,HISTORICAL_FULL_RECORD_POST_TOR_INVALID,49.549999952316284,True,4,2,4,16,16,16,16,12,12,10,10
density_20_nback_1_id_18,20,1,POST_BUTTON_MANUAL,18.350000143051147,False,1,1,1,9,9,9,9,6,6,6,6
density_20_nback_1_id_18,20,1,POST_TOR_MANUAL,19.40000009536743,False,1,1,1,9,9,9,9,6,6,6,6
density_20_nback_1_id_19,20,1,HISTORICAL_ACUTE_8S_POST_TOR,7.950000047683716,False,2,2,2,1,1,1,1,1,1,0,0
density_20_nback_1_id_19,20,1,HISTORICAL_FULL_RECORD_POST_TOR_INVALID,47.75,True,4,3,7,14,14,8,10,6,6,1,1
density_20_nback_1_id_19,20,1,POST_BUTTON_MANUAL,16.65000009536743,False,2,2,2,8,8,6,8,3,3,0,0
density_20_nback_1_id_19,20,1,POST_TOR_MANUAL,17.600000143051147,False,2,2,2,8,8,6,8,3,3,0,0
density_20_nback_1_id_2,20,1,HISTORICAL_ACUTE_8S_POST_TOR,7.949999809265137,False,1,1,1,3,3,2,2,2,2,1,1
density_20_nback_1_id_2,20,1,HISTORICAL_FULL_RECORD_POST_TOR_INVALID,43.75,True,5,4,6,14,14,12,12,10,12,10,10
density_20_nback_1_id_2,20,1,POST_BUTTON_MANUAL,11.649999856948853,False,0,0,0,7,7,5,5,5,5,4,4
density_20_nback_1_id_2,20,1,POST_TOR_MANUAL,13.649999856948853,False,1,1,1,7,7,5,5,5,5,4,4
density_20_nback_1_id_20,20,1,HISTORICAL_ACUTE_8S_POST_TOR,7.950000047683716,False,3,3,3,3,3,3,3,1,1,0,0
density_20_nback_1_id_20,20,1,HISTORICAL_FULL_RECORD_POST_TOR_INVALID,55.950000047683716,True,10,7,14,22,56,22,56,18,50,15,47
density_20_nback_1_id_20,20,1,POST_BUTTON_MANUAL,23.799999952316284,False,2,2,2,10,10,10,10,6,6,5,5
density_20_nback_1_id_20,20,1,POST_TOR_MANUAL,25.84999990463257,False,3,3,3,10,10,10,10,6,6,5,5
density_20_nback_1_id_21,20,1,HISTORICAL_ACUTE_8S_POST_TOR,7.950000047683716,False,1,1,1,3,4,3,3,3,3,3,3
density_20_nback_1_id_21,20,1,HISTORICAL_FULL_RECORD_POST_TOR_INVALID,49.90000009536743,True,3,3,5,18,18,14,14,14,14,8,8
density_20_nback_1_id_21,20,1,POST_BUTTON_MANUAL,18.09999990463257,False,0,0,0,12,12,9,9,9,9,7,7
density_20_nback_1_id_21,20,1,POST_TOR_MANUAL,19.75,False,1,1,1,12,12,9,9,9,9,7,7
density_20_nback_1_id_22,20,1,HISTORICAL_ACUTE_8S_POST_TOR,7.950000047683716,False,1,1,1,3,3,3,3,2,2,2,2
density_20_nback_1_id_22,20,1,HISTORICAL_FULL_RECORD_POST_TOR_INVALID,41.200000047683716,True,3,3,4,14,14,10,10,8,8,7,7
density_20_nback_1_id_22,20,1,POST_BUTTON_MANUAL,10.5,False,1,1,1,6,6,4,4,2,2,2,2
density_20_nback_1_id_22,20,1,POST_TOR_MANUAL,11.100000143051147,False,1,1,1,6,6,4,4,2,2,2,2
density_20_nback_1_id_23,20,1,HISTORICAL_ACUTE_8S_POST_TOR,7.949999809265137,False,2,2,2,1,1,1,1,1,1,0,0
density_20_nback_1_id_23,20,1,HISTORICAL_FULL_RECORD_POST_TOR_INVALID,44.34999990463257,True,6,5,8,12,12,10,10,10,10,5,5
density_20_nback_1_id_23,20,1,POST_BUTTON_MANUAL,12.199999809265137,False,1,1,2,5,5,3,3,3,3,1,1
density_20_nback_1_id_23,20,1,POST_TOR_MANUAL,14.199999809265137,False,2,2,3,5,5,3,3,3,3,1,1
density_20_nback_1_id_24,20,1,HISTORICAL_ACUTE_8S_POST_TOR,7.950000047683716,False,1,1,2,8,8,8,8,6,8,4,8
density_20_nback_1_id_24,20,1,HISTORICAL_FULL_RECORD_POST_TOR_INVALID,47.59999990463257,True,4,3,6,18,18,18,18,14,16,10,14
density_20_nback_1_id_24,20,1,POST_BUTTON_MANUAL,14.900000095367432,False,0,0,1,14,14,13,13,11,13,9,13
density_20_nback_1_id_24,20,1,POST_TOR_MANUAL,17.450000047683716,False,1,1,2,14,14,13,13,11,13,9,13
density_20_nback_1_id_25,20,1,HISTORICAL_ACUTE_8S_POST_TOR,7.950000047683716,False,1,1,2,1,1,1,1,1,1,1,1
density_20_nback_1_id_25,20,1,HISTORICAL_FULL_RECORD_POST_TOR_INVALID,80.39999985694885,True,7,4,12,25,25,23,23,17,19,11,13
density_20_nback_1_id_25,20,1,POST_BUTTON_MANUAL,48.59999990463257,False,4,2,8,21,21,20,21,16,16,10,12
density_20_nback_1_id_25,20,1,POST_TOR_MANUAL,50.299999952316284,False,5,3,9,21,21,20,21,16,16,10,12
density_20_nback_1_id_26,20,1,HISTORICAL_ACUTE_8S_POST_TOR,7.949999809265137,False,1,1,1,4,6,2,2,2,2,1,1
density_20_nback_1_id_26,20,1,HISTORICAL_FULL_RECORD_POST_TOR_INVALID,44.549999952316284,True,5,4,5,12,14,10,10,8,10,8,8
density_20_nback_1_id_26,20,1,POST_BUTTON_MANUAL,12.599999904632568,False,0,0,0,6,8,4,4,2,4,2,2
density_20_nback_1_id_26,20,1,POST_TOR_MANUAL,14.449999809265137,False,1,1,1,6,8,4,4,2,4,2,2
density_20_nback_1_id_28,20,1,HISTORICAL_ACUTE_8S_POST_TOR,7.950000047683716,False,1,1,2,4,4,2,2,2,2,1,2
density_20_nback_1_id_28,20,1,HISTORICAL_FULL_RECORD_POST_TOR_INVALID,46.34999990463257,True,5,3,8,15,15,11,11,10,10,6,8
density_20_nback_1_id_28,20,1,POST_BUTTON_MANUAL,15.0,False,0,0,1,9,9,5,5,4,5,2,4
density_20_nback_1_id_28,20,1,POST_TOR_MANUAL,16.149999856948853,False,1,1,2,9,9,5,5,4,5,2,4
density_20_nback_1_id_29,20,1,HISTORICAL_ACUTE_8S_POST_TOR,7.949999809265137,False,1,1,1,4,4,4,4,2,2,2,2
density_20_nback_1_id_29,20,1,HISTORICAL_FULL_RECORD_POST_TOR_INVALID,48.0,True,4,2,4,18,18,14,14,11,11,9,9
density_20_nback_1_id_29,20,1,POST_BUTTON_MANUAL,16.34999990463257,False,0,0,0,11,11,7,7,5,5,5,5
density_20_nback_1_id_29,20,1,POST_TOR_MANUAL,17.84999990463257,False,1,1,1,11,11,7,7,5,5,5,5
density_20_nback_1_id_3,20,1,HISTORICAL_ACUTE_8S_POST_TOR,7.950000047683716,False,3,2,3,4,4,4,4,4,4,2,2
density_20_nback_1_id_3,20,1,HISTORICAL_FULL_RECORD_POST_TOR_INVALID,42.60000014305115,True,6,3,7,14,16,12,12,10,10,8,8
density_20_nback_1_id_3,20,1,POST_BUTTON_MANUAL,11.799999952316284,False,3,2,3,7,9,7,7,7,7,5,5
density_20_nback_1_id_3,20,1,POST_TOR_MANUAL,12.400000095367432,False,3,2,3,7,9,7,7,7,7,5,5
density_20_nback_1_id_30,20,1,HISTORICAL_ACUTE_8S_POST_TOR,7.950000047683716,False,2,2,2,3,3,1,1,1,1,1,1
density_20_nback_1_id_30,20,1,HISTORICAL_FULL_RECORD_POST_TOR_INVALID,49.25,True,4,4,4,18,48,14,44,12,42,12,42
density_20_nback_1_id_30,20,1,POST_BUTTON_MANUAL,17.299999952316284,False,1,1,1,7,7,5,5,3,3,3,3
density_20_nback_1_id_30,20,1,POST_TOR_MANUAL,19.09999990463257,False,2,2,2,7,7,5,5,3,3,3,3
density_20_nback_1_id_31,20,1,HISTORICAL_ACUTE_8S_POST_TOR,7.950000047683716,False,1,1,2,4,4,1,1,1,1,1,1
density_20_nback_1_id_31,20,1,HISTORICAL_FULL_RECORD_POST_TOR_INVALID,49.25,True,4,2,6,19,25,12,20,12,16,12,16
density_20_nback_1_id_31,20,1,POST_BUTTON_MANUAL,17.84999990463257,False,1,1,2,10,10,5,5,4,4,4,4
density_20_nback_1_id_31,20,1,POST_TOR_MANUAL,19.049999952316284,False,1,1,2,10,10,5,5,4,4,4,4
density_20_nback_1_id_32,20,1,HISTORICAL_ACUTE_8S_POST_TOR,7.950000047683716,False,1,1,1,2,2,2,2,2,2,2,2
density_20_nback_1_id_32,20,1,HISTORICAL_FULL_RECORD_POST_TOR_INVALID,44.15000009536743,True,4,4,6,10,10,10,10,10,10,8,8
density_20_nback_1_id_32,20,1,POST_BUTTON_MANUAL,12.25,False,0,0,0,4,4,4,4,4,4,2,2
density_20_nback_1_id_32,20,1,POST_TOR_MANUAL,14.0,False,1,1,1,4,4,4,4,4,4,2,2
density_20_nback_1_id_33,20,1,HISTORICAL_ACUTE_8S_POST_TOR,7.949999809265137,False,2,2,2,3,3,1,1,1,1,0,0
density_20_nback_1_id_33,20,1,HISTORICAL_FULL_RECORD_POST_TOR_INVALID,47.299999952316284,True,5,4,6,14,14,8,8,6,6,1,1
density_20_nback_1_id_33,20,1,POST_BUTTON_MANUAL,16.09999990463257,False,2,2,2,7,7,3,3,3,3,0,0
density_20_nback_1_id_33,20,1,POST_TOR_MANUAL,17.149999856948853,False,2,2,2,7,7,3,3,3,3,0,0
density_20_nback_1_id_34,20,1,HISTORICAL_ACUTE_8S_POST_TOR,7.950000047683716,False,1,1,1,3,3,3,3,3,2,2,2
density_20_nback_1_id_34,20,1,HISTORICAL_FULL_RECORD_POST_TOR_INVALID,46.30000019073486,True,5,2,6,14,14,12,12,10,10,10,10
density_20_nback_1_id_34,20,1,POST_BUTTON_MANUAL,13.799999952316284,False,0,0,0,8,8,6,6,4,4,4,4
density_20_nback_1_id_34,20,1,POST_TOR_MANUAL,16.200000047683716,False,1,1,1,8,8,6,6,4,4,4,4
density_20_nback_1_id_36,20,1,HISTORICAL_ACUTE_8S_POST_TOR,7.950000047683716,False,1,1,1,3,3,1,1,1,1,1,1
density_20_nback_1_id_36,20,1,HISTORICAL_FULL_RECORD_POST_TOR_INVALID,56.40000009536743,True,4,2,5,16,16,10,10,8,8,4,4
density_20_nback_1_id_36,20,1,POST_BUTTON_MANUAL,24.299999952316284,False,2,1,2,11,11,7,7,5,5,1,1
density_20_nback_1_id_36,20,1,POST_TOR_MANUAL,26.25,False,3,2,3,11,11,7,7,5,5,1,1
density_20_nback_1_id_38,20,1,HISTORICAL_ACUTE_8S_POST_TOR,7.950000047683716,False,2,2,3,2,2,1,1,1,1,1,1
density_20_nback_1_id_38,20,1,HISTORICAL_FULL_RECORD_POST_TOR_INVALID,59.950000047683716,True,5,4,8,23,23,20,20,20,20,20,20
density_20_nback_1_id_38,20,1,POST_BUTTON_MANUAL,27.75,False,3,3,4,16,16,15,15,15,15,15,15
density_20_nback_1_id_38,20,1,POST_TOR_MANUAL,29.799999952316284,False,4,4,5,16,16,15,15,15,15,15,15
density_20_nback_1_id_39,20,1,HISTORICAL_ACUTE_8S_POST_TOR,7.949999809265137,False,2,1,5,0,0,0,0,0,0,0,0
density_20_nback_1_id_39,20,1,HISTORICAL_FULL_RECORD_POST_TOR_INVALID,83.04999995231628,True,10,6,24,36,36,28,30,22,22,18,18
density_20_nback_1_id_39,20,1,POST_BUTTON_MANUAL,51.799999952316284,False,6,4,17,29,29,23,25,16,16,12,12
density_20_nback_1_id_39,20,1,POST_TOR_MANUAL,52.89999985694885,False,7,5,19,29,29,23,25,16,16,12,12
density_20_nback_1_id_4,20,1,HISTORICAL_ACUTE_8S_POST_TOR,7.950000047683716,False,1,1,1,2,2,1,1,1,1,0,0
density_20_nback_1_id_4,20,1,HISTORICAL_FULL_RECORD_POST_TOR_INVALID,57.80000019073486,True,2,1,4,14,16,14,14,12,12,3,3
density_20_nback_1_id_4,20,1,POST_BUTTON_MANUAL,25.549999952316284,False,0,0,0,9,11,9,9,9,9,1,1
density_20_nback_1_id_4,20,1,POST_TOR_MANUAL,27.65000009536743,False,1,1,1,9,11,9,9,9,9,1,1
density_20_nback_1_id_40,20,1,HISTORICAL_ACUTE_8S_POST_TOR,7.950000047683716,False,2,2,3,1,1,1,1,1,1,1,1
density_20_nback_1_id_40,20,1,HISTORICAL_FULL_RECORD_POST_TOR_INVALID,53.64999985694885,True,3,2,6,12,12,10,10,10,10,8,8
density_20_nback_1_id_40,20,1,POST_BUTTON_MANUAL,22.15000009536743,False,2,1,3,4,4,4,4,4,4,4,4
density_20_nback_1_id_40,20,1,POST_TOR_MANUAL,23.5,False,3,2,4,4,4,4,4,4,4,4,4
density_20_nback_1_id_41,20,1,HISTORICAL_ACUTE_8S_POST_TOR,7.950000047683716,False,3,2,3,6,6,5,5,2,2,2,2
density_20_nback_1_id_41,20,1,HISTORICAL_FULL_RECORD_POST_TOR_INVALID,74.64999985694885,True,11,8,15,40,42,38,38,28,28,26,26
density_20_nback_1_id_41,20,1,POST_BUTTON_MANUAL,43.10000014305115,False,6,4,8,33,35,32,32,22,22,22,22
density_20_nback_1_id_41,20,1,POST_TOR_MANUAL,44.5,False,7,5,9,33,35,32,32,22,22,22,22
density_20_nback_1_id_43,20,1,HISTORICAL_ACUTE_8S_POST_TOR,7.950000047683716,False,3,2,3,0,0,0,0,0,0,0,0
density_20_nback_1_id_43,20,1,HISTORICAL_FULL_RECORD_POST_TOR_INVALID,61.450000047683716,True,9,9,11,24,24,20,20,18,18,12,12
density_20_nback_1_id_43,20,1,POST_BUTTON_MANUAL,29.75,False,3,3,4,13,13,11,11,9,9,7,7
density_20_nback_1_id_43,20,1,POST_TOR_MANUAL,31.299999952316284,False,4,4,5,13,13,11,11,9,9,7,7
density_20_nback_1_id_44,20,1,HISTORICAL_ACUTE_8S_POST_TOR,7.950000047683716,False,2,2,2,2,2,1,1,1,1,1,1
density_20_nback_1_id_44,20,1,HISTORICAL_FULL_RECORD_POST_TOR_INVALID,62.90000009536743,True,8,8,10,25,25,22,22,14,16,12,12
density_20_nback_1_id_44,20,1,POST_BUTTON_MANUAL,31.299999952316284,False,2,2,2,14,14,13,13,10,10,8,8
density_20_nback_1_id_44,20,1,POST_TOR_MANUAL,32.75,False,3,3,3,14,14,13,13,10,10,8,8
density_20_nback_1_id_45,20,1,HISTORICAL_ACUTE_8S_POST_TOR,7.950000047683716,False,3,3,3,1,3,0,0,0,0,0,0
density_20_nback_1_id_45,20,1,HISTORICAL_FULL_RECORD_POST_TOR_INVALID,58.200000047683716,True,6,5,8,23,37,18,28,18,28,12,20
density_20_nback_1_id_45,20,1,POST_BUTTON_MANUAL,26.199999809265137,False,3,3,3,15,17,12,12,12,12,6,6
density_20_nback_1_id_45,20,1,POST_TOR_MANUAL,28.09999990463257,False,4,4,4,15,17,12,12,12,12,6,6
density_20_nback_1_id_46,20,1,HISTORICAL_ACUTE_8S_POST_TOR,7.950000047683716,False,4,4,5,2,2,2,2,2,2,2,2
density_20_nback_1_id_46,20,1,HISTORICAL_FULL_RECORD_POST_TOR_INVALID,54.0,True,10,10,13,28,28,24,24,16,18,12,12
density_20_nback_1_id_46,20,1,POST_BUTTON_MANUAL,22.59999990463257,False,7,7,9,9,9,8,8,5,5,4,4
density_20_nback_1_id_46,20,1,POST_TOR_MANUAL,23.84999990463257,False,8,8,10,9,9,8,8,5,5,4,4
density_20_nback_1_id_47,20,1,HISTORICAL_ACUTE_8S_POST_TOR,7.950000047683716,False,2,2,3,2,2,2,2,0,0,0,0
density_20_nback_1_id_47,20,1,HISTORICAL_FULL_RECORD_POST_TOR_INVALID,59.59999990463257,True,9,8,10,28,30,26,26,22,22,18,18
density_20_nback_1_id_47,20,1,POST_BUTTON_MANUAL,27.600000143051147,False,2,1,3,15,17,15,15,11,11,9,9
density_20_nback_1_id_47,20,1,POST_TOR_MANUAL,29.450000047683716,False,3,2,4,15,17,15,15,11,11,9,9
density_20_nback_1_id_48,20,1,HISTORICAL_ACUTE_8S_POST_TOR,7.950000047683716,False,3,3,3,0,2,0,0,0,0,0,0
density_20_nback_1_id_48,20,1,HISTORICAL_FULL_RECORD_POST_TOR_INVALID,62.799999952316284,True,8,6,9,20,22,16,16,14,14,10,10
density_20_nback_1_id_48,20,1,POST_BUTTON_MANUAL,30.75,False,6,4,6,15,17,10,10,9,9,7,7
density_20_nback_1_id_48,20,1,POST_TOR_MANUAL,32.75,False,7,5,7,15,17,10,10,9,9,7,7
density_20_nback_1_id_49,20,1,HISTORICAL_ACUTE_8S_POST_TOR,7.950000047683716,False,3,3,3,2,2,0,0,0,0,0,0
density_20_nback_1_id_49,20,1,HISTORICAL_FULL_RECORD_POST_TOR_INVALID,94.20000004768372,True,4,3,7,47,47,39,39,39,39,26,26
density_20_nback_1_id_49,20,1,POST_BUTTON_MANUAL,62.25,False,3,2,4,41,41,37,37,37,37,25,25
density_20_nback_1_id_49,20,1,POST_TOR_MANUAL,64.09999990463257,False,4,3,5,41,41,37,37,37,37,25,25
density_20_nback_1_id_5,20,1,HISTORICAL_ACUTE_8S_POST_TOR,7.949999809265137,False,2,2,3,4,4,3,3,3,3,3,3
density_20_nback_1_id_5,20,1,HISTORICAL_FULL_RECORD_POST_TOR_INVALID,163.79999995231628,True,6,5,9,82,86,71,71,61,59,33,33
density_20_nback_1_id_5,20,1,POST_BUTTON_MANUAL,131.54999995231628,False,4,3,7,76,80,65,65,55,53,29,29
density_20_nback_1_id_5,20,1,POST_TOR_MANUAL,133.69999980926514,False,5,4,8,76,80,65,65,55,53,29,29
density_20_nback_1_id_51,20,1,HISTORICAL_ACUTE_8S_POST_TOR,7.950000047683716,False,4,2,5,3,3,1,1,1,1,0,0
density_20_nback_1_id_51,20,1,HISTORICAL_FULL_RECORD_POST_TOR_INVALID,86.34999990463257,True,13,8,27,30,30,24,24,20,20,17,17
density_20_nback_1_id_51,20,1,POST_BUTTON_MANUAL,54.5,False,12,7,24,16,16,11,11,9,9,8,8
density_20_nback_1_id_51,20,1,POST_TOR_MANUAL,56.200000047683716,False,13,8,25,16,16,11,11,9,9,8,8
density_20_nback_1_id_52,20,1,HISTORICAL_ACUTE_8S_POST_TOR,7.950000047683716,False,2,2,3,4,4,2,2,1,1,1,1
density_20_nback_1_id_52,20,1,HISTORICAL_FULL_RECORD_POST_TOR_INVALID,91.75,True,11,5,22,32,32,28,28,28,28,24,24
density_20_nback_1_id_52,20,1,POST_BUTTON_MANUAL,59.799999952316284,False,10,4,20,26,26,22,22,22,22,17,17
density_20_nback_1_id_52,20,1,POST_TOR_MANUAL,61.64999985694885,False,11,5,21,26,26,22,22,22,22,17,17
density_20_nback_1_id_53,20,1,HISTORICAL_ACUTE_8S_POST_TOR,7.950000047683716,False,4,4,4,2,2,2,2,2,2,0,0
density_20_nback_1_id_53,20,1,HISTORICAL_FULL_RECORD_POST_TOR_INVALID,56.34999990463257,True,5,5,6,18,18,14,14,14,14,12,12
density_20_nback_1_id_53,20,1,POST_BUTTON_MANUAL,25.65000009536743,False,4,4,4,13,13,9,9,9,9,7,7
density_20_nback_1_id_53,20,1,POST_TOR_MANUAL,26.25,False,4,4,4,13,13,9,9,9,9,7,7
density_20_nback_1_id_54,20,1,HISTORICAL_ACUTE_8S_POST_TOR,7.950000047683716,False,1,1,1,5,5,5,5,4,4,2,2
density_20_nback_1_id_54,20,1,HISTORICAL_FULL_RECORD_POST_TOR_INVALID,47.049999952316284,True,1,1,1,18,18,16,16,14,14,10,10
density_20_nback_1_id_54,20,1,POST_BUTTON_MANUAL,15.850000143051147,False,0,0,0,11,11,9,9,7,7,4,4
density_20_nback_1_id_54,20,1,POST_TOR_MANUAL,16.950000047683716,False,1,1,1,11,11,9,9,7,7,4,4
density_20_nback_1_id_55,20,1,HISTORICAL_ACUTE_8S_POST_TOR,7.950000047683716,False,3,2,4,2,2,2,2,1,1,0,0
density_20_nback_1_id_55,20,1,HISTORICAL_FULL_RECORD_POST_TOR_INVALID,57.950000047683716,True,6,5,7,18,18,16,18,13,13,10,10
density_20_nback_1_id_55,20,1,POST_BUTTON_MANUAL,25.950000047683716,False,3,2,4,11,11,9,11,6,6,5,5
density_20_nback_1_id_55,20,1,POST_TOR_MANUAL,27.84999990463257,False,4,3,5,11,11,9,11,6,6,5,5
density_20_nback_1_id_56,20,1,HISTORICAL_ACUTE_8S_POST_TOR,7.950000047683716,False,2,2,2,5,5,2,2,1,1,1,1
density_20_nback_1_id_56,20,1,HISTORICAL_FULL_RECORD_POST_TOR_INVALID,62.90000009536743,True,7,6,12,28,56,22,52,20,50,14,44
density_20_nback_1_id_56,20,1,POST_BUTTON_MANUAL,31.84999990463257,False,2,2,2,17,17,13,13,11,11,7,7
density_20_nback_1_id_56,20,1,POST_TOR_MANUAL,32.799999952316284,False,3,3,3,17,17,13,13,11,11,7,7
density_20_nback_1_id_57,20,1,HISTORICAL_ACUTE_8S_POST_TOR,7.950000047683716,False,2,2,2,1,1,1,1,1,1,0,0
density_20_nback_1_id_57,20,1,HISTORICAL_FULL_RECORD_POST_TOR_INVALID,54.200000047683716,True,5,4,8,20,20,20,20,14,16,14,14
density_20_nback_1_id_57,20,1,POST_BUTTON_MANUAL,22.5,False,1,1,3,11,11,11,11,7,7,7,7
density_20_nback_1_id_57,20,1,POST_TOR_MANUAL,24.0,False,2,2,4,11,11,11,11,7,7,7,7
density_20_nback_1_id_6,20,1,HISTORICAL_ACUTE_8S_POST_TOR,7.950000047683716,False,2,1,2,5,12,1,2,1,1,1,1
density_20_nback_1_id_6,20,1,HISTORICAL_FULL_RECORD_POST_TOR_INVALID,54.35000014305115,True,5,3,6,25,32,16,17,16,16,14,14
density_20_nback_1_id_6,20,1,POST_BUTTON_MANUAL,22.84999990463257,False,2,1,2,18,25,9,10,9,9,9,9
density_20_nback_1_id_6,20,1,POST_TOR_MANUAL,24.200000047683716,False,2,1,2,18,25,9,10,9,9,9,9
density_20_nback_1_id_7,20,1,HISTORICAL_ACUTE_8S_POST_TOR,7.950000047683716,False,1,1,1,3,3,2,2,1,1,1,1
density_20_nback_1_id_7,20,1,HISTORICAL_FULL_RECORD_POST_TOR_INVALID,46.65000009536743,True,4,4,5,16,18,10,12,8,8,6,6
density_20_nback_1_id_7,20,1,POST_BUTTON_MANUAL,15.149999856948853,False,1,1,1,9,11,5,5,5,5,3,3
density_20_nback_1_id_7,20,1,POST_TOR_MANUAL,16.5,False,1,1,1,9,11,5,5,5,5,3,3
density_20_nback_1_id_8,20,1,HISTORICAL_ACUTE_8S_POST_TOR,7.950000047683716,False,1,1,1,6,6,4,4,4,4,3,3
density_20_nback_1_id_8,20,1,HISTORICAL_FULL_RECORD_POST_TOR_INVALID,50.200000047683716,True,4,3,4,20,18,14,14,14,14,12,12
density_20_nback_1_id_8,20,1,POST_BUTTON_MANUAL,18.299999952316284,False,0,0,0,13,11,9,9,9,9,8,8
density_20_nback_1_id_8,20,1,POST_TOR_MANUAL,20.049999952316284,False,1,1,1,13,11,9,9,9,9,8,8
density_20_nback_1_id_9,20,1,HISTORICAL_ACUTE_8S_POST_TOR,7.950000047683716,False,2,2,3,3,3,3,3,3,3,3,3
density_20_nback_1_id_9,20,1,HISTORICAL_FULL_RECORD_POST_TOR_INVALID,53.25,True,4,3,7,18,18,14,14,14,14,12,12
density_20_nback_1_id_9,20,1,POST_BUTTON_MANUAL,21.75,False,3,2,4,13,13,9,9,9,8,6,6
density_20_nback_1_id_9,20,1,POST_TOR_MANUAL,23.200000047683716,False,4,3,5,13,13,9,9,9,8,6,6
density_20_nback_2_id_1,20,2,HISTORICAL_ACUTE_8S_POST_TOR,7.950000047683716,False,2,1,2,3,3,2,2,0,0,0,0
density_20_nback_2_id_1,20,2,HISTORICAL_FULL_RECORD_POST_TOR_INVALID,54.549999952316284,True,3,1,4,15,15,11,11,7,7,3,3
density_20_nback_2_id_1,20,2,POST_BUTTON_MANUAL,22.549999952316284,False,2,1,2,12,12,9,9,5,5,3,3
density_20_nback_2_id_1,20,2,POST_TOR_MANUAL,24.40000009536743,False,2,1,2,12,12,9,9,5,5,3,3
density_20_nback_2_id_10,20,2,HISTORICAL_ACUTE_8S_POST_TOR,7.950000047683716,False,4,3,5,3,3,0,0,0,0,0,0
density_20_nback_2_id_10,20,2,HISTORICAL_FULL_RECORD_POST_TOR_INVALID,56.35000014305115,True,5,4,6,16,16,10,12,8,8,7,7
density_20_nback_2_id_10,20,2,POST_BUTTON_MANUAL,24.5,False,4,3,4,12,12,6,8,5,5,5,5
density_20_nback_2_id_10,20,2,POST_TOR_MANUAL,26.200000047683716,False,5,4,6,12,12,6,8,5,5,5,5
density_20_nback_2_id_11,20,2,HISTORICAL_ACUTE_8S_POST_TOR,7.949999809265137,False,4,2,4,2,2,2,2,1,1,1,1
density_20_nback_2_id_11,20,2,HISTORICAL_FULL_RECORD_POST_TOR_INVALID,49.299999952316284,True,5,3,5,16,16,13,13,13,13,10,10
density_20_nback_2_id_11,20,2,POST_BUTTON_MANUAL,17.5,False,3,1,3,10,10,9,9,8,8,7,7
density_20_nback_2_id_11,20,2,POST_TOR_MANUAL,19.09999990463257,False,4,2,4,10,10,9,9,8,8,7,7
density_20_nback_2_id_12,20,2,HISTORICAL_ACUTE_8S_POST_TOR,7.950000047683716,False,2,0,2,4,4,3,3,3,3,3,3
density_20_nback_2_id_12,20,2,HISTORICAL_FULL_RECORD_POST_TOR_INVALID,44.59999990463257,True,2,0,2,15,15,10,12,8,8,5,5
density_20_nback_2_id_12,20,2,POST_BUTTON_MANUAL,13.950000047683716,False,1,0,1,11,11,7,9,6,6,5,5
density_20_nback_2_id_12,20,2,POST_TOR_MANUAL,14.450000047683716,False,2,0,2,11,11,7,9,6,6,5,5
density_20_nback_2_id_13,20,2,HISTORICAL_ACUTE_8S_POST_TOR,7.949999809265137,False,3,3,5,1,3,1,2,1,1,1,1
density_20_nback_2_id_13,20,2,HISTORICAL_FULL_RECORD_POST_TOR_INVALID,44.5,True,5,4,10,11,13,10,10,10,10,7,7
density_20_nback_2_id_13,20,2,POST_BUTTON_MANUAL,10.700000047683716,False,0,0,1,5,7,5,5,5,5,4,4
density_20_nback_2_id_13,20,2,POST_TOR_MANUAL,14.299999952316284,False,3,3,5,5,7,5,5,5,5,4,4
density_20_nback_2_id_14,20,2,HISTORICAL_ACUTE_8S_POST_TOR,7.949999809265137,True,2,1,2,4,6,4,4,4,4,2,2
density_20_nback_2_id_14,20,2,HISTORICAL_FULL_RECORD_POST_TOR_INVALID,37.75,True,3,2,3,14,16,11,11,11,11,9,9
density_20_nback_2_id_14,20,2,POST_BUTTON_MANUAL,6.299999952316284,False,1,0,1,4,5,4,4,4,4,2,2
density_20_nback_2_id_14,20,2,POST_TOR_MANUAL,7.599999904632568,False,2,1,2,4,5,4,4,4,4,2,2
density_20_nback_2_id_15,20,2,HISTORICAL_ACUTE_8S_POST_TOR,7.949999809265137,False,3,2,3,4,4,1,1,1,1,0,0
density_20_nback_2_id_15,20,2,HISTORICAL_FULL_RECORD_POST_TOR_INVALID,64.14999985694885,True,8,6,10,25,25,15,19,11,13,7,7
density_20_nback_2_id_15,20,2,POST_BUTTON_MANUAL,32.65000009536743,False,7,5,9,19,19,11,13,7,9,4,4
density_20_nback_2_id_15,20,2,POST_TOR_MANUAL,34.0,False,8,6,10,19,19,11,13,7,9,4,4
density_20_nback_2_id_16,20,2,HISTORICAL_ACUTE_8S_POST_TOR,7.949999809265137,False,3,2,3,3,3,2,3,2,2,2,2
density_20_nback_2_id_16,20,2,HISTORICAL_FULL_RECORD_POST_TOR_INVALID,48.94999980926514,True,7,4,8,13,13,9,11,7,7,6,6
density_20_nback_2_id_16,20,2,POST_BUTTON_MANUAL,16.90000009536743,False,2,0,2,10,10,8,10,6,6,5,5
density_20_nback_2_id_16,20,2,POST_TOR_MANUAL,18.799999952316284,False,3,2,3,10,10,8,10,6,6,5,5
density_20_nback_2_id_17,20,2,HISTORICAL_ACUTE_8S_POST_TOR,7.950000047683716,False,2,2,3,3,3,3,3,2,2,2,2
density_20_nback_2_id_17,20,2,HISTORICAL_FULL_RECORD_POST_TOR_INVALID,45.84999990463257,True,6,5,9,11,11,10,10,10,10,7,7
density_20_nback_2_id_17,20,2,POST_BUTTON_MANUAL,13.900000095367432,False,2,1,3,5,6,5,5,5,5,5,5
density_20_nback_2_id_17,20,2,POST_TOR_MANUAL,15.75,False,2,2,3,5,6,5,5,5,5,5,5
density_20_nback_2_id_18,20,2,HISTORICAL_ACUTE_8S_POST_TOR,7.949999809265137,False,3,3,3,6,6,5,5,4,4,3,3
density_20_nback_2_id_18,20,2,HISTORICAL_FULL_RECORD_POST_TOR_INVALID,69.34999990463257,True,4,4,5,34,34,31,31,30,30,22,22
density_20_nback_2_id_18,20,2,POST_BUTTON_MANUAL,38.299999952316284,False,3,3,3,30,30,30,30,29,29,21,21
density_20_nback_2_id_18,20,2,POST_TOR_MANUAL,39.14999985694885,False,4,4,4,30,30,30,30,29,29,21,21
density_20_nback_2_id_19,20,2,HISTORICAL_ACUTE_8S_POST_TOR,7.950000047683716,False,2,0,3,4,5,2,2,1,1,1,1
density_20_nback_2_id_19,20,2,HISTORICAL_FULL_RECORD_POST_TOR_INVALID,50.0,True,7,3,9,15,15,11,11,7,7,6,6
density_20_nback_2_id_19,20,2,POST_BUTTON_MANUAL,18.200000047683716,False,2,0,2,11,11,7,7,3,3,2,2
density_20_nback_2_id_19,20,2,POST_TOR_MANUAL,19.850000143051147,False,2,0,3,11,11,7,7,3,3,2,2
density_20_nback_2_id_2,20,2,HISTORICAL_ACUTE_8S_POST_TOR,7.950000047683716,False,3,1,4,2,2,2,2,2,2,1,1
density_20_nback_2_id_2,20,2,HISTORICAL_FULL_RECORD_POST_TOR_INVALID,42.39999985694885,True,5,2,7,10,10,10,10,7,9,5,5
density_20_nback_2_id_2,20,2,POST_BUTTON_MANUAL,10.299999952316284,False,1,0,2,5,5,5,5,5,5,2,2
density_20_nback_2_id_2,20,2,POST_TOR_MANUAL,12.25,False,3,1,4,5,5,5,5,5,5,2,2
density_20_nback_2_id_20,20,2,HISTORICAL_ACUTE_8S_POST_TOR,7.949999809265137,False,2,2,3,0,0,0,0,0,0,0,0
density_20_nback_2_id_20,20,2,HISTORICAL_FULL_RECORD_POST_TOR_INVALID,71.59999990463257,True,7,7,10,21,23,16,16,16,16,10,10
density_20_nback_2_id_20,20,2,POST_BUTTON_MANUAL,39.90000009536743,False,6,6,9,18,18,14,14,14,14,8,8
density_20_nback_2_id_20,20,2,POST_TOR_MANUAL,41.549999952316284,False,7,7,10,18,18,14,14,14,14,8,8
density_20_nback_2_id_21,20,2,HISTORICAL_ACUTE_8S_POST_TOR,7.950000047683716,False,3,2,3,4,4,2,4,2,2,2,2
density_20_nback_2_id_21,20,2,HISTORICAL_FULL_RECORD_POST_TOR_INVALID,47.549999952316284,True,8,5,9,16,16,11,15,11,11,7,7
density_20_nback_2_id_21,20,2,POST_BUTTON_MANUAL,15.199999809265137,False,1,1,1,11,11,7,11,7,7,7,7
density_20_nback_2_id_21,20,2,POST_TOR_MANUAL,17.399999856948853,False,3,2,3,11,11,7,11,7,7,7,7
density_20_nback_2_id_22,20,2,HISTORICAL_ACUTE_8S_POST_TOR,7.949999809265137,False,4,3,4,5,5,3,3,1,1,1,1
density_20_nback_2_id_22,20,2,HISTORICAL_FULL_RECORD_POST_TOR_INVALID,40.549999952316284,True,5,4,5,14,16,11,11,9,9,5,5
density_20_nback_2_id_22,20,2,POST_BUTTON_MANUAL,8.349999904632568,False,2,1,2,7,9,5,5,2,2,2,2
density_20_nback_2_id_22,20,2,POST_TOR_MANUAL,10.399999856948853,False,4,3,4,7,9,5,5,2,2,2,2
density_20_nback_2_id_23,20,2,HISTORICAL_ACUTE_8S_POST_TOR,7.950000047683716,False,3,2,3,4,6,4,4,2,2,1,1
density_20_nback_2_id_23,20,2,HISTORICAL_FULL_RECORD_POST_TOR_INVALID,50.64999985694885,True,7,4,8,15,19,12,12,10,10,9,9
density_20_nback_2_id_23,20,2,POST_BUTTON_MANUAL,15.549999952316284,False,4,3,5,10,14,8,8,6,6,6,6
density_20_nback_2_id_23,20,2,POST_TOR_MANUAL,20.5,False,6,4,7,10,14,8,8,6,6,6,6
density_20_nback_2_id_24,20,2,HISTORICAL_ACUTE_8S_POST_TOR,7.950000047683716,False,4,1,5,0,0,0,0,0,0,0,0
density_20_nback_2_id_24,20,2,HISTORICAL_FULL_RECORD_POST_TOR_INVALID,49.299999952316284,True,7,3,11,14,14,11,11,11,11,9,9
density_20_nback_2_id_24,20,2,POST_BUTTON_MANUAL,12.149999856948853,False,1,1,2,10,10,10,10,9,9,9,9
density_20_nback_2_id_24,20,2,POST_TOR_MANUAL,19.09999990463257,False,5,2,7,10,10,10,10,9,9,9,9
density_20_nback_2_id_25,20,2,HISTORICAL_ACUTE_8S_POST_TOR,7.950000047683716,False,1,1,1,5,5,3,5,1,1,0,0
density_20_nback_2_id_25,20,2,HISTORICAL_FULL_RECORD_POST_TOR_INVALID,51.90000009536743,True,3,2,3,19,19,12,14,8,8,2,2
density_20_nback_2_id_25,20,2,POST_BUTTON_MANUAL,20.649999856948853,False,1,1,1,13,13,8,10,4,4,0,0
density_20_nback_2_id_25,20,2,POST_TOR_MANUAL,21.75,False,1,1,1,13,13,8,10,4,4,0,0
density_20_nback_2_id_26,20,2,HISTORICAL_ACUTE_8S_POST_TOR,7.949999809265137,False,3,2,3,3,5,1,1,1,1,1,1
density_20_nback_2_id_26,20,2,HISTORICAL_FULL_RECORD_POST_TOR_INVALID,44.0,True,9,5,10,13,15,9,9,6,6,6,6
density_20_nback_2_id_26,20,2,POST_BUTTON_MANUAL,11.799999952316284,False,1,0,1,7,9,4,4,2,2,2,2
density_20_nback_2_id_26,20,2,POST_TOR_MANUAL,13.849999904632568,False,3,2,3,7,9,4,4,2,2,2,2
density_20_nback_2_id_27,20,2,HISTORICAL_ACUTE_8S_POST_TOR,7.950000047683716,False,2,2,2,3,3,3,3,1,1,1,1
density_20_nback_2_id_27,20,2,HISTORICAL_FULL_RECORD_POST_TOR_INVALID,54.950000047683716,True,4,4,5,21,21,18,18,17,17,11,11
density_20_nback_2_id_27,20,2,POST_BUTTON_MANUAL,23.200000047683716,False,2,2,2,15,15,13,13,12,12,7,7
density_20_nback_2_id_27,20,2,POST_TOR_MANUAL,24.800000190734863,False,3,3,3,15,15,13,13,12,12,7,7
density_20_nback_2_id_28,20,2,HISTORICAL_ACUTE_8S_POST_TOR,7.950000047683716,False,3,2,4,5,5,5,5,5,5,1,3
density_20_nback_2_id_28,20,2,HISTORICAL_FULL_RECORD_POST_TOR_INVALID,49.049999952316284,True,8,5,13,12,12,12,12,11,12,8,10
density_20_nback_2_id_28,20,2,POST_BUTTON_MANUAL,17.450000047683716,False,3,2,4,7,7,7,7,7,7,4,6
density_20_nback_2_id_28,20,2,POST_TOR_MANUAL,18.950000047683716,False,4,2,5,7,7,7,7,7,7,4,6
density_20_nback_2_id_29,20,2,HISTORICAL_ACUTE_8S_POST_TOR,7.950000047683716,False,1,1,1,3,3,3,3,3,3,3,3
density_20_nback_2_id_29,20,2,HISTORICAL_FULL_RECORD_POST_TOR_INVALID,45.950000047683716,True,3,2,3,12,12,11,11,8,8,6,6
density_20_nback_2_id_29,20,2,POST_BUTTON_MANUAL,14.0,False,1,1,1,7,7,7,7,6,6,4,4
density_20_nback_2_id_29,20,2,POST_TOR_MANUAL,15.799999952316284,False,1,1,1,7,7,7,7,6,6,4,4
density_20_nback_2_id_3,20,2,HISTORICAL_ACUTE_8S_POST_TOR,7.950000047683716,False,3,2,3,2,2,2,2,2,2,2,2
density_20_nback_2_id_3,20,2,HISTORICAL_FULL_RECORD_POST_TOR_INVALID,41.25,True,3,2,3,12,12,11,11,11,11,9,9
density_20_nback_2_id_3,20,2,POST_BUTTON_MANUAL,9.349999904632568,False,2,2,2,4,4,4,4,4,4,4,4
density_20_nback_2_id_3,20,2,POST_TOR_MANUAL,11.049999952316284,False,3,2,3,4,4,4,4,4,4,4,4
density_20_nback_2_id_30,20,2,HISTORICAL_ACUTE_8S_POST_TOR,7.950000047683716,False,2,2,2,0,0,0,0,0,0,0,0
density_20_nback_2_id_30,20,2,HISTORICAL_FULL_RECORD_POST_TOR_INVALID,55.30000019073486,True,2,2,2,11,11,9,9,8,8,6,6
density_20_nback_2_id_30,20,2,POST_BUTTON_MANUAL,23.34999990463257,False,1,1,1,6,6,6,6,6,6,4,4
density_20_nback_2_id_30,20,2,POST_TOR_MANUAL,25.200000047683716,False,2,2,2,6,6,6,6,6,6,4,4
density_20_nback_2_id_31,20,2,HISTORICAL_ACUTE_8S_POST_TOR,7.950000047683716,False,3,2,4,6,6,2,2,0,0,0,0
density_20_nback_2_id_31,20,2,HISTORICAL_FULL_RECORD_POST_TOR_INVALID,51.200000047683716,True,6,4,10,23,23,14,16,10,12,7,7
density_20_nback_2_id_31,20,2,POST_BUTTON_MANUAL,19.25,False,2,2,3,17,17,10,12,6,8,4,4
density_20_nback_2_id_31,20,2,POST_TOR_MANUAL,21.0,False,3,2,4,17,17,10,12,6,8,4,4
density_20_nback_2_id_32,20,2,HISTORICAL_ACUTE_8S_POST_TOR,7.949999809265137,False,5,2,5,3,3,2,2,1,1,0,0
density_20_nback_2_id_32,20,2,HISTORICAL_FULL_RECORD_POST_TOR_INVALID,45.09999990463257,True,9,4,10,9,9,8,8,7,7,6,6
density_20_nback_2_id_32,20,2,POST_BUTTON_MANUAL,13.5,False,4,1,4,4,4,3,3,2,2,2,2
density_20_nback_2_id_32,20,2,POST_TOR_MANUAL,15.0,False,5,2,5,4,4,3,3,2,2,2,2
density_20_nback_2_id_33,20,2,HISTORICAL_ACUTE_8S_POST_TOR,7.950000047683716,False,1,1,3,2,2,1,1,1,1,1,1
density_20_nback_2_id_33,20,2,HISTORICAL_FULL_RECORD_POST_TOR_INVALID,46.34999990463257,True,7,5,10,8,10,6,6,6,6,5,5
density_20_nback_2_id_33,20,2,POST_BUTTON_MANUAL,14.400000095367432,False,2,2,2,3,5,2,2,2,2,2,2
density_20_nback_2_id_33,20,2,POST_TOR_MANUAL,16.200000047683716,False,2,2,3,3,5,2,2,2,2,2,2
density_20_nback_2_id_34,20,2,HISTORICAL_ACUTE_8S_POST_TOR,7.950000047683716,False,2,2,3,3,3,3,3,3,3,2,2
density_20_nback_2_id_34,20,2,HISTORICAL_FULL_RECORD_POST_TOR_INVALID,44.09999990463257,True,6,3,8,11,11,10,10,10,10,10,10
density_20_nback_2_id_34,20,2,POST_BUTTON_MANUAL,12.299999952316284,False,2,1,2,5,5,5,5,5,5,5,5
density_20_nback_2_id_34,20,2,POST_TOR_MANUAL,14.049999952316284,False,3,2,3,5,5,5,5,5,5,5,5
density_20_nback_2_id_35,20,2,HISTORICAL_ACUTE_8S_POST_TOR,7.950000047683716,False,3,2,3,2,2,2,2,2,2,1,1
density_20_nback_2_id_35,20,2,HISTORICAL_FULL_RECORD_POST_TOR_INVALID,45.0,True,7,4,8,10,10,9,9,9,9,9,9
density_20_nback_2_id_35,20,2,POST_BUTTON_MANUAL,12.899999856948853,False,1,0,2,5,5,5,5,5,5,4,4
density_20_nback_2_id_35,20,2,POST_TOR_MANUAL,14.849999904632568,False,3,2,3,5,5,5,5,5,5,4,4
density_20_nback_2_id_36,20,2,HISTORICAL_ACUTE_8S_POST_TOR,7.950000047683716,False,2,1,2,2,2,1,1,1,1,1,1
density_20_nback_2_id_36,20,2,HISTORICAL_FULL_RECORD_POST_TOR_INVALID,41.25,True,3,2,3,10,10,9,9,9,9,7,7
density_20_nback_2_id_36,20,2,POST_BUTTON_MANUAL,9.349999904632568,False,1,1,1,2,2,2,2,2,2,1,1
density_20_nback_2_id_36,20,2,POST_TOR_MANUAL,11.099999904632568,False,2,1,2,2,2,2,2,2,2,1,1
density_20_nback_2_id_37,20,2,HISTORICAL_ACUTE_8S_POST_TOR,7.950000047683716,False,3,2,5,0,0,0,0,0,0,0,0
density_20_nback_2_id_37,20,2,HISTORICAL_FULL_RECORD_POST_TOR_INVALID,59.05000019073486,True,3,2,5,11,11,10,10,8,8,8,8
density_20_nback_2_id_37,20,2,POST_BUTTON_MANUAL,25.649999856948853,False,2,1,3,6,6,6,6,5,5,5,5
density_20_nback_2_id_37,20,2,POST_TOR_MANUAL,28.950000047683716,False,3,2,5,6,6,6,6,5,5,5,5
density_20_nback_2_id_38,20,2,HISTORICAL_ACUTE_8S_POST_TOR,7.950000047683716,False,1,1,2,5,7,2,2,0,2,0,0
density_20_nback_2_id_38,20,2,HISTORICAL_FULL_RECORD_POST_TOR_INVALID,51.85000014305115,True,2,2,3,18,20,13,13,11,13,11,11
density_20_nback_2_id_38,20,2,POST_BUTTON_MANUAL,19.09999990463257,False,1,1,2,18,20,13,13,11,13,11,11
density_20_nback_2_id_38,20,2,POST_TOR_MANUAL,21.700000047683716,False,2,2,3,18,20,13,13,11,13,11,11
density_20_nback_2_id_39,20,2,HISTORICAL_ACUTE_8S_POST_TOR,7.949999809265137,False,3,2,3,2,2,2,2,1,1,0,0
density_20_nback_2_id_39,20,2,HISTORICAL_FULL_RECORD_POST_TOR_INVALID,97.09999990463257,True,19,9,30,37,37,35,35,30,30,19,19
density_20_nback_2_id_39,20,2,POST_BUTTON_MANUAL,65.70000004768372,False,17,7,27,32,32,30,30,25,25,14,14
density_20_nback_2_id_39,20,2,POST_TOR_MANUAL,67.0,False,18,8,28,32,32,30,30,25,25,14,14
density_20_nback_2_id_4,20,2,HISTORICAL_ACUTE_8S_POST_TOR,7.950000047683716,False,2,1,2,3,3,3,3,3,3,2,2
density_20_nback_2_id_4,20,2,HISTORICAL_FULL_RECORD_POST_TOR_INVALID,43.25,True,2,1,2,16,16,13,13,13,13,11,11
density_20_nback_2_id_4,20,2,POST_BUTTON_MANUAL,11.299999952316284,False,1,1,1,9,9,7,7,7,7,5,5
density_20_nback_2_id_4,20,2,POST_TOR_MANUAL,13.099999904632568,False,2,1,2,9,9,7,7,7,7,5,5
density_20_nback_2_id_40,20,2,HISTORICAL_ACUTE_8S_POST_TOR,7.950000047683716,False,2,2,2,2,2,2,2,0,2,0,0
density_20_nback_2_id_40,20,2,HISTORICAL_FULL_RECORD_POST_TOR_INVALID,55.0,True,2,2,4,13,13,12,12,10,12,8,8
density_20_nback_2_id_40,20,2,POST_BUTTON_MANUAL,22.40000009536743,False,1,1,3,9,9,9,9,7,9,5,5
density_20_nback_2_id_40,20,2,POST_TOR_MANUAL,24.850000143051147,False,2,2,4,9,9,9,9,7,9,5,5
density_20_nback_2_id_41,20,2,HISTORICAL_ACUTE_8S_POST_TOR,7.950000047683716,False,2,1,3,2,2,1,1,1,1,0,0
density_20_nback_2_id_41,20,2,HISTORICAL_FULL_RECORD_POST_TOR_INVALID,133.10000014305115,True,4,4,19,38,42,32,30,26,26,16,16
density_20_nback_2_id_41,20,2,POST_BUTTON_MANUAL,101.25,False,3,3,18,36,38,30,28,26,26,16,16
density_20_nback_2_id_41,20,2,POST_TOR_MANUAL,102.95000004768372,False,4,4,19,36,38,30,28,26,26,16,16
density_20_nback_2_id_42,20,2,HISTORICAL_ACUTE_8S_POST_TOR,7.950000047683716,False,2,2,3,5,5,0,0,0,0,0,0
density_20_nback_2_id_42,20,2,HISTORICAL_FULL_RECORD_POST_TOR_INVALID,66.85000014305115,True,7,7,12,25,25,16,18,9,9,9,9
density_20_nback_2_id_42,20,2,POST_BUTTON_MANUAL,34.049999952316284,False,6,6,11,20,20,11,13,7,7,7,7
density_20_nback_2_id_42,20,2,POST_TOR_MANUAL,36.700000047683716,False,7,7,12,20,20,11,13,7,7,7,7
density_20_nback_2_id_43,20,2,HISTORICAL_ACUTE_8S_POST_TOR,7.950000047683716,False,2,2,3,5,5,3,3,1,1,0,0
density_20_nback_2_id_43,20,2,HISTORICAL_FULL_RECORD_POST_TOR_INVALID,58.90000009536743,True,3,3,5,17,17,13,13,10,10,7,7
density_20_nback_2_id_43,20,2,POST_BUTTON_MANUAL,26.549999952316284,False,2,2,4,15,15,11,11,9,9,7,7
density_20_nback_2_id_43,20,2,POST_TOR_MANUAL,28.75,False,3,3,5,15,15,11,11,9,9,7,7
density_20_nback_2_id_44,20,2,HISTORICAL_ACUTE_8S_POST_TOR,7.950000047683716,False,2,2,3,2,2,2,2,1,1,1,1
density_20_nback_2_id_44,20,2,HISTORICAL_FULL_RECORD_POST_TOR_INVALID,55.40000009536743,True,3,3,4,14,16,13,13,12,12,9,9
density_20_nback_2_id_44,20,2,POST_BUTTON_MANUAL,23.799999952316284,False,2,2,3,8,10,8,8,7,7,6,6
density_20_nback_2_id_44,20,2,POST_TOR_MANUAL,25.25,False,3,3,4,8,10,8,8,7,7,6,6
density_20_nback_2_id_45,20,2,HISTORICAL_ACUTE_8S_POST_TOR,7.950000047683716,False,4,1,5,3,5,1,3,1,1,0,0
density_20_nback_2_id_45,20,2,HISTORICAL_FULL_RECORD_POST_TOR_INVALID,76.65000009536743,True,4,2,6,25,27,16,20,14,14,11,11
density_20_nback_2_id_45,20,2,POST_BUTTON_MANUAL,44.59999990463257,False,3,1,5,20,22,11,15,10,10,6,6
density_20_nback_2_id_45,20,2,POST_TOR_MANUAL,46.5,False,4,2,6,20,22,11,15,10,10,6,6
density_20_nback_2_id_46,20,2,HISTORICAL_ACUTE_8S_POST_TOR,7.950000047683716,False,4,3,4,2,2,1,1,1,1,1,1
density_20_nback_2_id_46,20,2,HISTORICAL_FULL_RECORD_POST_TOR_INVALID,53.0,True,7,6,7,13,13,10,10,10,10,9,9
density_20_nback_2_id_46,20,2,POST_BUTTON_MANUAL,21.549999952316284,False,5,4,5,8,8,8,8,8,8,7,7
density_20_nback_2_id_46,20,2,POST_TOR_MANUAL,22.850000143051147,False,6,5,6,8,8,8,8,8,8,7,7
density_20_nback_2_id_47,20,2,HISTORICAL_ACUTE_8S_POST_TOR,7.949999809265137,False,2,1,5,5,7,5,5,1,5,0,0
density_20_nback_2_id_47,20,2,HISTORICAL_FULL_RECORD_POST_TOR_INVALID,64.64999985694885,True,4,3,8,30,32,27,27,19,23,12,14
density_20_nback_2_id_47,20,2,POST_BUTTON_MANUAL,32.25,False,3,2,6,25,27,23,23,15,19,9,11
density_20_nback_2_id_47,20,2,POST_TOR_MANUAL,34.5,False,4,3,8,25,27,23,23,15,19,9,11
density_20_nback_2_id_48,20,2,HISTORICAL_ACUTE_8S_POST_TOR,7.950000047683716,False,2,2,3,3,3,2,2,2,2,0,0
density_20_nback_2_id_48,20,2,HISTORICAL_FULL_RECORD_POST_TOR_INVALID,69.5,True,4,4,5,27,28,24,26,19,19,12,14
density_20_nback_2_id_48,20,2,POST_BUTTON_MANUAL,37.60000014305115,False,3,3,3,24,24,21,23,16,16,10,11
density_20_nback_2_id_48,20,2,POST_TOR_MANUAL,39.35000014305115,False,4,4,5,24,24,21,23,16,16,10,11
density_20_nback_2_id_49,20,2,HISTORICAL_ACUTE_8S_POST_TOR,7.950000047683716,False,1,1,1,2,2,0,0,0,0,0,0
density_20_nback_2_id_49,20,2,HISTORICAL_FULL_RECORD_POST_TOR_INVALID,93.54999995231628,True,12,10,12,42,42,36,38,34,34,29,29
density_20_nback_2_id_49,20,2,POST_BUTTON_MANUAL,60.55000019073486,False,11,9,11,38,38,32,34,30,30,28,27
density_20_nback_2_id_49,20,2,POST_TOR_MANUAL,63.35000014305115,False,12,10,12,38,38,32,34,30,30,28,27
density_20_nback_2_id_5,20,2,HISTORICAL_ACUTE_8S_POST_TOR,7.950000047683716,False,4,4,5,3,3,3,3,2,2,1,1
density_20_nback_2_id_5,20,2,HISTORICAL_FULL_RECORD_POST_TOR_INVALID,56.950000047683716,True,4,4,6,19,21,18,18,15,15,13,13
density_20_nback_2_id_5,20,2,POST_BUTTON_MANUAL,24.75,False,2,2,4,14,16,13,13,10,10,9,9
density_20_nback_2_id_5,20,2,POST_TOR_MANUAL,26.799999952316284,False,4,4,6,14,16,13,13,10,10,9,9
density_20_nback_2_id_50,20,2,HISTORICAL_ACUTE_8S_POST_TOR,7.950000047683716,False,4,4,4,0,0,0,0,0,0,0,0
density_20_nback_2_id_50,20,2,HISTORICAL_FULL_RECORD_POST_TOR_INVALID,61.90000009536743,True,5,5,5,15,15,14,14,10,10,10,10
density_20_nback_2_id_50,20,2,POST_BUTTON_MANUAL,29.050000190734863,False,4,4,4,9,9,9,9,5,5,5,5
density_20_nback_2_id_50,20,2,POST_TOR_MANUAL,31.800000190734863,False,5,5,5,9,9,9,9,5,5,5,5
density_20_nback_2_id_51,20,2,HISTORICAL_ACUTE_8S_POST_TOR,7.950000047683716,False,2,2,2,1,1,1,1,1,1,0,0
density_20_nback_2_id_51,20,2,HISTORICAL_FULL_RECORD_POST_TOR_INVALID,57.0,True,4,3,4,17,17,16,16,12,12,4,4
density_20_nback_2_id_51,20,2,POST_BUTTON_MANUAL,24.40000009536743,False,2,2,2,14,14,13,13,9,9,4,4
density_20_nback_2_id_51,20,2,POST_TOR_MANUAL,26.800000190734863,False,3,3,3,14,14,13,13,9,9,4,4
density_20_nback_2_id_52,20,2,HISTORICAL_ACUTE_8S_POST_TOR,7.950000047683716,False,4,4,5,0,0,0,0,0,0,0,0
density_20_nback_2_id_52,20,2,HISTORICAL_FULL_RECORD_POST_TOR_INVALID,122.85000014305115,True,11,6,21,18,18,17,17,17,17,15,15
density_20_nback_2_id_52,20,2,POST_BUTTON_MANUAL,90.45000004768372,False,11,5,21,15,15,15,15,15,15,13,13
density_20_nback_2_id_52,20,2,POST_TOR_MANUAL,92.70000004768372,False,11,6,21,15,15,15,15,15,15,13,13
density_20_nback_2_id_53,20,2,HISTORICAL_ACUTE_8S_POST_TOR,7.950000047683716,False,1,1,2,3,4,1,3,1,1,1,1
density_20_nback_2_id_53,20,2,HISTORICAL_FULL_RECORD_POST_TOR_INVALID,49.200000047683716,True,1,1,2,15,17,8,10,8,8,7,7
density_20_nback_2_id_53,20,2,POST_BUTTON_MANUAL,17.65000009536743,False,0,0,1,11,13,5,7,5,5,5,5
density_20_nback_2_id_53,20,2,POST_TOR_MANUAL,19.050000190734863,False,1,1,2,11,13,5,7,5,5,5,5
density_20_nback_2_id_54,20,2,HISTORICAL_ACUTE_8S_POST_TOR,7.950000047683716,False,3,3,4,4,4,3,1,1,1,1,1
density_20_nback_2_id_54,20,2,HISTORICAL_FULL_RECORD_POST_TOR_INVALID,51.450000047683716,True,4,4,5,19,19,11,11,8,8,5,5
density_20_nback_2_id_54,20,2,POST_BUTTON_MANUAL,19.799999952316284,False,3,3,4,15,15,7,8,7,7,5,5
density_20_nback_2_id_54,20,2,POST_TOR_MANUAL,21.25,False,4,4,5,15,15,9,8,7,7,5,5
density_20_nback_2_id_55,20,2,HISTORICAL_ACUTE_8S_POST_TOR,7.949999809265137,False,2,2,3,4,4,2,4,2,2,1,1
density_20_nback_2_id_55,20,2,HISTORICAL_FULL_RECORD_POST_TOR_INVALID,83.19999980926514,True,7,5,16,25,27,22,24,21,21,11,11
density_20_nback_2_id_55,20,2,POST_BUTTON_MANUAL,49.450000047683716,False,5,4,14,23,25,20,22,20,20,11,11
density_20_nback_2_id_55,20,2,POST_TOR_MANUAL,53.09999990463257,False,6,5,15,23,25,20,22,20,20,11,11
density_20_nback_2_id_56,20,2,HISTORICAL_ACUTE_8S_POST_TOR,7.949999809265137,False,2,2,2,1,1,0,0,0,0,0,0
density_20_nback_2_id_56,20,2,HISTORICAL_FULL_RECORD_POST_TOR_INVALID,58.299999952316284,True,4,4,4,19,19,17,17,15,15,15,15
density_20_nback_2_id_56,20,2,POST_BUTTON_MANUAL,26.25,False,2,2,2,14,14,13,13,11,11,11,11
density_20_nback_2_id_56,20,2,POST_TOR_MANUAL,28.149999856948853,False,3,3,3,14,14,13,13,11,11,11,11
density_20_nback_2_id_57,20,2,HISTORICAL_ACUTE_8S_POST_TOR,7.949999809265137,False,1,1,1,5,5,5,5,3,3,3,3
density_20_nback_2_id_57,20,2,HISTORICAL_FULL_RECORD_POST_TOR_INVALID,43.19999980926514,True,1,1,1,11,11,10,10,8,8,7,7
density_20_nback_2_id_57,20,2,POST_BUTTON_MANUAL,11.399999856948853,False,0,0,0,9,9,9,9,7,7,7,7
density_20_nback_2_id_57,20,2,POST_TOR_MANUAL,13.149999856948853,False,1,1,1,9,9,9,9,7,7,7,7
density_20_nback_2_id_6,20,2,HISTORICAL_ACUTE_8S_POST_TOR,7.950000047683716,False,1,1,2,8,8,6,8,4,6,2,2
density_20_nback_2_id_6,20,2,HISTORICAL_FULL_RECORD_POST_TOR_INVALID,55.10000014305115,True,3,3,5,24,26,17,19,13,17,11,11
density_20_nback_2_id_6,20,2,POST_BUTTON_MANUAL,23.59999990463257,False,2,1,4,18,19,14,16,10,14,8,8
density_20_nback_2_id_6,20,2,POST_TOR_MANUAL,24.950000047683716,False,2,2,4,18,19,14,16,10,14,8,8
density_20_nback_2_id_7,20,2,HISTORICAL_ACUTE_8S_POST_TOR,7.950000047683716,False,2,1,2,3,3,3,3,3,3,2,2
density_20_nback_2_id_7,20,2,HISTORICAL_FULL_RECORD_POST_TOR_INVALID,45.049999952316284,True,6,3,9,12,12,9,9,9,9,5,5
density_20_nback_2_id_7,20,2,POST_BUTTON_MANUAL,13.25,False,1,1,1,7,7,7,7,7,7,5,5
density_20_nback_2_id_7,20,2,POST_TOR_MANUAL,14.899999856948853,False,2,1,2,7,7,7,7,7,7,5,5
density_20_nback_2_id_8,20,2,HISTORICAL_ACUTE_8S_POST_TOR,7.950000047683716,False,1,1,2,6,6,6,6,2,2,2,2
density_20_nback_2_id_8,20,2,HISTORICAL_FULL_RECORD_POST_TOR_INVALID,58.84999990463257,True,6,4,8,25,23,22,22,10,10,6,6
density_20_nback_2_id_8,20,2,POST_BUTTON_MANUAL,27.049999952316284,False,1,1,1,21,19,18,18,8,8,5,5
density_20_nback_2_id_8,20,2,POST_TOR_MANUAL,28.700000047683716,False,1,1,2,21,19,18,18,8,8,5,5
density_20_nback_2_id_9,20,2,HISTORICAL_ACUTE_8S_POST_TOR,7.950000047683716,False,2,2,3,0,0,0,0,0,0,0,0
density_20_nback_2_id_9,20,2,HISTORICAL_FULL_RECORD_POST_TOR_INVALID,76.10000014305115,True,8,7,13,15,13,13,13,11,11,10,10
density_20_nback_2_id_9,20,2,POST_BUTTON_MANUAL,44.549999952316284,False,7,6,12,11,9,9,9,7,7,7,7
density_20_nback_2_id_9,20,2,POST_TOR_MANUAL,45.950000047683716,False,8,7,13,11,9,9,9,7,7,7,7
