trial_id,density,nback,accelerator_channel_pre_tor_mean,accelerator_channel_min_0_to_0p3s,accelerator_channel_drops_to_zero_within_0p3s,brake_channel_max_0_to_0p3s,brake_channel_active_within_0p3s,steering_channel_pre_tor_range_rad,steering_channel_moving_before_tor,brake_channel_onset_after_tor_s,steering_channel_onset_after_tor_s,earliest_channel_activity_after_tor_s,earliest_channel_activity_within_0p3s,earliest_channel_activity_minus_manual_start_s,authorship,steering_channel_max_abs_in_owner_window_rad,steering_channel_max_abs_dev_in_owner_window_rad
density_0_nback_0_id_10,0,0,0.11316886446198686,0.113120689988,False,0.0,False,8.802115920000797e-05,False,1.2003788947674323,3.0003788470837165,1.2003788947674323,False,0.29989290236743216,UNRESOLVED (B17),0.170420840383,0.09572520548226449
density_0_nback_0_id_11,0,0,0.1131703333046579,0.113133274019,False,0.0,False,7.176399229999464e-05,False,1.2007451057674317,3.6507449150325684,1.2007451057674317,False,-0.2994265556325679,UNRESOLVED (B17),0.343957692385,0.26926562582219343
density_0_nback_0_id_12,0,0,0.11316768599575004,0.113154664636,False,0.0,False,8.419901129999574e-05,False,1.2999343872000004,2.9999344348837162,1.2999343872000004,False,0.6991481780999997,UNRESOLVED (B17),0.25335419178,0.1786603394306724
density_0_nback_0_id_13,0,0,0.11316808313131581,0.11309619993,False,0.0,False,6.064772599999324e-05,False,1.1998372077674304,3.7998371123999988,1.1998372077674304,False,-0.2501826286325688,UNRESOLVED (B17),0.185761108994,0.11106466364655265
density_0_nback_0_id_15,0,0,0.11316886446196052,0.113134488463,False,0.0,False,7.621943949999432e-05,False,1.2001271247674303,4.600126981716283,1.2001271247674303,False,-0.29980611803256707,UNRESOLVED (B17),0.179768815637,0.12358788440099738
density_0_nback_0_id_16,0,0,0.11317038967427631,0.113149657845,False,0.0,False,9.308010340000616e-05,False,1.2002263068674317,4.5502262115,1.2002263068674317,False,0.0007252693674324462,UNRESOLVED (B17),0.242568060756,0.16787850092143553
density_0_nback_0_id_17,0,0,0.11316869407889477,0.11315061152,False,0.0,False,9.062141179999594e-05,False,1.199446201367433,2.0494461060000013,1.199446201367433,False,-0.04954099653256705,UNRESOLVED (B17),0.274926453829,0.22354083949420922
density_0_nback_0_id_18,0,0,0.11317113228140789,0.113150112331,False,0.0,False,8.904188870000052e-05,False,1.2000908851674303,2.650090694432567,1.2000908851674303,False,0.19997072216743206,UNRESOLVED (B17),0.188877105713,0.13125834555220395
density_0_nback_0_id_19,0,0,0.11316684947202629,0.113110557199,False,0.0,False,8.919835090000217e-05,False,1.1997513770674324,2.399751186332569,1.1997513770674324,False,0.1997265815674325,UNRESOLVED (B17),0.173536837101,0.09884273221620264
density_0_nback_0_id_1,0,0,0.1131707087748158,0.113134846091,False,0.0,False,7.94753432000056e-05,False,1.19940614696743,3.249406099283714,1.19940614696743,False,-0.09975767133256852,UNRESOLVED (B17),0.127516016364,0.09913979206037762
density_0_nback_0_id_20,0,0,0.11316918219003948,0.113134339452,False,0.0,False,9.369850149999748e-05,False,1.1995930671674309,2.999593019483715,1.1995930671674309,False,-0.6503386497325678,UNRESOLVED (B17),0.155080571771,0.08039436832495789
density_0_nback_0_id_21,0,0,0.1131695238383816,0.113163881004,False,0.0,False,6.325542930001038e-05,False,1.1997799873674317,2.4497799873674317,1.1997799873674317,False,-0.2503314018325682,UNRESOLVED (B17),0.187438964844,0.14827387005485132
density_0_nback_0_id_22,0,0,0.11316646115951313,0.113121815026,False,0.0,False,6.301701070000887e-05,False,,2.9498124122674305,2.9498124122674305,False,2.449978351567431,UNRESOLVED (B17),0.165866702795,0.09117143081596052
density_0_nback_0_id_23,0,0,0.11316901553228947,0.113132454455,False,0.0,False,8.554011580000354e-05,False,1.1997799873674317,4.249779939683716,1.1997799873674317,False,-1.1003375053325684,UNRESOLVED (B17),0.191993102431,0.11729812014230527
density_0_nback_0_id_24,0,0,0.11316909876309211,0.113129526377,False,0.0,False,6.362795830000545e-05,False,1.2001233100674327,2.1501231193325694,1.2001233100674327,False,0.10014390946743035,UNRESOLVED (B17),0.325501412153,0.25080608145162103
density_0_nback_0_id_25,0,0,0.11316787049560524,0.113157942891,False,0.0,False,8.264183999999453e-05,False,1.2001538276674317,2.9001536369325684,1.2001538276674317,False,-0.049546718632569764,UNRESOLVED (B17),0.147410437465,0.0727157854526921
density_0_nback_0_id_26,0,0,0.11317182283257897,0.113134801388,False,0.0,False,6.552785640000225e-05,False,1.1996617317674314,3.7496616840837156,1.1996617317674314,False,-1.1003470421325687,UNRESOLVED (B17),0.174974992871,0.10028144452496053
density_0_nback_0_id_27,0,0,0.11316836076352633,0.113150060177,False,0.0,False,0.00010665506120000057,False,1.19967126846743,1.94967126846743,1.19967126846743,False,0.25025987626743174,UNRESOLVED (B17),0.219557657838,0.144865637841325
density_0_nback_0_id_28,0,0,0.1131713979534474,0.113119088113,False,0.0,False,7.963925600000532e-05,False,1.2008366584674306,5.350836515416283,1.2008366584674306,False,-3.1491103172325694,UNRESOLVED (B17),0.331493705511,0.25680733334852635
density_0_nback_0_id_29,0,0,0.11316952589705265,0.113139219582,False,0.0,False,0.00010917335740000256,False,1.1990513801674325,3.049051284800001,1.1990513801674325,False,-1.0509848594325675,UNRESOLVED (B17),0.247122213244,0.2556596225812487
density_0_nback_0_id_2,0,0,0.11316966088977631,0.113126650453,False,0.0,False,7.596611980000001e-05,False,1.2003121375674333,4.0003120898837174,1.2003121375674333,False,-0.6502528190325698,UNRESOLVED (B17),0.172098681331,0.09741509372498554
density_0_nback_0_id_30,0,0,0.11316812479571052,0.113162085414,False,0.0,False,8.780509240000067e-05,False,1.1999554633674308,3.8999552726325675,1.1999554633674308,False,-0.10059118273256829,UNRESOLVED (B17),0.173536837101,0.10680889749996317
density_0_nback_0_id_31,0,0,0.1131687348610263,0.113127239048,False,0.0,False,8.569657799999131e-05,False,1.1999669074674308,2.049966812099999,1.1999669074674308,False,0.2998719215674299,UNRESOLVED (B17),0.207333371043,0.1406070060635684
density_0_nback_0_id_32,0,0,0.11317187332001317,0.113130815327,False,0.0,False,7.0355832599997e-05,False,1.2500538825674319,1.9000537395162844,1.2500538825674319,False,0.2497925758674313,UNRESOLVED (B17),0.211887523532,0.13719349893700655
density_0_nback_0_id_33,0,0,0.11317067524710528,0.113149113953,False,0.0,False,7.543712849999995e-05,False,1.199253559067433,6.299253463700001,1.199253559067433,False,-0.35037183763256863,UNRESOLVED (B17),0.0874874964356,0.04233483136875396
density_0_nback_0_id_34,0,0,0.11316758139352634,0.113146670163,False,0.0,False,9.705871339998895e-05,False,0.950241565667433,3.500241517983717,0.950241565667433,False,-1.650006771132567,UNRESOLVED (B17),0.297936856747,0.22324387846841579
density_0_nback_0_id_35,0,0,0.11316933080947371,0.113154023886,False,0.0,False,6.071478119999696e-05,False,1.1998906135674332,3.64989042283257,1.1998906135674332,False,-0.1492342949325689,UNRESOLVED (B17),0.19510909915,0.12041574942075657
density_0_nback_0_id_36,0,0,0.11316843419096052,0.11313174665,False,0.0,False,9.167194370000853e-05,False,1.1996617317674314,4.149661541032568,1.1996617317674314,False,0.09991121296743088,UNRESOLVED (B17),0.153642416,0.0789525945128079
density_0_nback_0_id_37,0,0,0.11316788176955263,0.113106928766,False,0.0,False,0.00010368227960000365,False,1.2498879432674315,2.699887752532568,1.2498879432674315,False,-0.05048513413256828,UNRESOLVED (B17),0.159634709358,0.08494609006119605
density_0_nback_0_id_38,0,0,0.11316809224844737,0.113123521209,False,0.0,False,8.873641489999529e-05,False,1.2493965625837156,4.449396610267431,1.2493965625837156,False,0.4999287128837153,UNRESOLVED (B17),0.122961871326,0.056237409283471054
density_0_nback_0_id_39,0,0,0.11316952187761843,0.11311172694,False,0.0,False,7.207691669999794e-05,False,1.199970722167432,2.0999705791162846,1.199970722167432,False,-0.10057210923256932,UNRESOLVED (B17),0.354504108429,0.27981426625664607
density_0_nback_0_id_3,0,0,0.11316814283393425,0.113113678992,False,0.0,False,8.576363330001224e-05,False,1.3002529144000015,2.700253009767433,1.3002529144000015,False,0.6999626160000005,UNRESOLVED (B17),0.165866702795,0.10369561994939472
density_0_nback_0_id_40,0,0,0.11316888161794736,0.113092713058,False,0.0,False,5.690008400000002e-05,False,1.2000737190674329,2.1000735760162854,1.2000737190674329,False,0.10033655166743216,UNRESOLVED (B17),0.31159928441,0.23690389312363816
density_0_nback_0_id_41,0,0,0.11316979294146054,0.11313405633,False,0.0,False,9.149312969999879e-05,False,1.200014591167431,2.9000144004325676,1.200014591167431,False,0.149708271067432,UNRESOLVED (B17),0.172098681331,0.09741686363001185
density_0_nback_0_id_42,0,0,0.113168330275,0.113126158714,False,0.0,False,0.00011577457189999862,False,1.200169086467433,3.3001689911000014,1.200169086467433,False,0.14932298656743015,UNRESOLVED (B17),0.205655530095,0.16193426135735922
density_0_nback_0_id_43,0,0,0.11316624852386842,0.113128505647,False,0.0,False,7.230788470000138e-05,False,1.19930887226743,3.7993087768999985,1.19930887226743,False,0.40011644366743226,UNRESOLVED (B17),0.196547240019,0.12185713697828816
density_0_nback_0_id_44,0,0,0.11316770785735526,0.113113284111,False,0.0,False,6.275624029999927e-05,False,1.1992154121674332,3.449215412167433,1.1992154121674332,False,0.09949731826743147,UNRESOLVED (B17),0.139740303159,0.06504982033473682
density_0_nback_0_id_45,0,0,0.11316735571935527,0.113140046597,False,0.0,False,9.480863810000517e-05,False,1.2001423835674316,2.8001422882,1.2001423835674316,False,-0.29927968983257003,UNRESOLVED (B17),0.173536837101,0.09884603978382238
density_0_nback_0_id_46,0,0,0.11316877564311839,0.113139152527,False,0.0,False,8.523464210000165e-05,False,1.2991619109999988,1.4991619586837146,1.2991619109999988,False,0.6501216887999988,UNRESOLVED (B17),0.211887523532,0.13719311199698553
density_0_nback_0_id_47,0,0,0.11316972843509214,0.113120310009,False,0.0,False,9.598582979999937e-05,False,1.25006723406743,3.7000670433325666,1.25006723406743,False,-0.00030851363256800823,UNRESOLVED (B17),0.167304843664,0.0926090311257342
density_0_nback_0_id_48,0,0,0.11316876348700002,0.113106191158,False,0.0,False,6.897747509999885e-05,False,1.3496456146,4.699645519232568,1.3496456146,False,0.6997947692999986,UNRESOLVED (B17),0.11672988534,0.08835502856070396
density_0_nback_0_id_49,0,0,0.11316716984696056,0.113147310913,False,0.0,False,8.086860179999655e-05,False,1.200375080067431,3.900374889332568,1.200375080067431,False,-0.24972867963256817,UNRESOLVED (B17),0.139740303159,0.06504610867116972
density_0_nback_0_id_4,0,0,0.11317148579184212,0.113140329719,False,0.0,False,6.558746099999402e-05,False,1.2501633166837145,2.100163221316283,1.2501633166837145,False,0.3505012988837173,UNRESOLVED (B17),0.172098681331,0.09740955137532106
density_0_nback_0_id_50,0,0,0.11316885142343422,0.113127939403,False,0.0,False,8.164346219999286e-05,False,1.2001614570674306,4.400161266332567,1.2001614570674306,False,-1.1505846977325689,UNRESOLVED (B17),0.130632013083,0.08691992380312631
density_0_nback_0_id_51,0,0,0.11317039526214474,0.113101780415,False,0.0,False,8.70749354e-05,False,1.1993622779674311,5.099362134916284,1.1993622779674311,False,0.09957742686743032,UNRESOLVED (B17),0.107621602714,0.06390758554795921
density_0_nback_0_id_52,0,0,0.11317059034976318,0.11311635375,False,0.0,False,6.907433269999486e-05,False,1.200891971567433,2.7508919238837173,1.200891971567433,False,0.0008397102674315704,UNRESOLVED (B17),0.374638229609,0.2999439145393987
density_0_nback_0_id_53,0,0,0.11316694760399998,0.11313675344,False,0.0,False,7.404386999999846e-05,False,1.2509357928837161,2.8009357452000003,1.2509357928837161,False,0.5003616809837155,UNRESOLVED (B17),0.330055564642,0.2553592457583579
density_0_nback_0_id_54,0,0,0.11316822567264477,0.113134950399,False,0.0,False,6.847083569999635e-05,False,1.1995701789674307,2.349570035916283,1.1995701789674307,False,-0.20048093793256783,UNRESOLVED (B17),0.155080571771,0.08379817572667816
density_0_nback_0_id_55,0,0,0.11317026742586837,0.113085374236,False,0.0,False,8.09654593000031e-05,False,1.199970722167432,5.0499706268,1.199970722167432,False,-0.4004244804325694,UNRESOLVED (B17),0.185761108994,0.11106741614591577
density_0_nback_0_id_56,0,0,0.11316750277023684,0.113140746951,False,0.0,False,7.785856729999874e-05,False,1.2494766711837144,3.2494766711837144,1.2494766711837144,False,0.599154710783715,UNRESOLVED (B17),0.19510909915,0.12042188291516841
density_0_nback_0_id_57,0,0,0.11316724925452626,0.113146945834,False,0.0,False,8.547306059999982e-05,False,1.199736118267431,2.2997360228999995,1.199736118267431,False,-0.200026989032569,UNRESOLVED (B17),0.43144518137,0.35674675181529736
density_0_nback_0_id_5,0,0,0.11316804450590792,0.113111265004,False,0.0,False,7.498264309999114e-05,False,1.2001004218674325,3.100100278816285,1.2001004218674325,False,-0.749867916132569,UNRESOLVED (B17),0.273248612881,0.19854605354789606
density_0_nback_0_id_6,0,0,0.11316715778878945,0.113172955811,False,0.0,False,8.029490710000087e-05,False,1.2000546455674304,3.650054454832567,1.2000546455674304,False,-0.9999766349325689,UNRESOLVED (B17),0.374638229609,0.29995146727137767
density_0_nback_0_id_7,0,0,0.1131704380049737,0.113139793277,False,0.0,False,7.106363779998959e-05,False,1.2490849494674308,3.3990848064162833,1.2490849494674308,False,0.3492493629674307,UNRESOLVED (B17),0.145972281694,0.07128479861073816
density_0_nback_0_id_8,0,0,0.11316790010189473,0.113155193627,False,0.0,False,9.778141980000543e-05,False,1.200235843667432,2.3002357483000004,1.200235843667432,False,-0.40030622483256906,UNRESOLVED (B17),0.307045161724,0.23235766226906968
density_0_nback_0_id_9,0,0,0.1131691596421842,0.113120093942,False,0.0,False,9.619444609999805e-05,False,1.1999802589674324,4.099980115916285,1.1999802589674324,False,-1.099948406232567,UNRESOLVED (B17),0.308483302593,0.23378924427433156
density_0_nback_1_id_10,0,1,0.03535830542195989,0.0,True,4.47267961502,False,0.045170262455,True,,1.1006941795325673,1.1006941795325673,False,-0.5999169349674318,UNRESOLVED (B17),0.170420840383,0.19689052297088946
density_0_nback_1_id_11,0,1,0.03477622451454774,0.0,True,4.67671918869,False,0.047292143107,True,,1.1491751671325687,1.1491751671325687,False,-0.4500336646674299,UNRESOLVED (B17),0.191993102431,0.21827744849419997
density_0_nback_1_id_12,0,1,0.036786798789096055,0.0,True,4.62109851837,False,0.04431840777399998,True,,1.1505858898162842,1.1505858898162842,False,-0.1995117664837167,UNRESOLVED (B17),0.185761108994,0.0957137603116921
density_0_nback_1_id_13,0,1,0.03792690997828372,0.0,True,4.59157133102,False,0.04149608314,True,,1.1004531383162828,1.1004531383162828,False,-0.6995766162837143,UNRESOLVED (B17),0.190315261483,0.15935122692275
density_0_nback_1_id_14,0,1,0.04392107737887342,0.0,True,4.80860042572,False,0.03588056564299999,True,,1.1498427391325663,1.1498427391325663,False,-1.2503037452674306,UNRESOLVED (B17),0.29170486331,0.14379971150900264
density_0_nback_1_id_15,0,1,0.035261322609732706,0.0,True,4.57473325729,False,0.047384396194999984,True,3.1000373363162836,1.1000373363162836,1.1000373363162836,False,-1.6997864246837153,UNRESOLVED (B17),0.142856284976,0.19757833273002104
density_0_nback_1_id_16,0,1,0.036141247905968746,0.0,True,4.74328565598,False,0.04352831840499999,True,19.90060567853257,1.100605726216287,1.100605726216287,False,-0.2495834827837129,UNRESOLVED (B17),0.322385430336,0.19291958801058684
density_0_nback_1_id_17,0,1,0.03465656826493407,0.0,True,5.09218168259,True,0.04569238424300001,True,13.549530029300001,1.0995299816162856,1.0995299816162856,False,-0.4005692004837158,UNRESOLVED (B17),0.199663236737,0.19073163717980784
density_0_nback_1_id_18,0,1,0.03479792939029769,0.0,True,4.62552165985,False,0.044035732746000006,True,,1.1499800682325656,1.1499800682325656,False,-0.49985361096743475,UNRESOLVED (B17),0.182645127177,0.1646836425030516
density_0_nback_1_id_19,0,1,0.034274367829456906,0.0,True,4.68707990646,False,0.04602843523,True,,1.0998466015162833,1.0998466015162833,False,-0.40006947518371305,UNRESOLVED (B17),0.133508309722,0.1723242931950368
density_0_nback_1_id_1,0,1,0.0360267591521896,0.0,True,4.56942653656,False,0.043574258685000006,True,3.0005905627837137,1.100590467416282,1.100590467416282,False,-0.5501244067837163,UNRESOLVED (B17),0.159634709358,0.16989926979151576
density_0_nback_1_id_20,0,1,0.034931206886159714,0.0,True,4.53429889679,False,0.04492554068599999,True,,1.1000945568162876,1.1000945568162876,False,-0.7497627734837167,UNRESOLVED (B17),0.239452064037,0.18817378011977368
density_0_nback_1_id_21,0,1,0.03416717798129838,0.0,True,4.65918159485,False,0.04488994181099998,True,,1.0992102623325692,1.0992102623325692,False,-0.9006562232674327,UNRESOLVED (B17),0.201101392508,0.27768176068626316
density_0_nback_1_id_22,0,1,0.04266066221814395,0.0,True,4.59409475327,False,0.042303174734,True,,1.1500639915325692,1.1500639915325692,False,-0.5497384071674318,UNRESOLVED (B17),0.139740303159,0.17453259048290787
density_0_nback_1_id_23,0,1,0.035495049451418945,0.0,True,4.59794473648,False,0.044872939586,True,,1.10014486313257,1.10014486313257,False,-1.8497605323674335,UNRESOLVED (B17),0.173536837101,0.1568060148458837
density_0_nback_1_id_24,0,1,0.03443336475940209,0.0,True,4.76031827927,False,0.046598345040999994,True,,1.0998740196325656,1.0998740196325656,False,-1.6992707252674322,UNRESOLVED (B17),0.299374997616,0.1838767942237658
density_0_nback_1_id_25,0,1,0.036941978772551703,0.0,True,4.74595022202,False,0.038390010594999996,True,,1.199175357867432,1.199175357867432,False,-0.5507979393325684,UNRESOLVED (B17),0.173536837101,0.10594028077627896
density_0_nback_1_id_26,0,1,0.035046223397857235,0.0,True,4.71372175217,False,0.048945873975,True,,1.1499810218674327,1.1499810218674327,False,-0.800076961532568,UNRESOLVED (B17),0.170420840383,0.14386132800664736
density_0_nback_1_id_27,0,1,0.03973671654239355,0.0,True,4.47303676605,False,0.040555283427000016,True,,1.1002242565162845,1.1002242565162845,False,-1.6000168323837158,UNRESOLVED (B17),0.159634709358,0.23898831460818684
density_0_nback_1_id_28,0,1,0.03543282645191009,0.0,True,4.56997013092,False,0.04624094069000001,True,,1.1001327038162856,1.1001327038162856,False,-0.8497269153837124,UNRESOLVED (B17),0.245684057474,0.15910468426972368
density_0_nback_1_id_29,0,1,0.034828184923082366,0.0,True,4.70941591263,False,0.04675051569900002,True,,1.1000182628162847,1.1000182628162847,False,-3.100035905883715,UNRESOLVED (B17),0.29170486331,0.2105477883627263
density_0_nback_1_id_2,0,1,0.0383370655686829,0.0,True,4.76437711716,False,0.039052784443000005,True,,1.1492621898162838,1.1492621898162838,False,-0.4000198840837186,UNRESOLVED (B17),0.225789636374,0.19830477061237367
density_0_nback_1_id_30,0,1,0.03551584196975776,0.0,True,4.75667619705,False,0.04717165231700002,True,,1.1007308960000017,1.1007308960000017,False,-0.8493804932000018,UNRESOLVED (B17),0.172098681331,0.2588873652642921
density_0_nback_1_id_31,0,1,0.03486510840134829,0.0,True,4.73840618134,False,0.046798303723000007,True,3.4498207568837174,1.09982061383257,1.09982061383257,False,-1.3003182411674317,UNRESOLVED (B17),0.161312550306,0.17919829732887105
density_0_nback_1_id_32,0,1,0.03519684365260747,0.0,True,4.46971416473,False,0.04403738677500002,True,,1.1001784801162842,1.1001784801162842,False,-0.44989705088371323,UNRESOLVED (B17),0.179768815637,0.16381522442066632
density_0_nback_1_id_33,0,1,0.03419163635618766,0.0,True,4.70916175842,False,0.045071035624,True,,1.0999693870325657,1.0999693870325657,False,-0.10006570816743476,UNRESOLVED (B17),0.126245826483,0.14260674052330793
density_0_nback_1_id_34,0,1,0.03527769799295092,0.0,True,4.69383955002,False,0.048346295952999996,True,,1.100517988216282,1.100517988216282,False,-0.4494583606837139,UNRESOLVED (B17),0.210449367762,0.11949514538836581
density_0_nback_1_id_35,0,1,0.03733164850181803,0.0,True,4.9180393219,False,0.039421007036999994,True,,1.1496825218325668,1.1496825218325668,False,-1.5506310462674335,UNRESOLVED (B17),0.150526434183,0.13356017223327632
density_0_nback_1_id_36,0,1,0.035047150998591105,0.0,True,4.7828745842,False,0.046016618609,True,,1.0997405052325675,1.0997405052325675,False,-0.8002953529674315,UNRESOLVED (B17),0.150526434183,0.17148169703595792
density_0_nback_1_id_37,0,1,0.03533300212706645,0.0,True,4.69700956345,False,0.04867757856800001,True,,1.0993812084162826,1.0993812084162826,False,-2.1002876758837132,UNRESOLVED (B17),0.128217086196,0.22136877986946846
density_0_nback_1_id_38,0,1,0.043723319522346184,0.0,True,4.84906005859,False,0.03570832312200001,True,7.200979709667429,1.1509795189325658,1.1509795189325658,False,-0.9992814063674302,UNRESOLVED (B17),0.127957522869,0.14260380636700526
density_0_nback_1_id_39,0,1,0.03525954138144434,0.0,True,4.8081612587,False,0.04730126261700002,True,3.2496674060837165,1.149667263032569,1.149667263032569,False,-0.24988794326743147,UNRESOLVED (B17),0.511022865772,0.3526249923985921
density_0_nback_1_id_3,0,1,0.03817822797971934,0.0,True,4.55723810196,False,0.042532294987999986,True,,1.101002454716287,1.101002454716287,False,-1.1500351428837163,UNRESOLVED (B17),0.215003505349,0.15521107143473525
density_0_nback_1_id_40,0,1,0.03713876888267683,0.0,True,4.63959884644,False,0.042806103825,True,4.94984292986743,1.0998427868162821,1.0998427868162821,False,-0.5496971606837135,UNRESOLVED (B17),0.500476419926,0.3416285659924474
density_0_nback_1_id_41,0,1,0.037132519385762806,0.0,True,4.71894931793,False,0.04269894957499998,True,7.499243974683715,1.0992438793162833,1.0992438793162833,False,-3.350093126283717,UNRESOLVED (B17),0.181206971407,0.20174840955359208
density_0_nback_1_id_42,0,1,0.03513849280946079,0.0,True,4.73002624512,False,0.048051655292000006,True,3.499900102583716,1.1999001502674318,1.1999001502674318,False,-1.3503508567325682,UNRESOLVED (B17),0.230343788862,0.21982981637120527
density_0_nback_1_id_43,0,1,0.03503310301427066,0.0,True,4.74394607544,False,0.04541349411000001,True,9.050441741900002,1.1004416942162862,1.1004416942162862,False,-2.049556016883713,UNRESOLVED (B17),0.155080571771,0.18827904035390527
density_0_nback_1_id_44,0,1,0.03457706892789131,0.0,True,4.78601551056,False,0.044557392597000006,True,2.8496787548162814,1.1496787071325656,1.1496787071325656,False,-0.300508975967432,UNRESOLVED (B17),0.176652833819,0.13018921096072109
density_0_nback_1_id_45,0,1,0.03604062450559066,0.0,True,4.75304889679,False,0.042621284723,True,,1.3492782116162871,1.3492782116162871,False,0.49994349481628575,UNRESOLVED (B17),0.176652833819,0.18076034409828684
density_0_nback_1_id_46,0,1,0.03585134172144972,0.0,True,4.63471508026,False,0.043734967708000005,True,3.3998427391325663,1.0998427868162821,1.0998427868162821,False,-0.8000786304837177,UNRESOLVED (B17),0.239452064037,0.22304538382512895
density_0_nback_1_id_47,0,1,0.03446698082150799,0.0,True,4.65093231201,False,0.045274451375,True,3.249697923683719,1.0996978283162875,1.0996978283162875,False,-1.2002899646837193,UNRESOLVED (B17),0.228665947914,0.18942390176415788
density_0_nback_1_id_48,0,1,0.034965918697322663,0.0,True,4.75983810425,False,0.04546014964599998,True,3.649586439116284,1.149586439116284,1.149586439116284,False,-0.9003975391837145,UNRESOLVED (B17),0.127842441201,0.2488829105307842
density_0_nback_1_id_49,0,1,0.03529768998697842,0.0,True,4.75480985641,False,0.04627434909299999,True,,1.1000716686162875,1.1000716686162875,False,-1.4999039172837172,UNRESOLVED (B17),0.316153436899,0.2589534854418579
density_0_nback_1_id_4,0,1,0.03525595019738071,0.0,True,4.63016796112,False,0.04631507396699999,True,,1.1004798412162842,1.1004798412162842,False,-1.999564409283714,UNRESOLVED (B17),0.188877105713,0.17458532510426317
density_0_nback_1_id_50,0,1,0.03513196082578711,0.0,True,4.55399799347,False,0.04409693181499999,True,,1.1002051830162856,1.1002051830162856,False,-1.5997154712837158,UNRESOLVED (B17),0.196547240019,0.21894043782039738
density_0_nback_1_id_51,0,1,0.03513489369499053,0.0,True,4.49871921539,False,0.04809050262,True,,1.1006705761162863,1.1006705761162863,False,-0.7993462085837137,UNRESOLVED (B17),0.142856284976,0.22190992965507367
density_0_nback_1_id_52,0,1,0.035760155255521134,0.0,True,4.56735515594,False,0.046726226806,True,3.4509346484837167,1.1009345054325692,1.1009345054325692,False,-1.2500252723674308,UNRESOLVED (B17),0.196547240019,0.21082348121617367
density_0_nback_1_id_53,0,1,0.03830172152772974,0.0,True,4.53160715103,False,0.041672348976,True,,1.1501777172162875,1.1501777172162875,False,-0.5503456592837139,UNRESOLVED (B17),0.337725698948,0.28738124688157896
density_0_nback_1_id_54,0,1,0.035439015915178965,0.0,True,4.66341543198,False,0.045430555939,True,,1.1494774818674287,1.1494774818674287,False,-0.6501631736325706,UNRESOLVED (B17),0.197985395789,0.15311671438085578
density_0_nback_1_id_55,0,1,0.034962416060524,0.0,True,4.56591463089,False,0.044786721468,True,3.7506401538837153,1.1006400585162837,1.1006400585162837,False,-1.9493057727837169,UNRESOLVED (B17),0.224111795425,0.14526722531180528
density_0_nback_1_id_56,0,1,0.034986619673107,0.0,True,4.74390220642,False,0.04540897905799998,True,,1.1005980968162845,1.1005980968162845,False,-0.3995354175837136,UNRESOLVED (B17),0.251676350832,0.33113665447434215
density_0_nback_1_id_57,0,1,0.04251721741839486,0.0,True,4.61574029922,False,0.038581416011000014,True,,1.1499533653325713,1.1499533653325713,False,-1.600203037267434,UNRESOLVED (B17),0.337725698948,0.21426717544860002
density_0_nback_1_id_5,0,1,0.035004889443559326,0.0,True,4.68520545959,False,0.04544453322900002,True,,1.1007354259162838,1.1007354259162838,False,-1.2993156909837182,UNRESOLVED (B17),0.128353342414,0.18996121979464473
density_0_nback_1_id_6,0,1,0.03960102319903351,0.0,True,4.50503015518,False,0.04037055373199999,True,3.4006896019325694,1.1006896496162852,1.1006896496162852,False,-2.000109910983717,UNRESOLVED (B17),0.363852083683,0.31116592040925006
density_0_nback_1_id_7,0,1,0.03880714012560895,0.0,True,4.61003255844,False,0.04161149263400002,True,,1.1002852917162826,1.1002852917162826,False,-1.8004028796837162,UNRESOLVED (B17),0.138302147388,0.13782257586724472
density_0_nback_1_id_8,0,1,0.03768496680085921,0.0,True,4.75240945816,False,0.04209691286100001,True,,1.19935846326743,1.19935846326743,False,-0.6007666588325691,UNRESOLVED (B17),0.379192382097,0.3163294856876842
density_0_nback_1_id_9,0,1,0.034751926805834686,0.0,True,4.72388887405,False,0.04653863608799999,True,,1.1498885154325649,1.1498885154325649,False,-0.5499901771674303,UNRESOLVED (B17),0.218119502068,0.1739582577720395
density_0_nback_2_id_10,0,2,0.02415604565880263,0.0,True,1.93146634102,False,8.66355658218e-05,False,1.8004183769325692,4.800418376932569,1.8004183769325692,False,-0.44947671886743024,UNRESOLVED (B17),0.121044337749,0.12104526753031916
density_0_nback_2_id_11,0,2,0.0211942893404,0.0,True,1.94019174576,False,6.83704201946e-05,False,1.9998252392162854,3.349825382267433,1.9998252392162854,False,0.6497046947162843,UNRESOLVED (B17),0.227227792144,0.22722517909311032
density_0_nback_2_id_12,0,2,0.031501509298225,0.0,True,4.14915132523,False,6.81130222801e-05,False,,2.9507477283837176,2.9507477283837176,False,2.2507889270837182,UNRESOLVED (B17),0.151964575052,0.15196442512776923
density_0_nback_2_id_13,0,2,0.025978210749813158,0.0,True,2.54246044159,False,4.2374671466e-05,False,2.2006416321000017,3.6506416797837176,2.2006416321000017,False,0.30074310300000207,UNRESOLVED (B17),0.138302147388,0.1383088155790977
density_0_nback_2_id_14,0,2,0.024147245640809212,0.0,True,2.27192568779,False,6.2257020545e-05,False,,1.499982833899999,1.499982833899999,False,0.7490844726999981,UNRESOLVED (B17),0.199663236737,0.1996653892416522
density_0_nback_2_id_15,0,2,0.021204063227682896,0.0,True,1.64770770073,False,7.24940182408e-05,False,1.3494362830674334,3.4494361877000017,1.3494362830674334,False,0.6498475074674346,UNRESOLVED (B17),0.142856284976,0.14285864844238802
density_0_nback_2_id_16,0,2,0.021207233449767104,0.0,True,1.58704435825,False,7.26887774363e-05,False,,3.149869203583716,3.149869203583716,False,1.9499046802837157,UNRESOLVED (B17),0.0891653373837,0.08917077209661572
density_0_nback_2_id_17,0,2,0.025867104836691843,0.0,True,2.09838104248,False,7.07588078512e-05,False,2.2998652458325672,2.5998654365674305,2.2998652458325672,False,0.5997633934325677,UNRESOLVED (B17),0.101389616728,0.1013878099448537
density_0_nback_2_id_18,0,2,0.02303533817299342,0.0,True,2.17642116547,False,5.27266456629e-05,False,,2.5498137474325695,2.5498137474325695,False,1.5500540733325678,UNRESOLVED (B17),0.128954172134,0.12895799852841314
density_0_nback_2_id_19,0,2,0.024149186860193423,0.0,True,2.47618865967,False,6.14072305325e-05,False,,3.2499847411999987,3.2499847411999987,False,1.4994316100999967,UNRESOLVED (B17),0.0860493406653,0.08604474862499933
density_0_nback_2_id_20,0,2,0.02479678375253421,0.0,True,2.8392469883,False,4.9623129598299996e-05,False,2.2505760192999986,3.800575971616283,2.2505760192999986,False,0.35054397580000085,UNRESOLVED (B17),0.460447877645,0.46044640963154204
density_0_nback_2_id_21,0,2,0.024809001038148686,0.0,True,2.67676234245,False,5.57079638384e-05,False,,2.649967670467433,2.649967670467433,False,1.3499474525674344,UNRESOLVED (B17),0.159634709358,0.1596370526276997
density_0_nback_2_id_22,0,2,0.02562634146919342,0.0,True,2.69959950447,False,8.646343121650001e-05,False,2.1004004478325697,3.2504005432000014,2.1004004478325697,False,0.050523281132569764,UNRESOLVED (B17),0.121284030378,0.12128721219525083
density_0_nback_2_id_23,0,2,0.02710041207702105,0.0,True,2.96077179909,False,5.81806853006e-05,False,2.049929380416284,3.349929332732568,2.049929380416284,False,-0.20009541508371598,UNRESOLVED (B17),0.130632013083,0.13063177615318322
density_0_nback_2_id_24,0,2,0.024835150933975002,0.0,True,2.69689011574,False,7.13307199476e-05,False,2.34983205793257,2.6998322009837175,2.34983205793257,False,0.5992217064325658,UNRESOLVED (B17),0.259346485138,0.25934329088027486
density_0_nback_2_id_25,0,2,0.02481762425189079,0.0,True,2.79374289513,False,5.6691882491500005e-05,False,,2.200053453483715,2.200053453483715,False,1.150069475183713,UNRESOLVED (B17),0.122961871326,0.12296598899650044
density_0_nback_2_id_26,0,2,0.025610334239910524,0.0,True,2.36015248299,False,8.67479357111e-05,False,2.049848079632568,2.9498481749999996,2.049848079632568,False,0.44998311993256834,UNRESOLVED (B17),0.0999514684081,0.09994620845824252
density_0_nback_2_id_27,0,2,0.03004538022766184,0.0,True,3.43902349472,False,6.96211845934e-05,False,2.3000495434162858,3.400049686467433,2.3000495434162858,False,0.5501754284162814,UNRESOLVED (B17),0.161312550306,0.16130942569954027
density_0_nback_2_id_28,0,2,0.027100658387343424,0.0,True,3.00511264801,False,6.43156054139e-05,False,,2.1999523639837157,2.1999523639837157,False,0.4995033740837158,UNRESOLVED (B17),0.482020139694,0.4820192663315391
density_0_nback_2_id_29,0,2,0.03003478609024737,0.0,True,3.36527228355,False,8.32966543385e-05,False,2.0502154827162826,3.5502154827162826,2.0502154827162826,False,-1.0006859302837157,UNRESOLVED (B17),1.5100581646,1.510052518631449
density_0_nback_2_id_2,0,2,0.026279604454575,0.0,True,2.95243167877,False,6.35061442154e-05,False,2.0495193004162857,3.4495193957837174,2.0495193004162857,False,0.09906077381628364,UNRESOLVED (B17),0.127516016364,0.12751753336203187
density_0_nback_2_id_30,0,2,0.030052554793659213,0.0,True,3.61179590225,False,7.4592528108e-05,False,,4.250877380399999,4.250877380399999,False,2.5508689879999977,UNRESOLVED (B17),0.132070168853,0.13206926615792594
density_0_nback_2_id_31,0,2,0.02159708429519605,0.0,True,1.67845511436,False,6.0275393479999995e-05,False,2.1498672961837144,3.9998672008162828,2.1498672961837144,False,0.9497101306837124,UNRESOLVED (B17),0.109059751034,0.10906451968035413
density_0_nback_2_id_32,0,2,0.02268030685617105,0.0,True,1.8025393486,False,5.57128951187e-05,False,,2.1992683411000016,2.1992683411000016,False,0.7990722656000031,UNRESOLVED (B17),0.147410437465,0.14740558564710593
density_0_nback_2_id_33,0,2,0.02708466135355132,0.0,True,2.55421304703,False,8.19064734969e-05,False,,2.349597454032569,2.349597454032569,False,1.0496726036325654,UNRESOLVED (B17),0.105943761766,0.10594990281556098
density_0_nback_2_id_34,0,2,0.023054888275903948,0.0,True,2.15510797501,False,6.55549447401e-05,False,,2.6999073029000016,2.6999073029000016,False,1.0494422912999966,UNRESOLVED (B17),0.211887523532,0.2118851586480304
density_0_nback_2_id_35,0,2,0.027480516166073686,0.0,True,2.91439342499,False,5.95614892518e-05,False,2.199464082683715,3.249464034999999,2.199464082683715,False,0.24984288218371375,UNRESOLVED (B17),0.127516016364,0.12751285845390603
density_0_nback_2_id_36,0,2,0.02561992421551184,0.0,True,2.48079395294,False,7.33393608243e-05,False,2.099925518032567,3.2499256133999985,2.099925518032567,False,-0.30034112926743006,UNRESOLVED (B17),0.151964575052,0.1519697726087459
density_0_nback_2_id_37,0,2,0.023057631118918422,0.0,True,2.07486200333,False,6.73556496622e-05,False,2.049798488632568,3.8497986793674315,2.049798488632568,False,-0.6004700660674303,UNRESOLVED (B17),0.0692709162831,0.06927168114899358
density_0_nback_2_id_38,0,2,0.028578100137785528,0.0,True,2.89636325836,False,7.57801917644e-05,False,,2.049898862816285,2.049898862816285,False,1.3997886181162826,UNRESOLVED (B17),0.107621602714,0.10761778705344335
density_0_nback_2_id_39,0,2,0.02415557083134079,0.0,True,2.23098945618,False,7.16889335309e-05,False,2.3497033119674313,3.6497032642837155,2.3497033119674313,False,1.2497353553674344,UNRESOLVED (B17),0.420659035444,0.42065607552166856
density_0_nback_2_id_40,0,2,0.022667558422598683,0.0,True,2.09812402725,False,6.2465940573e-05,False,2.0493502617325667,4.299350261732567,2.0493502617325667,False,0.0994429588325687,UNRESOLVED (B17),0.508146524429,0.5081518461974377
density_0_nback_2_id_41,0,2,0.02763437117010263,0.0,True,2.87287259102,False,8.53649944475e-05,False,8.449635744083714,3.099635601032567,3.099635601032567,False,1.5495657921325687,UNRESOLVED (B17),0.150526434183,0.1505218267549508
density_0_nback_2_id_42,0,2,0.033623532196009207,0.0,True,4.34204339981,False,7.14048601367e-05,False,2.050582885699999,4.600582838016283,2.050582885699999,False,-0.1493873595999986,UNRESOLVED (B17),0.514138817787,0.5141321155725852
density_0_nback_2_id_43,0,2,0.025715027935796053,0.0,True,3.03395628929,False,8.71547126735e-05,False,,2.6006903648325697,2.6006903648325697,False,1.2501730919325666,UNRESOLVED (B17),0.127516016364,0.1275134698045881
density_0_nback_2_id_44,0,2,0.024141198318251317,0.0,True,2.04431295395,False,6.78601754771e-05,False,2.400689363483714,3.4506893157999983,2.400689363483714,False,1.0504372119837129,UNRESOLVED (B17),0.176652833819,0.17665626131841605
density_0_nback_2_id_45,0,2,0.025978360104539473,0.0,True,2.71148967743,False,5.647778925780001e-05,False,,1.5501468181162856,1.5501468181162856,False,0.9008681774162852,UNRESOLVED (B17),0.162750706077,0.1627566885212274
density_0_nback_2_id_46,0,2,0.11204262381717105,0.112021118402,False,0.0,False,6.61664889777e-05,False,1.050077915167435,1.800077915167435,1.050077915167435,False,0.050245761867429906,UNRESOLVED (B17),0.168982699513,0.16897931487170348
density_0_nback_2_id_47,0,2,0.022683428502380264,0.0,True,1.78188431263,False,7.81194248702e-05,False,2.1995105742999996,2.4495105742999996,2.1995105742999996,False,0.6494216919000024,UNRESOLVED (B17),0.112175747752,0.1121737398662432
density_0_nback_2_id_48,0,2,0.02156764114470921,0.0,True,1.83614361286,False,8.395085387749999e-05,False,2.199838638300001,5.649838685983717,2.199838638300001,False,1.399868011499997,UNRESOLVED (B17),0.199663236737,0.1996634123652384
density_0_nback_2_id_49,0,2,0.025060914554881582,0.0,True,2.33473014832,False,7.42511583667e-05,False,1.9999434948162857,3.7499434948162857,1.9999434948162857,False,-0.049971818883719266,UNRESOLVED (B17),0.138302147388,0.1382979742471296
density_0_nback_2_id_4,0,2,0.028572257657201318,0.0,True,2.87601661682,False,8.12635153125e-05,False,,1.5499331951162851,1.5499331951162851,False,1.1500937939162839,UNRESOLVED (B17),0.125838175416,0.12583899236717155
density_0_nback_2_id_50,0,2,0.02267962439278421,0.0,True,1.79530024529,False,5.5982005505899997e-05,False,2.199647903399999,4.649647951083715,2.199647903399999,False,0.3003425598000007,UNRESOLVED (B17),0.31159928441,0.3116061150640928
density_0_nback_2_id_51,0,2,0.027105074522930265,0.0,True,2.68587851524,False,7.05055972503e-05,False,2.1508259773674325,3.6508259773674325,2.1508259773674325,False,0.05044412616743443,UNRESOLVED (B17),0.0906034857035,0.09060399399843522
density_0_nback_2_id_52,0,2,0.023063515631576315,0.0,True,2.13718867302,False,5.93861695961e-05,False,2.1499989032837163,5.649998903283716,2.1499989032837163,False,0.5003006457837174,UNRESOLVED (B17),0.482020139694,0.4820189680115374
density_0_nback_2_id_53,0,2,0.030046889313344736,0.0,True,3.29195451736,False,6.1228602135e-05,False,,2.850190639532567,2.850190639532567,False,1.4509367942325682,UNRESOLVED (B17),0.178090974689,0.17809856215917086
density_0_nback_2_id_54,0,2,0.021597676346768423,0.0,True,1.60002243519,False,7.50322924432e-05,False,,2.6497719287837143,2.6497719287837143,False,1.6491806506837179,UNRESOLVED (B17),0.174974992871,0.17497609690638885
density_0_nback_2_id_55,0,2,0.024833095235481578,0.0,True,2.68970632553,False,6.71460256854e-05,False,2.099895000432568,5.949895143483715,2.099895000432568,False,0.09992361073256717,UNRESOLVED (B17),0.264140337706,0.2641425470598825
density_0_nback_2_id_56,0,2,0.024545574119582893,0.0,True,2.38151502609,False,5.8880526921700004e-05,False,2.4008076190837144,3.2008075713999986,2.4008076190837144,False,1.4505379199837165,UNRESOLVED (B17),0.188877105713,0.18887707130257836
density_0_nback_2_id_57,0,2,0.024158174662219735,0.0,True,1.95601642132,False,8.92983371159e-05,False,,2.5498652458325672,2.5498652458325672,False,0.999898433732568,UNRESOLVED (B17),0.331493705511,0.33149649103933104
density_0_nback_2_id_5,0,2,0.024153767104586842,0.0,True,2.44826126099,False,9.64213759289e-05,False,2.1501286029837168,4.150128602983717,2.1501286029837168,False,0.3501198291837184,UNRESOLVED (B17),0.317831277847,0.3178270960845919
density_0_nback_2_id_6,0,2,0.03187986161854606,0.0,True,3.84120154381,False,5.9810567108799996e-05,False,,1.950495243067433,1.950495243067433,False,0.8496956825674289,UNRESOLVED (B17),0.187438964844,0.1874403062315559
density_0_nback_2_id_7,0,2,0.02779755510977368,0.0,True,3.28790068626,False,6.48667628411e-05,False,2.0503890514162855,4.35038900373257,2.0503890514162855,False,-0.35009694098371824,UNRESOLVED (B17),0.122961871326,0.12296249077732066
density_0_nback_2_id_8,0,2,0.025629364983414477,0.0,True,2.33915376663,False,7.5082100011e-05,False,,2.2004051207999993,2.2004051207999993,False,0.6995277405000024,UNRESOLVED (B17),0.280918747187,0.28091782163549045
density_10_nback_0_id_10,10,0,0.08513613814780263,0.0,True,16.4159126282,True,0.049077032134,True,0.2495436668325688,0.1995437145162846,0.1995437145162846,True,-1.2002022266837145,UNRESOLVED (B17),0.420659035444,0.3713879747264645
density_10_nback_0_id_11,10,0,0.0796711105196883,0.0,True,15.0395956039,True,0.0492812693119,True,0.14987373350000155,0.19987368581628573,0.14987373350000155,True,-1.6006965637000015,UNRESOLVED (B17),0.179768815637,0.13082548659821974
density_10_nback_0_id_12,10,0,0.08523330202711447,0.0,True,15.8836193085,True,0.047693122178300004,True,0.20047831531628546,0.15047836300000128,0.15047836300000128,True,-0.44931411740000016,UNRESOLVED (B17),0.124400027096,0.0745780892839013
density_10_nback_0_id_13,10,0,0.07678310112342394,0.0,True,14.1979646683,True,0.0494074132294,True,0.7008318901325694,0.15083193781628523,0.15083193781628523,True,-1.6496307849837173,UNRESOLVED (B17),0.176652833819,0.127863567236325
density_10_nback_0_id_16,10,0,0.07922089742619946,0.0,True,14.8939495087,True,0.0492564849556,True,0.4002120495162842,0.1502120495162842,0.1502120495162842,True,-1.149892091783716,UNRESOLVED (B17),0.251676350832,0.20275297512203555
density_10_nback_0_id_17,10,0,0.08135302742868658,0.0,True,15.6646842957,True,0.0492459731177,True,0.1998565197162847,0.1998565197162847,0.1998565197162847,True,-0.35015797618371636,UNRESOLVED (B17),0.13662430644,0.12573729022898683
density_10_nback_0_id_18,10,0,0.08409537830829737,0.0,True,16.3065624237,True,0.0491109080613,True,0.19945025441628417,0.19945025441628417,0.19945025441628417,True,-0.7002174853837175,UNRESOLVED (B17),0.199663236737,0.15046367170509473
density_10_nback_0_id_19,10,0,0.07066873670555013,0.0,True,14.2306585312,True,0.0530534246936,True,0.7498314380837172,0.19983148576743304,0.19983148576743304,True,-2.8000121116325687,UNRESOLVED (B17),0.104505605996,0.0702424264561979
density_10_nback_0_id_1,10,0,0.07695588886148816,0.0,True,14.346578598,True,0.0494093960151,True,0.450824260732567,0.1508243084162828,0.1508243084162828,True,-0.7001221179837174,UNRESOLVED (B17),0.218119502068,0.1743880785558658
density_10_nback_0_id_20,10,0,0.07172945494716317,0.0,True,13.7643289566,True,0.05136748030783,True,0.899832487116285,0.19983243943256923,0.19983243943256923,True,-1.1502747535674303,UNRESOLVED (B17),0.13662430644,0.08862047421857804
density_10_nback_0_id_21,10,0,0.07173918999004474,0.0,True,13.9463748932,True,0.05123243015262,True,0.7001023292674304,0.15010213853256715,0.15010213853256715,True,-2.200830936467433,UNRESOLVED (B17),0.181206971407,0.13322415183255554
density_10_nback_0_id_22,10,0,0.07920146288921141,0.0,True,14.7056531906,True,0.0492776371539,True,0.4003016949162834,0.15030169491628342,0.15030169491628342,True,-0.34973073008371713,UNRESOLVED (B17),0.119845882058,0.07092765170919868
density_10_nback_0_id_23,10,0,0.08511024039534343,0.0,True,15.868478775,True,0.0477449921891,True,0.2000052929162841,0.15000534059999993,0.15000534059999993,True,-2.4000205994000012,UNRESOLVED (B17),0.250238209963,0.20042866972094606
density_10_nback_0_id_24,10,0,0.08694376441104999,0.0,True,15.759513855,True,0.047621843404999996,True,0.25046491623256983,0.15046501160000147,0.15046501160000147,True,-1.8998165130999993,UNRESOLVED (B17),0.165866702795,0.11594676790069602
density_10_nback_0_id_25,10,0,0.08097053393473783,0.0,True,15.3753080368,True,0.0491479570046,True,0.14961814879999835,0.19961810111628253,0.14961814879999835,True,-1.9999618529999985,UNRESOLVED (B17),0.13662430644,0.09793178927102236
density_10_nback_0_id_26,10,0,0.07896527148266756,0.0,True,14.7855510712,True,0.0492825508117,True,0.4002768993162853,0.1502768993162853,0.1502768993162853,True,-1.3999512195837163,UNRESOLVED (B17),0.0752632170916,0.05240272931557737
density_10_nback_0_id_27,10,0,0.07134561399974079,0.0,True,14.1170911789,True,0.052947600372159995,True,0.39965009693256803,0.19965028766743131,0.19965028766743131,True,-2.54993200303257,UNRESOLVED (B17),0.305606991053,0.2583246410484955
density_10_nback_0_id_28,10,0,0.07069004608596106,0.0,True,13.3979606628,True,0.0513572273776,True,0.7501671313837157,0.15016698833256825,0.15016698833256825,True,-1.1002278327674304,UNRESOLVED (B17),0.178090974689,0.12992769707727897
density_10_nback_0_id_29,10,0,0.07090491485343565,0.0,True,13.7946205139,True,0.049659854732499994,True,0.8002967834000003,0.20029687876743196,0.20029687876743196,True,-1.0495982170325675,UNRESOLVED (B17),0.382308363914,0.4225402377721645
density_10_nback_0_id_2,10,0,0.07614097664573842,0.0,True,14.383482933,True,0.05110177956519,True,0.39994502071628446,0.19994497303256864,0.19994497303256864,True,-1.500751972167432,UNRESOLVED (B17),0.130632013083,0.08246608014807486
density_10_nback_0_id_30,10,0,0.07353301435147723,0.0,True,14.1014099121,True,0.0512070218101,True,0.7494378089674321,0.19943761823256878,0.19943761823256878,True,-1.6005139350674327,UNRESOLVED (B17),0.150526434183,0.10251906189418289
density_10_nback_0_id_32,10,0,0.07727511707493159,0.0,True,14.1882305145,True,0.0493806554004,True,0.50079011916743,0.15078997611628253,0.15078997611628253,True,-0.950089693083715,UNRESOLVED (B17),0.119845882058,0.07104351070057763
density_10_nback_0_id_33,10,0,0.08520737849173947,0.0,True,16.2149295807,True,0.049062363803400004,True,0.24973440173256733,0.14973449709999898,0.14973449709999898,True,-0.8997554779000012,UNRESOLVED (B17),0.0491368100047,0.0644359925124408
density_10_nback_0_id_34,10,0,0.07975193267797986,0.0,True,15.2618656158,True,0.050789084285500004,True,0.09948730469999845,0.1994872093325668,0.09948730469999845,True,-2.1505355835000017,UNRESOLVED (B17),0.182645127177,0.1342595663090855
density_10_nback_0_id_35,10,0,0.07805204318873328,0.0,True,14.2941741943,True,0.0492601646111,True,0.4003722668162837,0.15037226681628368,0.15037226681628368,True,-1.800288438783717,UNRESOLVED (B17),0.127516016364,0.0786566149295329
density_10_nback_0_id_37,10,0,0.08254470302626812,0.0,True,15.0882520676,True,0.0476813754067,True,0.2002036571162833,0.15020370479999912,0.15020370479999912,True,0.05015373230000009,UNRESOLVED (B17),0.0769410580397,0.054233051579149205
density_10_nback_0_id_38,10,0,0.08080178946345698,0.0,True,14.9669361115,True,0.0477259317413,True,6.200644254716284,0.15064430239999993,0.15064430239999993,True,-0.14931869509999984,UNRESOLVED (B17),0.0860493406653,0.05725869709184947
density_10_nback_0_id_39,10,0,0.07683013659578,0.0,True,14.0743083954,True,0.049336034804499995,True,0.45007848743256673,0.15007853511628255,0.15007853511628255,True,-1.2494995593837146,UNRESOLVED (B17),0.681443691254,0.6326409089872591
density_10_nback_0_id_3,10,0,0.08594676017716185,0.0,True,15.9827661514,True,0.049159150570599996,True,0.24984121323256758,0.1998412609162834,0.1998412609162834,True,-1.799903154383717,UNRESOLVED (B17),0.0951576307416,0.12288911576924605
density_10_nback_0_id_40,10,0,0.08688268614440395,0.0,True,15.7626934052,True,0.047602273523800004,True,0.25084829333256664,0.15084838869999828,0.15084838869999828,True,-1.299411773700001,UNRESOLVED (B17),0.308483302593,0.2585551557373934
density_10_nback_0_id_41,10,0,0.07424595898117764,0.0,True,14.0261859894,True,0.049541907385,True,0.750601291667433,0.15060114861628549,0.15060114861628549,True,-1.549878358883717,UNRESOLVED (B17),0.52804094553,0.4793766955232961
density_10_nback_0_id_42,10,0,0.08180350251499868,0.0,True,15.5241670609,True,0.0492306342348,True,0.150225400916284,0.150225400916284,0.150225400916284,True,-1.9004452228837145,UNRESOLVED (B17),0.220995798707,0.26216743683024735
density_10_nback_0_id_43,10,0,0.07755745381065593,0.0,True,14.3672971725,True,0.0492889517919,True,0.6501376629162827,0.15013766291628272,0.15013766291628272,True,-1.4495155810837161,UNRESOLVED (B17),0.416104912758,0.3672683486152474
density_10_nback_0_id_44,10,0,0.07859931271032763,0.0,True,14.9643936157,True,0.050881121307589997,True,0.39969325061628425,0.19969320293256843,0.19969320293256843,True,-0.9498715400674307,UNRESOLVED (B17),0.199663236737,0.1513700755310499
density_10_nback_0_id_45,10,0,0.08034861038785526,0.0,True,15.4510822296,True,0.05082502961162,True,0.14979243281628385,0.19979238513256803,0.14979243281628385,True,-0.4501640796837165,UNRESOLVED (B17),0.0752632170916,0.07740609094158658
density_10_nback_0_id_46,10,0,0.08105017334733126,0.0,True,15.3992872238,True,0.0491636069492,True,0.10033988949999895,0.15033984181628313,0.10033988949999895,True,-1.1497631073,UNRESOLVED (B17),0.102827765048,0.05379305518963552
density_10_nback_0_id_47,10,0,0.06908541522756137,0.0,True,13.945306778,True,0.051382394507510004,True,0.7498486041837147,0.24984860418371468,0.24984860418371468,True,-0.7001445293162831,UNRESOLVED (B17),0.11816804111,0.10107954701797736
density_10_nback_0_id_48,10,0,0.07711671961859737,0.0,True,14.2772655487,True,0.0494138868526,True,0.5000615119674308,0.1500613689162833,0.1500613689162833,True,-0.4502613544837146,UNRESOLVED (B17),0.201101392508,0.1523020309278066
density_10_nback_0_id_49,10,0,0.08678596113856842,0.0,True,15.5503797531,True,0.0475795660168,True,0.25002431873256725,0.1500244140999989,0.1500244140999989,True,-2.9006195067999982,UNRESOLVED (B17),0.409872919321,0.35995427928368684
density_10_nback_0_id_4,10,0,0.07763380870316527,0.0,True,14.9432849884,True,0.05094197299329,True,0.3992984295162856,0.19929838183256976,0.19929838183256976,True,-2.1001591682674317,UNRESOLVED (B17),0.144294440746,0.10336902824627119
density_10_nback_0_id_50,10,0,0.08295019171938553,0.0,True,16.1727085114,True,0.0492690401151,True,0.19976687431628548,0.19976687431628548,0.19976687431628548,True,-1.2502644061837174,UNRESOLVED (B17),0.254792332649,0.205648888784575
density_10_nback_0_id_51,10,0,0.08403723353617763,0.0,True,16.0906600952,True,0.0491318963468,True,0.19969630241628522,0.19969630241628522,0.19969630241628522,True,-1.2006103992837147,UNRESOLVED (B17),0.0874874964356,0.08441915788293027
density_10_nback_0_id_52,10,0,0.08214632539372105,0.0,True,15.5112161636,True,0.0491280844435,True,0.15030550961628464,0.15030550961628464,0.15030550961628464,True,-1.0999481677837153,UNRESOLVED (B17),0.0707090720534,0.05263625285097815
density_10_nback_0_id_53,10,0,0.07950581163841684,0.0,True,15.0871276855,True,0.049225931055800004,True,0.05083966258371575,0.1508395672162841,0.05083966258371575,True,-1.3491160869162826,UNRESOLVED (B17),0.238013923168,0.18905219096230788
density_10_nback_0_id_54,10,0,0.0831511305694092,0.0,True,15.6468162537,True,0.047778922133199994,True,0.20023608211628385,0.15023612979999967,0.15023612979999967,True,-0.7998695373999993,UNRESOLVED (B17),0.145972281694,0.0962749525385829
density_10_nback_0_id_55,10,0,0.06999688232465552,0.0,True,14.1137313843,True,0.05309463664886,True,0.749844789483717,0.19984483716743284,0.19984483716743284,True,-2.1504225731325697,UNRESOLVED (B17),0.139740303159,0.09243590161719262
density_10_nback_0_id_56,10,0,0.0689858506237579,0.0,True,13.8440418243,True,0.051415384747089996,True,0.7996902466000009,0.19969034196743252,0.19969034196743252,True,-0.7506842613325695,UNRESOLVED (B17),0.0829333513975,0.06308865402578302
density_10_nback_0_id_57,10,0,0.07930196155061316,0.0,True,15.302157402,True,0.05088832974434,True,0.09994125369999907,0.19994115833256743,0.09994125369999907,True,-1.6001396178999983,UNRESOLVED (B17),0.204217389226,0.15587111671557288
density_10_nback_0_id_5,10,0,0.08357989792958027,0.0,True,16.0943470001,True,0.049150623381200007,True,0.19980502131628342,0.19980502131628342,0.19980502131628342,True,-2.000363588283715,UNRESOLVED (B17),0.164428547025,0.13642807650433025
density_10_nback_0_id_6,10,0,0.07138590088208815,0.0,True,13.379327774,True,0.0497020166367,True,0.8001518250000004,0.200151920367432,0.200151920367432,True,-1.7498717308325666,UNRESOLVED (B17),0.153402730823,0.2017067577326579
density_10_nback_0_id_7,10,0,0.07605777113960828,0.0,True,13.9733638763,True,0.0494907451794,True,0.4501013755325687,0.1501014232162845,0.1501014232162845,True,-1.400235414483717,UNRESOLVED (B17),0.128954172134,0.08021945025927896
density_10_nback_0_id_8,10,0,0.07627037956723184,0.0,True,14.510884285,True,0.051032613962869997,True,0.699931621532567,0.19993162153256705,0.19993162153256705,True,-1.249702930467432,UNRESOLVED (B17),0.110258214176,0.1584267462974425
density_10_nback_0_id_9,10,0,0.08202829993771842,0.0,True,16.2751140594,True,0.05078876484182,True,0.14991831781628306,0.19991827013256724,0.14991831781628306,True,-1.3501503467837175,UNRESOLVED (B17),0.374638229609,0.3261575126461424
density_10_nback_1_id_10,10,1,0.11073384316340787,0.113498412073,False,0.0,False,0.0001037910369632,False,1.3499970435674307,4.649996995883715,1.3499970435674307,False,-0.09953832623256886,UNRESOLVED (B17),0.156758412719,0.1567551851759051
density_10_nback_1_id_11,10,1,0.11080719324710528,0.11308837682,False,0.0,False,6.22213519819e-05,False,1.3500409126674313,5.550040721932568,1.3500409126674313,False,-0.05001401903256664,UNRESOLVED (B17),0.274926453829,0.27491929702374357
density_10_nback_1_id_12,10,1,0.11072559125326316,0.113431081176,False,0.0,False,7.753971476639999e-05,False,1.3497738838674316,3.1997737885,1.3497738838674316,False,0.24991464616743286,UNRESOLVED (B17),1.13254356384,1.1325345485017766
density_10_nback_1_id_13,10,1,0.11071680633251314,0.113541722298,False,0.0,False,6.06940629951e-05,False,1.2997241020325667,5.049724102032567,1.2997241020325667,False,-1.6502346992674326,UNRESOLVED (B17),0.227227792144,0.22722622659530703
density_10_nback_1_id_14,10,1,0.11078736764426315,0.113095089793,False,0.0,False,7.07659037289e-05,False,1.2504107952162826,3.4504108428999984,1.2504107952162826,False,-0.6996700763837147,UNRESOLVED (B17),0.202779233456,0.20277944678515764
density_10_nback_1_id_15,10,1,0.1107286514811974,0.113049499691,False,0.0,False,9.82834753813e-05,False,1.1503410338999984,7.100341081583714,1.1503410338999984,False,-0.7003726959000005,UNRESOLVED (B17),0.190315261483,0.19031560657841293
density_10_nback_1_id_16,10,1,0.11079599963210525,0.11301933974,False,0.0,False,6.205215504449999e-05,False,1.3005499839325694,3.150550126983717,1.3005499839325694,False,-0.8493046760674332,UNRESOLVED (B17),0.179768815637,0.17977065609297813
density_10_nback_1_id_17,10,1,0.11070196742293423,0.11375964433,False,0.0,False,9.36223659664e-05,False,1.2994923591674308,4.599492311483715,1.2994923591674308,False,-0.00037145613256939214,UNRESOLVED (B17),0.182645127177,0.1826447439226311
density_10_nback_1_id_18,10,1,0.11065133317914473,0.113731920719,False,0.0,False,9.85029473668e-05,False,1.1499423980999985,5.1499423980999985,1.1499423980999985,False,-0.40015983580000025,UNRESOLVED (B17),0.377514541149,0.3775117562133182
density_10_nback_1_id_19,10,1,0.1108048073947763,0.113014347851,False,0.0,False,0.0001101759407902,False,1.3504509925674313,5.1504509448837155,1.3504509925674313,False,-0.3002905845325685,UNRESOLVED (B17),0.165866702795,0.1658712494620195
density_10_nback_1_id_1,10,1,0.11079466058627632,0.113116189837,False,0.0,False,0.0001006652491923,False,1.3004164695325677,4.350416660267431,1.3004164695325677,False,-0.1999268531674332,UNRESOLVED (B17),0.388300657272,0.3882993767097183
density_10_nback_1_id_20,10,1,0.11069919492460527,0.11313174665,False,0.0,False,8.03515322332e-05,False,1.2495791912162844,3.2995791435325685,1.2495791912162844,False,-1.1002914905837144,UNRESOLVED (B17),0.284034729004,0.2840412144061787
density_10_nback_1_id_21,10,1,0.11079289097532893,0.113041229546,False,0.0,False,6.67876229272e-05,False,1.3000006675325686,3.7500007152162844,1.3000006675325686,False,-1.1999573707674323,UNRESOLVED (B17),0.101389616728,0.10139003544610777
density_10_nback_1_id_22,10,1,0.11065666799089473,0.113779850304,False,0.0,False,8.981299470170001e-05,False,1.1994311809162852,5.249431133232569,1.1994311809162852,False,-0.8001778125837156,UNRESOLVED (B17),0.124400027096,0.12439230546059911
density_10_nback_1_id_23,10,1,0.11079304871198682,0.113072253764,False,0.0,False,8.27390904306e-05,False,1.3005309105325686,5.4505310059,1.3005309105325686,False,-0.3500676154674309,UNRESOLVED (B17),0.224111795425,0.22411303133307503
density_10_nback_1_id_24,10,1,0.294495093407183,0.211514368653,False,0.0,False,0.0070603659842200005,False,1.049441575983714,4.449441432932566,1.049441575983714,False,-0.7502143383162831,UNRESOLVED (B17),0.598510324955,0.5987379549334819
density_10_nback_1_id_25,10,1,0.11071932433464475,0.113497361541,False,0.0,False,8.64986905072e-05,False,1.1500148772999985,5.4000148772999985,1.1500148772999985,False,-0.4996509551999999,UNRESOLVED (B17),0.196547240019,0.19654265281574798
density_10_nback_1_id_26,10,1,0.11070777289571054,0.113511480391,False,0.0,False,9.01058410818e-05,False,1.1500625609999986,4.400062560999999,1.1500625609999986,False,-0.2994918822999999,UNRESOLVED (B17),0.110497899354,0.11049657061331462
density_10_nback_1_id_27,10,1,0.11071883083173682,0.11346719414,False,0.0,False,8.6947777163e-05,False,1.1507816314999992,4.150781631499999,1.1507816314999992,False,-1.4000148772999985,UNRESOLVED (B17),0.170420840383,0.17041552422803694
density_10_nback_1_id_28,10,1,0.11079778218346055,0.113056719303,False,0.0,False,9.248701462640001e-05,False,1.3001761436325694,2.6001763343674327,1.3001761436325694,False,-0.04987192156742992,UNRESOLVED (B17),0.834846436977,0.8348458438458336
density_10_nback_1_id_29,10,1,0.11080527933026314,0.112949684262,False,0.0,False,6.36308286631e-05,False,1.3504261970674314,4.000426054016284,1.3504261970674314,False,-1.4501452446325693,UNRESOLVED (B17),0.208771526814,0.20878265182572073
density_10_nback_1_id_2,10,1,0.11073581452825,0.113473907113,False,0.0,False,7.187549636e-05,False,1.3503181934837158,3.1503181458,1.3503181934837158,False,-0.500565290416283,UNRESOLVED (B17),0.161312550306,0.16131438964376904
density_10_nback_1_id_30,10,1,0.11064442119713158,0.113814949989,False,0.0,False,8.986949978860001e-05,False,1.1492671966999986,5.249267101332567,1.1492671966999986,False,-0.8003234863000017,UNRESOLVED (B17),0.113613896072,0.11360507746583394
density_10_nback_1_id_31,10,1,0.1108100080960658,0.113090954721,False,0.0,False,9.33581177378e-05,False,1.35039949416743,5.150399446483714,1.35039949416743,False,-0.29961729053257,UNRESOLVED (B17),0.153642416,0.15363922831153584
density_10_nback_1_id_32,10,1,0.11070191870003948,0.113520614803,False,0.0,False,6.96655224602e-05,False,1.1996059418000016,5.199605941800002,1.1996059418000016,False,-0.3502273560000013,UNRESOLVED (B17),0.184322968125,0.1843230407145829
density_10_nback_1_id_33,10,1,0.11073176974527632,0.113471291959,False,0.0,False,7.837965313230001e-05,False,1.3498654365674305,3.6498653888837147,1.3498654365674305,False,-0.4007506370325693,UNRESOLVED (B17),0.0783792063594,0.07837753012754661
density_10_nback_1_id_34,10,1,0.11065862376827633,0.113803006709,False,0.0,False,8.114209595079999e-05,False,1.1996657848162826,4.449665784816283,1.1996657848162826,False,-0.400290727583716,UNRESOLVED (B17),0.446785449982,0.44679019929345937
density_10_nback_1_id_35,10,1,0.11079871046693422,0.113059654832,False,0.0,False,8.38588566694e-05,False,1.3004851341325683,4.500485181816284,1.3004851341325683,False,-0.5495209693674319,UNRESOLVED (B17),0.0951576307416,0.09515279921640926
density_10_nback_1_id_36,10,1,0.11080270740942105,0.113005533814,False,0.0,False,8.60765758261e-05,False,1.3502850532674309,5.100285053267431,1.3502850532674309,False,-0.29975461963256933,UNRESOLVED (B17),0.162750706077,0.16274231215372642
density_10_nback_1_id_37,10,1,0.11070829443631579,0.113519996405,False,0.0,False,9.65786348388e-05,False,1.2001731396162825,5.9501731396162825,1.2001731396162825,False,-3.3000919818837176,UNRESOLVED (B17),0.13518615067,0.135190161690139
density_10_nback_1_id_38,10,1,0.11070990709493422,0.113497838378,False,0.0,False,6.84102669765e-05,False,1.2002818584162824,4.150281906099998,1.2002818584162824,False,-0.3494293689837171,UNRESOLVED (B17),0.155080571771,0.1550795044897103
density_10_nback_1_id_39,10,1,0.11078527667809211,0.113062471151,False,0.0,False,8.43876587168e-05,False,1.2507255077162824,5.750725507716282,1.2507255077162824,False,-0.5493443011837158,UNRESOLVED (B17),0.406756907701,0.4067548118141576
density_10_nback_1_id_3,10,1,0.11079581866135527,0.113066330552,False,0.0,False,9.366456288270001e-05,False,1.3003878593325666,4.050387859332567,1.3003878593325666,False,-1.549889087667431,UNRESOLVED (B17),0.109059751034,0.10905727176947902
density_10_nback_1_id_40,10,1,0.11070828835825,0.113478951156,False,0.0,False,6.36422992102e-05,False,1.2002570629162825,4.7002570629162825,1.2002570629162825,False,-2.499877214383716,UNRESOLVED (B17),0.383746504784,0.38374189976606204
density_10_nback_1_id_41,10,1,0.11070675020539474,0.113417975605,False,0.0,False,6.90411343385e-05,False,1.2495296001162828,4.749529600116283,1.2495296001162828,False,0.29979586601628583,UNRESOLVED (B17),0.326939553022,0.3269294457181702
density_10_nback_1_id_42,10,1,0.11072775643122372,0.113506652415,False,0.0,False,6.00714211032e-05,False,1.3003849983674307,4.550384998367431,1.3003849983674307,False,-0.8505911827325683,UNRESOLVED (B17),0.226988106966,0.22699607828439142
density_10_nback_1_id_43,10,1,0.11073785961460525,0.113466598094,False,0.0,False,7.03991718183e-05,False,1.1997203827000007,4.699720382700001,1.1997203827000007,False,-0.5501117706000009,UNRESOLVED (B17),0.0982736200094,0.09827102861254776
density_10_nback_1_id_44,10,1,0.11072188302097369,0.113531492651,False,0.0,False,5.57847452001e-05,False,1.199922561600001,3.899922609283717,1.199922561600001,False,-0.35005760190000146,UNRESOLVED (B17),0.0874874964356,0.08748501081715929
density_10_nback_1_id_45,10,1,0.11078435535489475,0.11308414489,False,0.0,False,7.055942114669999e-05,False,1.250660657916285,4.600660800967432,1.250660657916285,False,-0.049294710183716006,UNRESOLVED (B17),0.185761108994,0.1857598421765112
density_10_nback_1_id_46,10,1,0.11067526287544738,0.113765701652,False,0.0,False,6.34841435385e-05,False,1.29954576496743,2.4995455742325667,1.29954576496743,False,-0.1502203941325675,UNRESOLVED (B17),0.0769410580397,0.076942480856204
density_10_nback_1_id_47,10,1,0.11072450023343419,0.113447256386,False,0.0,False,9.47463631746e-05,False,1.299830913532567,3.5998311042674302,1.299830913532567,False,-1.25018739696743,UNRESOLVED (B17),0.173536837101,0.17353639224145265
density_10_nback_1_id_48,10,1,0.1107149117283421,0.113525062799,False,0.0,False,5.29175504199e-05,False,1.2496898174162858,6.6496899127837175,1.2496898174162858,False,0.19989085201628498,UNRESOLVED (B17),4.5452747345,4.545277982427862
density_10_nback_1_id_49,10,1,0.11072379448694736,0.113505840302,False,0.0,False,6.49691883154e-05,False,1.3498024940674327,4.549802303332569,1.3498024940674327,False,-1.5994448661325684,UNRESOLVED (B17),0.319269418716,0.3192743610788945
density_10_nback_1_id_4,10,1,0.11072475972925,0.113498881459,False,0.0,False,7.82763381722e-05,False,1.3498120307674313,4.1498119830837155,1.3498120307674313,False,-2.400054454832567,UNRESOLVED (B17),0.422097206116,0.42209732756349244
density_10_nback_1_id_50,10,1,0.1108000804914605,0.113068126142,False,0.0,False,9.190221317110001e-05,False,1.3500561713674308,4.400056123683715,1.3500561713674308,False,-0.9501338005325692,UNRESOLVED (B17),0.156758412719,0.1567479480353924
density_10_nback_1_id_51,10,1,0.1108091912770921,0.11303242296,False,0.0,False,7.317600466190001e-05,False,1.3504738807674315,5.150473833083716,1.3504738807674315,False,-0.799745082832569,UNRESOLVED (B17),0.161312550306,0.16131286300527842
density_10_nback_1_id_52,10,1,0.11077992098500002,0.113057129085,False,0.0,False,7.11339780537e-05,False,1.2003097533999991,3.700309753399999,1.2003097533999991,False,-1.450128555300001,UNRESOLVED (B17),0.248800054193,0.24879003045121242
density_10_nback_1_id_53,10,1,0.1108464877071974,0.113023623824,False,0.0,False,0.00010275497334080001,False,1.2003650665000016,4.700365066500002,1.2003650665000016,False,-0.3495883942000013,UNRESOLVED (B17),0.142856284976,0.14285557911137067
density_10_nback_1_id_54,10,1,0.11072344891722366,0.113483056426,False,0.0,False,0.0001048319318215,False,1.299172878232568,4.849173068967431,1.299172878232568,False,-0.050392627667431356,UNRESOLVED (B17),0.199663236737,0.19966266378710215
density_10_nback_1_id_55,10,1,0.11079812285148682,0.113025560975,False,0.0,False,7.489267773060001e-05,False,1.350754260967431,6.800754070232568,1.350754260967431,False,-1.1999945640325684,UNRESOLVED (B17),0.151964575052,0.15196316776551524
density_10_nback_1_id_56,10,1,0.1107167341795658,0.113424815238,False,0.0,False,8.079662438829999e-05,False,1.2997298240325676,5.199729919399999,1.2997298240325676,False,-1.3999543189674313,UNRESOLVED (B17),0.254792332649,0.2547957285469378
density_10_nback_1_id_57,10,1,0.11067329298118421,0.113704837859,False,0.0,False,7.44531807868e-05,False,1.299925327267431,3.349925279583715,1.299925327267431,False,-0.09998464583256705,UNRESOLVED (B17),0.215003505349,0.2149964616401464
density_10_nback_1_id_5,10,1,0.11080623986689474,0.113006010652,False,0.0,False,8.91968375072e-05,False,1.3503460883674308,5.700345992999999,1.3503460883674308,False,-1.2995181083325669,UNRESOLVED (B17),0.242568060756,0.24256853734086087
density_10_nback_1_id_6,10,1,0.11070978974831579,0.113489054143,False,0.0,False,0.0001112919999286,False,1.2498366833162855,3.1998367310000013,1.2498366833162855,False,-0.450022935883716,UNRESOLVED (B17),0.290266722441,0.2902620167161811
density_10_nback_1_id_7,10,1,0.11070795778773686,0.113502658904,False,0.0,False,0.0001003056240734,False,1.2495315075162843,4.4495315552,1.2495315075162843,False,-1.300017595283716,UNRESOLVED (B17),0.107621602714,0.10762509344724837
density_10_nback_1_id_8,10,1,0.11075160632797369,0.113108322024,False,0.0,False,6.79318545735e-05,False,1.350209474583714,3.4002094268999983,1.350209474583714,False,-0.6492354870162842,UNRESOLVED (B17),,
density_10_nback_1_id_9,10,1,0.1106722038238816,0.113765470684,False,0.0,False,7.27474198356e-05,False,1.2998776435674309,5.349877595883715,1.2998776435674309,False,-0.5000891685325684,UNRESOLVED (B17),0.288588881493,0.28858925969082283
density_10_nback_2_id_10,10,2,0.10132781406376185,0.0,True,1.98087310791,False,0.000358872115599998,False,1.2502789497674307,2.4502787590325674,1.2502789497674307,False,-0.3995585441325673,UNRESOLVED (B17),0.280918747187,0.21337301244895
density_10_nback_2_id_11,10,2,0.1008891705913408,0.0,True,1.86800634861,False,0.00031938403849998687,False,1.2503399848674306,4.300339937183715,1.2503399848674306,False,-0.4998335838325687,UNRESOLVED (B17),0.345395833254,0.27786025238286316
density_10_nback_2_id_12,10,2,0.09896287037746711,0.0,True,2.61217880249,False,0.00023159384729999621,False,1.6004130840162851,2.6504130363325693,1.6004130840162851,False,1.1995112896162858,UNRESOLVED (B17),0.11816804111,0.05062632772479868
density_10_nback_2_id_13,10,2,0.10079757805525659,0.0,True,2.64274907112,False,0.0003498792649000021,False,1.2496953010674332,5.44969511033257,1.2496953010674332,False,-1.1996645927325673,UNRESOLVED (B17),0.330055564642,0.2625219142555092
density_10_nback_2_id_14,10,2,0.10065240704599471,0.0,True,2.61349391937,False,0.0003006309270000007,False,5.249645709967432,1.8996455669162842,1.8996455669162842,False,0.9498336315162845,UNRESOLVED (B17),0.299374997616,0.23183862512067369
density_10_nback_2_id_15,10,2,0.10082873856453686,0.0,True,2.62075543404,False,0.0002961158753000126,False,1.2499279975674327,6.199927806832569,1.2499279975674327,False,-2.400029659232569,UNRESOLVED (B17),0.210449367762,0.1429067307008658
density_10_nback_2_id_16,10,2,0.09995785245281974,0.0,True,2.59665870667,False,0.0003029033542000098,False,1.2499508857674329,5.249950885767433,1.2499508857674329,False,-0.4006896019325694,UNRESOLVED (B17),0.121284030378,0.053752447233521045
density_10_nback_2_id_17,10,2,0.09029236916870922,0.0,True,3.89642930031,False,0.0002776607871000092,False,1.1499257087674302,2.89992570876743,1.1499257087674302,False,0.049793720267430785,UNRESOLVED (B17),0.191993102431,0.1245042483662487
density_10_nback_2_id_18,10,2,0.09815998988131447,0.0,True,3.34372782707,False,0.00023627281190000127,False,1.1998887061674317,4.599888563116284,1.1998887061674317,False,-0.2500567436325696,UNRESOLVED (B17),0.220995798707,0.16101613699606185
density_10_nback_2_id_19,10,2,0.10087455000333685,0.0,True,2.56899404526,False,0.00029829889539999266,False,1.2497696876674311,3.2997696399837153,1.2497696876674311,False,-0.15031385423256793,UNRESOLVED (B17),0.282596588135,0.21506282765637894
density_10_nback_2_id_1,10,2,0.12886669805978485,0.0,True,3.01887869835,False,0.000592693686500001,False,1.200520992232569,2.8505210876000007,1.200520992232569,False,-1.0990128516674318,UNRESOLVED (B17),0.423775047064,0.35587331750692497
density_10_nback_2_id_20,10,2,0.09997098743423553,0.0,True,2.61295866966,False,0.0002856701613000029,False,1.2000432014674303,3.8000431060999986,1.2000432014674303,False,-1.4004302025325686,UNRESOLVED (B17),0.334609687328,0.26706894036151974
density_10_nback_2_id_21,10,2,0.09984491731188422,0.0,True,2.64376378059,False,0.00033177435389999954,False,1.2492947578674318,3.749294757867432,1.2492947578674318,False,-0.950202465032568,UNRESOLVED (B17),0.279480606318,0.21194267782773552
density_10_nback_2_id_22,10,2,0.0993476302705921,0.0,True,1.95064234734,False,0.00026876479390000596,False,1.2507507800837168,5.900750637032569,1.2507507800837168,False,-0.9996287823162859,UNRESOLVED (B17),0.345395833254,0.2778591287176671
density_10_nback_2_id_23,10,2,0.10074997806038817,0.0,True,2.56490111351,False,0.000280290842,False,1.200664997067431,6.250664949383715,1.200664997067431,False,-0.3993239402325699,UNRESOLVED (B17),0.0891653373837,0.04595875151850659
density_10_nback_2_id_24,10,2,0.09865167869353421,0.0,True,2.54794359207,False,0.00023566931479999942,False,1.1501727104325674,3.6001727581162832,1.1501727104325674,False,-1.7000641822674325,UNRESOLVED (B17),0.357620120049,0.29008465230904606
density_10_nback_2_id_25,10,2,0.10034822385853157,0.0,True,2.52825331688,False,0.0003099814057000022,False,1.2497906684674334,5.749790668467433,1.2497906684674334,False,0.0006108283674315373,UNRESOLVED (B17),0.0999514684081,0.032418556315331554
density_10_nback_2_id_26,10,2,0.1001424564441092,0.0,True,2.6204521656,False,0.00024895370010000195,False,1.2003617286674313,4.900361537932568,1.2003617286674313,False,-0.5496153831325685,UNRESOLVED (B17),0.156758412719,0.08923091700225923
density_10_nback_2_id_27,10,2,0.09764469004432105,0.0,True,3.23740148544,False,0.0002499967813000131,False,1.199915409067433,2.5499153137000015,1.199915409067433,False,-0.5501341819325667,UNRESOLVED (B17),0.244006216526,0.17647064310544078
density_10_nback_2_id_28,10,2,0.10078096379964607,0.0,True,1.99505186081,False,0.00029152631760000214,False,1.5503304004837162,1.9003303051162845,1.5503304004837162,False,0.4495289325837142,UNRESOLVED (B17),0.222673654556,0.15513881090021053
density_10_nback_2_id_29,10,2,0.09889503877217527,0.0,True,3.29862451553,False,0.0002980083226999941,False,1.1993718147674315,2.6993718147674315,1.1993718147674315,False,-0.8006224632325676,UNRESOLVED (B17),0.208771526814,0.14122757688213947
density_10_nback_2_id_2,10,2,0.09942390327340238,0.0,True,3.31401586533,False,0.00028447806829999533,False,1.199953556067431,3.449953556067431,1.199953556067431,False,-0.7000212669325698,UNRESOLVED (B17),0.248800054193,0.1812628467424776
density_10_nback_2_id_30,10,2,0.10104901206337763,0.0,True,1.93608689308,False,0.00027204304929999423,False,1.2500157356674322,5.500015735667432,1.2500157356674322,False,-0.5495657921325687,UNRESOLVED (B17),0.130632013083,0.06309251055955262
density_10_nback_2_id_31,10,2,0.10055296439188553,0.0,True,2.55875349045,False,0.00027441233400000986,False,1.2496685981674318,2.749668598167432,1.2496685981674318,False,-0.2008013725325668,UNRESOLVED (B17),0.151964575052,0.0844316207065921
density_10_nback_2_id_32,10,2,0.09766743502479605,0.0,True,3.28763699532,False,0.00028701871629999154,False,1.1999459266674322,2.4999458789837163,1.1999459266674322,False,-0.3004660606325693,UNRESOLVED (B17),0.185761108994,0.11822474385121973
density_10_nback_2_id_33,10,2,0.09880023164137236,0.0,True,3.36542081833,False,0.00026683509350000634,False,1.1997036933674323,7.049703598000001,1.1997036933674323,False,-0.5002970695325679,UNRESOLVED (B17),0.0891653373837,0.024392260140457894
density_10_nback_2_id_34,10,2,0.09842662331896579,0.0,True,1.90019547939,False,0.0002772957086999983,False,1.2005085944674327,5.050508499100001,1.2005085944674327,False,-0.3999857902325701,UNRESOLVED (B17),0.19510909915,0.17635261120332762
density_10_nback_2_id_35,10,2,0.09992664106388027,0.0,True,2.65027356148,False,0.00026184320450001186,False,1.2001290321674318,4.100128889116284,1.2001290321674318,False,-1.6505866050325686,UNRESOLVED (B17),0.145972281694,0.07843595880385922
density_10_nback_2_id_36,10,2,0.09996171594645527,0.0,True,2.63206338882,False,0.00032016634940000566,False,1.2491993903674299,5.549199342683714,1.2491993903674299,False,-0.7005133629325684,UNRESOLVED (B17),0.233459770679,0.16591694852975922
density_10_nback_2_id_37,10,2,0.09918792393847894,0.0,True,1.8207089901,False,0.00024563819169999557,False,1.2504322528837157,6.9504323005674316,1.2504322528837157,False,-0.5497977733162855,UNRESOLVED (B17),0.400764614344,0.33323312031238816
density_10_nback_2_id_38,10,2,0.10052359574719474,0.0,True,2.0012857914,False,0.00030693411820000016,False,1.2505993842674314,3.1005992889,1.2505993842674314,False,-0.8994231224325695,UNRESOLVED (B17),0.191993102431,0.12445731941385134
density_10_nback_2_id_39,10,2,0.10016768430599342,0.0,True,2.52961397171,False,0.0002735182642999989,False,1.2008175849674316,5.650817394232568,1.2008175849674316,False,-0.4991583824325687,UNRESOLVED (B17),0.303929150105,0.2363952264978763
density_10_nback_2_id_3,10,2,0.09936003306095526,0.0,True,2.48693180084,False,0.0002396553754999975,False,3.100125074416283,1.3501250744162832,1.3501250744162832,False,1.000448942216284,UNRESOLVED (B17),0.133508309722,0.14712141130704867
density_10_nback_2_id_40,10,2,0.09779891387656052,0.0,True,2.48689436913,False,0.00025492906570000196,False,1.1999955177674302,3.7499954700837144,1.1999955177674302,False,0.5004963874674324,UNRESOLVED (B17),0.365290254354,0.29908101946942894
density_10_nback_2_id_41,10,2,0.09915030600597367,0.0,True,2.47893953323,False,0.0002782270312000068,False,1.150023937232568,3.5000240802837155,1.150023937232568,False,0.2001910209325679,UNRESOLVED (B17),0.142856284976,0.11643741309249211
density_10_nback_2_id_42,10,2,0.09843664721735591,0.0,True,3.24481129646,False,0.0002738684416000031,False,1.1997876167674306,4.399787426032567,1.1997876167674306,False,-0.7501559257325674,UNRESOLVED (B17),0.369844377041,0.30231187914168023
density_10_nback_2_id_43,10,2,0.09839236252253633,0.0,True,3.40302467346,False,0.0002696588634999997,False,1.1999402046674312,2.7499401569837154,1.1999402046674312,False,-0.7498393058325696,UNRESOLVED (B17),0.216441661119,0.14890709813442238
density_10_nback_2_id_44,10,2,0.100640907981675,0.0,True,2.76491999626,False,0.00030894577499999964,False,1.1502566337325675,2.300256729099999,1.1502566337325675,False,-0.20021104816743218,UNRESOLVED (B17),0.172098681331,0.10456159671703026
density_10_nback_2_id_45,10,2,0.09889422741867498,0.0,True,3.14887189865,False,0.000251382589300006,False,1.199265003167433,4.699265003167433,1.199265003167433,False,-0.5001101494325688,UNRESOLVED (B17),0.153642416,0.08610158197936711
density_10_nback_2_id_46,10,2,0.09795351733308288,0.0,True,2.0274143219,False,0.00026173889640000725,False,2.750374317167431,4.900374174116283,2.750374317167431,False,2.1003651618674333,UNRESOLVED (B17),0.0999514684081,0.056758391523848685
density_10_nback_2_id_47,10,2,0.10124429908431844,0.0,True,2.63093447685,False,0.0003078505397000053,False,1.1991934776325692,2.899193525316285,1.1991934776325692,False,-0.6004052161674309,UNRESOLVED (B17),0.197985395789,0.13043753430232896
density_10_nback_2_id_48,10,2,0.08280041951098026,0.0,True,2.42037343979,False,0.00048080086710000636,False,1.2499089240674301,4.8499088286999985,1.2499089240674301,False,-0.6499781608325677,UNRESOLVED (B17),0.905555486679,0.8380015578708355
density_10_nback_2_id_49,10,2,0.09712921750827765,0.0,True,3.27901124954,False,0.00026214122769999126,False,1.1998531818837144,3.2998530865162827,1.1998531818837144,False,-1.300230741516284,UNRESOLVED (B17),0.158196568489,0.0906625163593592
density_10_nback_2_id_4,10,2,0.1013802001743171,0.0,True,1.87992537022,False,0.000337347388300005,False,1.20000791553257,3.650007963216286,1.20000791553257,False,-1.25006723406743,UNRESOLVED (B17),0.159634709358,0.09210837583378816
density_10_nback_2_id_50,10,2,0.10137338730456447,0.0,True,1.92818391323,False,0.0003174692391999939,False,1.2501053809674332,4.900105237916286,1.2501053809674332,False,-0.9497275352325687,UNRESOLVED (B17),0.147410437465,0.07987179754231839
density_10_nback_2_id_51,10,2,0.0991465966708013,0.0,True,2.60048270226,False,0.00030716508629999306,False,1.200230121567433,6.450230121567433,1.200230121567433,False,-0.04976606373256942,UNRESOLVED (B17),0.224111795425,0.15656333475478948
density_10_nback_2_id_52,10,2,0.09772385085777632,0.0,True,3.18779611588,False,0.00022307783359999667,False,1.2499344348837162,4.349934339516285,1.2499344348837162,False,-0.4991080761162827,UNRESOLVED (B17),0.317831277847,0.250298942095846
density_10_nback_2_id_53,10,2,0.09832149903338683,0.0,True,3.17053747177,False,0.00025894492870000285,False,1.149957180032569,4.549957275400001,1.149957180032569,False,-0.40018129346743336,UNRESOLVED (B17),0.133508309722,0.13177271922558423
density_10_nback_2_id_54,10,2,0.09973547431199603,0.0,True,2.61358475685,False,0.00026340782639999727,False,1.2003064155674323,5.350306272516285,1.2003064155674323,False,0.00038957596743216527,UNRESOLVED (B17),0.158196568489,0.09065922516341711
density_10_nback_2_id_55,10,2,0.09722069061461973,0.0,True,3.30602455139,False,0.0002875998615999992,False,1.1995327472837154,7.349532604232568,1.1995327472837154,False,-1.2509734630162832,UNRESOLVED (B17),0.383746504784,0.31621486281915134
density_10_nback_2_id_56,10,2,0.10051742566160264,0.0,True,2.49090671539,False,0.00032135844230000987,False,1.2498726844674302,4.399872541416283,1.2498726844674302,False,-2.2499613762325694,UNRESOLVED (B17),0.264140337706,0.19660408441996707
density_10_nback_2_id_57,10,2,0.10056138001871975,0.0,True,2.62542748451,False,0.0002652034163,False,1.249763965567432,5.3997638225162845,1.249763965567432,False,-0.20017957683256782,UNRESOLVED (B17),0.330055564642,0.26251932811977235
density_10_nback_2_id_5,10,2,0.09772539211099211,0.0,True,3.23664999008,False,0.0002770945429999977,False,1.199898242967432,7.099898099916285,1.199898242967432,False,-1.4002165794325698,UNRESOLVED (B17),0.265578478575,0.19804255772210919
density_10_nback_2_id_6,10,2,0.09763010118250133,0.0,True,2.65962862968,False,0.00023785978549999143,False,1.1997323036674317,2.099732160616284,1.1997323036674317,False,-0.3004298210325693,UNRESOLVED (B17),0.193431258202,0.12589519510183816
density_10_nback_2_id_7,10,2,0.09649637437082763,0.0,True,3.83757567406,False,0.0003410577773999973,False,1.1499695777674326,3.3499693870325693,1.1499695777674326,False,-1.0502715110325695,UNRESOLVED (B17),0.230343788862,0.16280705207249607
density_10_nback_2_id_8,10,2,0.1090731482132004,0.0,True,3.277531147,False,0.0006705597042999945,False,1.1999030113325695,2.349903106700001,1.1999030113325695,False,-0.4500298499674322,UNRESOLVED (B17),0.517254829407,0.4495795927944473
density_10_nback_2_id_9,10,2,0.09900908275065487,0.0,True,3.21230077744,False,0.0002974495291000051,False,1.1499724388325667,5.69997262956743,1.1499724388325667,False,-0.500347614267433,UNRESOLVED (B17),0.310161143541,0.24262462350457237
density_20_nback_0_id_10,20,0,0.12941056009580265,0.113744214177,False,0.0,False,0.0342045538127,True,1.9996809959325716,0.3996810913000033,0.3996810913000033,False,-0.4007225037000026,UNRESOLVED (B17),0.128954172134,0.08167426763595133
density_20_nback_0_id_12,20,0,0.12965985220909212,0.119966097176,False,0.0,False,0.03233613818890001,True,1.3004219531837151,0.4004218578162835,0.4004218578162835,False,-0.1497795581837167,UNRESOLVED (B17),0.179768815637,0.19877936426329212
density_20_nback_0_id_13,20,0,0.1303181295331842,0.105475306511,False,0.0,False,0.0360931418837,True,1.8494193554162877,0.39941930773257184,0.39941930773257184,False,-2.449945926667432,UNRESOLVED (B17),0.247122213244,0.1842299051284263
density_20_nback_0_id_16,20,0,0.12882886679939473,0.114680945873,False,0.0,False,0.03425843268630001,True,2.4007232189162835,0.3507232665999993,0.3507232665999993,False,-0.7995452880999991,UNRESOLVED (B17),0.280918747187,0.21745151251980657
density_20_nback_0_id_17,20,0,0.14735421871665003,0.102895997465,False,0.0,False,0.03430296480660001,True,2.1995475292162823,0.3995475768999981,0.3995475768999981,False,-0.7510299683000028,UNRESOLVED (B17),0.25335419178,0.18978002211560263
density_20_nback_0_id_18,20,0,0.12741351578582896,0.107919514179,False,0.0,False,0.036004975438099995,True,1.4996972083674294,0.3996970653162819,0.3996970653162819,False,-0.4000885486837191,UNRESOLVED (B17),0.552489519119,0.5876685558870026
density_20_nback_0_id_19,20,0,0.1293167403261842,0.114078082144,False,0.0,False,0.034240357577799994,True,2.2997155189674316,0.3997154236,0.3997154236,False,-0.4502792357999965,UNRESOLVED (B17),0.0951576307416,0.0711346050773442
density_20_nback_0_id_20,20,0,0.12908438151997367,0.107101038098,False,0.0,False,0.03598049655550001,True,1.8998572826162814,0.3998572826162814,0.3998572826162814,False,-1.1500122546837162,UNRESOLVED (B17),0.222673654556,0.15967809609845263
density_20_nback_0_id_21,20,0,0.12925012380280262,0.114523082972,False,0.0,False,0.0342180803418,True,3.150524854616286,0.3505249023000019,0.3505249023000019,False,-0.8495330810999988,UNRESOLVED (B17),0.107621602714,0.06669140615695503
density_20_nback_0_id_22,20,0,0.12998874397260526,0.104446969926,False,0.0,False,0.0361365266144,True,4.399540662716284,0.39954066271628363,0.39954066271628363,False,-0.8506042956837163,UNRESOLVED (B17),,
density_20_nback_0_id_23,20,0,0.12754047809070923,0.115141883492,False,0.0,False,0.03425774723290001,True,1.900318861016281,0.3503189086999967,0.3503189086999967,False,-1.700176239000001,UNRESOLVED (B17),0.0937194824219,0.07400091531642106
density_20_nback_0_id_24,20,0,0.12895867581430262,0.12074752152,False,0.0,False,0.032225612551,True,1.6000168323837158,0.4000167847,0.4000167847,False,-0.6000099182000014,UNRESOLVED (B17),0.362174242735,0.298267900453675
density_20_nback_0_id_25,20,0,0.12903596490230262,0.114815995097,False,0.0,False,0.034158658236299995,True,3.550720214800002,0.35072016711628606,0.35072016711628606,False,-0.699328660983717,UNRESOLVED (B17),0.270132631063,0.20665254350705525
density_20_nback_0_id_26,20,0,0.13018154088211842,0.104217536747,False,0.0,False,0.035960707813500005,True,1.8998954296162864,0.39989542961628644,0.39989542961628644,False,-1.2500298022837129,UNRESOLVED (B17),0.110497899354,0.0661836231715521
density_20_nback_0_id_27,20,0,0.12890410070360528,0.114326246083,False,0.0,False,0.0341894254089,True,1.9000442028162823,0.3500442504999981,0.3500442504999981,False,-1.8996696471999996,UNRESOLVED (B17),0.810397863388,0.7469319450717434
density_20_nback_0_id_28,20,0,0.12931230821113157,0.105652354658,False,0.0,False,0.0359837934374,True,1.7498574256674289,0.3998572826162814,0.3998572826162814,False,-0.5000717639837191,UNRESOLVED (B17),0.416104912758,0.35307934689103027
density_20_nback_0_id_29,20,0,0.12934279157535525,0.115551002324,False,0.0,False,0.0341606661678,True,2.100524902300002,0.3505249023000019,0.3505249023000019,False,-0.9999160767000035,UNRESOLVED (B17),0.127516016364,0.09412775154376711
density_20_nback_0_id_2,20,0,0.12926677663468422,0.104815252125,False,0.0,False,0.03609751537440001,True,1.8996398449162868,0.3996398449162868,0.3996398449162868,False,-1.2999107837837158,UNRESOLVED (B17),0.239452064037,0.17644331614012765
density_20_nback_0_id_30,20,0,0.12975869023878944,0.120920568705,False,0.0,False,0.032295953482400004,True,1.7500700950325694,0.400070190400001,0.400070190400001,False,-0.35024642940000206,UNRESOLVED (B17),0.0584847889841,0.06552031467129395
density_20_nback_0_id_32,20,0,0.12930666959207893,0.105171322823,False,0.0,False,0.0361213199794,True,1.8996703625162823,0.3996703625162823,0.3996703625162823,False,-1.600245714183714,UNRESOLVED (B17),0.248800054193,0.18579364519023156
density_20_nback_0_id_33,20,0,0.12887599240797368,0.115001924336,False,0.0,False,0.0341307111085,True,2.449940443016281,0.39994049069999704,0.39994049069999704,False,-0.6498336792000003,UNRESOLVED (B17),0.0369125306606,0.0681216999594308
density_20_nback_0_id_34,20,0,0.13000308898719737,0.105533778667,False,0.0,False,0.036023933440399995,True,2.4496665001325653,0.3996665478162811,0.3996665478162811,False,-0.45065236088371563,UNRESOLVED (B17),0.15795686841,0.22096125820738685
density_20_nback_0_id_35,20,0,0.12948456328167102,0.105394944549,False,0.0,False,0.036087051034,True,1.7498574256674289,0.3998572826162814,0.3998572826162814,False,-0.4499962329837146,UNRESOLVED (B17),0.196547240019,0.13355750458232235
density_20_nback_0_id_37,20,0,0.12969604114957894,0.11393546313,False,0.0,False,0.034177057445000006,True,2.3498184680837184,0.3998184204000026,0.3998184204000026,False,-0.4000663756999998,UNRESOLVED (B17),0.218119502068,0.23988589561060397
density_20_nback_0_id_38,20,0,0.1299072488358158,0.113831020892,False,0.0,False,0.0341246388853,True,1.8998908996999972,0.39989089969999725,0.39989089969999725,False,-0.1994857788000033,UNRESOLVED (B17),0.512700676918,0.44921951255708553
density_20_nback_0_id_39,20,0,0.12948635553842108,0.10568433255,False,0.0,False,0.0360406972468,True,2.0999603271,0.399960279416284,0.399960279416284,False,-1.400107622183718,UNRESOLVED (B17),0.371522217989,0.30852608485640654
density_20_nback_0_id_3,20,0,0.1297042994318684,0.105003617704,False,0.0,False,0.0361209511757,True,1.8999030590162818,0.39990305901628176,0.39990305901628176,False,-1.100562334083719,UNRESOLVED (B17),0.629190862179,0.5661929505143934
density_20_nback_0_id_40,20,0,0.1302940522957895,0.105171754956,False,0.0,False,0.0360842682421,True,2.0493576526837174,0.39935755731628575,0.39935755731628575,False,-1.0503723621837153,UNRESOLVED (B17),0.356181949377,0.2931761728893184
density_20_nback_0_id_41,20,0,0.12925786691671054,0.114594824612,False,0.0,False,0.03415534272790001,True,1.799986362467429,0.3999862670999974,0.3999862670999974,False,-1.1492042542000007,UNRESOLVED (B17),0.405318766832,0.3418476150710711
density_20_nback_0_id_42,20,0,0.12889731253847367,0.114877030253,False,0.0,False,0.036022469401299995,True,2.3499336243,0.39993357661628437,0.39993357661628437,False,-0.8003418445837127,UNRESOLVED (B17),0.503352701664,0.4402371548900829
density_20_nback_0_id_43,20,0,0.12548932580178948,0.114864811301,False,0.0,False,0.03420913964510001,True,1.6006927489999967,0.3506927489999967,0.3506927489999967,False,-0.3502082824999988,UNRESOLVED (B17),0.128954172134,0.14484526633627634
density_20_nback_0_id_44,20,0,0.12946080230172372,0.114183530211,False,0.0,False,0.034168682992500005,True,2.050399064983715,0.3503990172999991,0.3503990172999991,False,-1.0000648498999993,UNRESOLVED (B17),0.296259015799,0.23278782212855392
density_20_nback_0_id_45,20,0,0.12961774486071054,0.114086605608,False,0.0,False,0.034208625555000004,True,1.9008758068162876,0.35087585450000347,0.35087585450000347,False,-1.299018859900002,UNRESOLVED (B17),0.159634709358,0.09617619574244342
density_20_nback_0_id_46,20,0,0.1281737644029474,0.12298053503,False,0.0,False,0.034123446792399995,True,1.9005889892999974,0.35058903698371324,0.35058903698371324,False,-0.5993049145162814,UNRESOLVED (B17),0.204217389226,0.14053527917716446
density_20_nback_0_id_47,20,0,0.12867081488825002,0.106046594679,False,0.0,False,0.03794305771590001,True,2.049896240199999,0.3998961448325673,0.3998961448325673,False,-0.9498925208674294,UNRESOLVED (B17),0.227227792144,0.164412730226575
density_20_nback_0_id_48,20,0,0.1299372177178947,0.0958632752299,False,0.0,False,0.0378105826676,True,1.1499228477325687,0.3499228954162845,0.3499228954162845,False,-0.20015263558371288,UNRESOLVED (B17),0.261024326086,0.1984553177301408
density_20_nback_0_id_49,20,0,0.13037743429210524,0.105189487338,False,0.0,False,0.036013700068000004,True,1.9498496055325703,0.39984965321628607,0.39984965321628607,False,-0.9501373767837151,UNRESOLVED (B17),0.426651328802,0.36365156125658554
density_20_nback_0_id_4,20,0,0.12393172428409215,0.108944728971,False,0.0,False,0.036015871912199994,True,,0.3998038769162875,0.3998038769162875,False,-0.3003914355837125,UNRESOLVED (B17),0.165866702795,0.10290717049253552
density_20_nback_0_id_50,20,0,0.12996029255810526,0.0953939184546,False,0.0,False,0.0361342914403,True,1.3999228477325687,0.3499228954162845,0.3499228954162845,False,-0.15000462528371372,UNRESOLVED (B17),0.0783792063594,0.08576984120239341
density_20_nback_0_id_51,20,0,0.1284770538148421,0.106217160821,False,0.0,False,0.036019548773799995,True,2.049968004183718,0.3999679088162864,0.3999679088162864,False,-0.4006836414837167,UNRESOLVED (B17),0.202779233456,0.1397992262228026
density_20_nback_0_id_52,20,0,0.12891834915467107,0.114916168153,False,0.0,False,0.034050412476,True,1.9501738548325704,0.3501739502000021,0.3501739502000021,False,-1.399864196800003,UNRESOLVED (B17),0.104505605996,0.12771025206892106
density_20_nback_0_id_53,20,0,0.12914497905264472,0.122072570026,False,0.0,False,0.03227606043219999,True,2.100437164299997,0.35043716429999705,0.35043716429999705,False,-0.3992538452000005,UNRESOLVED (B17),0.204217389226,0.14040549271009078
density_20_nback_0_id_54,20,0,0.1285108426879342,0.114943228662,False,0.0,False,0.0341167785228,True,3.2501549720674348,0.3501548767000031,0.3501548767000031,False,-0.6492042542000007,UNRESOLVED (B17),0.25335419178,0.18988473399680528
density_20_nback_0_id_55,20,0,0.12819157178075,0.121370747685,False,0.0,False,0.034097846597400006,True,2.1507270336162847,0.3507270813000005,0.3507270813000005,False,-0.6997947692999986,UNRESOLVED (B17),0.170420840383,0.11881933993615923
density_20_nback_0_id_56,20,0,0.12818569964482893,0.122632667422,False,0.0,False,0.03223432973030001,True,1.950047254516285,0.40004730220000084,0.40004730220000084,False,-6.299987793,UNRESOLVED (B17),1.21859288216,1.1546906099544
density_20_nback_0_id_57,20,0,0.13024255760798684,0.105856545269,False,0.0,False,0.03601533547050001,True,1.8996741772162835,0.3996741772162835,0.3996741772162835,False,-1.300044298183714,UNRESOLVED (B17),0.325501412153,0.26250411780820265
density_20_nback_0_id_5,20,0,0.1286787307380263,0.121486090124,False,0.0,False,0.032240960746999996,True,1.9500281811162807,0.40002822879999655,0.40002822879999655,False,-1.2495574950999995,UNRESOLVED (B17),0.412988901138,0.34908096021696977
density_20_nback_0_id_7,20,0,0.12947416903547365,0.10528485477,False,0.0,False,0.0361023955047,True,2.3008842468000026,0.35088419911628677,0.35088419911628677,False,-0.5000145434837151,UNRESOLVED (B17),0.124400027096,0.07665648159427106
density_20_nback_0_id_8,20,0,0.1298052366627237,0.113208323717,False,0.0,False,0.0342000313103,True,1.99993276593257,0.3999328613000017,0.3999328613000017,False,-1.0994224547999991,UNRESOLVED (B17),0.153642416,0.179957623299475
density_20_nback_0_id_9,20,0,0.12987178250367104,0.104907892644,False,0.0,False,0.0359807498753,True,3.9496474266325663,0.3996474743162821,0.3996474743162821,False,-0.5003426074837165,UNRESOLVED (B17),0.261024326086,0.19803228351822633
density_20_nback_1_id_10,20,1,0.13703450487043553,0.0,True,12.8706903458,True,0.058699998306090004,True,0.3499076366162832,7.749907731983715,0.3499076366162832,False,-0.9501888751837164,UNRESOLVED (B17),0.420659035444,0.40290619462462596
density_20_nback_1_id_11,20,1,0.09768872747295791,0.0,True,0.0,False,0.05702139879577,True,0.8490943908999995,4.549094438583715,0.8490943908999995,False,-1.0000743866000015,UNRESOLVED (B17),0.191993102431,0.1562648565116459
density_20_nback_1_id_12,20,1,0.097827448362575,0.0,True,0.0,False,0.05662923399357,True,0.8509571551837141,3.1509571074999982,0.8509571551837141,False,-0.4492652416162848,UNRESOLVED (B17),0.211887523532,0.17538288343070046
density_20_nback_1_id_14,20,1,0.09782017836053684,0.0,True,0.0,False,0.05680071446111,True,0.8491806983674302,4.299180507632567,0.8491806983674302,False,0.29989671706743337,UNRESOLVED (B17),0.122722186148,0.1589417131378561
density_20_nback_1_id_15,20,1,0.09781015350629868,0.0,True,0.0,False,0.05655915406532,True,0.8502731322999999,2.5502731799837157,0.8502731322999999,False,-0.8497333526999995,UNRESOLVED (B17),,
density_20_nback_1_id_16,20,1,0.09782332966202105,0.0,True,0.0,False,0.05677890847441,True,0.8492112159674328,5.649211168283717,0.8492112159674328,False,-0.9003100395325667,UNRESOLVED (B17),0.149088278413,0.1128382848835591
density_20_nback_1_id_17,20,1,0.0977315435088,0.0,True,0.0,False,0.05692021572033,True,0.8496658801837143,4.29966592786743,0.8496658801837143,False,-0.500540494916283,UNRESOLVED (B17),0.121284030378,0.0852485238725186
density_20_nback_1_id_18,20,1,0.09790343399110525,0.0,True,0.0,False,0.05612990143707,True,0.850241184267432,3.100241184267432,0.850241184267432,False,-0.19976377483256869,UNRESOLVED (B17),0.145972281694,0.1088152919852794
density_20_nback_1_id_19,20,1,0.0979003042570908,0.0,True,0.0,False,0.05622091493567,True,0.8507294654674311,6.000729322416284,0.8507294654674311,False,-0.09912061693257002,UNRESOLVED (B17),0.0798173546791,0.04928281599438057
density_20_nback_1_id_1,20,1,0.09782124251910658,0.0,True,0.0,False,0.056734984275000004,True,0.8498673438674302,4.34986734386743,0.8498673438674302,False,-0.14930295943256766,UNRESOLVED (B17),0.546497225761,0.510175646039915
density_20_nback_1_id_20,20,1,0.1355965859011421,0.0,True,18.5419654846,True,0.05859218561086,True,0.2999057769999993,5.8499057293162835,0.2999057769999993,True,-1.7501869202000009,UNRESOLVED (B17),0.130392313004,0.14809733284894974
density_20_nback_1_id_21,20,1,0.09782754659261052,0.0,True,0.0,False,0.056604943471039997,True,0.8508388995837173,3.300838947267433,0.8508388995837173,False,-0.7993419170162852,UNRESOLVED (B17),0.119845882058,0.08399728555453653
density_20_nback_1_id_22,20,1,0.09782210443364737,0.0,True,0.0,False,0.05669063539247,True,0.8497853278674299,3.9497852324999982,0.8497853278674299,False,0.24979066846743336,UNRESOLVED (B17),0.185761108994,0.1493933241377537
density_20_nback_1_id_23,20,1,0.09772133219399079,0.0,True,0.0,False,0.057047322625280006,True,0.849683046383717,7.699682951016285,0.849683046383717,False,-1.1506888866162832,UNRESOLVED (B17),0.0798173546791,0.04408179427493345
density_20_nback_1_id_24,20,1,0.09822320144035,0.0,True,0.0,False,0.05721908714619,True,0.7995998859837172,2.9495997429325698,0.7995998859837172,False,-1.750445127516283,UNRESOLVED (B17),0.266855120659,0.23144108272095792
density_20_nback_1_id_25,20,1,0.13716464549740906,0.0,True,12.8451461792,True,0.05878411373128,True,0.35028910641628386,5.350289106416284,0.35028910641628386,False,-1.3496010303837167,UNRESOLVED (B17),,
density_20_nback_1_id_26,20,1,0.09775507008950658,0.0,True,0.0,False,0.05700297513974,True,0.8003323077837159,6.800332307783716,0.8003323077837159,False,-1.0497539043162831,UNRESOLVED (B17),0.102827765048,0.07127632357713501
density_20_nback_1_id_28,20,1,0.09690136832527237,0.0,True,17.9698562622,True,0.001859109208449,False,0.25078892708371825,2.0007889270837182,0.25078892708371825,True,-0.8992240429162877,UNRESOLVED (B17),0.141418144107,0.14153299022725305
density_20_nback_1_id_29,20,1,0.0977363684459684,0.0,True,0.0,False,0.057072884170349995,True,0.8997001647999987,2.3997001647999987,0.8997001647999987,False,-0.6001205443999993,UNRESOLVED (B17),0.257908344269,0.24309306874590036
density_20_nback_1_id_2,20,1,0.09772093525450394,0.0,True,0.0,False,0.05709260143338,True,0.8497993945837159,3.1997992992162843,0.8497993945837159,False,-1.1502387523162838,UNRESOLVED (B17),0.139740303159,0.10401391652210441
density_20_nback_1_id_30,20,1,0.1336494981507171,0.0,True,12.7921438217,True,0.058683266863189996,True,0.30052566530000036,6.000525712983716,0.30052566530000036,False,-1.4502429962,UNRESOLVED (B17),0.176652833819,0.15822676431119231
density_20_nback_1_id_31,20,1,0.09789939616856186,0.0,True,0.0,False,0.05624172650279,True,0.8505692481674316,2.0505690574325683,0.8505692481674316,False,-0.34940862653256843,UNRESOLVED (B17),0.181206971407,0.14418285223929983
density_20_nback_1_id_32,20,1,0.0978248682069092,0.0,True,0.0,False,0.05664132512174,True,0.8503201007837156,3.000319957732568,0.8503201007837156,False,-0.8503062725162849,UNRESOLVED (B17),0.128954172134,0.09245746847944059
density_20_nback_1_id_33,20,1,0.09771665058245921,0.0,True,0.0,False,0.05711572431031,True,0.8498699664837162,5.249869823432569,0.8498699664837162,False,-0.20009112361628567,UNRESOLVED (B17),0.0584847889841,0.05383339385492274
density_20_nback_1_id_34,20,1,0.09782078175952236,0.0,True,0.0,False,0.05673420242966,True,0.8001217841674304,3.450121641116283,0.8001217841674304,False,-1.599826335932569,UNRESOLVED (B17),0.259346485138,0.22306666201205186
density_20_nback_1_id_36,20,1,0.09782493702674737,0.0,True,0.0,False,0.05667217471635,True,0.8998901843837146,3.799890041332567,0.8998901843837146,False,-1.0500266552162856,UNRESOLVED (B17),0.0968354716897,0.06047454018698736
density_20_nback_1_id_38,20,1,0.13464427886432367,0.0,True,13.0416097641,True,0.05868893535811,True,0.3001155852999986,3.4501156806674302,0.3001155852999986,False,-1.7498111724999994,UNRESOLVED (B17),0.762699186802,0.7442683692930829
density_20_nback_1_id_39,20,1,0.13646793163283946,0.0,True,12.4749698639,True,0.05880547338166,True,0.4501128196325688,13.400112867316285,0.4501128196325688,False,-0.6006436347674331,UNRESOLVED (B17),0.589402019978,0.5702169656814885
density_20_nback_1_id_3,20,1,0.09782312232021051,0.0,True,0.0,False,0.05677296686917,True,0.8499627113674322,1.3999626636837164,0.8499627113674322,False,0.20019388196743293,UNRESOLVED (B17),0.218119502068,0.1818443728985871
density_20_nback_1_id_40,20,1,0.14070140643620946,0.0,True,12.5053005219,True,0.05875246925275,True,0.35022997851628546,4.500230073883717,0.35022997851628546,False,-0.9998581409837151,UNRESOLVED (B17),0.383746504784,0.3646909536806729
density_20_nback_1_id_41,20,1,0.13759705532145738,0.0,True,12.8334627151,True,0.05881372489965,True,0.3501594066162852,4.150159358932569,0.3501594066162852,False,-1.0493385791837149,UNRESOLVED (B17),0.460447877645,0.4419961931394147
density_20_nback_1_id_43,20,1,0.13643542226209987,0.0,True,12.6190795898,True,0.05870176036837,True,0.3498561382162855,5.999856233583717,0.3498561382162855,False,-1.2008411883837162,UNRESOLVED (B17),0.208771526814,0.19105661307224708
density_20_nback_1_id_44,20,1,0.13615945915346567,0.0,True,12.5229072571,True,0.058703155722420006,True,0.34948801991628287,6.349488019916283,0.34948801991628287,False,-1.100768327683717,UNRESOLVED (B17),,
density_20_nback_1_id_45,20,1,0.13199559947179867,0.0,True,18.5682849884,True,0.05860327486882,True,0.2996406554999993,7.199640750867431,0.2996406554999993,True,-1.6000480651999993,UNRESOLVED (B17),0.262462466955,0.24476363475060414
density_20_nback_1_id_46,20,1,0.13589956740062367,0.0,True,12.6697034836,True,0.058733953628689994,True,0.3499305248162834,2.3499305248162834,0.3499305248162834,False,-0.9001839160837157,UNRESOLVED (B17),0.149088278413,0.13137002483428037
density_20_nback_1_id_47,20,1,0.1417064443230592,0.0,True,12.6961078644,True,0.05877932393926,True,0.39917826651628374,6.049178361883715,0.39917826651628374,False,-1.4506008624837143,UNRESOLVED (B17),0.515816688538,0.497354048248369
density_20_nback_1_id_48,20,1,0.13131984087980264,0.0,True,20.944272995,True,0.058439466636629994,True,0.24971199040000158,6.999711990400002,0.24971199040000158,True,-1.7500038147000012,UNRESOLVED (B17),0.885661065578,0.8686691131545536
density_20_nback_1_id_49,20,1,0.13847989147666778,0.0,True,12.6579580307,True,0.058769735042029994,True,0.39995455741628305,8.099954605099999,0.39995455741628305,False,-1.4500362872837158,UNRESOLVED (B17),0.646209001541,0.6277646602975978
density_20_nback_1_id_4,20,1,0.09782097380804343,0.0,True,0.0,False,0.056813775096130004,True,0.8499112129674309,6.699911117599999,0.8499112129674309,False,-1.2500281334325685,UNRESOLVED (B17),0.0644770860672,0.07912326225780691
density_20_nback_1_id_51,20,1,0.14051119774874596,0.0,True,12.4831666946,True,0.0588106610812,True,0.3500201702162826,6.650020122532567,0.3500201702162826,False,-1.349980592683714,UNRESOLVED (B17),1.78786087036,1.769210957289433
density_20_nback_1_id_52,20,1,0.13789551982067239,0.0,True,12.9480962753,True,0.0588161319029,True,0.3500545025162829,5.650054454832567,0.3500545025162829,False,-1.499966859783715,UNRESOLVED (B17),0.649325013161,0.6308932209287033
density_20_nback_1_id_53,20,1,0.13790492865403026,0.0,True,12.9408626556,True,0.05878615402615,True,0.35014033321628446,2.9001402855325686,0.35014033321628446,False,-0.20012211798371737,UNRESOLVED (B17),0.256470173597,0.23801400353520163
density_20_nback_1_id_54,20,1,0.1388316797399008,0.0,True,12.4874687195,True,0.058729368261989996,True,0.39970850941628555,2.3997085094162856,0.39970850941628555,False,-0.7499554156837149,UNRESOLVED (B17),0.23489792645,0.21646325097561062
density_20_nback_1_id_55,20,1,0.1404545191479408,0.0,True,12.4107589722,True,0.05882852408102,True,0.3998649120162838,4.699864864332568,0.3998649120162838,False,-1.5002930164837167,UNRESOLVED (B17),0.793379724026,0.7749320432490179
density_20_nback_1_id_56,20,1,0.13610840130498025,0.0,True,12.5477056503,True,0.058694081380940004,True,0.34986567501628585,4.2498657703837175,0.34986567501628585,False,-0.6000416278837157,UNRESOLVED (B17),0.351627826691,0.33391605800313373
density_20_nback_1_id_57,20,1,0.13314453633747841,0.0,True,13.0269136429,True,0.05868083145473,True,0.3002834320000005,5.350283384316285,0.3002834320000005,False,-1.1997318268000008,UNRESOLVED (B17),0.354504108429,0.33607902550636
density_20_nback_1_id_5,20,1,0.09779157950297762,0.0,True,0.0,False,0.056985462550099994,True,0.8997230529999989,2.8497231006837147,0.8997230529999989,False,-1.2999382019000016,UNRESOLVED (B17),0.423775047064,0.4122304600866679
density_20_nback_1_id_6,20,1,0.09789933283862368,0.0,True,0.0,False,0.05629828944804,True,0.8505101203674315,2.6505100726837156,0.8505101203674315,False,-0.49932432173256913,UNRESOLVED (B17),0.133508309722,0.09653892356748633
density_20_nback_1_id_7,20,1,0.09782040658357893,0.0,True,0.0,False,0.05677865981122,True,0.8494305610674324,3.8994305133837166,0.8494305610674324,False,-0.5002512931325676,UNRESOLVED (B17),0.112175747752,0.0822638985563015
density_20_nback_1_id_8,20,1,0.09790378122736841,0.0,True,0.0,False,0.05615973821836,True,0.9004929065837146,2.500492811216283,0.9004929065837146,False,-0.849800825116283,UNRESOLVED (B17),0.213325664401,0.23033708308195192
density_20_nback_1_id_9,20,1,0.1390337804822408,0.0,True,12.9657535553,True,0.05874656420196,True,0.34971308711628524,2.9497132301674327,0.34971308711628524,False,-1.1002666949837163,UNRESOLVED (B17),0.170420840383,0.18478883296753654
density_20_nback_2_id_10,20,2,0.10435888680967105,0.22938734293,False,0.0,False,0.04087200085636,True,0.7500007152162809,8.350000858267428,0.7500007152162809,False,-0.9491455554837174,UNRESOLVED (B17),1.00071310997,0.993348330838626
density_20_nback_2_id_11,20,2,0.10073340497910789,0.0,True,28.5437717438,True,0.001874872192279,False,0.20034551623256647,4.4503455162325665,0.20034551623256647,True,-1.3991913795674336,UNRESOLVED (B17),0.222673654556,0.22281864143175273
density_20_nback_2_id_12,20,2,0.0998931786192329,0.0,True,27.8663635254,True,0.001883976219687,False,0.2499222755674282,3.199922084832565,0.2499222755674282,True,-0.25014257433257114,UNRESOLVED (B17),0.208771526814,0.20889030478391654
density_20_nback_2_id_13,20,2,0.09730478905534079,0.0,True,17.4135246277,True,0.001903167169071,False,0.2510094642674332,4.801009416583717,0.2510094642674332,True,-3.349973201732567,UNRESOLVED (B17),0.316153436899,0.31628632180069455
density_20_nback_2_id_14,20,2,0.10023927869962762,0.0,True,28.1909179688,True,0.0018942116003,False,0.20007848743257028,2.150078535116286,0.20007848743257028,True,-1.050116062167433,UNRESOLVED (B17),0.248800054193,0.24894008421941066
density_20_nback_2_id_15,20,2,0.10132781695574078,0.0,True,28.5591125488,True,0.001859255338787,False,0.20052480693257024,5.900524854616286,0.20052480693257024,True,-1.1491684913674334,UNRESOLVED (B17),,
density_20_nback_2_id_16,20,2,0.10113689080370525,0.0,True,28.565196991,True,0.001889712293633,False,0.20004415513256646,4.050044298183714,0.20004415513256646,True,-1.6992783546674346,UNRESOLVED (B17),0.264140337706,0.26427510862871983
density_20_nback_2_id_17,20,2,0.09850251030230316,0.0,True,6.86189937592,True,0.002031704090771,False,1.8501257896325711,2.9501259326837186,1.8501257896325711,False,0.0007185936325697639,UNRESOLVED (B17),0.167304843664,0.1674117184600046
density_20_nback_2_id_18,20,2,0.09438243429911974,0.0,True,11.1227893829,True,0.001892198604763,False,0.30056309698371564,3.2505631446674315,0.30056309698371564,False,-0.5492560863162836,UNRESOLVED (B17),0.853302657604,0.8534380924730564
density_20_nback_2_id_19,20,2,0.09094260983466185,0.0,True,6.39902973175,True,0.001872284570706,False,1.9497559070837127,2.9497559070837127,1.9497559070837127,False,0.2994644641837141,UNRESOLVED (B17),0.0874874964356,0.08756707047503982
density_20_nback_2_id_1,20,2,0.0953332805319921,0.0,True,5.33897686005,True,0.001897501671919,False,2.1994888782837165,10.649488925967432,2.1994888782837165,False,0.34962010388371567,UNRESOLVED (B17),0.360736101866,0.3608078645743283
density_20_nback_2_id_20,20,2,0.1049379435808355,0.0,True,0.0,False,0.04001710913143,True,1.0996468066837153,7.999646663632568,1.0996468066837153,False,-0.5998733044162847,UNRESOLVED (B17),,
density_20_nback_2_id_21,20,2,0.10203279932273157,0.0,True,35.3699874878,True,0.001858986681324,False,0.19960165023256593,3.8496017455999976,0.19960165023256593,True,-2.0496773719674337,UNRESOLVED (B17),0.23633608222,0.2364497220755453
density_20_nback_2_id_22,20,2,0.09771066472716051,0.0,True,18.0202960968,True,0.001922768133227,False,0.25034570696742975,5.300345659283714,0.25034570696742975,True,-1.7996802330325679,UNRESOLVED (B17),0.0982736200094,0.0984084411887457
density_20_nback_2_id_23,20,2,0.09449470637514448,0.0,True,22.0714073181,True,0.001993454643523,False,4.5061083717712336e-05,5.40004491803257,4.5061083717712336e-05,True,-4.900406599016286,UNRESOLVED (B17),1.08652281761,1.0866354561143468
density_20_nback_2_id_24,20,2,0.0944115359483487,0.0,True,11.2430467606,True,0.00189314867021,False,0.30024719240000053,7.0502471924000005,0.30024719240000053,False,-6.6002731323000035,UNRESOLVED (B17),,
density_20_nback_2_id_25,20,2,0.09760717165313422,0.0,True,0.0,False,0.02351574739439,True,1.2003555297999995,3.050355434432568,1.2003555297999995,False,0.10065460210000055,UNRESOLVED (B17),0.0860493406653,0.08343289963860243
density_20_nback_2_id_26,20,2,0.09821781006298158,0.0,True,18.432800293,True,0.001843537203965,False,0.25015878676742886,4.600158691399997,0.25015878676742886,True,-1.7504439354325712,UNRESOLVED (B17),0.0951576307416,0.09529491922937754
density_20_nback_2_id_27,20,2,0.10443308949467629,0.0,True,0.0,False,0.040417952463020004,True,1.0998978614674328,4.29989767073257,1.0998978614674328,False,-0.5495314598325649,UNRESOLVED (B17),0.534272968769,0.5274380334075075
density_20_nback_2_id_28,20,2,0.09531997433421315,0.0,True,16.7710552216,True,0.0019248048192820001,False,0.2997779845999986,2.6997780799674302,0.2997779845999986,True,-1.200103759800001,UNRESOLVED (B17),0.349949985743,0.3500512486269732
density_20_nback_2_id_29,20,2,0.0971046295997637,0.0,True,19.1082725525,True,0.001949498546307,False,0.0007820128999966869,2.550781965216281,0.0007820128999966869,True,-1.7992439269999991,UNRESOLVED (B17),0.205655530095,0.20575751213916896
density_20_nback_2_id_2,20,2,0.10292976021791224,0.0,True,35.5628852844,True,0.00186024568393,False,0.19942235943256748,3.849422454799999,0.19942235943256748,True,-1.7999482154674311,UNRESOLVED (B17),0.178090974689,0.1782032024696041
density_20_nback_2_id_30,20,2,0.1044181248075,0.0,True,0.0,False,0.039814134594040006,True,1.0494055748325692,7.149405717883717,1.0494055748325692,False,-0.800661563867429,UNRESOLVED (B17),1.13254356384,1.1259208281665294
density_20_nback_2_id_31,20,2,0.09977863013351447,0.0,True,27.4927253723,True,0.001853431109337,False,0.20011377336743408,6.300113678000002,0.20011377336743408,True,-1.5497794151325692,UNRESOLVED (B17),0.317831277847,0.3179462409328947
density_20_nback_2_id_32,20,2,0.10133831085342104,0.0,True,28.5826263428,True,0.001865168655055,False,0.20033025743256871,6.1503303051162845,0.20033025743256871,True,-1.2995400428674344,UNRESOLVED (B17),0.168982699513,0.16912313133192536
density_20_nback_2_id_33,20,2,0.09049843234547632,0.0,True,11.8923711777,True,0.0018981147150079999,False,2.0008194446837138,3.7008194923674296,2.0008194446837138,False,0.2007591724837141,UNRESOLVED (B17),0.0968354716897,0.09695180704949549
density_20_nback_2_id_34,20,2,0.09794563731473421,0.0,True,18.5489768982,True,0.001898278627774,False,0.2500374316837153,2.7500374316837153,0.2500374316837153,True,-1.4500968456162866,UNRESOLVED (B17),0.173536837101,0.1736576742819658
density_20_nback_2_id_35,20,2,0.09685323284449605,0.0,True,18.0502624512,True,0.001876354508572,False,0.29950642588371323,3.0495064258837132,0.29950642588371323,True,-1.6503493786162835,UNRESOLVED (B17),0.127516016364,0.12763054715085906
density_20_nback_2_id_36,20,2,0.10178627813922106,0.0,True,35.0466918945,True,0.001885695179223,False,0.19985723493256558,3.6498572826162814,0.19985723493256558,True,-1.5502038001674308,UNRESOLVED (B17),0.101389616728,0.10150924571768018
density_20_nback_2_id_37,20,2,0.10444614546076844,0.0,True,0.0,False,0.04140594415365,True,1.1499969958837184,8.799996852832571,1.1499969958837184,False,-2.1502463817162862,UNRESOLVED (B17),,
density_20_nback_2_id_38,20,2,0.10441801569570526,0.0,True,0.0,False,0.039777367142919996,True,1.0496039390325649,6.599604129767428,1.0496039390325649,False,-1.5500893592674316,UNRESOLVED (B17),,
density_20_nback_2_id_39,20,2,0.10493629661043025,0.0,True,0.0,False,0.04008544189855,True,1.0997421741837172,6.299742221867433,1.0997421741837172,False,-0.2495772838162864,UNRESOLVED (B17),0.819506108761,0.8128081430831562
density_20_nback_2_id_3,20,2,0.0993901352937342,0.0,True,27.5841884613,True,0.001896284171378,False,0.24990320206742922,4.549903154383713,0.24990320206742922,True,-1.4502158165325696,UNRESOLVED (B17),0.220995798707,0.22111386341298056
density_20_nback_2_id_40,20,2,0.10427632359292895,0.19185385108,False,0.0,False,0.04120675241579,True,1.0500922203325658,5.950092315699997,1.0500922203325658,False,-1.3505883216674306,UNRESOLVED (B17),0.857856810093,0.8507288730126834
density_20_nback_2_id_41,20,2,0.10444855297863027,0.0,True,0.0,False,0.04139882838358,True,1.1493637561837176,3.54936361313257,1.1493637561837176,False,-0.5502135753162847,UNRESOLVED (B17),1.06974434853,1.062534837405629
density_20_nback_2_id_42,20,2,0.1044198877521592,0.0,True,0.0,False,0.03982221870686,True,1.0496993065325668,6.549699306532567,1.0496993065325668,False,-1.6004433631674289,UNRESOLVED (B17),,
density_20_nback_2_id_43,20,2,0.10442279210607763,0.0,True,0.0,False,0.03980778204281,True,1.0496535301325665,6.949653625499998,1.0496535301325665,False,-1.150381565067434,UNRESOLVED (B17),0.363852083683,0.35722580475276744
density_20_nback_2_id_44,20,2,0.10444927725355,0.0,True,0.0,False,0.04144669184465,True,1.1002266406837151,6.100226640683715,1.1002266406837151,False,-0.3497588634162838,UNRESOLVED (B17),0.233459770679,0.2262415442573448
density_20_nback_2_id_45,20,2,0.10442405468541975,0.0,True,0.0,False,0.03980211960155,True,1.0498175621325672,4.59981775286743,1.0498175621325672,False,-0.8500771522674313,UNRESOLVED (B17),0.620082616806,0.613469155793178
density_20_nback_2_id_46,20,2,0.10441804471383291,0.0,True,0.0,False,0.039821543963620004,True,1.049848079632568,5.099848270367431,1.049848079632568,False,-0.25020456316742923,UNRESOLVED (B17),0.262462466955,0.255838073208086
density_20_nback_2_id_47,20,2,0.10441075245806447,0.2599350214,False,0.0,False,0.03945964295415,True,0.749745845832571,3.0997459888837184,0.749745845832571,False,-1.5498757362674311,UNRESOLVED (B17),2.26197123528,2.2555917209130483
density_20_nback_2_id_48,20,2,0.10455122805737894,0.229334041476,False,0.0,False,0.03949666256084,True,0.7004401684162858,3.7004401684162858,0.7004401684162858,False,-1.0001747607837146,UNRESOLVED (B17),,
density_20_nback_2_id_49,20,2,0.1042781220259171,0.229606226087,False,0.0,False,0.04120966815392,True,1.0503058433325663,6.1003060340674296,1.0503058433325663,False,-1.7495675086674325,UNRESOLVED (B17),,
density_20_nback_2_id_4,20,2,0.09459328522146974,0.0,True,11.1385583878,True,0.001835687464334,False,0.3499870300000012,2.849987030000001,0.3499870300000012,False,-1.4504241942999982,UNRESOLVED (B17),0.139740303159,0.13985916071688767
density_20_nback_2_id_50,20,2,0.10443271157381315,0.0,True,0.0,False,0.04047719202932,True,1.0999512672674285,8.149951219583713,1.0999512672674285,False,-1.6997885704325668,UNRESOLVED (B17),2.27755117416,2.270699348125698
density_20_nback_2_id_51,20,2,0.10441819264702762,0.0,True,0.0,False,0.03983334009533,True,1.049996852832571,3.3999969958837184,1.049996852832571,False,-1.3991837501674311,UNRESOLVED (B17),0.857856810093,0.851233181966136
density_20_nback_2_id_52,20,2,0.10444859670175792,0.0,True,0.0,False,0.04151999508036,True,1.1003258227837165,16.200325727416285,1.1003258227837165,False,-1.100064039216285,UNRESOLVED (B17),0.908671498299,0.901431779063574
density_20_nback_2_id_53,20,2,0.10444688140167895,0.0,True,0.0,False,0.041379829170179995,True,1.1007759570837123,3.3507759570837123,1.1007759570837123,False,-0.29934382441628316,UNRESOLVED (B17),0.138302147388,0.13108866090652643
density_20_nback_2_id_54,20,2,0.10428356840026448,0.0639667287469,False,0.0,False,0.041756883962050004,True,1.100241184267432,5.800240993532569,1.100241184267432,False,-0.34953069683256643,UNRESOLVED (B17),0.294820874929,0.2874759387373709
density_20_nback_2_id_55,20,2,0.10493386772120922,0.0,True,0.0,False,0.04006225406188,True,1.0998032092837136,4.649803161599998,1.0998032092837136,False,-2.550339460416282,UNRESOLVED (B17),2.18838572502,2.1816934191422206
density_20_nback_2_id_56,20,2,0.10490883367238815,0.0,True,0.0,False,0.038384585874149994,True,0.9996428489325666,7.099642991983714,0.9996428489325666,False,-0.9001641273674323,UNRESOLVED (B17),,
density_20_nback_2_id_57,20,2,0.10493715509377896,0.0,True,0.0,False,0.04000499146061,True,1.0998413562837186,2.449841260916287,1.0998413562837186,False,-0.6501014232162845,UNRESOLVED (B17),0.25335419178,0.24665883518884593
density_20_nback_2_id_5,20,2,0.09848933715961054,0.0,True,18.2892150879,True,0.001841581572076,False,0.2997391223837127,5.449738979332565,0.2997391223837127,True,-1.750210523616282,UNRESOLVED (B17),0.844194412231,0.8443112519259227
density_20_nback_2_id_6,20,2,0.11214647569544738,0.111984826624,False,0.0,False,0.05224191374142,True,1.0993676185674346,2.8493676185674346,1.0993676185674346,False,-0.25027990343257045,UNRESOLVED (B17),0.182645127177,0.16954770567082864
density_20_nback_2_id_7,20,2,0.09900016646441052,0.0,True,27.7170410156,True,0.001854371017539,False,0.24998712536743284,2.6999869346325696,0.24998712536743284,True,-1.4000868797325694,UNRESOLVED (B17),0.218119502068,0.21823344427671285
density_20_nback_2_id_8,20,2,0.0909658420438908,0.0,True,12.0430784225,True,0.001884573488499,False,1.9998428821837138,2.349842786816282,1.9998428821837138,False,0.34977269168371805,UNRESOLVED (B17),0.32861739397,0.32871444416689566
density_20_nback_2_id_9,20,2,0.10444771292569079,0.0,True,0.0,False,0.04141117865215,True,1.1000626086837144,8.400062560999999,1.1000626086837144,False,-0.29993891711628606,UNRESOLVED (B17),0.385184675455,0.3779666443878043
