trial_id,density,nback,OWNER_WINDOW_ELIGIBLE,LANE_CHANGE_ANCHORED,t_button_s,t_handback,vehicle_speed_at_tor_mps,hazard_station_crossing_after_tor_s,hazard_station_crossing_after_handback,owner_window_excluded_reason,manual_window_excluded_reason,owner_window_start,owner_window_end,owner_tor_to_lane_change_s,owner_min_ttc_approach_domain_s,owner_n_ttc_samples_outside_domain,owner_vehicle_stopped_in_window,owner_vehicle_max_longitudinal_accel_mps2,owner_vehicle_max_longitudinal_decel_mps2,manual_window_start,manual_window_end,manual_tor_to_lane_change_s,manual_min_ttc_approach_domain_s,manual_n_ttc_samples_outside_domain,manual_vehicle_stopped_in_window,manual_vehicle_max_longitudinal_accel_mps2,manual_vehicle_max_longitudinal_decel_mps2
density_0_nback_0_id_10,0,0,True,True,0.9004859924000002,41.6502990723,27.7777423859,7.450378894767432,False,,,29.4496212006,34.749420166,5.299798965400001,2.1182949543,0.0,False,0.204137384892,1.58674693108,29.4496212006,34.749420166,5.299798965400001,2.1182949543,0.0,False,0.204137384892,1.58674693108
density_0_nback_0_id_11,0,0,True,True,1.5001716613999996,43.8493270874,27.7777576447,8.250745058083716,False,,,29.4492549896,34.6493492126,5.200094223000001,3.08807110786,0.0,False,0.11984679848,3.01875329018,29.4492549896,34.6493492126,5.200094223000001,3.08807110786,0.0,False,0.11984679848,3.01875329018
density_0_nback_0_id_12,0,0,True,True,0.6007862091000007,41.8500213623,27.7777576447,7.199934482567432,False,,,29.4500656128,33.8002815247,4.350215911899998,2.80736804008,0.0,False,0.223355665803,0.888283073902,29.4500656128,33.8002815247,4.350215911899998,2.80736804008,0.0,False,0.223355665803,0.888283073902
density_0_nback_0_id_13,0,0,True,True,1.4500198363999992,45.1006660461,27.7777824402,7.599837064716283,False,,,29.4501628876,34.9001693726,5.450006484999996,2.08988690376,0.0,False,0.0968660563231,2.18849253654,29.4501628876,34.9001693726,5.450006484999996,2.08988690376,0.0,False,0.0968660563231,2.18849253654
density_0_nback_0_id_14,0,0,False,False,,36.2992210388,,,,no TOR anchor (MISSING_TOR_COLUMN),no TOR anchor (MISSING_TOR_COLUMN),,,,,,,,,,,,,,,,
density_0_nback_0_id_15,0,0,True,True,1.4999332427999974,45.6501655579,27.7777729034,10.400126934032567,False,,,29.4498729706,36.649772644,7.199899673400001,3.83249497414,0.0,False,2.43854808807,7.85020065308,29.4498729706,36.649772644,7.199899673400001,3.83249497414,0.0,False,2.43854808807,7.85020065308
density_0_nback_0_id_16,0,0,True,True,1.1995010374999993,48.9492797852,27.7777557373,7.600226163816284,False,,,29.4497737885,35.3991279602,5.949354171699998,1.62408804893,0.0,False,0.0777526795864,1.9903857708,29.4497737885,35.3991279602,5.949354171699998,1.62408804893,0.0,False,0.0777526795864,1.9903857708
density_0_nback_0_id_17,0,0,True,True,1.2489871979,41.8502578735,27.7777614594,7.249446153683717,False,,,29.450553894,33.2495613098,3.799007415800002,3.50588393211,0.0,False,1.89063489437,2.61270904541,29.450553894,33.2495613098,3.799007415800002,3.50588393211,0.0,False,1.89063489437,2.61270904541
density_0_nback_0_id_18,0,0,True,True,1.0001201629999983,45.1002540588,27.7778053284,8.300090789799999,False,,,29.4499092102,34.0000190735,4.550109863299998,3.44821691513,0.0,False,0.24215619266,2.05339026451,29.4499092102,34.0000190735,4.550109863299998,3.44821691513,0.0,False,0.24215619266,2.05339026451
density_0_nback_0_id_19,0,0,True,True,1.0000247955,47.0003662109,27.7777557373,7.549751281700001,False,,,29.4502487183,33.8002853394,4.350036621099999,3.07640099525,0.0,False,0.17556527257,1.78127563,29.4502487183,33.8002853394,4.350036621099999,3.07640099525,0.0,False,0.17556527257,1.78127563
density_0_nback_0_id_1,0,0,True,True,1.2991638182999985,44.30078125,27.7777824402,8.69940614696743,False,,,29.4505939484,34.4999809265,5.049386978099999,3.58629107475,0.0,False,0.189552724361,8.33090019226,29.4505939484,34.4999809265,5.049386978099999,3.58629107475,0.0,False,0.189552724361,8.33090019226
density_0_nback_0_id_20,0,0,True,True,1.8499317168999987,43.3002891541,27.7777709961,7.649592876432568,False,,,29.4504070282,34.9002723694,5.449865341199999,2.12152600288,0.0,False,0.2159216851,2.18620228767,29.4504070282,34.9002723694,5.449865341199999,2.12152600288,0.0,False,0.2159216851,2.18620228767
density_0_nback_0_id_21,0,0,True,True,1.4501113892,46.1498985291,27.7777500153,7.599779844316284,False,,,29.450220108,34.000087738,4.549867629999998,2.95001602173,0.0,False,0.24338875711,2.16479325294,29.450220108,34.000087738,4.549867629999998,2.95001602173,0.0,False,0.24338875711,2.16479325294
density_0_nback_0_id_22,0,0,True,True,0.4998340606999996,40.0501098633,27.7777824402,7.399812221532567,False,,,29.4501876831,33.9502906799,4.500102996799999,2.79932308197,0.0,False,0.215192899108,0.785985350609,29.4501876831,33.9502906799,4.500102996799999,2.79932308197,0.0,False,0.215192899108,0.785985350609
density_0_nback_0_id_23,0,0,True,True,2.3001174927,41.7999725342,27.7777843475,7.849779844316284,False,,,29.450220108,35.6000366211,6.149816513100003,1.65057098866,0.0,False,0.235594719648,2.13866233826,29.450220108,35.6000366211,6.149816513100003,1.65057098866,0.0,False,0.235594719648,2.13866233826
density_0_nback_0_id_24,0,0,True,True,1.0999794006000023,43.0003623962,27.7777843475,7.450123310067433,False,,,29.4498767853,33.1999397278,3.7500629425000014,3.68460202217,0.0,False,0.190844044089,1.82227468491,29.4498767853,33.1999397278,3.7500629425000014,3.68460202217,0.0,False,0.190844044089,1.82227468491
density_0_nback_0_id_25,0,0,True,True,1.2497005463000015,45.7998580933,27.7777709961,7.6501536369325684,False,,,29.4498462677,34.2500152588,4.800168991099998,2.72515797615,0.0,False,0.23498480022,2.06226444244,29.4498462677,34.2500152588,4.800168991099998,2.72515797615,0.0,False,0.23498480022,2.06226444244
density_0_nback_0_id_26,0,0,True,True,2.3000087739,42.1004104614,27.7777824402,7.699661731767431,False,,,29.4503383636,35.0504837036,5.600145340000001,2.11077690125,0.0,False,0.670286297798,2.16788959503,29.4503383636,35.0504837036,5.600145340000001,2.11077690125,0.0,False,0.670286297798,2.16788959503
density_0_nback_0_id_27,0,0,True,True,0.9494113921999983,55.7997436523,27.7777748108,7.399671077732567,False,,,29.4503288269,33.6000366211,4.149707794200001,3.21122193336,0.0,False,0.264479190111,1.68520438671,29.4503288269,33.6000366211,4.149707794200001,3.21122193336,0.0,False,0.264479190111,1.68520438671
density_0_nback_0_id_28,0,0,True,True,4.3499469757,44.5996589661,27.7777614594,8.70083665846743,False,,,29.4491634369,36.449546814,7.0003833771,1.7028529644,0.0,False,0.169711485505,2.66761565208,29.4491634369,36.449546814,7.0003833771,1.7028529644,0.0,False,0.169711485505,2.66761565208
density_0_nback_0_id_29,0,0,True,True,2.2500362396,44.1002082825,27.7777748108,7.9490513801674325,False,,,29.4509487152,34.2009773254,4.750028610199998,3.07468104362,0.0,False,0.163061231375,2.20284414291,29.4509487152,34.2009773254,4.750028610199998,3.07468104362,0.0,False,0.163061231375,2.20284414291
density_0_nback_0_id_2,0,0,True,True,1.850564956600003,36.7997779846,27.7777729034,8.350311994516286,True,,,29.4496879578,35.3997192383,5.950031280500003,2.36789894104,0.0,False,0.145696535707,2.7688639164,29.4496879578,35.3997192383,5.950031280500003,2.36789894104,0.0,False,0.145696535707,2.7688639164
density_0_nback_0_id_30,0,0,True,True,1.300546646099999,43.5505218506,27.7777557373,7.549955367999999,False,,,29.450044632,35.5508613586,6.1008167266000015,1.41940903664,0.0,False,0.224820077419,2.169444561,29.450044632,35.5508613586,6.1008167266000015,1.41940903664,0.0,False,0.224820077419,2.169444561
density_0_nback_0_id_31,0,0,True,True,0.9000949859000009,48.9005203247,27.777797699,8.44996690746743,False,,,29.4500331879,35.4002494812,5.950216293299999,2.48671197891,0.0,False,0.210849091411,4.25042963028,29.4500331879,35.4002494812,5.950216293299999,2.48671197891,0.0,False,0.210849091411,4.25042963028
density_0_nback_0_id_32,0,0,True,True,1.0002613067000006,38.0501785278,27.7777614594,7.000053882567432,False,,,29.3999462128,33.0502853394,3.6503391265999987,3.45138692856,0.0,False,1.13358068466,1.5808609724,29.3999462128,33.0502853394,3.6503391265999987,3.45138692856,0.0,False,1.13358068466,1.5808609724
density_0_nback_0_id_33,0,0,True,True,1.5496253967000015,46.550491333,27.7777881622,7.549253463700001,False,,,29.4507465363,35.6501808167,6.199434280400002,1.32482397556,0.0,False,0.260293215513,2.16991639137,29.4507465363,35.6501808167,6.199434280400002,1.32482397556,0.0,False,0.260293215513,2.16991639137
density_0_nback_0_id_34,0,0,True,True,2.6002483368,42.1001167297,27.7777729034,8.200241565667433,False,,,29.4497585297,34.5503959656,5.100637435900005,2.99731707573,0.0,False,0.249694481492,2.19663047791,29.4497585297,34.5503959656,5.100637435900005,2.99731707573,0.0,False,0.249694481492,2.19663047791
density_0_nback_0_id_35,0,0,True,True,1.349124908500002,43.5995597839,27.7777748108,7.39989042283257,False,,,29.4501094818,34.6998100281,5.249700546300005,2.19155597687,0.0,False,0.405380249023,2.21953439713,29.4501094818,34.6998100281,5.249700546300005,2.19155597687,0.0,False,0.405380249023,2.21953439713
density_0_nback_0_id_36,0,0,True,True,1.0997505188000005,75.2002487183,27.777759552,7.449661731767431,False,,,29.4503383636,35.7503089905,6.299970626900002,1.09628105164,0.0,False,0.14035692811,1.89969539642,29.4503383636,35.7503089905,6.299970626900002,1.09628105164,0.0,False,0.14035692811,1.89969539642
density_0_nback_0_id_37,0,0,True,True,1.3003730773999997,48.8501167297,27.7777709961,8.8498878479,False,,,29.4001121521,37.0500946045,7.649982452400003,1.16561305523,0.0,False,0.451516985893,5.21773290634,29.4001121521,37.0500946045,7.649982452400003,1.16561305523,0.0,False,0.451516985893,5.21773290634
density_0_nback_0_id_38,0,0,True,True,0.7494678497000002,44.1499023438,27.7777347565,7.349396467216284,False,,,29.4506034851,34.7004699707,5.249866485599998,2.06254410744,0.0,False,0.421761006117,1.40576589108,29.4506034851,34.7004699707,5.249866485599998,2.06254410744,0.0,False,0.421761006117,1.40576589108
density_0_nback_0_id_39,0,0,True,True,1.3005428314000014,42.4009132385,27.7777404785,8.949970722167432,False,,,29.4500293732,35.1503486633,5.700319290100001,4.49297618866,0.0,False,2.35761332512,9.10375118256,29.4500293732,35.1503486633,5.700319290100001,4.49297618866,0.0,False,2.35761332512,9.10375118256
density_0_nback_0_id_3,0,0,True,True,0.6002902984000009,38.4494438171,27.7777519226,7.450253009767433,False,,,29.4497470856,34.3491439819,4.899396896300001,2.49278998375,0.0,False,0.250836014748,1.06800448895,29.4497470856,34.3491439819,4.899396896300001,2.49278998375,0.0,False,0.250836014748,1.06800448895
density_0_nback_0_id_40,0,0,True,True,1.0997371674000007,43.449848175,27.7777805328,7.600073576016285,False,,,29.4499263763,33.4503517151,4.0004253387999995,3.46561598778,0.0,False,0.220783099532,1.83969306946,29.4499263763,33.4503517151,4.0004253387999995,3.46561598778,0.0,False,0.220783099532,1.83969306946
density_0_nback_0_id_41,0,0,True,True,1.050306320099999,46.7502784729,27.777765274,7.750014543483715,False,,,29.4499855042,34.2993965149,4.849411010700003,2.78068494797,0.0,False,0.185797214508,1.84946262836,29.4499855042,34.2993965149,4.849411010700003,2.78068494797,0.0,False,0.185797214508,1.84946262836
density_0_nback_0_id_42,0,0,True,True,1.0508460999000029,45.5998001099,27.7777709961,7.550168991100001,False,,,29.4498310089,34.550693512,5.100862503100004,2.37476611137,0.0,False,0.236160948873,1.80352222919,29.4498310089,34.550693512,5.100862503100004,2.37476611137,0.0,False,0.236160948873,1.80352222919
density_0_nback_0_id_43,0,0,True,True,0.7991924285999978,56.9005393982,27.7777919769,7.749308824583714,False,,,29.4506912231,35.1504898071,5.699798584,1.95315098763,0.0,False,0.222336620092,3.15919971466,29.4506912231,35.1504898071,5.699798584,1.95315098763,0.0,False,0.222336620092,3.15919971466
density_0_nback_0_id_44,0,0,True,True,1.0997180939000017,45.1005210876,27.777759552,7.499215364483717,False,,,29.4507846832,34.4501876831,4.999402999899999,2.44648194313,0.0,False,0.240181729198,1.84929466248,29.4507846832,34.4501876831,4.999402999899999,2.44648194313,0.0,False,0.240181729198,1.84929466248
density_0_nback_0_id_45,0,0,True,True,1.4994220734000017,89.7990951538,27.7777729034,7.750142335883716,False,,,29.4498577118,34.349571228,4.899713516200002,2.80517911911,0.0,False,0.217709079385,2.1417632103,29.4498577118,34.349571228,4.899713516200002,2.80517911911,0.0,False,0.217709079385,2.1417632103
density_0_nback_0_id_46,0,0,True,True,0.6490402222,43.3005065918,27.777765274,7.69916200636743,False,,,29.450838089,33.0498847961,3.599046707100001,3.85303401947,0.0,False,0.214864164591,1.46054017544,29.450838089,33.0498847961,3.599046707100001,3.85303401947,0.0,False,0.214864164591,1.46054017544
density_0_nback_0_id_47,0,0,True,True,1.250375747699998,48.050201416,27.7777557373,8.25006723406743,False,,,29.3999328613,34.9499168396,5.5499839782999985,2.59413003922,0.0,False,0.18721960485,2.04122710228,29.3999328613,34.9499168396,5.5499839782999985,2.59413003922,0.0,False,0.18721960485,2.04122710228
density_0_nback_0_id_48,0,0,True,True,0.6498508453000014,63.3997573853,27.7777805328,8.249645709967432,False,,,29.4003543854,34.4004096985,5.000055313099999,3.0918340683,0.0,False,0.121364340186,5.91382265091,29.4003543854,34.4004096985,5.000055313099999,3.0918340683,0.0,False,0.121364340186,5.91382265091
density_0_nback_0_id_49,0,0,True,True,1.4501037596999993,57.2493972778,27.7777690887,7.650374889332568,False,,,29.4496250153,35.4992752075,6.049650192199998,1.59715294838,0.0,False,0.15017054975,2.17196989059,29.4496250153,35.4992752075,6.049650192199998,1.59715294838,0.0,False,0.15017054975,2.17196989059
density_0_nback_0_id_4,0,0,True,True,0.8996620177999972,41.7004318237,27.7777614594,7.550163268999999,False,,,29.449836731,33.5498657227,4.100028991699997,3.34053993225,0.0,False,0.179009959102,1.64345860481,29.449836731,33.5498657227,4.100028991699997,3.34053993225,0.0,False,0.179009959102,1.64345860481
density_0_nback_0_id_50,0,0,True,True,2.3507461547999995,51.9501800537,27.7778015137,9.150161266332567,False,,,29.4498386383,36.6501464844,7.200307846099996,1.8774780035,0.0,False,0.200692221522,3.87002801895,29.4498386383,36.6501464844,7.200307846099996,1.8774780035,0.0,False,0.200692221522,3.87002801895
density_0_nback_0_id_51,0,0,True,True,1.0997848511000008,48.8006668091,27.7777938843,8.149362087232568,False,,,29.4506378174,35.2508087158,5.8001708983999976,2.10916304588,0.0,False,0.630278229713,4.127846241,29.4506378174,35.2508087158,5.8001708983999976,2.10916304588,0.0,False,0.630278229713,4.127846241
density_0_nback_0_id_52,0,0,True,True,1.2000522613000015,43.9493522644,27.7777500153,7.65089178083257,False,,,29.4491081238,33.5492019653,4.1000938415000014,3.42684292793,0.0,False,0.160874396563,2.02108025551,29.4491081238,33.5492019653,4.1000938415000014,3.42684292793,0.0,False,0.160874396563,2.02108025551
density_0_nback_0_id_53,0,0,True,True,0.7505741119000007,48.6991767883,27.7777881622,7.500935792883716,False,,,29.4490642548,33.7996482849,4.350584030100002,3.06952905655,0.0,False,0.215426176786,1.36171984673,29.4490642548,33.7996482849,4.350584030100002,3.06952905655,0.0,False,0.215426176786,1.36171984673
density_0_nback_0_id_54,0,0,True,True,1.4000511168999985,43.200050354,27.7777671814,7.549570083599999,False,,,29.4504299164,34.2005157471,4.750085830699998,2.73172688484,0.0,False,0.114465653896,2.16604948044,29.4504299164,34.2005157471,4.750085830699998,2.73172688484,0.0,False,0.114465653896,2.16604948044
density_0_nback_0_id_55,0,0,True,True,1.6003952026000015,45.9500656128,27.7777805328,9.399970531432569,False,,,29.4500293732,36.5001487732,7.050119400000003,2.37139701843,0.0,False,0.165589913726,5.86534643173,29.4500293732,36.5001487732,7.050119400000003,2.37139701843,0.0,False,0.165589913726,5.86534643173
density_0_nback_0_id_56,0,0,True,True,0.6503219603999995,43.2502059937,27.7777957916,7.749476671183714,False,,,29.4505233765,34.9000396729,5.449516296399999,2.27426409721,0.0,False,0.282029300928,2.07005906105,29.4505233765,34.9000396729,5.449516296399999,2.27426409721,0.0,False,0.282029300928,2.07005906105
density_0_nback_0_id_57,0,0,True,True,1.3997631073,41.9501266479,27.7777805328,7.699736118267431,False,,,29.4502639771,33.0500183105,3.5997543334,3.91020894051,0.0,False,0.154433742166,2.2448387146,29.4502639771,33.0500183105,3.5997543334,3.91020894051,0.0,False,0.154433742166,2.2448387146
density_0_nback_0_id_5,0,0,True,True,1.9499683380000015,35.7499809265,27.7777633667,7.7001004218674325,True,,,29.4498996735,34.1999778748,4.750078201299999,2.96734499931,0.0,False,0.256751924753,2.19825577736,29.4498996735,34.1999778748,4.750078201299999,2.96734499931,0.0,False,0.256751924753,2.19825577736
density_0_nback_0_id_6,0,0,True,True,2.2000312804999993,42.1501617432,27.7777709961,7.600054502516283,False,,,29.4499454498,36.7500419617,7.300096511899998,0.278250992298,0.0,False,0.625244498253,2.22925424576,29.4499454498,36.7500419617,7.300096511899998,0.278250992298,0.0,False,0.625244498253,2.22925424576
density_0_nback_0_id_7,0,0,True,True,0.8998355865000001,46.2506828308,27.7777690887,7.4490847587325675,False,,,29.4009151459,34.3508758545,4.949960708600003,2.43168091774,0.0,False,0.241175383329,1.5951513052,29.4009151459,34.3508758545,4.949960708600003,2.43168091774,0.0,False,0.241175383329,1.5951513052
density_0_nback_0_id_8,0,0,True,True,1.6005420685000011,53.650592804,27.7777462006,7.600235700616285,False,,,29.4497642517,33.4005775452,3.9508132935000013,3.56219100952,0.0,False,0.184128090739,2.14173316956,29.4497642517,33.4005775452,3.9508132935000013,3.56219100952,0.0,False,0.184128090739,2.14173316956
density_0_nback_0_id_9,0,0,True,True,2.2999286651999995,44.2500495911,27.7777881622,8.14998006823257,False,,,29.4500198364,35.1502151489,5.7001953125000036,2.36370801926,0.0,False,0.162728771567,2.21270608902,29.4500198364,35.1502151489,5.7001953125000036,2.36370801926,0.0,False,0.162728771567,2.21270608902
density_0_nback_1_id_10,0,1,True,True,1.7006111144999991,63.4492340088,19.2491416931,11.350694179532567,False,,,34.2493057251,43.5499000549,9.3005943298,1.23777401447,0.0,False,1.39625060558,1.24341487885,34.2493057251,43.5499000549,9.3005943298,1.23777401447,0.0,False,1.39625060558,1.24341487885
density_0_nback_1_id_11,0,1,True,True,1.5992088317999986,58.9009590149,19.2451057434,11.249175310183716,False,,,34.2008247375,41.1509399414,6.950115203899998,2.71602511406,0.0,False,1.03137433529,1.26684617996,34.2008247375,41.1509399414,6.950115203899998,2.71602511406,0.0,False,1.03137433529,1.26684617996
density_0_nback_1_id_12,0,1,True,True,1.350097656300001,62.4999198914,19.286359787,11.650585889816284,False,,,34.1494140625,39.999458313,5.850044250499998,3.61847996712,0.0,False,0.256557136774,0.550329327583,34.1494140625,39.999458313,5.850044250499998,3.61847996712,0.0,False,0.256557136774,0.550329327583
density_0_nback_1_id_13,0,1,True,True,1.800029754599997,55.3491973877,19.2600212097,12.100453138316283,False,,,34.199546814,41.7990989685,7.599552154499996,2.7480700016,0.0,False,0.101040065289,0.542761683464,34.199546814,41.7990989685,7.599552154499996,2.7480700016,0.0,False,0.101040065289,0.542761683464
density_0_nback_1_id_14,0,1,True,True,2.400146484399997,45.25025177,19.2415409088,12.799842834499998,True,,,34.2001571655,39.5503044128,5.350147247300001,4.15416002274,0.0,False,-0.293693512678,0.545668005943,34.2001571655,39.5503044128,5.350147247300001,4.15416002274,0.0,False,-0.293693512678,0.545668005943
density_0_nback_1_id_15,0,1,True,True,2.799823760999999,51.5498466492,19.269985199,11.850037336316284,False,,,34.199962616,42.6002006531,8.400238037100003,2.41052889824,0.0,False,1.80707120895,2.53450345993,34.199962616,42.6002006531,8.400238037100003,2.41052889824,0.0,False,1.80707120895,2.53450345993
density_0_nback_1_id_16,0,1,True,True,1.3501892089999998,55.1501274109,19.2604579926,11.350605726216287,False,,,34.1993942261,40.0495223999,5.850128173800002,3.49585008621,0.0,False,0.220270931721,0.54129076004,34.1993942261,40.0495223999,5.850128173800002,3.49585008621,0.0,False,0.220270931721,0.54129076004
density_0_nback_1_id_17,0,1,True,True,1.5000991821000014,49.6505622864,19.2463054657,10.349529981616286,False,,,34.2004699707,40.0506820679,5.8502120972,2.92452192307,0.0,False,1.90242362022,1.23708403111,34.2004699707,40.0506820679,5.8502120972,2.92452192307,0.0,False,1.90242362022,1.23708403111
density_0_nback_1_id_18,0,1,True,True,1.6498336792000003,53.4000358582,19.2412490845,11.599980115916281,False,,,34.2000198364,40.7002983093,6.5002784729,3.09189009666,0.0,False,0.134006559849,0.546002209187,34.2000198364,40.7002983093,6.5002784729,3.09189009666,0.0,False,0.134006559849,0.546002209187
density_0_nback_1_id_19,0,1,True,True,1.4999160766999964,52.15076828,19.2426776886,10.849846601516283,False,,,34.2001533508,41.2001686096,7.000015258799998,2.37813711166,0.0,False,1.16935014725,1.27046704292,34.2001533508,41.2001686096,7.000015258799998,2.37813711166,0.0,False,1.16935014725,1.27046704292
density_0_nback_1_id_1,0,1,True,True,1.6507148741999984,55.1498794556,19.2601604462,15.45059061046743,False,,,34.1994094849,45.0000305176,10.8006210327,3.37400507927,0.0,False,4.74715805054,8.43417167664,34.1994094849,45.0000305176,10.8006210327,3.37400507927,0.0,False,4.74715805054,8.43417167664
density_0_nback_1_id_20,0,1,True,True,1.8498573303000043,59.700378418,19.27094841,11.00009465218372,False,,,34.1999053955,41.0000267029,6.800121307400005,2.63913488388,0.0,False,0.828359901905,1.32807075977,34.1999053955,41.0000267029,6.800121307400005,2.63913488388,0.0,False,0.828359901905,1.32807075977
density_0_nback_1_id_21,0,1,True,True,1.999866485600002,52.4506187439,19.2171974182,11.299210310016285,False,,,34.2507896423,40.7501068115,6.499317169199998,3.04580903053,0.0,False,0.5294495821,0.539502620697,34.2507896423,40.7501068115,6.499317169199998,3.04580903053,0.0,False,0.5294495821,0.539502620697
density_0_nback_1_id_22,0,1,True,True,1.699802398700001,46.4996604919,19.2735843658,11.500064134583717,False,,,34.1999359131,41.3997459412,7.1998100281000035,2.65341305733,0.0,False,0.36249256134,0.538283586502,34.1999359131,41.3997459412,7.1998100281000035,2.65341305733,0.0,False,0.36249256134,0.538283586502
density_0_nback_1_id_23,0,1,True,True,2.9499053955000036,49.4996299744,19.2502040863,11.60014486313257,False,,,34.2498550415,41.349811554,7.0999565125,2.83670210838,0.0,False,2.19596648216,0.542684078217,34.2498550415,41.349811554,7.0999565125,2.83670210838,0.0,False,2.19596648216,0.542684078217
density_0_nback_1_id_24,0,1,True,True,2.7991447448999978,56.4996757507,19.2186870575,11.199874162683713,False,,,34.250125885,40.1997566223,5.949630737299998,3.43964004517,0.0,False,0.618347346783,0.53969669342,34.250125885,40.1997566223,5.949630737299998,3.43964004517,0.0,False,0.618347346783,0.53969669342
density_0_nback_1_id_25,0,1,True,True,1.7499732972000004,54.7008171082,19.2465381622,11.2991752625,False,,,34.2008247375,40.0499954224,5.8491706849000025,3.60758399963,0.0,False,0.532560586929,0.548352599144,34.2008247375,40.0499954224,5.8491706849000025,3.60758399963,0.0,False,0.532560586929,0.548352599144
density_0_nback_1_id_26,0,1,True,True,1.9500579834000007,48.8000640869,19.2245464325,10.299980878816285,False,,,34.2500190735,41.0003356934,6.750316619899998,2.19303202629,0.0,False,1.58447706699,1.57667303085,34.2500190735,41.0003356934,6.750316619899998,2.19303202629,0.0,False,1.58447706699,1.57667303085
density_0_nback_1_id_27,0,1,True,True,2.7002410889000004,59.3503570557,19.2578544617,11.750224351883716,False,,,34.1997756958,42.0499343872,7.850158691399997,2.67790293694,0.0,False,0.125500306487,0.538607656956,34.1997756958,42.0499343872,7.850158691399997,2.67790293694,0.0,False,0.125500306487,0.538607656956
density_0_nback_1_id_28,0,1,True,True,1.949859619199998,49.9996833801,19.2712860107,11.600132703816286,False,,,34.1998672485,39.6500740051,5.450206756600004,4.04991292953,0.0,False,0.0702277496457,0.542285919189,34.1998672485,39.6500740051,5.450206756600004,4.04991292953,0.0,False,0.0702277496457,0.542285919189
density_0_nback_1_id_29,0,1,True,True,4.2000541686999995,52.5507888794,19.2593173981,12.650018215132569,False,,,34.1999816895,41.8499450684,7.649963378899997,2.83022999763,0.0,False,-0.000107984153146,0.550652444363,34.1999816895,41.8499450684,7.649963378899997,2.83022999763,0.0,False,-0.000107984153146,0.550652444363
density_0_nback_1_id_2,0,1,True,True,1.5492820739000024,41.1505966187,19.2682647705,12.399262189816284,True,,,34.1507377625,40.45054245,6.2998046875,3.19144010544,0.0,False,0.32598015666,0.548921585083,34.1507377625,40.45054245,6.2998046875,3.19144010544,0.0,False,0.32598015666,0.548921585083
density_0_nback_1_id_30,0,1,True,True,1.9501113892000035,55.8995361328,19.279302597,12.250730991367433,False,,,34.149269104,42.0997047424,7.950435638400002,2.60416698456,0.0,False,0.117265507579,0.541027545929,34.149269104,42.0997047424,7.950435638400002,2.60416698456,0.0,False,0.117265507579,0.541027545929
density_0_nback_1_id_31,0,1,True,True,2.4001388550000016,59.0002326965,19.2216815948,11.699820756883717,False,,,34.2501792908,42.3003311157,8.050151824899999,2.32917809486,0.0,False,1.04692840576,1.84223914146,34.2501792908,42.3003311157,8.050151824899999,2.32917809486,0.0,False,1.04692840576,1.84223914146
density_0_nback_1_id_32,0,1,True,True,1.5500755309999974,47.3498725891,19.267539978,10.250178575483716,False,,,34.1998214722,39.2498931885,5.050071716300003,3.42431998253,0.0,False,1.63311064243,1.33928406239,34.1998214722,39.2498931885,5.050071716300003,3.42431998253,0.0,False,1.63311064243,1.33928406239
density_0_nback_1_id_33,0,1,True,True,1.2000350952000005,50.3996887207,19.2134628296,10.949969530083713,False,,,34.2500305176,42.5000724792,8.250041961599997,1.6358319521,0.0,False,1.41967630386,1.32292592525,34.2500305176,42.5000724792,8.250041961599997,1.6358319521,0.0,False,1.41967630386,1.32292592525
density_0_nback_1_id_34,0,1,True,True,1.549976348899996,53.6497879028,19.2726345062,11.45051813126743,False,,,34.1994819641,39.4494934082,5.2500114440999965,4.26101016998,0.0,False,-0.311342954636,0.542209327221,34.1994819641,39.4494934082,5.2500114440999965,4.26101016998,0.0,False,-0.311342954636,0.542209327221
density_0_nback_1_id_35,0,1,True,True,2.7003135681000003,52.2500495911,19.24700737,10.899682521832567,False,,,34.2003173828,41.050201416,6.849884033199999,2.52406311035,0.0,False,1.19818019867,1.31159281731,34.2003173828,41.050201416,6.849884033199999,2.52406311035,0.0,False,1.19818019867,1.31159281731
density_0_nback_1_id_36,0,1,True,True,1.900035858199999,60.4501571655,19.224395752,12.099740505232568,False,,,34.2502593994,42.2501831055,7.999923706099999,2.49460911751,0.0,False,0.121870838106,0.540536701679,34.2502593994,42.2501831055,7.999923706099999,2.49460911751,0.0,False,0.121870838106,0.540536701679
density_0_nback_1_id_37,0,1,True,True,3.199668884299996,64.6998443604,19.251789093,11.549381256099998,False,,,34.2006187439,43.7501564026,9.549537658699997,1.16444694996,0.0,False,1.2935256958,1.2313747406,34.2006187439,43.7501564026,9.549537658699997,1.16444694996,0.0,False,1.2935256958,1.2313747406
density_0_nback_1_id_38,0,1,True,True,2.150260925299996,53.3493156433,19.2648506165,13.100979566616282,False,,,34.1990203857,42.2496681213,8.050647735599995,2.86269307137,0.0,False,-0.302516132593,1.41151165962,34.1990203857,42.2496681213,8.050647735599995,2.86269307137,0.0,False,-0.302516132593,1.41151165962
density_0_nback_1_id_39,0,1,True,True,1.3995552063000005,49.6001777649,19.2488918304,11.649667263032569,False,,,34.2003326416,41.3001289368,7.099796295200001,4.0281867981,0.0,False,3.36567425728,8.25031471252,34.2003326416,41.3001289368,7.099796295200001,4.0281867981,0.0,False,3.36567425728,8.25031471252
density_0_nback_1_id_3,0,1,True,True,2.2510375976000034,48.7999954224,19.2713069916,12.801002502400003,False,,,34.1989974976,41.099861145,6.900863647400001,3.33133006096,0.0,False,-0.0970422998071,0.545880615711,34.1989974976,41.099861145,6.900863647400001,3.33133006096,0.0,False,-0.0970422998071,0.545880615711
density_0_nback_1_id_40,0,1,True,True,1.6495399474999957,73.4998703003,19.2339668274,17.399842739132566,False,,,34.2001571655,42.3994598389,8.199302673399998,4.20124483109,0.0,False,-0.317011833191,2.69520640373,34.2001571655,42.3994598389,8.199302673399998,4.20124483109,0.0,False,-0.317011833191,2.69520640373
density_0_nback_1_id_41,0,1,True,True,4.4493370056,76.4999542236,19.2347621918,13.349243879316283,False,,,34.200756073,43.0006752014,8.7999191284,2.51261305809,0.0,False,-0.00874397531152,0.971467375755,34.200756073,43.0006752014,8.7999191284,2.51261305809,0.0,False,-0.00874397531152,0.971467375755
density_0_nback_1_id_42,0,1,True,True,2.550251007,53.9001541138,19.2493743896,11.2999000549,False,,,34.2000999451,41.8506126404,7.6505126953000016,2.49212193489,0.0,False,1.50832557678,1.22457814217,34.2000999451,41.8506126404,7.6505126953000016,2.49212193489,0.0,False,1.50832557678,1.22457814217
density_0_nback_1_id_43,0,1,True,True,3.1499977110999993,63.2496070862,19.2653942108,13.200441837267434,False,,,34.1995582581,42.1995925903,8.000034332200002,2.7118499279,0.0,False,-0.23457968235,0.539189875126,34.1995582581,42.1995925903,8.000034332200002,2.7118499279,0.0,False,-0.23457968235,0.539189875126
density_0_nback_1_id_44,0,1,True,True,1.4501876830999976,54.7501487732,19.2325210571,12.199678897867429,False,,,34.2003211975,41.150554657,6.950233459499998,3.39416694641,0.0,False,0.7079179883,1.67353153229,34.2003211975,41.150554657,6.950233459499998,3.39416694641,0.0,False,0.7079179883,1.67353153229
density_0_nback_1_id_45,0,1,True,True,0.8493347168000014,50.5500526428,19.2400112152,11.049278259300003,False,,,34.2007217407,42.3501281738,8.149406433100005,1.82162499428,0.0,False,1.07112300396,0.911776781082,34.2007217407,42.3501281738,8.149406433100005,1.82162499428,0.0,False,1.07112300396,0.911776781082
density_0_nback_1_id_46,0,1,True,True,1.8999214172999999,55.0502700806,19.2321453094,12.499842882183714,False,,,34.2001571655,42.0502929688,7.850135803299999,4.91842317581,0.0,False,4.33207178116,6.39770126343,34.2001571655,42.0502929688,7.850135803299999,4.91842317581,0.0,False,4.33207178116,6.39770126343
density_0_nback_1_id_47,0,1,True,True,2.2999877930000068,57.3003616333,19.2382049561,12.199697971367435,False,,,34.200302124,39.9502830505,5.749980926500001,4.17121505737,0.0,False,-0.0296292081475,1.38818085194,34.200302124,39.9502830505,5.749980926500001,4.17121505737,0.0,False,-0.0296292081475,1.38818085194
density_0_nback_1_id_48,0,1,True,True,2.0499839782999985,66.550239563,19.256942749,17.799586534483716,False,,,34.1504135132,48.5500869751,14.3996734619,2.01794290543,0.0,False,6.41057443619,5.12086868286,34.1504135132,48.5500869751,14.3996734619,2.01794290543,0.0,False,6.41057443619,5.12086868286
density_0_nback_1_id_49,0,1,True,True,2.5999755859000047,78.9998855591,19.26537323,12.750071763983719,False,,,34.1999282837,42.4998512268,8.2999229431,2.55186700821,0.0,False,-0.275634765625,0.545645296574,34.1999282837,42.4998512268,8.2999229431,2.55186700821,0.0,False,-0.275634765625,0.545645296574
density_0_nback_1_id_4,0,1,True,True,3.100044250499998,49.5995483398,19.2654590607,12.750479936583716,False,,,34.1995201111,41.1491508484,6.949630737299998,3.27011609077,0.0,False,-0.0045305644162,0.550861775875,34.1995201111,41.1491508484,6.949630737299998,3.27011609077,0.0,False,-0.0045305644162,0.550861775875
density_0_nback_1_id_50,0,1,True,True,2.6999206543000014,60.2499275208,19.265871048,12.700205326067433,False,,,34.1997947693,43.7498092651,9.5500144958,1.81494700909,0.0,False,-0.00514028128237,0.537213146687,34.1997947693,43.7498092651,9.5500144958,1.81494700909,0.0,False,-0.00514028128237,0.537213146687
density_0_nback_1_id_51,0,1,True,True,1.9000167847,54.6494140625,19.2711009979,12.250670671483718,False,,,34.1993293762,43.0002174377,8.800888061500004,2.1124560833,0.0,False,0.294676333666,0.541256129742,34.1993293762,43.0002174377,8.800888061500004,2.1124560833,0.0,False,0.294676333666,0.541256129742
density_0_nback_1_id_52,0,1,True,True,2.3509597778,66.4999389648,19.2758960724,18.800934553116285,False,,,34.2490653992,44.7491226196,10.500057220400002,5.07382106781,0.0,False,-0.0632109194994,3.29173874855,34.2490653992,44.7491226196,10.500057220400002,5.07382106781,0.0,False,-0.0632109194994,3.29173874855
density_0_nback_1_id_53,0,1,True,True,1.7005233765000014,50.6503448486,19.3122138977,11.05017781258372,False,,,34.1498222351,39.8996315002,5.749809265100005,3.53106999397,0.0,False,1.36276400089,1.31884098053,34.1498222351,39.8996315002,5.749809265100005,3.53106999397,0.0,False,1.36276400089,1.31884098053
density_0_nback_1_id_54,0,1,True,True,1.7996406554999993,51.900177002,19.2280025482,12.149477481867429,False,,,34.2505226135,43.0003547668,8.749832153299998,2.04884195328,0.0,False,0.24251241982,0.538102149963,34.2505226135,43.0003547668,8.749832153299998,2.04884195328,0.0,False,0.24251241982,0.538102149963
density_0_nback_1_id_55,0,1,True,True,3.0499458313000005,62.2993011475,19.2678852081,13.250640153883715,False,,,34.1993598938,44.6492080688,10.449848175,1.72927200794,0.0,False,0.42060303688,1.80481791496,34.1993598938,44.6492080688,10.449848175,1.72927200794,0.0,False,0.42060303688,1.80481791496
density_0_nback_1_id_56,0,1,True,True,1.500133514399998,52.249256134,19.2627868652,11.250598192183716,False,,,34.1994018555,40.9999351501,6.800533294600001,2.97827196121,0.0,False,0.945964217186,1.27442359924,34.1994018555,40.9999351501,6.800533294600001,2.97827196121,0.0,False,0.945964217186,1.27442359924
density_0_nback_1_id_57,0,1,True,True,2.7501564026000054,56.1502342224,19.2358264923,12.799953460700003,False,,,34.2000465393,40.2500991821,6.050052642800004,3.77204704285,0.0,False,-0.267156392336,0.546810150146,34.2000465393,40.2500991821,6.050052642800004,3.77204704285,0.0,False,-0.267156392336,0.546810150146
density_0_nback_1_id_5,0,1,True,True,2.400051116900002,54.5498008728,19.2647285461,11.350735425916284,False,,,34.1992645264,41.7497711182,7.550506591800001,2.50110697746,0.0,False,0.940197408199,0.871745228767,34.1992645264,41.7497711182,7.550506591800001,2.50110697746,0.0,False,0.940197408199,0.871745228767
density_0_nback_1_id_6,0,1,True,True,3.1007995606000023,56.3001213074,19.2550830841,14.300689697300001,False,,,34.1993103027,43.7001075745,9.500797271800003,3.78737711906,0.0,False,6.56461000443,10.6031847,34.1993103027,43.7001075745,9.500797271800003,3.78737711906,0.0,False,6.56461000443,10.6031847
density_0_nback_1_id_7,0,1,True,True,2.900688171399999,55.4003067017,19.256811142,11.650285244032567,False,,,34.1997146606,41.5503845215,7.350669860899998,2.73172307014,0.0,False,0.817001998425,1.03025627136,34.1997146606,41.5503845215,7.350669860899998,2.73172307014,0.0,False,0.817001998425,1.03025627136
density_0_nback_1_id_8,0,1,True,True,1.800125122099999,58.2508926392,19.2309360504,10.899358272532567,False,,,34.2006416321,39.0498657227,4.849224090599996,4.05991220474,0.0,False,1.37235021591,1.27801263332,34.2006416321,39.0498657227,4.849224090599996,4.05991220474,0.0,False,1.37235021591,1.27801263332
density_0_nback_1_id_9,0,1,True,True,1.6998786925999951,51.9004173279,19.24518013,12.84988856311628,False,,,34.2001113892,41.5500793457,7.349967956499995,3.07851099968,0.0,False,-0.316616117954,0.540995419025,34.2001113892,41.5500793457,7.349967956499995,3.07851099968,0.0,False,-0.316616117954,0.540995419025
density_0_nback_2_id_10,0,2,True,True,2.2498950957999995,54.7506217957,24.3643512726,9.4504184723,False,,,31.7995815277,39.3995361328,7.599954605100002,1.97269594669,0.0,False,1.2272772789,9.96734905243,31.7995815277,39.3995361328,7.599954605100002,1.97269594669,0.0,False,1.2272772789,9.96734905243
density_0_nback_2_id_11,0,2,True,True,1.350120544500001,52.050163269,24.3519172668,7.499825239216285,False,,,31.8001747131,37.1000175476,5.299842834499998,2.2550868988,0.0,False,0.74654507637,1.429718256,31.8001747131,37.1000175476,5.299842834499998,2.2550868988,0.0,False,0.74654507637,1.429718256
density_0_nback_2_id_12,0,2,True,True,0.6999588012999993,45.5492744446,24.4802932739,7.250747680700002,False,,,31.7492523193,36.699306488,4.9500541686999995,2.36382198334,0.0,False,0.0786345675588,0.667201459408,31.7492523193,36.699306488,4.9500541686999995,2.36382198334,0.0,False,0.0786345675588,0.667201459408
density_0_nback_2_id_13,0,2,True,True,1.8998985290999997,46.8494987488,24.4142513275,7.55064153673257,False,,,31.7993583679,37.6493377686,5.8499794007000006,1.73520100117,0.0,False,-0.108601905406,1.00383901596,31.7993583679,37.6493377686,5.8499794007000006,1.73520100117,0.0,False,-0.108601905406,1.00383901596
density_0_nback_2_id_14,0,2,True,True,0.7508983612000009,39.7501945496,24.3918304443,7.449982881583715,False,,,31.7500171661,35.1001853943,3.3501682281999976,3.95763897896,0.0,False,-0.166235566139,0.414272904396,31.7500171661,35.1001853943,3.3501682281999976,3.95763897896,0.0,False,-0.166235566139,0.414272904396
density_0_nback_2_id_15,0,2,True,True,0.6995887755999988,48.0500869751,24.3309020996,9.499436140016286,False,,,31.8005638123,38.0500526428,6.249488830499999,3.63831710815,0.0,False,1.20588779449,4.44313907623,31.8005638123,38.0500526428,6.249488830499999,3.63831710815,0.0,False,1.20588779449,4.44313907623
density_0_nback_2_id_16,0,2,True,True,1.1999645233000003,50.0508804321,24.3473987579,7.399869203583716,False,,,31.8001308441,37.6000442505,5.799913406399998,1.54896605015,0.0,False,-0.0435940101743,0.662938594818,31.8001308441,37.6000442505,5.799913406399998,1.54896605015,0.0,False,-0.0435940101743,0.662938594818
density_0_nback_2_id_17,0,2,True,True,1.7001018523999996,44.5003395081,24.3928050995,7.0998654365674305,False,,,31.8001346588,36.6501617432,4.850027084400001,2.25652098656,0.0,False,2.9085586071,1.60264968872,31.8001346588,36.6501617432,4.850027084400001,2.25652098656,0.0,False,2.9085586071,1.60264968872
density_0_nback_2_id_18,0,2,True,True,0.9997596741000017,46.2497444153,24.3728027344,7.399813890483717,False,,,31.8001861572,36.65001297,4.8498268128,2.47981405258,0.0,False,-0.159219920635,0.436098217964,31.8001861572,36.65001297,4.8498268128,2.47981405258,0.0,False,-0.159219920635,0.436098217964
density_0_nback_2_id_19,0,2,True,True,1.750553131100002,46.9501075745,24.3899154663,7.499984741199999,False,,,31.7500152588,37.4498901367,5.6998748778999975,1.84424197674,0.0,False,-0.00605236319825,0.925813615322,31.7500152588,37.4498901367,5.6998748778999975,1.84424197674,0.0,False,-0.00605236319825,0.925813615322
density_0_nback_2_id_1,0,2,False,False,,49.0499191284,,,,no TOR anchor (MISSING_TOR_COLUMN),no TOR anchor (MISSING_TOR_COLUMN),,,,,,,,,,,,,,,,
density_0_nback_2_id_20,0,2,True,True,1.9000320434999978,64.5995864868,24.4164810181,7.500576019299999,False,,,31.7494239807,36.8994865417,5.150062560999999,2.37672805786,0.0,False,0.617746949196,1.28651666641,31.7494239807,36.8994865417,5.150062560999999,2.37672805786,0.0,False,0.617746949196,1.28651666641
density_0_nback_2_id_21,0,2,True,True,1.3000202178999984,47.3500175476,24.4137115479,7.399967670467433,False,,,31.7500324249,36.5498809814,4.799848556500002,2.62993407249,0.0,False,0.110904768109,0.668233692646,31.7500324249,36.5498809814,4.799848556500002,2.62993407249,0.0,False,0.110904768109,0.668233692646
density_0_nback_2_id_22,0,2,True,True,2.0498771667,42.1494483948,24.4102134705,7.60040044783257,False,,,31.7495994568,37.299785614,5.550186157200002,2.0477540493,0.0,False,-0.0652467831969,1.09855163097,31.7495994568,37.299785614,5.550186157200002,2.0477540493,0.0,False,-0.0652467831969,1.09855163097
density_0_nback_2_id_23,0,2,True,True,2.2500247955,43.550075531,24.4306926727,7.4999294281,False,,,31.7500705719,37.3997650146,5.6496944426999995,1.97355794907,0.0,False,0.479712843895,1.19978713989,31.7500705719,37.3997650146,5.6496944426999995,1.97355794907,0.0,False,0.479712843895,1.19978713989
density_0_nback_2_id_24,0,2,True,True,1.7506103515000042,51.0002174377,24.410741806,7.399832248667433,False,,,31.7501678467,36.3501853943,4.6000175476,2.80616688728,0.0,False,0.0644417405128,0.948602735996,31.7501678467,36.3501853943,4.6000175476,2.80616688728,0.0,False,0.0644417405128,0.948602735996
density_0_nback_2_id_25,0,2,True,True,1.049983978300002,45.6498184204,24.4134025574,7.350053310432568,False,,,31.7499465942,36.2497215271,4.499774932899999,2.89503097534,0.0,False,0.0621194280684,0.663637638092,31.7499465942,36.2497215271,4.499774932899999,2.89503097534,0.0,False,0.0621194280684,0.663637638092
density_0_nback_2_id_26,0,2,True,True,1.5998649596999996,42.9006271362,24.3909416199,7.199848175,False,,,31.800151825,37.3003044128,5.500152587800002,1.68527197838,0.0,False,0.691328763962,1.27807176113,31.800151825,37.3003044128,5.500152587800002,1.68527197838,0.0,False,0.691328763962,1.27807176113
density_0_nback_2_id_27,0,2,True,True,1.7498741150000043,45.4502563477,24.475976944,8.500049591100002,False,,,31.7499504089,37.4495048523,5.699554443400004,2.87698793411,0.0,False,-0.132222548127,4.32984733582,31.7499504089,37.4495048523,5.699554443400004,2.87698793411,0.0,False,-0.132222548127,4.32984733582
density_0_nback_2_id_28,0,2,True,True,1.7004489899,45.0506095886,24.4295463562,7.349952220932568,False,,,31.7500476837,35.4501647949,3.7001171111999973,3.72069597244,0.0,False,-0.0567822866142,0.897472679615,31.7500476837,35.4501647949,3.7001171111999973,3.72069597244,0.0,False,-0.0567822866142,0.897472679615
density_0_nback_2_id_29,0,2,True,False,3.0509014129999983,36.3497390747,24.4821147919,11.000215530399998,True,,lane change at or after handback,31.7497844696,39.9497909546,8.200006484999996,3.13515496254,0.0,False,1.8457865715,6.42892932892,,,,,,,,
density_0_nback_2_id_2,0,2,True,True,1.950458526600002,48.549987793,24.4337215424,7.449519395783717,False,,,31.7504806519,37.5504341125,5.799953460600001,1.62840497494,0.0,False,0.220004379749,1.39629483223,31.7504806519,37.5504341125,5.799953460600001,1.62840497494,0.0,False,0.220004379749,1.39629483223
density_0_nback_2_id_30,0,2,True,True,1.700008392400001,47.1992607117,24.471031189,7.500877380399999,False,,,31.7491226196,37.8996925354,6.1505699157999985,1.38371098042,0.0,False,0.0690354406834,0.8976598382,31.7491226196,37.8996925354,6.1505699157999985,1.38371098042,0.0,False,0.0690354406834,0.8976598382
density_0_nback_2_id_31,0,2,True,True,1.200157165500002,49.3501625061,24.3463611603,7.499867200816283,False,,,31.8001327515,38.0502510071,6.2501182556,1.20152294636,0.0,False,-0.149418339133,1.06396591663,31.8001327515,38.0502510071,6.2501182556,1.20152294636,0.0,False,-0.149418339133,1.06396591663
density_0_nback_2_id_32,0,2,True,True,1.4001960754999985,42.9004936218,24.346075058,7.099268436467433,False,,,31.8007316589,36.1005744934,4.299842834500005,2.89090490341,0.0,False,0.784313738346,1.07067155838,31.8007316589,36.1005744934,4.299842834500005,2.89090490341,0.0,False,0.784313738346,1.07067155838
density_0_nback_2_id_33,0,2,True,True,1.2999248504000036,48.5503158569,24.4141101837,7.399597644767432,False,,,31.7504024506,36.5002059937,4.7498035431000005,2.63168311119,0.0,False,0.0499718077481,0.660487771034,31.7504024506,36.5002059937,4.7498035431000005,2.63168311119,0.0,False,0.0499718077481,0.660487771034
density_0_nback_2_id_34,0,2,True,True,1.650465011600005,46.5004272461,24.3712615967,7.54990720753257,False,,,31.8000926971,36.3005599976,4.500467300499999,2.93944001198,0.0,False,-0.156616255641,0.874858438969,31.8000926971,36.3005599976,4.500467300499999,2.93944001198,0.0,False,-0.156616255641,0.874858438969
density_0_nback_2_id_35,0,2,True,True,1.949621200500001,47.1008338928,24.430431366,7.499464034999999,False,,,31.750535965,37.1003036499,5.349767684899998,2.14588403702,0.0,False,0.484413325787,1.02982103825,31.750535965,37.1003036499,5.349767684899998,2.14588403702,0.0,False,0.484413325787,1.02982103825
density_0_nback_2_id_36,0,2,True,True,2.400266647299997,55.8501663208,24.3877220154,7.7499256133999985,False,,,31.7500743866,37.2500953674,5.500020980799999,2.16881299019,0.0,False,-0.158494651318,1.28139078617,31.7500743866,37.2500953674,5.500020980799999,2.16881299019,0.0,False,-0.158494651318,1.28139078617
density_0_nback_2_id_37,0,2,True,True,2.6502685546999984,49.6001586914,24.369550705,7.8497986793674315,False,,,31.800201416,38.550151825,6.749950409,1.08985102177,0.0,False,-0.152212947607,1.44291687012,31.800201416,38.550151825,6.749950409,1.08985102177,0.0,False,-0.152212947607,1.44291687012
density_0_nback_2_id_38,0,2,True,True,0.6501102447000022,48.5002555847,24.4275550842,7.399899005867432,False,,,31.7501010895,36.2496833801,4.499582290600003,2.89633393288,0.0,False,-0.189788326621,0.442820370197,31.7501010895,36.2496833801,4.499582290600003,2.89633393288,0.0,False,-0.189788326621,0.442820370197
density_0_nback_2_id_39,0,2,True,True,1.099967956599997,45.500087738,24.3850708008,9.4497032166,False,,,31.8002967834,37.8502120972,6.0499153138,4.74334812164,0.0,False,2.57528543472,10.4060249329,31.8002967834,37.8502120972,6.0499153138,4.74334812164,0.0,False,2.57528543472,10.4060249329
density_0_nback_2_id_3,0,2,False,False,,45.3500137329,,,,no TOR anchor (MISSING_TOR_COLUMN),no TOR anchor (MISSING_TOR_COLUMN),,,,,,,,,,,,,,,,
density_0_nback_2_id_40,0,2,True,True,1.949907302899998,45.2000617981,24.3734378815,7.799350261732567,False,,,31.8006496429,37.7004547119,5.899805068999999,1.78623104095,0.0,False,-0.156472444534,1.28782260418,31.8006496429,37.7004547119,5.899805068999999,1.78623104095,0.0,False,-0.156472444534,1.28782260418
density_0_nback_2_id_41,0,2,True,True,1.5500698088999982,66.1000900269,24.4142951965,7.699635744083714,False,,,31.7503643036,36.7997741699,5.049409866299996,2.52025699615,0.0,False,-0.169859573245,0.788005173206,31.7503643036,36.7997741699,5.049409866299996,2.52025699615,0.0,False,-0.169859573245,0.788005173206
density_0_nback_2_id_42,0,2,True,True,2.1999702452999976,51.8997650146,24.5495052338,10.45058298106743,False,,,31.6994171143,40.0502510071,8.3508338928,2.50758099556,0.0,False,5.85190486908,10.7418165207,31.6994171143,40.0502510071,8.3508338928,2.50758099556,0.0,False,5.85190486908,10.7418165207
density_0_nback_2_id_43,0,2,True,True,1.350517272900003,56.5997886658,24.4171981812,7.500690460200001,False,,,31.7493095398,36.4996147156,4.750305175800005,2.71316099167,0.0,False,-0.160512462258,0.660001695156,31.7493095398,36.4996147156,4.750305175800005,2.71316099167,0.0,False,-0.160512462258,0.660001695156
density_0_nback_2_id_44,0,2,True,True,1.3502521515000012,49.1995697021,24.3711967468,7.650689363483714,False,,,31.7993106842,37.6493988037,5.8500881195000005,1.83674299717,0.0,False,-0.109911993146,1.82826948166,31.7993106842,37.6493988037,5.8500881195000005,1.83674299717,0.0,False,-0.109911993146,1.82826948166
density_0_nback_2_id_45,0,2,True,True,0.6492786407000004,47.7997055054,24.4151039124,7.10014677043257,False,,,31.7498531342,35.6493682861,3.899515151900001,3.34236311913,0.0,False,0.574546158314,1.13360953331,31.7498531342,35.6493682861,3.899515151900001,3.34236311913,0.0,False,0.574546158314,1.13360953331
density_0_nback_2_id_46,0,2,True,True,0.9998321533000052,47.9998054504,27.7777614594,7.550077915167435,False,,,32.0999221802,35.6497116089,3.5497894287000022,3.8701748848,0.0,False,0.184637337923,1.33702707291,32.0999221802,35.6497116089,3.5497894287000022,3.8701748848,0.0,False,0.184637337923,1.33702707291
density_0_nback_2_id_47,0,2,True,True,1.5500888823999972,49.6504364014,24.3456020355,7.599510669667431,False,,,31.8004894257,36.5504646301,4.749975204400002,2.76184296608,0.0,False,-0.154839172959,1.18931186199,31.8004894257,36.5504646301,4.749975204400002,2.76184296608,0.0,False,-0.154839172959,1.18931186199
density_0_nback_2_id_48,0,2,True,True,0.799970626800004,59.2496948242,24.3519096375,11.199838638300001,False,,,31.8001613617,41.2501220703,9.449960708600003,1.83765101433,0.0,False,1.33899962902,7.78741073608,31.8001613617,41.2501220703,9.449960708600003,1.83765101433,0.0,False,1.33899962902,7.78741073608
density_0_nback_2_id_49,0,2,True,True,2.049915313700005,58.3501091003,24.3726615906,7.599943637867433,False,,,31.8000564575,37.7000236511,5.899967193599998,1.68263697624,0.0,False,-0.166143089533,1.08637607098,31.8000564575,37.7000236511,5.899967193599998,1.68263697624,0.0,False,-0.166143089533,1.08637607098
density_0_nback_2_id_4,0,2,True,True,0.3998394012000013,49.0496368408,24.4257564545,7.449933290483717,False,,,31.7500667572,35.650062561,3.8999958037999995,3.44573903084,0.0,False,-0.217752099037,0.435666888952,31.7500667572,35.650062561,3.8999958037999995,3.44573903084,0.0,False,-0.217752099037,0.435666888952
density_0_nback_2_id_50,0,2,True,True,1.8993053435999983,56.3004608154,24.3475914001,10.399647951083715,False,,,31.8003520966,38.8004837036,7.000131607,3.68377304077,0.0,False,0.195715725422,7.83938646317,31.8003520966,38.8004837036,7.000131607,3.68377304077,0.0,False,0.195715725422,7.83938646317
density_0_nback_2_id_51,0,2,True,True,2.100381851199998,46.5497207642,24.4067058563,7.6508259773674325,False,,,31.749174118,38.049697876,6.300523758000004,1.35388505459,0.0,False,-0.150773599744,1.12327885628,31.749174118,38.049697876,6.300523758000004,1.35388505459,0.0,False,-0.150773599744,1.12327885628
density_0_nback_2_id_52,0,2,True,True,1.649698257499999,62.0996322632,24.3676338196,8.349998950967432,False,,,31.8000011444,39.2492713928,7.449270248399998,0.867138981819,0.0,False,-0.15770059824,3.66749429703,31.8000011444,39.2492713928,7.449270248399998,0.867138981819,0.0,False,-0.15770059824,3.66749429703
density_0_nback_2_id_53,0,2,True,True,1.3992538452999987,46.9991569519,24.4481906891,7.2501907348999985,False,,,31.7498092651,36.6498298645,4.900020599399998,2.41813802719,0.0,False,1.07818031311,0.694115877151,31.7498092651,36.6498298645,4.900020599399998,2.41813802719,0.0,False,1.07818031311,0.694115877151
density_0_nback_2_id_54,0,2,True,True,1.0005912780999964,44.1003990173,24.3442153931,7.34977197646743,False,,,31.8002281189,36.7002067566,4.899978637699995,2.38810610771,0.0,False,0.432217359543,0.681840837002,31.8002281189,36.7002067566,4.899978637699995,2.38810610771,0.0,False,0.432217359543,0.681840837002
density_0_nback_2_id_55,0,2,True,True,1.9999713897000007,52.100227356,24.4077625275,9.599895000432568,False,,,31.7501049042,39.7002220154,7.950117111200001,1.59111201763,0.0,False,-0.162194892764,6.93888139725,31.7501049042,39.7002220154,7.950117111200001,1.59111201763,0.0,False,-0.162194892764,6.93888139725
density_0_nback_2_id_56,0,2,True,True,0.9502696990999979,47.0488319397,24.3858947754,7.450807571399999,False,,,31.7991924286,36.8993186951,5.1001262664999985,2.42563700676,0.0,False,0.455210268497,1.74297940731,31.7991924286,36.8993186951,5.1001262664999985,2.42563700676,0.0,False,0.455210268497,1.74297940731
density_0_nback_2_id_57,0,2,True,True,1.5499668120999992,45.3997001648,24.3648490906,7.449865341199999,False,,,31.8001346588,36.0497817993,4.249647140499999,3.17234396935,0.0,False,-0.155406594276,0.811752557755,31.8001346588,36.0497817993,4.249647140499999,3.17234396935,0.0,False,-0.155406594276,0.811752557755
density_0_nback_2_id_5,0,2,True,True,1.8000087737999984,56.8498802185,24.3879547119,10.100128650667433,False,,,31.7998714447,38.4500389099,6.650167465200003,3.85477209091,0.0,False,0.446146398783,5.31436729431,31.7998714447,38.4500389099,6.650167465200003,3.85477209091,0.0,False,0.446146398783,5.31436729431
density_0_nback_2_id_6,0,2,True,True,1.100799560500004,43.4493789673,24.501909256,6.8504951000162855,False,,,31.6995048523,35.8503227234,4.150817871099999,2.85495591164,0.0,False,1.69269156456,1.65233027935,31.6995048523,35.8503227234,4.150817871099999,2.85495591164,0.0,False,1.69269156456,1.65233027935
density_0_nback_2_id_7,0,2,True,True,2.4004859924000037,48.0998954773,24.4508361816,7.750389099100001,False,,,31.7496109009,38.2501907349,6.500579834000003,1.1987169981,0.0,False,-0.160007283092,1.28036952019,31.7496109009,38.2501907349,6.500579834000003,1.1987169981,0.0,False,-0.160007283092,1.28036952019
density_0_nback_2_id_8,0,2,True,True,1.5008773802999968,53.0502586365,24.4089546204,7.450405120799999,False,,,31.7995948792,35.8503761292,4.05078125,3.33497405052,0.0,False,-0.15637652576,0.78949713707,31.7995948792,35.8503761292,4.05078125,3.33497405052,0.0,False,-0.15637652576,0.78949713707
density_0_nback_2_id_9,0,2,False,False,,45.2000045776,,,,no TOR anchor (MISSING_TOR_COLUMN),no TOR anchor (MISSING_TOR_COLUMN),,,,,,,,,,,,,,,,
density_10_nback_0_id_10,10,0,True,True,1.399745941199999,45.9496269226,26.9778289795,9.849543809883716,False,,,21.1004562378,30.650396347,9.549940109200001,0.282546013594,0.0,False,1.21696960926,4.27691602707,21.1004562378,30.650396347,9.549940109200001,0.282546013594,0.0,False,1.21696960926,4.27691602707
density_10_nback_0_id_11,10,0,True,True,1.750570297200003,38.1001701355,26.9061508179,7.8998737335000015,False,,,21.1001262665,27.550245285,6.450119018500001,1.47202503681,0.0,False,1.60336947441,1.81938946247,21.1001262665,27.550245285,6.450119018500001,1.47202503681,0.0,False,1.60336947441,1.81938946247
density_10_nback_0_id_12,10,0,True,True,0.5997924804000014,40.6491088867,26.99858284,7.600478410683717,False,,,21.099521637,25.899061203,4.799539566,2.81544303894,0.0,False,0.0438756532967,0.998590528965,21.099521637,25.899061203,4.799539566,2.81544303894,0.0,False,0.0438756532967,0.998590528965
density_10_nback_0_id_13,10,0,True,True,1.8004627228000025,36.5498847961,26.8616924286,7.850831985500001,False,,,21.1491680145,27.0998306274,5.9506626129,1.91169905663,0.0,False,0.204356133938,1.37137079239,21.1491680145,27.0998306274,5.9506626129,1.91169905663,0.0,False,0.204356133938,1.37137079239
density_10_nback_0_id_14,10,0,False,False,,29.3001804352,,,,no TOR anchor (MISSING_TOR_COLUMN),no TOR anchor (MISSING_TOR_COLUMN),,,,,,,,,,,,,,,,
density_10_nback_0_id_15,10,0,False,False,,37.7492332458,,,,no TOR anchor (MISSING_TOR_COLUMN),no TOR anchor (MISSING_TOR_COLUMN),,,,,,,,,,,,,,,,
density_10_nback_0_id_16,10,0,True,True,1.3001041413000003,49.9503746033,26.897939682,7.550212144883716,False,,,21.1497879028,27.3003253937,6.1505374909,1.40664303303,0.0,False,0.829348564148,1.21532917023,21.1497879028,27.3003253937,6.1505374909,1.40664303303,0.0,False,0.829348564148,1.21532917023
density_10_nback_0_id_17,10,0,True,True,0.5500144959000011,36.3002891541,26.9402236938,7.349856615083716,False,,,21.1001434326,24.6998519897,3.5997085571000014,3.54017996788,0.0,False,2.34028911591,2.35376143456,21.1001434326,24.6998519897,3.5997085571000014,3.54017996788,0.0,False,2.34028911591,2.35376143456
density_10_nback_0_id_18,10,0,True,True,0.8996677398000017,35.8001365662,26.9640617371,7.799450397467432,False,,,21.1005496979,25.5505199432,4.449970245300001,3.21837592125,0.0,False,-0.304231435061,1.01761054993,21.1005496979,25.5505199432,4.449970245300001,3.21837592125,0.0,False,-0.304231435061,1.01761054993
density_10_nback_0_id_19,10,0,True,True,2.9998435974000017,40.6505317688,26.719581604,8.249831438083717,False,,,21.2001686096,28.4006404877,7.2004718781,1.05631804466,0.0,False,0.730587542057,1.76370084286,21.2001686096,28.4006404877,7.2004718781,1.05631804466,0.0,False,0.730587542057,1.76370084286
density_10_nback_0_id_1,10,0,True,True,0.8509464264000002,45.750213623,26.8585968018,13.950824260732567,False,,,21.1491756439,25.5491752625,4.399999618599999,3.54659509659,0.0,False,-0.301758229733,10.371008873,21.1491756439,25.5491752625,4.399999618599999,3.54659509659,0.0,False,-0.301758229733,10.371008873
density_10_nback_0_id_20,10,0,True,True,1.3501071929999995,41.8502578735,26.7534980774,7.549832582483717,False,,,21.1501674652,27.1001377106,5.949970245399999,1.56570696831,0.0,False,1.00542747974,1.58029258251,21.1501674652,27.1001377106,5.949970245399999,1.56570696831,0.0,False,1.00542747974,1.58029258251
density_10_nback_0_id_21,10,0,True,True,2.3509330750000004,36.2504920959,26.7514514923,8.000102281583715,False,,,21.1998977661,26.9001350403,5.700237274199999,2.30670404434,0.0,False,0.824625134468,1.54814267159,21.1998977661,26.9001350403,5.700237274199999,2.30670404434,0.0,False,0.824625134468,1.54814267159
density_10_nback_0_id_22,10,0,True,True,0.5000324250000006,32.5999031067,26.8999500275,7.500301837967431,False,,,21.1496982574,26.9998664856,5.850168228199998,1.66509497166,0.0,False,0.430131137371,0.952622950077,21.1496982574,26.9998664856,5.850168228199998,1.66509497166,0.0,False,0.430131137371,0.952622950077
density_10_nback_0_id_23,10,0,True,True,2.550025940000001,35.9999809265,27.001750946,9.500005245232568,False,,,21.0999946594,29.9502162933,8.850221633899999,0.681840002537,0.0,False,4.35821533203,10.123465538,21.0999946594,29.9502162933,8.850221633899999,0.681840002537,0.0,False,4.35821533203,10.123465538
density_10_nback_0_id_24,10,0,True,True,2.050281524700001,39.9999580383,27.0293235779,8.00046491623257,False,,,21.0995349884,26.2496433258,5.1501083374000025,2.8245100975,0.0,False,0.992672622204,1.46615767479,21.0995349884,26.2496433258,5.1501083374000025,2.8245100975,0.0,False,0.992672622204,1.46615767479
density_10_nback_0_id_25,10,0,True,True,2.149580001799997,38.7995529175,26.9229679108,8.099618196483714,False,,,21.1003818512,26.6002826691,5.499900817899999,2.57149291039,0.0,False,0.131091788411,1.48972523212,21.1003818512,26.6002826691,5.499900817899999,2.57149291039,0.0,False,0.131091788411,1.48972523212
density_10_nback_0_id_26,10,0,True,True,1.5502281189000016,34.6999816895,26.8912353516,7.850276947000001,False,,,21.149723053,27.3999233246,6.250200271600001,1.66211295128,0.0,False,0.590006113052,2.02088093758,21.149723053,27.3999233246,6.250200271600001,1.66211295128,0.0,False,0.590006113052,2.02088093758
density_10_nback_0_id_27,10,0,True,True,2.749582290700001,40.7003288269,26.7321071625,11.2996501923,False,,,21.2003498077,31.2497501373,10.049400329600001,1.54409694672,0.0,False,5.91118812561,9.69865322113,21.2003498077,31.2497501373,10.049400329600001,1.54409694672,0.0,False,5.91118812561,9.69865322113
density_10_nback_0_id_28,10,0,True,True,1.2503948210999987,39.1496429443,26.7358779907,7.8001670837,False,,,21.1998329163,26.6997051239,5.499872207599999,2.31018304825,0.0,False,-0.299036234617,1.14577770233,21.1998329163,26.6997051239,5.499872207599999,2.31018304825,0.0,False,-0.299036234617,1.14577770233
density_10_nback_0_id_29,10,0,True,True,1.2498950957999995,44.8497924805,26.7440567017,15.150296688032569,False,,,21.1997032166,36.0496635437,14.8499603271,0.315932005644,4.0,True,6.3566608429,11.0377845764,21.1997032166,36.0496635437,14.8499603271,0.315932005644,4.0,True,6.3566608429,11.0377845764
density_10_nback_0_id_2,10,0,True,True,1.7006969452000007,33.0001487732,26.8254241943,7.799945116083716,False,,,21.1500549316,26.3504753113,5.200420379699999,2.58954405785,0.0,False,0.0912267640233,1.34847581387,21.1500549316,26.3504753113,5.200420379699999,2.58954405785,0.0,False,0.0912267640233,1.34847581387
density_10_nback_0_id_30,10,0,True,True,1.7999515533000014,41.5507850647,26.7864208221,7.949437618232569,False,,,21.1505622864,26.5005168915,5.349954605099999,2.54701304436,0.0,False,-0.0843431800604,1.35867464542,21.1505622864,26.5005168915,5.349954605099999,2.54701304436,0.0,False,-0.0843431800604,1.35867464542
density_10_nback_0_id_31,10,0,False,False,,41.1492042542,,,,no TOR anchor (MISSING_TOR_COLUMN),no TOR anchor (MISSING_TOR_COLUMN),,,,,,,,,,,,,,,,
density_10_nback_0_id_32,10,0,True,True,1.1008796691999976,32.5497322083,26.862165451,7.25079011916743,False,,,21.1492099762,25.0997829437,3.9505729674999976,3.32523393631,0.0,False,2.15487837791,2.52269291878,21.1492099762,25.0997829437,3.9505729674999976,3.32523393631,0.0,False,2.15487837791,2.52269291878
density_10_nback_0_id_33,10,0,True,True,1.0494899750000002,60.9501686096,26.9819583893,7.649734497099999,False,,,21.1002655029,26.600276947,5.5000114441,2.08978509903,0.0,False,0.10794326663,1.09897947311,21.1002655029,26.600276947,5.5000114441,2.08978509903,0.0,False,0.10794326663,1.09897947311
density_10_nback_0_id_34,10,0,True,True,2.2500228882,36.5005264282,26.8862094879,8.49948740006743,False,,,21.1505126953,26.500459671,5.3499469757,3.14833807945,0.0,False,-0.301285892725,3.41539525986,21.1505126953,26.500459671,5.3499469757,3.14833807945,0.0,False,-0.301285892725,3.41539525986
density_10_nback_0_id_35,10,0,True,True,1.9506607056000007,35.6996459961,26.8766822815,7.700372219132568,False,,,21.1496276855,26.4001178741,5.250490188600001,2.43426299095,0.0,False,0.696022748947,1.66831791401,21.1496276855,26.4001178741,5.250490188600001,2.43426299095,0.0,False,0.696022748947,1.66831791401
density_10_nback_0_id_36,10,0,False,False,,65.2502746582,,,,no TOR anchor (MISSING_TOR_COLUMN),no TOR anchor (MISSING_TOR_COLUMN),,,,,,,,,,,,,,,,
density_10_nback_0_id_37,10,0,True,True,0.10004997249999903,40.9498023987,26.9680175781,7.550203800167431,False,,,21.0997962952,27.2999305725,6.200134277299998,1.35372495651,0.0,False,0.0571718253195,0.952052175999,21.0997962952,27.2999305725,6.200134277299998,1.35372495651,0.0,False,0.0571718253195,0.952052175999
density_10_nback_0_id_38,10,0,True,True,0.2999629974999998,66.0497741699,26.9390716553,6.9006443024,False,,,21.0993556976,27.0491886139,5.9498329163,0.948198974133,0.0,False,2.32024884224,1.71667718887,21.0993556976,27.0491886139,5.9498329163,0.948198974133,0.0,False,2.32024884224,1.71667718887
density_10_nback_0_id_39,10,0,True,True,1.3995780944999971,43.0495834351,26.858751297,16.650078535116283,False,,,21.1499214172,36.649597168,15.499675750799998,1.48924005032,3.0,True,6.13998365402,7.16016960144,21.1499214172,36.649597168,15.499675750799998,1.48924005032,3.0,True,6.13998365402,7.16016960144
density_10_nback_0_id_3,10,0,True,True,1.9997444153000004,31.4999065399,26.9870262146,8.04984140396743,False,,,21.1001586914,26.4501438141,5.349985122699998,2.65151309967,0.0,False,-0.298798471689,1.43491005898,21.1001586914,26.4501438141,5.349985122699998,2.65151309967,0.0,False,-0.298798471689,1.43491005898
density_10_nback_0_id_40,10,0,True,True,1.4502601623999993,34.349395752,27.0244884491,8.500848293332567,False,,,21.0991516113,25.599363327,4.500211715699997,3.69395589828,0.0,False,-0.751015305519,1.47048842907,21.0991516113,25.599363327,4.500211715699997,3.69395589828,0.0,False,-0.751015305519,1.47048842907
density_10_nback_0_id_41,10,0,True,True,1.7004795075000025,48.2997093201,26.8184700012,12.150601148616285,False,,,21.1493988037,31.1499404907,10.000541687000002,2.73692893982,0.0,False,5.78826141357,4.23860216141,21.1493988037,31.1499404907,10.000541687000002,2.73692893982,0.0,False,5.78826141357,4.23860216141
density_10_nback_0_id_42,10,0,True,True,2.0506706237999985,39.0005531311,26.928571701,8.500225543967431,False,,,21.1497745514,27.6003704071,6.450595855700001,2.05495595932,0.0,False,0.641861081123,4.50731658936,21.1497745514,27.6003704071,6.450595855700001,2.05495595932,0.0,False,0.641861081123,4.50731658936
density_10_nback_0_id_43,10,0,True,True,1.5996532439999989,43.2504272461,26.8718986511,10.550137758283714,False,,,21.1498622894,30.7997207642,9.649858474799998,1.00424098969,0.0,False,3.04755711555,7.24346828461,21.1498622894,30.7997207642,9.649858474799998,1.00424098969,0.0,False,3.04755711555,7.24346828461
density_10_nback_0_id_44,10,0,True,True,1.1495647429999991,40.7504234314,26.8600139618,8.299693345983716,False,,,21.1503067017,26.9502811432,5.799974441500002,2.58048200607,0.0,False,0.942499041557,4.39982414246,21.1503067017,26.9502811432,5.799974441500002,2.58048200607,0.0,False,0.942499041557,4.39982414246
density_10_nback_0_id_45,10,0,True,True,0.5999565125000004,49.8500061035,26.8918056488,7.999792575867431,False,,,21.1502075195,25.8008384705,4.650630951,3.19304490089,0.0,False,-0.146090596914,1.94310629368,21.1502075195,25.8008384705,4.650630951,3.19304490089,0.0,False,-0.146090596914,1.94310629368
density_10_nback_0_id_46,10,0,True,True,1.250102996799999,31.0495834351,26.9252948761,7.850339889499999,False,,,21.1496601105,25.7996234894,4.649963378899997,3.05207204819,0.0,False,0.257548987865,1.15934586525,21.1496601105,25.7996234894,4.649963378899997,3.05207204819,0.0,False,0.257548987865,1.15934586525
density_10_nback_0_id_47,10,0,True,True,0.9499931334999978,41.2500953674,26.6862335205,7.999848604183715,False,,,21.2001514435,25.9001159668,4.6999645233,3.22277903557,0.0,False,-0.288529276848,1.19003295898,21.2001514435,25.9001159668,4.6999645233,3.22277903557,0.0,False,-0.288529276848,1.19003295898
density_10_nback_0_id_48,10,0,True,True,0.6003227233999979,43.0003128052,26.8609046936,7.650061368916283,False,,,21.1499385834,24.9997463226,3.849807739199999,3.741574049,0.0,False,-0.309827417135,0.962617397308,21.1499385834,24.9997463226,3.849807739199999,3.741574049,0.0,False,-0.309827417135,0.962617397308
density_10_nback_0_id_49,10,0,True,True,3.050643920899997,58.1506881714,27.0217247009,13.650024414099999,False,,,21.0999755859,33.1004333496,12.000457763700002,2.45491290092,7.0,True,6.07109451294,6.78095054626,21.0999755859,33.1004333496,12.000457763700002,2.45491290092,7.0,True,6.07109451294,6.78095054626
density_10_nback_0_id_4,10,0,True,True,2.2994575501000014,31.1996212006,26.8489112854,8.149298429516286,False,,,21.1507015228,26.5001392365,5.349437713700002,2.70977711678,0.0,False,-0.291087150574,1.54854404926,21.1507015228,26.5001392365,5.349437713700002,2.70977711678,0.0,False,-0.291087150574,1.54854404926
density_10_nback_0_id_50,10,0,True,True,1.4500312805000029,39.1002464294,26.9465122223,8.449766874316285,False,,,21.100233078,26.0499763489,4.949743270900001,3.48492693901,0.0,False,-0.29093849659,2.56618142128,21.100233078,26.0499763489,4.949743270900001,3.48492693901,0.0,False,-0.29093849659,2.56618142128
density_10_nback_0_id_51,10,0,True,True,1.4003067017,38.0502319336,26.9628238678,8.549696445467433,False,,,21.1003036499,27.6501464844,6.5498428345000015,1.93733298779,0.0,False,-0.152399420738,3.00214004517,21.1003036499,27.6501464844,6.5498428345000015,1.93733298779,0.0,False,-0.152399420738,3.00214004517
density_10_nback_0_id_52,10,0,True,True,1.2502536774,49.0997695923,26.9396591187,10.950305461932569,False,,,21.1496944427,26.6995544434,5.549860000700001,3.42067289352,0.0,False,-0.306581318378,5.19932222366,21.1496944427,26.6995544434,5.549860000700001,3.42067289352,0.0,False,-0.306581318378,5.19932222366
density_10_nback_0_id_53,10,0,True,True,1.3999557494999983,35.4991874695,26.906003952,7.750839710267432,False,,,21.1491603851,25.4992389679,4.350078582799998,3.37781190872,0.0,False,0.715156674385,1.23337960243,21.1491603851,25.4992389679,4.350078582799998,3.37781190872,0.0,False,0.715156674385,1.23337960243
density_10_nback_0_id_54,10,0,True,True,0.950105667199999,34.8498382568,26.9727458954,7.6002361774837155,False,,,21.0997638702,26.3993148804,5.299551010199998,2.29001188278,0.0,False,0.913367092609,1.12945902348,21.0997638702,26.3993148804,5.299551010199998,2.29001188278,0.0,False,0.913367092609,1.12945902348
density_10_nback_0_id_55,10,0,True,True,2.3502674103000025,37.750213623,26.712770462,8.049844741800001,False,,,21.2001552582,26.9999980927,5.7998428345000015,2.28182601929,0.0,False,0.121477238834,1.53735899925,21.2001552582,26.9999980927,5.7998428345000015,2.28182601929,0.0,False,0.121477238834,1.53735899925
density_10_nback_0_id_56,10,0,True,True,0.950374603300002,39.3004875183,26.6744918823,7.749690294283717,False,,,21.2003097534,26.8999652863,5.6996555329,2.02806091309,0.0,False,-0.149801880121,0.998951673508,21.2003097534,26.8999652863,5.6996555329,2.02806091309,0.0,False,-0.149801880121,0.998951673508
density_10_nback_0_id_57,10,0,True,True,1.7000808715999973,35.0504226685,26.8729133606,7.949941158332567,False,,,21.1500587463,26.3501491547,5.200090408399998,2.68674206734,0.0,False,-0.295610457659,1.33821797371,21.1500587463,26.3501491547,5.200090408399998,2.68674206734,0.0,False,-0.295610457659,1.33821797371
density_10_nback_0_id_5,10,0,True,True,2.2001686095999986,42.7002258301,26.9664363861,8.099805116683715,False,,,21.100194931,27.1997432709,6.0995483399,2.03674292564,0.0,False,-0.140283659101,1.50631594658,21.100194931,27.1997432709,6.0995483399,2.03674292564,0.0,False,-0.140283659101,1.50631594658
density_10_nback_0_id_6,10,0,True,True,1.9500236511999987,35.9498939514,26.7343349457,8.250151872683716,False,,,21.199848175,27.2498836517,6.0500354767,2.07120203972,0.0,False,-0.29792752862,1.6220369339,21.199848175,27.2498836517,6.0500354767,2.07120203972,0.0,False,-0.29792752862,1.6220369339
density_10_nback_0_id_7,10,0,True,True,1.5503368377000015,37.00025177,26.8434276581,7.750101566267432,False,,,21.1498985291,27.0002231598,5.850324630700001,1.87805998325,0.0,False,0.111201353371,1.26941168308,21.1498985291,27.0002231598,5.850324630700001,1.87805998325,0.0,False,0.111201353371,1.26941168308
density_10_nback_0_id_8,10,0,True,True,1.4496345519999991,36.8490524292,26.834859848,7.649931669216283,False,,,21.1500682831,25.8492107391,4.699142455999997,2.94235992432,0.0,False,0.283561676741,1.39130103588,21.1500682831,25.8492107391,4.699142455999997,2.94235992432,0.0,False,0.283561676741,1.39130103588
density_10_nback_0_id_9,10,0,True,True,1.5000686646000005,43.0501556396,26.9123783112,12.049918413183715,False,,,21.1500816345,32.0003128052,10.850231170699995,1.38714897633,0.0,False,2.79325246811,6.32677841187,21.1500816345,32.0003128052,10.850231170699995,1.38714897633,0.0,False,2.79325246811,6.32677841187
density_10_nback_1_id_10,10,1,True,True,1.4495353697999995,42.5492782593,27.7684440613,9.149996995883715,False,,,26.0500030518,33.1497993469,7.0997962950999955,2.19140791893,0.0,False,0.97368490696,6.20690011978,26.0500030518,33.1497993469,7.0997962950999955,2.19140791893,0.0,False,0.97368490696,6.20690011978
density_10_nback_1_id_11,10,1,True,True,1.400054931699998,42.1505393982,27.7682704926,8.4500408173,False,,,26.0499591827,33.3499259949,7.299966812199997,1.22121596336,0.0,False,1.89803552628,3.35099959373,26.0499591827,33.3499259949,7.299966812199997,1.22121596336,0.0,False,1.89803552628,3.35099959373
density_10_nback_1_id_12,10,1,True,True,1.0998592376999987,50.0008926392,27.7682704926,8.349773883867432,False,,,26.0502262115,34.1001434326,8.0499172211,0.276980996132,0.0,False,0.251148790121,8.85144710541,26.0502262115,34.1001434326,8.0499172211,0.276980996132,0.0,False,0.251148790121,8.85144710541
density_10_nback_1_id_13,10,1,True,True,2.9499588012999993,42.6502418518,27.768239975,8.949724197399998,False,,,26.0502758026,33.150177002,7.099901199399998,1.80106794834,0.0,False,0.908571600914,8.97631549835,26.0502758026,33.150177002,7.099901199399998,1.80106794834,0.0,False,0.908571600914,8.97631549835
density_10_nback_1_id_14,10,1,True,True,1.9500808715999973,34.7998771667,27.7680740356,8.550410747532567,False,,,26.0495891571,31.2495994568,5.200010299699997,3.27039408684,0.0,False,0.157541036606,6.64606523514,26.0495891571,31.2495994568,5.200010299699997,3.27039408684,0.0,False,0.157541036606,6.64606523514
density_10_nback_1_id_15,10,1,True,True,1.850713729799999,43.8997192383,27.7680511475,10.150341033899998,False,,,26.0996589661,35.1994132996,9.099754333500002,1.0999699831,0.0,False,0.948940098286,7.51102828979,26.0996589661,35.1994132996,9.099754333500002,1.0999699831,0.0,False,0.948940098286,7.51102828979
density_10_nback_1_id_16,10,1,True,True,2.1498546600000026,52.1493034363,27.7681808472,8.850550174667433,False,,,26.0494499207,33.9990615845,7.949611663799999,0.945827007294,0.0,False,0.236512511969,7.35764217377,26.0494499207,33.9990615845,7.949611663799999,0.945827007294,0.0,False,0.236512511969,7.35764217377
density_10_nback_1_id_17,10,1,True,True,1.2998638153000002,40.9502944946,27.7684459686,8.499492168432567,False,,,26.1005077362,32.4003944397,6.2998867035,2.46407008171,0.0,False,2.06091117859,4.41473436356,26.1005077362,32.4003944397,6.2998867035,2.46407008171,0.0,False,2.06091117859,4.41473436356
density_10_nback_1_id_18,10,1,True,True,1.5501022338999988,47.3001327515,27.7682514191,11.749942302732567,False,,,26.1000576019,33.9002304077,7.800172805799999,4.70418977737,0.0,False,0.271565854549,4.99025774002,26.1000576019,33.9002304077,7.800172805799999,4.70418977737,0.0,False,0.271565854549,4.99025774002
density_10_nback_1_id_19,10,1,True,True,1.6507415770999998,46.6998825073,27.7682495117,9.2004508972,False,,,26.0495491028,33.4997367859,7.450187683099998,1.93758499622,0.0,False,1.68757259846,6.12543535233,26.0495491028,33.4997367859,7.450187683099998,1.93758499622,0.0,False,1.68757259846,6.12543535233
density_10_nback_1_id_1,10,1,True,True,1.500343322700001,48.5500221252,27.7681312561,11.100416660267431,False,,,26.0495834351,32.949131012,6.899547576900002,4.47550201416,0.0,False,0.258344680071,11.5595588684,26.0495834351,32.949131012,6.899547576900002,4.47550201416,0.0,False,0.258344680071,11.5595588684
density_10_nback_1_id_20,10,1,True,True,2.349870681799999,53.1003684998,27.7680797577,8.499579191216284,False,,,26.0504207611,31.0504817963,5.000061035200002,3.43875694275,0.0,False,0.731514215469,6.61390113831,26.0504207611,31.0504817963,5.000061035200002,3.43875694275,0.0,False,0.731514215469,6.61390113831
density_10_nback_1_id_21,10,1,True,True,2.499958038300001,45.4499969482,27.7681350708,8.650000810583716,False,,,26.0499992371,32.6000442505,6.550045013399998,2.05746197701,0.0,False,0.710870742798,8.93760108948,26.0499992371,32.6000442505,6.550045013399998,2.05746197701,0.0,False,0.710870742798,8.93760108948
density_10_nback_1_id_22,10,1,True,True,1.9996089935000008,37.9501075745,27.7683792114,8.599431276283717,False,,,26.1005687714,33.5001373291,7.3995685577,1.14138197899,0.0,False,0.14213950932,6.92692947388,26.1005687714,33.5001373291,7.3995685577,1.14138197899,0.0,False,0.14213950932,6.92692947388
density_10_nback_1_id_23,10,1,True,True,1.6505985259999996,40.6496353149,27.7681427002,8.550530910532569,False,,,26.0494689941,33.0494232178,6.999954223699998,1.64061701298,0.0,False,1.31450772285,4.84927606583,26.0494689941,33.0494232178,6.999954223699998,1.64061701298,0.0,False,1.31450772285,4.84927606583
density_10_nback_1_id_24,10,1,True,True,1.799655914299997,50.6001396179,27.4065876007,9.74944162366743,False,,,32.1505584717,39.2002754211,7.0497169494000005,3.68705201149,0.0,False,4.35521173477,7.77044916153,32.1505584717,39.2002754211,7.0497169494000005,3.68705201149,0.0,False,4.35521173477,7.77044916153
density_10_nback_1_id_25,10,1,True,True,1.6496658324999984,42.199382782,27.76811409,8.600014924983714,False,,,26.0999851227,33.9000663757,7.800081252999998,0.800252020359,0.0,False,0.507371485233,4.01058912277,26.0999851227,33.9000663757,7.800081252999998,0.800252020359,0.0,False,0.507371485233,4.01058912277
density_10_nback_1_id_26,10,1,True,True,1.4495544432999985,41.3496131897,27.7680702209,8.400062560999999,False,,,26.099937439,33.100063324,7.000125884999996,1.41500401497,0.0,False,0.735539734364,6.25921773911,26.099937439,33.100063324,7.000125884999996,1.41500401497,0.0,False,0.735539734364,6.25921773911
density_10_nback_1_id_27,10,1,True,True,2.5507965087999978,56.1496696472,27.7680454254,9.05078172686743,False,,,26.0992183685,32.4498786926,6.3506603241000015,2.67857599258,0.0,False,0.245969757438,7.24615573883,26.0992183685,32.4498786926,6.3506603241000015,2.67857599258,0.0,False,0.245969757438,7.24615573883
density_10_nback_1_id_28,10,1,True,True,1.3500480651999993,41.9499015808,27.7681789398,8.500176191316285,False,,,26.049823761,34.3498535156,8.300029754600004,0.197931006551,0.0,False,0.442228019238,4.34055757523,26.049823761,34.3498535156,8.300029754600004,0.197931006551,0.0,False,0.442228019238,4.34055757523
density_10_nback_1_id_29,10,1,True,True,2.8005714417000007,42.549697876,27.7682552338,8.800426006332568,False,,,26.0495738983,32.0495567322,5.9999828339000025,2.78930211067,0.0,False,0.588260114193,9.252202034,26.0495738983,32.0495567322,5.9999828339000025,2.78930211067,0.0,False,0.588260114193,9.252202034
density_10_nback_1_id_2,10,1,True,True,1.8508834838999988,39.6497344971,27.7684173584,9.100318193483716,False,,,26.0996818542,32.199672699,6.099990844799997,3.03468489647,0.0,False,0.124444440007,6.6254992485,26.0996818542,32.199672699,6.099990844799997,3.03468489647,0.0,False,0.124444440007,6.6254992485
density_10_nback_1_id_30,10,1,True,True,1.9495906830000003,45.5004882812,27.7681827545,8.899267196699999,False,,,26.1007328033,33.649810791,7.549077987699999,1.34540903568,0.0,False,0.196035310626,3.85214114189,26.1007328033,33.649810791,7.549077987699999,1.34540903568,0.0,False,0.196035310626,3.85214114189
density_10_nback_1_id_31,10,1,True,True,1.6500167847,48.5503425598,27.7683124542,9.050399303432567,False,,,26.0496006012,33.7003555298,7.650754928599998,1.35915994644,0.0,False,0.212814033031,4.14970541,26.0496006012,33.7003555298,7.650754928599998,1.35915994644,0.0,False,0.212814033031,4.14970541
density_10_nback_1_id_32,10,1,True,True,1.549833297800003,39.2503738403,27.7680721283,8.699605941800002,False,,,26.0503940582,33.1005249023,7.0501308441000035,1.73715305328,0.0,False,1.7430562973,6.9936299324,26.0503940582,33.1005249023,7.0501308441000035,1.73715305328,0.0,False,1.7430562973,6.9936299324
density_10_nback_1_id_33,10,1,True,True,1.7506160735999998,45.7007713318,27.7683906555,8.34986543656743,False,,,26.0501346588,32.3007545471,6.2506198882999975,2.14700102806,0.0,False,0.822221934795,5.80108976364,26.0501346588,32.3007545471,6.2506198882999975,2.14700102806,0.0,False,0.822221934795,5.80108976364
density_10_nback_1_id_34,10,1,True,True,1.5999565123999986,44.5002822876,27.7683467865,9.849665880183714,False,,,26.1003341675,32.4503707886,6.350036621099996,3.76184391975,0.0,False,0.143485307693,7.91358852386,26.1003341675,32.4503707886,6.350036621099996,3.76184391975,0.0,False,0.143485307693,7.91358852386
density_10_nback_1_id_35,10,1,True,True,1.8500061035000002,42.7997169495,27.7681732178,8.750485181816284,False,,,26.0495147705,32.7494544983,6.699939727799997,2.08349299431,0.0,False,0.255321800709,6.1103515625,26.0495147705,32.7494544983,6.699939727799997,2.08349299431,0.0,False,0.255321800709,6.1103515625
density_10_nback_1_id_36,10,1,True,True,1.6500396729000002,45.4496841431,27.7682342529,9.250284910216283,False,,,26.0497150421,33.2997283936,7.250013351499998,2.01199698448,0.0,False,0.134135916829,4.448097229,26.0497150421,33.2997283936,7.250013351499998,2.01199698448,0.0,False,0.134135916829,4.448097229
density_10_nback_1_id_37,10,1,True,True,4.5002651215,47.6499252319,27.7681159973,9.400173187299998,False,,,26.0998268127,34.5498085022,8.4499816895,0.975959002972,0.0,False,2.79715132713,9.23431587219,26.0998268127,34.5498085022,8.4499816895,0.975959002972,0.0,False,2.79715132713,9.23431587219
density_10_nback_1_id_38,10,1,True,True,1.5497112273999996,43.9993515015,27.7681846619,10.700281858416282,False,,,26.0997180939,34.1491622925,8.0494441986,3.31058001518,0.0,False,2.4438149929,10.1069421768,26.0997180939,34.1491622925,8.0494441986,3.31058001518,0.0,False,2.4438149929,10.1069421768
density_10_nback_1_id_39,10,1,True,True,1.8000698088999982,46.0992698669,27.7680892944,11.750725507716282,False,,,26.0492744446,34.9999656677,8.950691223100002,3.78178811073,0.0,False,4.40527915955,10.8970861435,26.0492744446,34.9999656677,8.950691223100002,3.78178811073,0.0,False,4.40527915955,10.8970861435
density_10_nback_1_id_3,10,1,True,True,2.8502769469999976,38.59948349,27.7681503296,8.750387907016282,False,,,26.0496120453,32.6498756409,6.600263595599998,2.15124607086,0.0,False,0.546798288822,9.028216362,26.0496120453,32.6498756409,6.600263595599998,2.15124607086,0.0,False,0.546798288822,9.028216362
density_10_nback_1_id_40,10,1,True,True,3.7001342772999983,43.0494995117,27.7681541443,10.750257015232567,False,,,26.0997428894,32.7001190186,6.600376129199997,3.68681502342,0.0,False,0.0894358828664,9.18174934387,26.0997428894,32.7001190186,6.600376129199997,3.68681502342,0.0,False,0.0894358828664,9.18174934387
density_10_nback_1_id_41,10,1,True,True,0.949733734099997,51.6502037048,27.7681751251,10.899529695483714,False,,,26.0504703522,33.700138092,7.649667739800002,3.70491600037,0.0,False,0.721626937389,7.01192760468,26.0504703522,33.700138092,7.649667739800002,3.70491600037,0.0,False,0.721626937389,7.01192760468
density_10_nback_1_id_42,10,1,True,True,2.150976181099999,45.2495918274,27.7683696747,11.000384807632567,False,,,26.099615097,34.9006347656,8.801019668600002,3.21253395081,0.0,False,3.95354366302,5.65867090225,26.099615097,34.9006347656,8.801019668600002,3.21253395081,0.0,False,3.95354366302,5.65867090225
density_10_nback_1_id_43,10,1,True,True,1.7498321533000016,51.0502166748,27.7680797577,10.549720287332569,False,,,26.0502796173,32.7496109009,6.699331283600003,3.87825703621,0.0,False,0.253912329674,11.3598165512,26.0502796173,32.7496109009,6.699331283600003,3.87825703621,0.0,False,0.253912329674,11.3598165512
density_10_nback_1_id_44,10,1,True,True,1.5499801635000026,44.7007484436,27.7680606842,9.599922656967433,False,,,26.0500774384,32.3998603821,6.349782943700003,3.62204003334,0.0,False,0.234906807542,5.5742559433,26.0500774384,32.3998603821,6.349782943700003,3.62204003334,0.0,False,0.234906807542,5.5742559433
density_10_nback_1_id_45,10,1,True,True,1.299955368100001,123.699188232,27.7680587769,9.2006607056,False,,,26.0493392944,33.2997016907,7.250362396299998,2.08480811119,0.0,False,1.09582042694,4.43056964874,26.0493392944,33.2997016907,7.250362396299998,2.08480811119,0.0,False,1.09582042694,4.43056964874
density_10_nback_1_id_46,10,1,True,True,1.4497661590999975,36.8500671387,27.7684497833,9.099545717283714,False,,,26.1004543304,31.4002056122,5.299751281799999,3.95760607719,0.0,False,0.132937863469,11.2466335297,26.1004543304,31.4002056122,5.299751281799999,3.95760607719,0.0,False,0.132937863469,11.2466335297
density_10_nback_1_id_47,10,1,True,True,2.550018310499997,48.0500984192,27.7682952881,10.499830961216283,False,,,26.0501689911,33.2500305176,7.199861526500001,3.54730701447,0.0,False,0.432191520929,7.68995475769,26.0501689911,33.2500305176,7.199861526500001,3.54730701447,0.0,False,0.432191520929,7.68995475769
density_10_nback_1_id_48,10,1,True,True,1.0497989654000008,70.4002914429,27.7681770325,26.4496898651,False,,,26.0503101349,52.0502090454,25.999898910500004,0.427237987518,19.0,True,2.80938863754,10.7047872543,26.0503101349,52.0502090454,25.999898910500004,0.427237987518,19.0,True,2.80938863754,10.7047872543
density_10_nback_1_id_49,10,1,True,True,2.949247360200001,58.8493843079,27.7682914734,9.499802351016285,False,,,26.0501976013,32.6501693726,6.599971771299998,2.79430699348,0.0,False,0.263614922762,8.93750953674,26.0501976013,32.6501693726,6.599971771299998,2.79430699348,0.0,False,0.263614922762,8.93750953674
density_10_nback_1_id_4,10,1,True,True,3.7498664855999984,37.9000396729,27.7682857513,8.899811983083715,False,,,26.0501880646,31.9500617981,5.899873733499998,2.91204094887,0.0,False,1.22698748112,9.19134521484,26.0501880646,31.9500617981,5.899873733499998,2.91204094887,0.0,False,1.22698748112,9.19134521484
density_10_nback_1_id_50,10,1,True,True,2.3001899719,47.3997383118,27.7682056427,10.000056028316283,False,,,26.049943924,33.0998458862,7.0499019622,3.12600207329,0.0,False,0.177191734314,6.75739002228,26.049943924,33.0998458862,7.0499019622,3.12600207329,0.0,False,0.177191734314,6.75739002228
density_10_nback_1_id_51,10,1,True,True,2.1502189636000004,45.1994590759,27.7683029175,10.7004737854,False,,,26.0495262146,35.699508667,9.649982452400003,1.10184001923,0.0,False,4.00260353088,8.24434661865,26.0495262146,35.699508667,9.649982452400003,1.10184001923,0.0,False,4.00260353088,8.24434661865
density_10_nback_1_id_52,10,1,True,True,2.6504383087,49.1493644714,27.768032074,9.2003097534,False,,,26.0496902466,34.0500640869,8.0003738403,1.18215501308,0.0,False,0.206318333745,7.5406165123,26.0496902466,34.0500640869,8.0003738403,1.18215501308,0.0,False,0.206318333745,7.5406165123
density_10_nback_1_id_53,10,1,True,True,1.549953460700003,45.2496833801,27.7679920197,9.350365161867433,False,,,26.0496349335,33.249710083,7.200075149499998,2.44755601883,0.0,False,2.35312509537,7.41663599014,26.0496349335,33.249710083,7.200075149499998,2.44755601883,0.0,False,2.35312509537,7.41663599014
density_10_nback_1_id_54,10,1,True,True,1.3495655058999994,42.6503410339,27.7682609558,9.599173068967431,False,,,26.0508270264,33.6998672485,7.649040222099998,2.14746999741,0.0,False,1.4574007988,6.79240512848,26.0508270264,33.6998672485,7.649040222099998,2.14746999741,0.0,False,1.4574007988,6.79240512848
density_10_nback_1_id_55,10,1,True,True,2.5507488249999994,48.7991294861,27.7682285309,10.300754070232568,False,,,26.0492458344,35.1000099182,9.0507640838,1.26582205296,0.0,False,0.680128097534,7.3534245491,26.0492458344,35.1000099182,9.0507640838,1.26582205296,0.0,False,0.680128097534,7.3534245491
density_10_nback_1_id_56,10,1,True,True,2.699684142999999,44.149684906,27.7682323456,9.649729967083715,False,,,26.0502700806,33.2994842529,7.2492141723,2.56589007378,0.0,False,1.17904114723,7.82645940781,26.0502700806,33.2994842529,7.2492141723,2.56589007378,0.0,False,1.17904114723,7.82645940781
density_10_nback_1_id_57,10,1,True,True,1.399909973099998,48.0996055603,27.7685070038,12.499925136532568,False,,,26.1000747681,33.1001625061,7.000087737999998,4.11556196213,0.0,False,0.142339453101,10.8652915955,26.1000747681,33.1001625061,7.000087737999998,4.11556196213,0.0,False,0.142339453101,10.8652915955
density_10_nback_1_id_5,10,1,True,True,2.6498641966999976,46.3000259399,27.7682762146,10.400346040683715,False,,,26.049654007,33.7498893738,7.700235366800001,2.78003311157,0.0,False,0.211416974664,9.43689537048,26.049654007,33.7498893738,7.700235366800001,2.78003311157,0.0,False,0.211416974664,9.43689537048
density_10_nback_1_id_6,10,1,True,True,1.6998596192000015,46.9002037048,27.7681312561,11.999836683316286,False,,,26.050163269,36.4998817444,10.449718475400001,1.63356494904,0.0,False,6.26757240295,11.3304414749,26.050163269,36.4998817444,10.449718475400001,1.63356494904,0.0,False,6.26757240295,11.3304414749
density_10_nback_1_id_7,10,1,True,True,2.5495491028000004,43.9004859924,27.7681217194,8.6995315552,False,,,26.0504684448,33.1498641968,7.099395752000003,1.62728202343,0.0,False,0.513163268566,8.70481109619,26.0504684448,33.1498641968,7.099395752000003,1.62728202343,0.0,False,0.513163268566,8.70481109619
density_10_nback_1_id_8,10,1,False,False,1.9994449615999983,52.1497840881,27.7681503296,3.9502093792162825,False,lane change CLOCK_EXCEPTION,lane change CLOCK_EXCEPTION,,,,,,,,,,,,,,,,
density_10_nback_1_id_9,10,1,True,True,1.7999668120999992,49.0500221252,27.7685050964,13.599877595883715,False,,,26.1001224518,35.4000968933,9.299974441500002,4.24896383286,0.0,False,1.9412817955,10.2712535858,26.1001224518,35.4000968933,9.299974441500002,4.24896383286,0.0,False,1.9412817955,10.2712535858
density_10_nback_2_id_10,10,2,True,True,1.649837493899998,44.5992088318,24.8929805756,9.600278854399999,False,,,26.8997211456,35.5999107361,8.700189590499999,0.95071297884,0.0,False,1.36535906792,8.77564716339,26.8997211456,35.5999107361,8.700189590499999,0.95071297884,0.0,False,1.36535906792,8.77564716339
density_10_nback_2_id_11,10,2,True,True,1.7501735686999993,42.2998466492,24.8928947449,8.400339841816283,False,,,26.8996601105,32.9997215271,6.100061416599999,2.40799689293,0.0,False,1.05954098701,2.08881878853,26.8996601105,32.9997215271,6.100061416599999,2.40799689293,0.0,False,1.05954098701,2.08881878853
density_10_nback_2_id_12,10,2,True,True,0.4009017943999993,43.5000801086,24.8808040619,8.300413131700001,False,,,26.9495868683,31.7497177124,4.8001308441,3.36311793327,0.0,False,-0.374089568853,2.21697902679,26.9495868683,31.7497177124,4.8001308441,3.36311793327,0.0,False,-0.374089568853,2.21697902679
density_10_nback_2_id_13,10,2,True,True,2.4493598938000005,42.7996635437,24.8678703308,8.69969511033257,False,,,26.9003047943,34.2497062683,7.349401474000004,1.36919796467,0.0,False,-0.108503073454,2.77347278595,26.9003047943,34.2497062683,7.349401474000004,1.36919796467,0.0,False,-0.108503073454,2.77347278595
density_10_nback_2_id_14,10,2,True,True,0.9498119353999996,35.150554657,24.8679351807,8.799645662283716,True,,,26.9003543854,30.300409317,3.4000549315999997,4.16366004944,0.0,False,-0.309672504663,0.895996689796,26.9003543854,30.300409317,3.4000549315999997,4.16366004944,0.0,False,-0.309672504663,0.895996689796
density_10_nback_2_id_15,10,2,True,True,3.6499576568000016,44.3008804321,24.8726577759,11.499927997567433,False,,,26.9000720978,36.9000854492,10.0000133514,1.60139405727,0.0,False,6.744805336,7.1754450798,26.9000720978,36.9000854492,10.0000133514,1.60139405727,0.0,False,6.744805336,7.1754450798
density_10_nback_2_id_16,10,2,True,True,1.6506404877000023,45.1509094238,24.8730220795,8.549950838083717,False,,,26.9000492096,33.1507873535,6.250738143900001,2.31667208672,0.0,False,0.358047634363,5.05309009552,26.9000492096,33.1507873535,6.250738143900001,2.31667208672,0.0,False,0.358047634363,5.05309009552
density_10_nback_2_id_17,10,2,True,True,1.1001319884999994,41.1000518799,24.8311500549,8.39992570876743,False,,,27.0000743866,32.4000740051,5.399999618500001,3.26880288124,0.0,False,4.48577785492,10.0054626465,27.0000743866,32.4000740051,5.399999618500001,3.26880288124,0.0,False,4.48577785492,10.0054626465
density_10_nback_2_id_18,10,2,True,True,1.4499454498000013,63.2501449585,24.8634128571,11.499888658483716,False,,,26.9501113892,34.2500610352,7.299949645999998,5.12375497818,0.0,False,6.50444412231,7.26976013184,26.9501113892,34.2500610352,7.299949645999998,5.12375497818,0.0,False,6.50444412231,7.26976013184
density_10_nback_2_id_19,10,2,True,True,1.400083541899999,46.800819397,24.8685913086,8.449769496932568,False,,,26.9002304077,34.6501731873,7.749942779599998,0.639356970787,0.0,False,1.06552541256,4.91601657867,26.9002304077,34.6501731873,7.749942779599998,0.639356970787,0.0,False,1.06552541256,4.91601657867
density_10_nback_2_id_1,10,2,True,True,2.299533843900001,46.699836731,24.9501895905,9.250521182967432,False,,,26.8994789124,31.6989536285,4.799474716100001,4.07742023468,0.0,False,-0.388805299997,3.61215901375,26.8994789124,31.6989536285,4.799474716100001,4.07742023468,0.0,False,-0.388805299997,3.61215901375
density_10_nback_2_id_20,10,2,True,True,2.600473403999999,51.9503936768,24.8753643036,8.45004320146743,False,,,26.9499568939,32.450717926,5.500761032100002,2.82861089706,0.0,False,0.46805664897,3.77053189278,26.9499568939,32.450717926,5.500761032100002,2.82861089706,0.0,False,0.46805664897,3.77053189278
density_10_nback_2_id_21,10,2,True,True,2.1994972229,63.4001274109,24.869726181,8.299294710183716,False,,,26.9007053375,32.5507965088,5.650091171299998,2.49598407745,0.0,False,-0.298683494329,2.21244502068,26.9007053375,32.5507965088,5.650091171299998,2.49598407745,0.0,False,-0.298683494329,2.21244502068
density_10_nback_2_id_22,10,2,True,True,2.2503795624000027,38.1498832703,24.8861351013,9.300750732400001,False,,,26.9492492676,34.5994377136,7.650188445999998,1.63485598564,0.0,False,-0.2917060256,5.5533285141,26.9492492676,34.5994377136,7.650188445999998,1.63485598564,0.0,False,-0.2917060256,5.5533285141
density_10_nback_2_id_23,10,2,True,True,1.599988937300001,42.4501419067,24.8659420013,8.450664997067431,False,,,26.9493350983,33.1502418518,6.200906753499996,2.23814988136,0.0,False,0.396015316248,5.40506124496,26.9493350983,33.1502418518,6.200906753499996,2.23814988136,0.0,False,0.396015316248,5.40506124496
density_10_nback_2_id_24,10,2,True,True,2.8502368927,46.4002113342,24.87849617,9.100172758116283,False,,,26.9498271942,32.5999794006,5.650152206399998,3.38227701187,0.0,False,-0.294131815434,4.54168558121,26.9498271942,32.5999794006,5.650152206399998,3.38227701187,0.0,False,-0.294131815434,4.54168558121
density_10_nback_2_id_25,10,2,True,True,1.2491798401000018,46.8997192383,24.8695297241,8.649790525416286,False,,,26.9002094269,32.4496231079,5.549413681000004,3.05402493477,0.0,False,-0.302681744099,2.45062375069,26.9002094269,32.4496231079,5.549413681000004,3.05402493477,0.0,False,-0.302681744099,2.45062375069
density_10_nback_2_id_26,10,2,True,True,1.7499771117999998,41.8998947144,24.8693294525,8.3003616333,False,,,26.9496383667,33.0500297546,6.100391387899997,2.14168405533,0.0,False,0.764402925968,6.09724283218,26.9496383667,33.0500297546,6.100391387899997,2.14168405533,0.0,False,0.764402925968,6.09724283218
density_10_nback_2_id_27,10,2,True,True,1.7500495909999998,57.7504615784,24.8615474701,8.099915266016286,False,,,26.9500846863,31.4002857208,4.450201034500001,3.38200592995,0.0,False,-0.302976131439,1.25567352772,26.9500846863,31.4002857208,4.450201034500001,3.38200592995,0.0,False,-0.302976131439,1.25567352772
density_10_nback_2_id_28,10,2,True,True,1.100801467900002,43.8504486084,24.8947086334,8.450330257432569,False,,,26.8996696472,34.5996208191,7.699951171899997,0.748920977116,0.0,False,-0.113967224956,2.13557744026,26.8996696472,34.5996208191,7.699951171899997,0.748920977116,0.0,False,-0.113967224956,2.13557744026
density_10_nback_2_id_29,10,2,True,True,1.999994277999999,43.7501983643,24.8582210541,9.0493717194,False,,,26.9506282806,31.9506950378,5.000066757199999,2.93234300613,0.0,False,-0.30520388484,1.36386239529,26.9506282806,31.9506950378,5.000066757199999,2.93234300613,0.0,False,-0.30520388484,1.36386239529
density_10_nback_2_id_2,10,2,True,True,1.8999748230000009,39.9493522644,24.8508834839,9.249953508383715,False,,,26.9500465393,33.2500076294,6.299961090100002,3.06902694702,0.0,False,0.266808450222,4.02153968811,26.9500465393,33.2500076294,6.299961090100002,3.06902694702,0.0,False,0.266808450222,4.02153968811
density_10_nback_2_id_30,10,2,True,True,1.799581527800001,50.2998390198,24.8930091858,8.800015687983716,False,,,26.8999843597,34.2994346619,7.399450302200002,1.35010504723,0.0,False,-0.307824969292,3.82865047455,26.8999843597,34.2994346619,7.399450302200002,1.35010504723,0.0,False,-0.307824969292,3.82865047455
density_10_nback_2_id_31,10,2,True,True,1.4504699706999986,47.3503646851,24.8679523468,9.199668407432569,False,,,26.9003314972,34.1001930237,7.199861526500001,1.97336399555,0.0,False,0.740078270435,2.56133675575,26.9003314972,34.1001930237,7.199861526500001,1.97336399555,0.0,False,0.740078270435,2.56133675575
density_10_nback_2_id_32,10,2,True,True,1.5004119873000015,43.8004760742,24.8551177979,8.599945783616285,False,,,26.9500541687,31.5996551514,4.649600982700001,4.01494693756,0.0,False,-0.311442613602,6.69221067429,26.9500541687,31.5996551514,4.649600982700001,4.01494693756,0.0,False,-0.311442613602,6.69221067429
density_10_nback_2_id_33,10,2,True,True,1.7000007629000002,45.3002052307,24.8530960083,8.699703693367432,False,,,26.950296402,33.7501182556,6.799821853600001,1.89383602142,0.0,False,0.169322818518,4.33699369431,26.950296402,33.7501182556,6.799821853600001,1.89383602142,0.0,False,0.169322818518,4.33699369431
density_10_nback_2_id_34,10,2,True,True,1.6004943847000028,47.6997718811,24.8804550171,9.750508546783717,False,,,26.9494915009,34.0995826721,7.1500911712,3.41905593872,0.0,False,3.39255261421,7.76896810532,26.9494915009,34.0995826721,7.1500911712,3.41905593872,0.0,False,3.39255261421,7.76896810532
density_10_nback_2_id_35,10,2,True,True,2.8507156372000004,42.0505371094,24.8757972717,8.600128889116284,False,,,26.9498710632,33.1504249573,6.200553894099997,2.30983901024,0.0,False,-0.109962716699,4.37142276764,26.9498710632,33.1504249573,6.200553894099997,2.30983901024,0.0,False,-0.109962716699,4.37142276764
density_10_nback_2_id_36,10,2,True,True,1.9497127532999983,50.3002662659,24.8754959106,9.24919939036743,False,,,26.900800705,34.3505783081,7.449777603099996,1.85796403885,0.0,False,1.26981067657,4.95245409012,26.900800705,34.3505783081,7.449777603099996,1.85796403885,0.0,False,1.26981067657,4.95245409012
density_10_nback_2_id_37,10,2,True,True,1.8002300262000013,51.2499847412,24.8828659058,10.650432109832568,False,,,26.9495677948,37.0998344421,10.150266647299997,0.540938019753,0.0,False,0.626028835773,9.38529872894,26.9495677948,37.0998344421,10.150266647299997,0.540938019753,0.0,False,0.626028835773,9.38529872894
density_10_nback_2_id_38,10,2,True,True,2.150022506700001,47.399307251,24.8915672302,10.050599336583716,False,,,26.8994007111,34.0999679565,7.200567245400002,2.40974998474,0.0,False,-0.377061247826,6.39774513245,26.8994007111,34.0999679565,7.200567245400002,2.40974998474,0.0,False,-0.377061247826,6.39774513245
density_10_nback_2_id_39,10,2,True,True,1.6999759674000003,61.5992240906,24.8685073853,9.850817441916284,False,,,26.9491825104,34.4991912842,7.550008773800002,2.51337194443,0.0,False,0.0219960957766,6.54731798172,26.9491825104,34.4991912842,7.550008773800002,2.51337194443,0.0,False,0.0219960957766,6.54731798172
density_10_nback_2_id_3,10,2,True,True,0.34967613219999905,42.1000061035,24.8755302429,10.650125026732567,False,,,26.9498748779,35.1497879028,8.199913024899999,2.79961395264,0.0,False,1.22978794575,8.12799739838,26.9498748779,35.1497879028,8.199913024899999,2.79961395264,0.0,False,1.22978794575,8.12799739838
density_10_nback_2_id_40,10,2,True,True,0.6994991302999978,46.8493881226,24.8644828796,14.44999551776743,False,,,26.9500045776,34.7995605469,7.849555969299995,5.08276414871,0.0,False,0.681431472301,8.36989498138,26.9500045776,34.7995605469,7.849555969299995,5.08276414871,0.0,False,0.681431472301,8.36989498138
density_10_nback_2_id_41,10,2,True,True,0.9498329163000001,86.6002426147,24.8801708221,9.700024127967431,False,,,26.9499759674,33.0501251221,6.100149154699999,3.82466506958,0.0,False,-0.0874937847257,3.25956916809,26.9499759674,33.0501251221,6.100149154699999,3.82466506958,0.0,False,-0.0874937847257,3.25956916809
density_10_nback_2_id_42,10,2,True,True,1.949943542499998,44.8000221252,24.8587398529,10.69978761676743,False,,,26.9502124786,35.4501876831,8.499975204499997,2.77349495888,0.0,False,4.65906858444,9.27896118164,26.9502124786,35.4501876831,8.499975204499997,2.77349495888,0.0,False,4.65906858444,9.27896118164
density_10_nback_2_id_43,10,2,True,True,1.9497795105000009,50.4495010376,24.8595371246,10.199940204667431,False,,,26.9500598907,33.9502105713,7.000150680599997,3.39176297188,0.0,False,0.320924311876,10.7154169083,26.9500598907,33.9502105713,7.000150680599997,3.39176297188,0.0,False,0.320924311876,10.7154169083
density_10_nback_2_id_44,10,2,True,True,1.3504676818999997,46.8996925354,24.8751411438,9.350256681416283,False,,,26.9497432709,34.3501815796,7.4004383086999965,1.96313297749,0.0,False,0.684170663357,6.01800251007,26.9497432709,34.3501815796,7.4004383086999965,1.96313297749,0.0,False,0.684170663357,6.01800251007
density_10_nback_2_id_45,10,2,True,True,1.6993751526000018,53.5500450134,24.8596019745,9.049264907800001,False,,,26.9507350922,33.9500045776,6.999269485399999,2.1324300766,0.0,False,1.8051828146,3.12589430809,26.9507350922,33.9500045776,6.999269485399999,2.1324300766,0.0,False,1.8051828146,3.12589430809
density_10_nback_2_id_46,10,2,True,True,0.6500091552999976,38.1002426147,24.8843021393,9.300374269483715,False,,,26.8996257782,31.899646759,5.000020980799999,4.17371988297,0.0,False,0.173632711172,11.2039766312,26.8996257782,31.899646759,5.000020980799999,4.17371988297,0.0,False,0.173632711172,11.2039766312
density_10_nback_2_id_47,10,2,True,True,1.7995986938000001,47.3002586365,24.8701095581,9.849193573,False,,,26.900806427,32.7505187988,5.849712371800003,3.93270611763,0.0,False,-0.355647623539,3.54927015305,26.900806427,32.7505187988,5.849712371800003,3.93270611763,0.0,False,-0.355647623539,3.54927015305
density_10_nback_2_id_48,10,2,True,True,1.8998870848999978,60.40001297,24.8601341248,15.049908876383714,False,,,26.9000911713,40.7000083923,13.799917220999998,1.47316205502,0.0,False,3.96781635284,8.82976818085,26.9000911713,40.7000083923,13.799917220999998,1.47316205502,0.0,False,3.96781635284,8.82976818085
density_10_nback_2_id_49,10,2,True,True,2.5000839233999983,67.900100708,24.8419494629,9.349853038832567,False,,,27.0001468658,34.7500648499,7.749917984099998,1.42402005196,0.0,False,-0.300591558218,3.30837059021,27.0001468658,34.7500648499,7.749917984099998,1.42402005196,0.0,False,-0.300591558218,3.30837059021
density_10_nback_2_id_4,10,2,True,True,2.4500751496,38.7003517151,24.891620636,8.400007963216286,False,,,26.8999919891,32.59998703,5.699995040900003,2.62992596626,0.0,False,-0.297358781099,3.10039520264,26.8999919891,32.59998703,5.699995040900003,2.62992596626,0.0,False,-0.297358781099,3.10039520264
density_10_nback_2_id_50,10,2,True,True,2.199832916200002,46.5998268127,24.8919696808,9.95010519023257,False,,,26.8998947144,33.9993438721,7.0994491577000005,3.08173799515,0.0,False,0.528229951859,4.30881166458,26.8998947144,33.9993438721,7.0994491577000005,3.08173799515,0.0,False,0.528229951859,4.30881166458
density_10_nback_2_id_51,10,2,True,True,1.2499961853000023,47.7004623413,24.8830795288,10.200230121567433,False,,,26.9497699738,35.6498413086,8.700071334800004,1.57008302212,0.0,False,3.12194061279,9.97371101379,26.9497699738,35.6498413086,8.700071334800004,1.57008302212,0.0,False,3.12194061279,9.97371101379
density_10_nback_2_id_52,10,2,True,True,1.749042510999999,45.500087738,24.8611183167,8.949934482567432,False,,,26.9500656128,32.6999397278,5.749874115000001,3.07087397575,0.0,False,-0.320926517248,4.086124897,26.9500656128,32.6999397278,5.749874115000001,3.07087397575,0.0,False,-0.320926517248,4.086124897
density_10_nback_2_id_53,10,2,True,True,1.5501384735000023,47.9501266479,24.8566932678,8.749957323083716,False,,,26.9500427246,33.4001731873,6.450130462699999,2.5082359314,0.0,False,0.905374109745,4.94060087204,26.9500427246,33.4001731873,6.450130462699999,2.5082359314,0.0,False,0.905374109745,4.94060087204
density_10_nback_2_id_54,10,2,True,True,1.1999168396000002,43.9999275208,24.8714466095,9.850306272516285,False,,,26.9496936798,34.5004272461,7.5507335663000035,2.28904294968,0.0,False,3.76265740395,8.44150447845,26.9496936798,34.5004272461,7.5507335663000035,2.28904294968,0.0,False,3.76265740395,8.44150447845
density_10_nback_2_id_55,10,2,True,True,2.4505062102999986,48.850276947,24.8457736969,10.049532651916284,False,,,27.0004673004,35.6502075195,8.6497402191,1.2787899971,0.0,False,-0.316200911999,3.45843529701,27.0004673004,35.6502075195,8.6497402191,1.2787899971,0.0,False,-0.316200911999,3.45843529701
density_10_nback_2_id_56,10,2,True,True,3.4998340606999996,43.6002845764,24.8686828613,9.199872493732567,False,,,26.9001274109,35.1999320984,8.299804687499996,0.932811975479,0.0,False,0.889423847198,4.85714149475,26.9001274109,35.1999320984,8.299804687499996,0.932811975479,0.0,False,0.889423847198,4.85714149475
density_10_nback_2_id_57,10,2,True,True,1.4499435423999998,46.4001045227,24.8665542603,10.499763965567432,False,,,26.9002361298,34.0000038147,7.0997676849000015,3.56228804588,0.0,False,-0.302814394236,7.92027902603,26.9002361298,34.0000038147,7.0997676849000015,3.56228804588,0.0,False,-0.302814394236,7.92027902603
density_10_nback_2_id_5,10,2,True,True,2.600114822400002,47.2501945496,24.8598594666,9.5498981476,False,,,26.9501018524,35.0498352051,8.099733352700003,1.38904905319,0.0,False,0.0323051735759,3.81442952156,26.9501018524,35.0498352051,8.099733352700003,1.38904905319,0.0,False,0.0323051735759,3.81442952156
density_10_nback_2_id_6,10,2,True,True,1.500162124700001,42.0001716614,24.8613739014,10.249732255983716,False,,,26.9502677917,34.9501991272,7.999931335500001,3.24511909485,0.0,False,5.06627750397,11.6615819931,26.9502677917,34.9501991272,7.999931335500001,3.24511909485,0.0,False,5.06627750397,11.6615819931
density_10_nback_2_id_7,10,2,True,True,2.200241088800002,45.949256897,24.8422107697,10.399969577767433,False,,,27.0000305176,35.0000610352,8.000030517599999,2.67103505135,0.0,False,1.54165947437,6.39165830612,27.0000305176,35.0000610352,8.000030517599999,2.67103505135,0.0,False,1.54165947437,6.39165830612
density_10_nback_2_id_8,10,2,True,True,1.6499328613000017,54.1501083374,24.9087467194,8.69990301133257,False,,,26.9000968933,30.6000347137,3.6999378204000024,4.06748199463,0.0,False,-0.30763348937,1.20872294903,26.9000968933,30.6000347137,3.6999378204000024,4.06748199463,0.0,False,-0.30763348937,1.20872294903
density_10_nback_2_id_9,10,2,True,True,1.6503200530999997,45.8500022888,24.854019165,9.19997262956743,False,,,26.9500274658,34.4501113892,7.500083923400002,1.7034239769,0.0,False,0.48217022419,6.59634923935,26.9500274658,34.4501113892,7.500083923400002,1.7034239769,0.0,False,0.48217022419,6.59634923935
density_20_nback_0_id_10,20,0,True,True,0.8004035950000059,66.8005142212,25.1687660217,7.9496810436162875,False,,,48.6003189087,55.7502212524,7.149902343700006,0.77410197258,0.0,False,0.714555084705,2.91318082809,48.6003189087,55.7502212524,7.149902343700006,0.77410197258,0.0,False,0.714555084705,2.91318082809
density_20_nback_0_id_11,20,0,False,False,,67.5263137817,,,,no TOR anchor (MISSING_TOR_COLUMN),no TOR anchor (MISSING_TOR_COLUMN),,,,,,,,,,,,,,,,
density_20_nback_0_id_12,20,0,True,True,0.5502014160000002,67.1504058838,25.1682319641,8.050421953183715,False,,,48.6495780945,54.0995750427,5.449996948200003,2.56019496918,0.0,False,0.0843437239528,2.32594466209,48.6495780945,54.0995750427,5.449996948200003,2.56019496918,0.0,False,0.0843437239528,2.32594466209
density_20_nback_0_id_13,20,0,True,True,2.849365234400004,68.6000213623,25.1726818085,8.049419403100003,False,,,48.7005805969,55.7501831055,7.049602508600003,0.975921988487,0.0,False,1.72503364086,3.37344026566,48.7005805969,55.7501831055,7.049602508600003,0.975921988487,0.0,False,1.72503364086,3.37344026566
density_20_nback_0_id_14,20,0,False,False,,56.6493339539,,,,no TOR anchor (MISSING_TOR_COLUMN),no TOR anchor (MISSING_TOR_COLUMN),,,,,,,,,,,,,,,,
density_20_nback_0_id_15,20,0,False,False,,70.2996673584,,,,no TOR anchor (MISSING_TOR_COLUMN),no TOR anchor (MISSING_TOR_COLUMN),,,,,,,,,,,,,,,,
density_20_nback_0_id_16,20,0,True,True,1.1502685546999984,71.0999145508,25.1644973755,8.050723314283715,False,,,48.6492767334,55.4001579285,6.7508811951,1.26118695736,0.0,False,1.21518170834,4.46191167831,48.6492767334,55.4001579285,6.7508811951,1.26118695736,0.0,False,1.21518170834,4.46191167831
density_20_nback_0_id_17,20,0,True,True,1.1505775452000009,64.7001876831,25.2088947296,8.449547529216282,False,,,48.6004524231,55.0498428345,6.449390411399996,2.34225797653,0.0,False,2.23631954193,6.28174352646,48.6004524231,55.0498428345,6.449390411399996,2.34225797653,0.0,False,2.23631954193,6.28174352646
density_20_nback_0_id_18,20,0,True,True,0.799785614000001,74.350189209,25.1648921967,14.549697160683714,False,,,48.650302887,60.5001716614,11.8498687744,3.2271490097,5.0,True,6.48314571381,10.6859531403,48.650302887,60.5001716614,11.8498687744,3.2271490097,5.0,True,6.48314571381,10.6859531403
density_20_nback_0_id_19,20,0,True,True,0.8499946593999965,67.3500442505,25.1673221588,7.949715375916284,False,,,48.6002845764,55.1005363464,6.500251769999998,1.39081299305,0.0,False,0.651356756687,3.72268724442,48.6002845764,55.1005363464,6.500251769999998,1.39081299305,0.0,False,0.651356756687,3.72268724442
density_20_nback_0_id_1,20,0,False,False,,75.1998901367,,,,no TOR anchor (MISSING_TOR_COLUMN),no TOR anchor (MISSING_TOR_COLUMN),,,,,,,,,,,,,,,,
density_20_nback_0_id_20,20,0,True,True,1.5498695372999975,69.0503768921,25.1665802002,7.899857282616281,False,,,48.6501426697,55.7503089905,7.1001663208,0.804405987263,0.0,False,1.70125353336,6.78159618378,48.6501426697,55.7503089905,7.1001663208,0.804405987263,0.0,False,1.70125353336,6.78159618378
density_20_nback_0_id_21,20,0,True,True,1.2000579834000007,69.4495925903,25.1646137238,8.050524949983718,False,,,48.6494750977,55.0503692627,6.400894165000004,1.59536194801,0.0,False,1.53244364262,9.49208641052,48.6494750977,55.0503692627,6.400894165000004,1.59536194801,0.0,False,1.53244364262,9.49208641052
density_20_nback_0_id_22,20,0,False,False,1.2501449584,61.7501296997,25.1713523865,7.8495407103999995,False,lane change ABSENT_COLUMN,lane change ABSENT_COLUMN,,,,,,,,,,,,,,,,
density_20_nback_0_id_23,20,0,True,True,2.0504951476999977,62.2500267029,25.1601581573,7.900318861016281,False,,,48.6496810913,55.3000259399,6.6503448486,1.26068496704,0.0,False,1.70138394833,6.05263328552,48.6496810913,55.3000259399,6.6503448486,1.26068496704,0.0,False,1.70138394833,6.05263328552
density_20_nback_0_id_24,20,0,True,True,1.0000267029000014,64.5497665405,25.1659832001,8.1500167847,False,,,48.5999832153,51.8498573303,3.2498741149999972,4.29354476929,0.0,False,0.854672253132,6.44987773895,48.5999832153,51.8498573303,3.2498741149999972,4.29354476929,0.0,False,0.854672253132,6.44987773895
density_20_nback_0_id_25,20,0,True,True,1.050048828100003,66.349281311,25.1677055359,7.800720214800002,False,,,48.6992797852,56.1492614746,7.449981689400005,0.377463012934,0.0,False,1.01026451588,3.79693031311,48.6992797852,56.1492614746,7.449981689400005,0.377463012934,0.0,False,1.01026451588,3.79693031311
density_20_nback_0_id_26,20,0,True,True,1.6499252318999993,64.4501037598,25.1729125977,7.949895381932571,False,,,48.6501045227,54.450012207,5.799907684300003,2.14765310287,0.0,False,1.68378305435,7.6137804985,48.6501045227,54.450012207,5.799907684300003,2.14765310287,0.0,False,1.68378305435,7.6137804985
density_20_nback_0_id_27,20,0,True,True,2.2497138976999977,68.550201416,25.164522171,8.050044298183714,False,,,48.6499557495,55.8997383118,7.249782562299998,0.801419973373,0.0,False,1.65649151802,5.73240661621,48.6499557495,55.8997383118,7.249782562299998,0.801419973373,0.0,False,1.65649151802,5.73240661621
density_20_nback_0_id_28,20,0,True,True,0.8999290466000005,65.6000976562,25.1680259705,8.599857330299997,False,,,48.6501426697,56.8000450134,8.149902343699999,0.440403014421,0.0,False,1.18532311916,6.86966896057,48.6501426697,56.8000450134,8.149902343699999,0.440403014421,0.0,False,1.18532311916,6.86966896057
density_20_nback_0_id_29,20,0,True,True,1.3504409790000054,65.2993927002,25.1645202637,8.850524902300002,False,,,48.6494750977,56.199924469,7.5504493713000045,1.38099396229,0.0,False,1.46477651596,11.0254249573,48.6494750977,56.199924469,7.5504493713000045,1.38099396229,0.0,False,1.46477651596,11.0254249573
density_20_nback_0_id_2,20,0,True,True,1.6995506287000026,63.0504188538,25.1729202271,9.049639940283718,False,,,48.6503601074,55.1497993469,6.499439239499999,2.59409093857,0.0,False,1.73246991634,4.63708019257,48.6503601074,55.1497993469,6.499439239499999,2.59409093857,0.0,False,1.73246991634,4.63708019257
density_20_nback_0_id_30,20,0,True,True,0.7503166198000031,65.6995925903,25.169008255,8.650070190400001,False,,,48.5999298096,55.2500648499,6.6501350403,1.93824505806,0.0,False,0.319306433201,4.53030347824,48.5999298096,55.2500648499,6.6501350403,1.93824505806,0.0,False,0.319306433201,4.53030347824
density_20_nback_0_id_31,20,0,False,False,,69.3494720459,,,,no TOR anchor (MISSING_TOR_COLUMN),no TOR anchor (MISSING_TOR_COLUMN),,,,,,,,,,,,,,,,
density_20_nback_0_id_32,20,0,True,True,1.9999160766999964,63.00025177,25.1710071564,7.899670362516282,False,,,48.6503295898,55.4505233765,6.8001937866999995,1.06681203842,0.0,False,1.69461655617,2.7286875248,48.6503295898,55.4505233765,6.8001937866999995,1.06681203842,0.0,False,1.69461655617,2.7286875248
density_20_nback_0_id_33,20,0,True,True,1.0497741698999974,68.1001815796,25.1663036346,7.699940443016281,False,,,48.6000595093,54.7999038696,6.199844360299998,1.51004898548,0.0,False,0.98973596096,3.00180673599,48.6000595093,54.7999038696,6.199844360299998,1.51004898548,0.0,False,0.98973596096,3.00180673599
density_20_nback_0_id_34,20,0,True,True,0.8503189086999967,65.8009338379,25.171497345,9.399666547816281,False,,,48.6503334045,54.5503692627,5.900035858199999,4.15839004517,0.0,False,1.34572958946,7.38585567474,48.6503334045,54.5503692627,5.900035858199999,4.15839004517,0.0,False,1.34572958946,7.38585567474
density_20_nback_0_id_35,20,0,True,True,0.849853515599996,65.1499252319,25.1704463959,8.549857377983713,False,,,48.6501426697,54.8493804932,6.199237823499999,2.48674798012,0.0,False,0.49145630002,6.59443187714,48.6501426697,54.8493804932,6.199237823499999,2.48674798012,0.0,False,0.49145630002,6.59443187714
density_20_nback_0_id_36,20,0,False,False,,72.2500839233,,,,no TOR anchor (MISSING_TOR_COLUMN),no TOR anchor (MISSING_TOR_COLUMN),,,,,,,,,,,,,,,,
density_20_nback_0_id_37,20,0,True,True,0.7998847961000024,73.300453186,25.169462204,12.399818420400003,False,,,48.6001815796,59.4500350952,10.849853515600003,1.70521700382,0.0,False,6.51562213898,7.47079896927,48.6001815796,59.4500350952,10.849853515600003,1.70521700382,0.0,False,6.51562213898,7.47079896927
density_20_nback_0_id_38,20,0,True,True,0.5993766785000005,70.4994506836,25.1699523926,8.949890852016281,False,,,48.6001091003,57.0995559692,8.499446868899994,0.451456993818,0.0,False,1.07926344872,6.94474697113,48.6001091003,57.0995559692,8.499446868899994,0.451456993818,0.0,False,1.07926344872,6.94474697113
density_20_nback_0_id_39,20,0,True,True,1.800067901600002,72.0503692627,25.1695289612,16.24996042246743,False,,,48.6500396729,63.1007575989,14.450717926000003,2.62592101097,42.0,True,6.39050006866,9.33824825287,48.6500396729,63.1007575989,14.450717926000003,2.62592101097,42.0,True,6.39050006866,9.33824825287
density_20_nback_0_id_3,20,0,True,True,1.5004653931000007,75.1506958008,25.1717090607,23.39990305901628,False,,,48.6500968933,71.3505477905,22.7004508972,0.746950984001,0.0,False,3.09977459908,11.4387779236,48.6500968933,71.3505477905,22.7004508972,0.746950984001,0.0,False,3.09977459908,11.4387779236
density_20_nback_0_id_40,20,0,True,True,1.449729919500001,63.5498123169,25.1711997986,8.299357652683717,False,,,48.650642395,54.90026474,6.249622344999999,1.7107770443,0.0,False,1.46257507801,3.08319711685,48.650642395,54.90026474,6.249622344999999,1.7107770443,0.0,False,1.46257507801,3.08319711685
density_20_nback_0_id_41,20,0,True,True,1.5491905212999981,81.1993103027,25.1685619354,9.349986314783713,False,,,48.6000137329,54.3499794006,5.749965667699996,3.69021105766,0.0,False,1.53842294216,6.15611076355,48.6000137329,54.3499794006,5.749965667699996,3.69021105766,0.0,False,1.53842294216,6.15611076355
density_20_nback_0_id_42,20,0,True,True,1.200275421199997,72.0497131348,25.1672401428,12.0999336243,False,,,48.6500663757,59.6003799438,10.9503135681,1.35003399849,0.0,False,5.09374904633,10.1240520477,48.6500663757,59.6003799438,10.9503135681,1.35003399849,0.0,False,5.09374904633,10.1240520477
density_20_nback_0_id_43,20,0,True,True,0.7009010314999955,69.2499389648,25.1582775116,9.90069270131628,False,,,48.649307251,54.3001708984,5.650863647399994,5.13770580292,0.0,False,1.80667150021,10.4523143768,48.649307251,54.3001708984,5.650863647399994,5.13770580292,0.0,False,1.80667150021,10.4523143768
density_20_nback_0_id_44,20,0,True,True,1.3504638671999984,69.5499267578,25.1664638519,8.700398921932567,False,,,48.6496009827,55.6494941711,6.9998931884000015,1.79740798473,0.0,False,1.46228694916,5.61472892761,48.6496009827,55.6494941711,6.9998931884000015,1.79740798473,0.0,False,1.46228694916,5.61472892761
density_20_nback_0_id_45,20,0,True,True,1.6498947144000056,75.2992401123,25.1681499481,9.200875759132572,False,,,48.6491241455,55.3490905762,6.699966430700002,2.74968290329,0.0,False,1.71075296402,3.98661875725,48.6491241455,55.3490905762,6.699966430700002,2.74968290329,0.0,False,1.71075296402,3.98661875725
density_20_nback_0_id_46,20,0,True,True,0.9498939514999947,60.4492530823,25.1629581451,8.150588989299997,False,,,48.5994110107,54.8493461609,6.249935150199995,2.0521171093,0.0,False,4.3650560379,10.1053371429,48.5994110107,54.8493461609,6.249935150199995,2.0521171093,0.0,False,4.3650560379,10.1053371429
density_20_nback_0_id_47,20,0,True,True,1.3497886656999967,72.900177002,25.1704292297,9.049896240199999,False,,,48.7001037598,56.4002227783,7.700119018499997,1.200922966,0.0,False,1.50064611435,2.78734636307,48.7001037598,56.4002227783,7.700119018499997,1.200922966,0.0,False,1.50064611435,2.78734636307
density_20_nback_0_id_48,20,0,True,True,0.5500755309999974,84.7500762939,25.1727256775,17.249922990783716,False,,,48.7000770569,65.5001220703,16.800045013399995,0.426254987717,0.0,False,6.54898786545,11.1733417511,48.7000770569,65.5001220703,16.800045013399995,0.426254987717,0.0,False,6.54898786545,11.1733417511
density_20_nback_0_id_49,20,0,True,True,1.3499870300000012,95.0499801636,25.1720371246,15.799849748583718,False,,,48.6501502991,62.5501289368,13.899978637700002,2.42233896255,5.0,True,4.98129034042,10.836350441,48.6501502991,62.5501289368,13.899978637700002,2.42233896255,5.0,True,4.98129034042,10.836350441
density_20_nback_0_id_4,20,0,True,True,0.7001953125,64.3003234863,25.1580505371,7.249804019967435,False,,,48.6501960754,52.2001876831,3.549991607700001,3.58638191223,0.0,False,0.248858556151,0.351333081722,48.6501960754,52.2001876831,3.549991607700001,3.58638191223,0.0,False,0.248858556151,0.351333081722
density_20_nback_0_id_50,20,0,True,True,0.49992752069999824,69.9500579834,25.1747379303,8.7999229431,False,,,48.7000770569,54.4995613098,5.799484252900001,3.08595395088,0.0,False,0.151552692056,3.22523450851,48.7000770569,54.4995613098,5.799484252900001,3.08595395088,0.0,False,0.151552692056,3.22523450851
density_20_nback_0_id_51,20,0,True,True,0.8006515503000031,69.9999771118,25.166809082,8.94996786113257,False,,,48.6500320435,56.0001831055,7.350151062000002,1.61533796787,0.0,False,1.04340481758,7.49794387817,48.6500320435,56.0001831055,7.350151062000002,1.61533796787,0.0,False,1.04340481758,7.49794387817
density_20_nback_0_id_52,20,0,True,True,1.750038147000005,78.7993240356,25.1635932922,9.600173950200002,False,,,48.6498260498,54.2494010925,5.599575042700003,3.83283209801,0.0,False,1.49498105049,7.03804111481,48.6498260498,54.2494010925,5.599575042700003,3.83283209801,0.0,False,1.49498105049,7.03804111481
density_20_nback_0_id_53,20,0,True,True,0.7496910094999976,67.3995666504,25.1665916443,8.350437164299997,False,,,48.6495628357,54.3992080688,5.749645233099997,2.96221208572,0.0,False,3.67110657692,6.45213985443,48.6495628357,54.3992080688,5.749645233099997,2.96221208572,0.0,False,3.67110657692,6.45213985443
density_20_nback_0_id_54,20,0,True,True,0.9993591309000038,64.2991943359,25.166223526,8.450154781332571,False,,,48.6498451233,55.5992393494,6.949394226100004,1.54385495186,0.0,False,1.56412398815,9.11892604828,48.6498451233,55.5992393494,6.949394226100004,1.54385495186,0.0,False,1.56412398815,9.11892604828
density_20_nback_0_id_55,20,0,True,True,1.0505218505999991,65.7492294312,25.1649131775,8.200726985932569,False,,,48.6492729187,55.2993545532,6.650081634499998,1.57754397392,0.0,False,0.936002135277,2.46991825104,48.6492729187,55.2993545532,6.650081634499998,1.57754397392,0.0,False,0.936002135277,2.46991825104
density_20_nback_0_id_56,20,0,True,True,6.7000350952000005,69.5999145508,25.1608657837,8.75004720683257,False,,,48.5999526978,57.1998558044,8.599903106600003,0.148908004165,0.0,False,1.84759092331,3.04806065559,48.5999526978,57.1998558044,8.599903106600003,0.148908004165,0.0,False,1.84759092331,3.04806065559
density_20_nback_0_id_57,20,0,True,True,1.6997184753999974,68.0000076294,25.1707611084,11.399674177216284,False,,,48.6503257751,55.999912262,7.349586486900002,4.27037000656,0.0,False,1.70169377327,10.5961647034,48.6503257751,55.999912262,7.349586486900002,4.27037000656,0.0,False,1.70169377327,10.5961647034
density_20_nback_0_id_5,20,0,True,True,1.649585723899996,78.549987793,25.1624469757,17.750028133432565,False,,,48.5999717712,65.0500183105,16.45004653929999,1.52995705605,0.0,False,1.84485006332,6.28911972046,48.5999717712,65.0500183105,16.45004653929999,1.52995705605,0.0,False,1.84485006332,6.28911972046
density_20_nback_0_id_6,20,0,False,False,,70.5001220703,,,,no TOR anchor (MISSING_TOR_COLUMN),no TOR anchor (MISSING_TOR_COLUMN),,,,,,,,,,,,,,,,
density_20_nback_0_id_7,20,0,True,True,0.8508987426000019,67.2998504639,25.1686153412,8.200884342167434,False,,,48.6991157532,55.0498924255,6.3507766723,1.91402494907,0.0,False,1.15640449524,4.63862514496,48.6991157532,55.0498924255,6.3507766723,1.91402494907,0.0,False,1.15640449524,4.63862514496
density_20_nback_0_id_8,20,0,True,True,1.4993553161000008,75.800201416,25.1726722717,9.299932956667433,False,,,48.6000671387,54.7501678467,6.150100708000004,3.23472309113,0.0,False,1.66425311565,11.3200883865,48.6000671387,54.7501678467,6.150100708000004,3.23472309113,0.0,False,1.66425311565,11.3200883865
density_20_nback_0_id_9,20,0,True,True,0.8999900817999986,64.2003173828,25.1717090607,8.649647474316282,False,,,48.650352478,55.7502708435,7.099918365499995,1.57481896877,0.0,False,1.05259025097,8.04350471497,48.650352478,55.7502708435,7.099918365499995,1.57481896877,0.0,False,1.05259025097,8.04350471497
density_20_nback_1_id_10,20,1,True,True,1.3000965117999996,59.2502174377,21.2112998962,13.299907684299999,False,,,28.7000923157,40.8994483948,12.199356079099996,1.13923299313,0.0,False,1.74640583992,9.29467201233,28.7000923157,40.8994483948,12.199356079099996,1.13923299313,0.0,False,1.74640583992,9.29467201233
density_20_nback_1_id_11,20,1,True,True,1.849168777500001,40.4003677368,25.0264377594,8.799094438583715,False,,,24.1509056091,30.450006485,6.299100875899999,2.65579605103,0.0,False,4.54306077957,10.3931789398,24.1509056091,30.450006485,6.299100875899999,2.65579605103,0.0,False,4.54306077957,10.3931789398
density_20_nback_1_id_12,20,1,True,True,1.3002223967999988,38.4491729736,25.0273933411,8.750957012132567,False,,,24.0990428925,29.0992851257,5.000242233199998,4.02562999725,0.0,False,2.33113145828,9.22047996521,24.0990428925,29.0992851257,5.000242233199998,4.02562999725,0.0,False,2.33113145828,9.22047996521
density_20_nback_1_id_13,20,1,False,False,,41.0500106812,,,,no TOR anchor (MULTI_UNRESOLVED),no TOR anchor (MULTI_UNRESOLVED),,,,,,,,,,,,,,,,
density_20_nback_1_id_14,20,1,True,True,0.5492839812999968,33.6504096985,25.0389671326,9.449180602999999,False,,,24.050819397,29.9999656677,5.949146270699998,3.65649795532,0.0,False,2.30042290688,6.08715391159,24.050819397,29.9999656677,5.949146270699998,3.65649795532,0.0,False,2.30042290688,6.08715391159
density_20_nback_1_id_15,20,1,False,False,1.7000064849999994,58.3495788574,25.0400562286,22.75027322766743,False,lane change ABSENT_COLUMN,lane change ABSENT_COLUMN,,,,,,,,,,,,,,,,
density_20_nback_1_id_16,20,1,True,True,1.7495212554999995,42.0000076294,25.0376300812,8.949211120600001,False,,,24.0507888794,31.5503120422,7.499523162800003,1.42165994644,0.0,False,2.31651186943,10.3329458237,24.0507888794,31.5503120422,7.499523162800003,1.42165994644,0.0,False,2.31651186943,10.3329458237
density_20_nback_1_id_17,20,1,True,True,1.3502063750999973,39.150428772,25.0441646576,8.599665880183714,False,,,24.1003341675,30.2003498077,6.100015640199999,2.24233007431,0.0,False,5.38588619232,9.46909713745,24.1003341675,30.2003498077,6.100015640199999,2.24233007431,0.0,False,5.38588619232,9.46909713745
density_20_nback_1_id_18,20,1,True,True,1.0500049591000007,43.4997215271,25.0193996429,9.250241041216285,False,,,24.0497589111,29.5495948792,5.499835968100001,3.65384507179,0.0,False,2.29147267342,7.73795127869,24.0497589111,29.5495948792,5.499835968100001,3.65384507179,0.0,False,2.29147267342,7.73795127869
density_20_nback_1_id_19,20,1,True,True,0.9498500824000011,41.6991844177,25.0213451385,9.050729274732568,False,,,24.0492706299,30.0492324829,5.9999618529999985,2.94470000267,0.0,False,2.24084854126,7.22370481491,24.0492706299,30.0492324829,5.9999618529999985,2.94470000267,0.0,False,2.24084854126,7.22370481491
density_20_nback_1_id_1,20,1,True,True,0.9991703032999979,50.4500007629,25.0328178406,17.299867153132567,False,,,24.0501327515,36.3501396179,12.300006866399997,5.98367214203,5.0,True,2.75679564476,12.0473508835,24.0501327515,36.3501396179,12.300006866399997,5.98367214203,5.0,True,2.75679564476,12.0473508835
density_20_nback_1_id_20,20,1,True,True,2.0500926972,54.6003379822,21.1649341583,11.749905824683715,False,,,28.700094223,37.8001823425,9.1000881195,2.54050302505,0.0,False,3.93764448166,10.8359155655,28.700094223,37.8001823425,9.1000881195,2.54050302505,0.0,False,3.93764448166,10.8359155655
density_20_nback_1_id_21,20,1,True,True,1.6501808166000025,43.8993873596,25.0263195038,9.100838899583717,False,,,24.0991611481,30.1493396759,6.0501785278,3.04990792274,0.0,False,2.27777409554,10.41492939,24.0991611481,30.1493396759,6.0501785278,3.04990792274,0.0,False,2.27777409554,10.41492939
density_20_nback_1_id_22,20,1,True,True,0.5999946593999965,35.200214386,25.0321712494,9.34978532786743,False,,,24.0502147675,30.2502365112,6.200021743699999,3.33207392693,0.0,False,2.28766155243,7.03975391388,24.0502147675,30.2502365112,6.200021743699999,3.33207392693,0.0,False,2.28766155243,7.03975391388
density_20_nback_1_id_23,20,1,True,True,2.0003719330000003,38.3509063721,25.0441989899,8.549683094067433,False,,,24.1003170013,30.9502620697,6.8499450684,1.595739007,0.0,False,5.09174919128,10.4340047836,24.1003170013,30.9502620697,6.8499450684,1.595739007,0.0,False,5.09174919128,10.4340047836
density_20_nback_1_id_24,20,1,True,True,2.5500450135,41.6996459961,25.0224494934,9.149599790616286,False,,,24.1504001617,29.5003986359,5.349998474200003,3.97115492821,0.0,False,2.32255339622,10.3579492569,24.1504001617,29.5003986359,5.349998474200003,3.97115492821,0.0,False,2.32255339622,10.3579492569
density_20_nback_1_id_25,20,1,False,False,1.6998901368000006,79.0004577637,21.2461643219,32.100289106416284,False,lane change ABSENT_COLUMN,lane change ABSENT_COLUMN,,,,,,,,,,,,,,,,
density_20_nback_1_id_26,20,1,True,True,1.850086212099999,38.6497383118,25.0430526733,8.950332164732568,False,,,24.1496677399,31.6999702454,7.5503025054999995,1.45855200291,0.0,False,2.33159613609,10.3951034546,24.1496677399,31.6999702454,7.5503025054999995,1.45855200291,0.0,False,2.33159613609,10.3951034546
density_20_nback_1_id_27,20,1,False,False,,99.2500228882,,,,no TOR anchor (MULTI_UNRESOLVED),no TOR anchor (MULTI_UNRESOLVED),,,,,,,,,,,,,,,,
density_20_nback_1_id_28,20,1,True,True,1.150012970000006,65.3992004395,22.2675914764,7.000788927083718,False,,,49.1992111206,53.9492111206,4.75,2.28225803375,0.0,False,2.65113782883,1.21432447433,49.1992111206,53.9492111206,4.75,2.28225803375,0.0,False,2.65113782883,1.21432447433
density_20_nback_1_id_29,20,1,True,True,1.499820709199998,42.0002593994,25.0418186188,10.099700212483715,False,,,24.1002998352,28.4001255035,4.299825668299999,5.44708013535,0.0,False,2.26574158669,10.3469581604,24.1002998352,28.4001255035,4.299825668299999,5.44708013535,0.0,False,2.26574158669,10.3469581604
density_20_nback_1_id_2,20,1,True,True,2.0000381468999997,37.8000640869,25.044342041,9.249799251532568,False,,,24.1002006531,29.9002952576,5.8000946045,3.71493196487,0.0,False,2.30123972893,10.3717336655,24.1002006531,29.9002952576,5.8000946045,3.71493196487,0.0,False,2.30123972893,10.3717336655
density_20_nback_1_id_30,20,1,True,True,1.7507686615000004,47.8495559692,21.2421607971,9.900525569932569,False,,,28.6994743347,36.6000213623,7.900547027599998,1.62193405628,0.0,False,3.43636798859,9.55055332184,28.6994743347,36.6000213623,7.900547027599998,1.62193405628,0.0,False,3.43636798859,9.55055332184
density_20_nback_1_id_31,20,1,True,True,1.1999778747,43.1496353149,25.0223293304,8.9505691528,False,,,24.0494308472,30.7994041443,6.749973297099999,2.33780908585,0.0,False,2.33100605011,8.32172966003,24.0494308472,30.7994041443,6.749973297099999,2.33780908585,0.0,False,2.33100605011,8.32172966003
density_20_nback_1_id_32,20,1,True,True,1.7006263733000004,38.100402832,25.0266304016,8.700320005416284,False,,,24.0996799469,29.3000564575,5.200376510599998,3.78163099289,0.0,False,2.35797762871,10.3839187622,24.0996799469,29.3000564575,5.200376510599998,3.78163099289,0.0,False,2.35797762871,10.3839187622
density_20_nback_1_id_33,20,1,True,True,1.0499610901000018,41.3002243042,25.043094635,8.699869871116285,False,,,24.1001300812,30.2502155304,6.150085449199999,2.42242693901,0.0,False,2.27972269058,7.63778066635,24.1001300812,30.2502155304,6.150085449199999,2.42242693901,0.0,False,2.27972269058,7.63778066635
density_20_nback_1_id_34,20,1,True,True,2.3999481200999995,40.3499717712,25.0358161926,9.850121736483715,False,,,24.0998783112,29.4501247406,5.3502464293999985,4.4207611084,0.0,False,2.28581619263,10.2428092957,24.0998783112,29.4501247406,5.3502464293999985,4.4207611084,0.0,False,2.28581619263,10.2428092957
density_20_nback_1_id_35,20,1,False,False,,41.1506385803,,,,no TOR anchor (MULTI_UNRESOLVED),no TOR anchor (MULTI_UNRESOLVED),,,,,,,,,,,,,,,,
density_20_nback_1_id_36,20,1,True,True,1.9499168396000002,50.350112915,25.034198761,8.949890136699999,False,,,24.0501098633,31.1999225616,7.1498126983,1.92815697193,0.0,False,2.29811286926,10.3170700073,24.0501098633,31.1999225616,7.1498126983,1.92815697193,0.0,False,2.29811286926,10.3170700073
density_20_nback_1_id_37,20,1,False,False,,51.8001861572,,,,no TOR anchor (MULTI_UNRESOLVED),no TOR anchor (MULTI_UNRESOLVED),,,,,,,,,,,,,,,,
density_20_nback_1_id_38,20,1,True,True,2.049926757799998,58.5498199463,21.2203960419,18.750115632983714,False,,,28.6998844147,46.3998298645,17.699945449799998,1.41215002537,6.0,True,3.64200282097,10.9594097137,28.6998844147,46.3998298645,17.699945449799998,1.41215002537,6.0,True,3.64200282097,10.9594097137
density_20_nback_1_id_39,20,1,True,True,1.0507564544000019,81.5998840332,21.2669467926,47.600112915,False,,,28.649887085,74.4999160767,45.8500289917,2.29723906517,77.0,True,4.71326065063,9.2430267334,28.649887085,74.4999160767,45.8500289917,2.29723906517,77.0,True,4.71326065063,9.2430267334
density_20_nback_1_id_3,20,1,True,True,0.6497688293999992,36.5494689941,25.0379714966,10.099962711367432,False,,,24.050037384,31.449760437,7.399723052999999,3.27611398697,0.0,False,2.28733277321,11.3090219498,24.050037384,31.449760437,7.399723052999999,3.27611398697,0.0,False,2.28733277321,11.3090219498
density_20_nback_1_id_40,20,1,True,True,1.3500881195000005,52.2495002747,21.2598609924,15.700230121567433,False,,,28.6997699738,36.4996109009,7.7998409271000035,6.26993608475,0.0,False,1.26150643826,9.8500585556,28.6997699738,36.4996109009,7.7998409271000035,6.26993608475,0.0,False,1.26150643826,9.8500585556
density_20_nback_1_id_41,20,1,True,True,1.3994979858,73.2498016357,21.2365093231,13.550159454300001,False,,,28.6998405457,38.5496063232,9.849765777500004,5.18360185623,0.0,False,1.03600609303,9.57730579376,28.6998405457,38.5496063232,9.849765777500004,5.18360185623,0.0,False,1.03600609303,9.57730579376
density_20_nback_1_id_42,20,1,False,False,,56.7996177673,,,,no TOR anchor (MULTI_UNRESOLVED),no TOR anchor (MULTI_UNRESOLVED),,,,,,,,,,,,,,,,
density_20_nback_1_id_43,20,1,True,True,1.5506973266000017,60.0505142212,21.1963348389,14.499856233583717,False,,,28.7001438141,38.5005722046,9.800428390499999,2.48794794083,0.0,False,5.51447105408,10.1795816422,28.7001438141,38.5005722046,9.800428390499999,2.48794794083,0.0,False,5.51447105408,10.1795816422
density_20_nback_1_id_44,20,1,False,False,1.4502563475999999,61.5008049011,21.2074069977,13.049488067599999,False,lane change ABSENT_COLUMN,lane change ABSENT_COLUMN,,,,,,,,,,,,,,,,
density_20_nback_1_id_45,20,1,True,True,1.8996887206999986,56.8501052856,21.1854724884,13.249640703183715,False,,,28.7003593445,40.9506072998,12.250247955299997,1.05913794041,0.0,False,3.657340765,9.29418754578,28.7003593445,40.9506072998,12.250247955299997,1.05913794041,0.0,False,3.657340765,9.29418754578
density_20_nback_1_id_46,20,1,True,True,1.2501144408999991,52.6002655029,21.2022590637,13.399930477132568,False,,,28.7000694275,33.9500198364,5.249950408900002,5.73136091232,0.0,False,1.40755176544,9.51887893677,28.7000694275,33.9500198364,5.249950408900002,5.73136091232,0.0,False,1.40755176544,9.51887893677
density_20_nback_1_id_47,20,1,True,True,1.849779128999998,58.1507072449,21.2167263031,13.399178266516284,False,,,28.6508216858,38.2509269714,9.600105285599998,5.09765100479,0.0,False,3.21362757683,9.28008842468,28.6508216858,38.2509269714,9.600105285599998,5.09765100479,0.0,False,3.21362757683,9.28008842468
density_20_nback_1_id_48,20,1,True,True,1.9997158051000028,61.5502548218,21.1523780823,15.449712038083717,False,,,28.7502880096,42.7998199463,14.0495319367,1.25459396839,0.0,False,4.46706199646,10.9671440125,28.7502880096,42.7998199463,14.0495319367,1.25459396839,0.0,False,4.46706199646,10.9671440125
density_20_nback_1_id_49,20,1,True,True,1.8499908446999989,92.8000259399,21.2306060791,26.449954509732567,False,,,28.6500453949,54.4999809265,25.8499355316,0.588796973228,0.0,False,3.38488078117,9.49330615997,28.6500453949,54.4999809265,25.8499355316,0.588796973228,0.0,False,3.38488078117,9.49330615997
density_20_nback_1_id_4,20,1,True,True,2.0999393463999994,51.750125885,25.0384902954,10.1999111176,False,,,24.0500888824,31.1499404907,7.0998516083,3.00567698479,0.0,False,2.29565644264,10.3115625381,24.0500888824,31.1499404907,7.0998516083,3.00567698479,0.0,False,2.29565644264,10.3115625381
density_20_nback_1_id_50,20,1,False,False,,54.9497909546,,,,no TOR anchor (MULTI_UNRESOLVED),no TOR anchor (MULTI_UNRESOLVED),,,,,,,,,,,,,,,,
density_20_nback_1_id_51,20,1,True,True,1.7000007628999967,84.9002914429,21.2612819672,48.85002017021628,False,,,28.6999797821,76.8999710083,48.1999912262,0.743310987949,274.0,True,3.18570399284,9.78600978851,28.6999797821,76.8999710083,48.1999912262,0.743310987949,274.0,True,3.18570399284,9.78600978851
density_20_nback_1_id_52,20,1,True,True,1.850021362299998,90.3500061035,21.2403335571,49.3000545502,False,,,28.6999454498,75.9499588013,47.2500133515,2.88867211342,3.0,True,3.39798021317,10.2976903915,28.6999454498,75.9499588013,47.2500133515,2.88867211342,3.0,True,3.39798021317,10.2976903915
density_20_nback_1_id_53,20,1,True,True,0.5502624512000018,54.950378418,21.2329826355,13.100140333216284,False,,,28.6998596191,38.6500968933,9.950237274200003,3.51416802406,0.0,False,6.46293020248,7.76707839966,28.6998596191,38.6500968933,9.950237274200003,3.51416802406,0.0,False,6.46293020248,7.76707839966
density_20_nback_1_id_54,20,1,True,True,1.1496639251000005,45.6501922607,21.2406711578,9.44970846173257,False,,,28.6502914429,33.6500167847,4.999725341800001,4.24112987518,0.0,False,1.54278981686,9.70882606506,28.6502914429,33.6500167847,4.999725341800001,4.24112987518,0.0,False,1.54278981686,9.70882606506
density_20_nback_1_id_55,20,1,True,True,1.9001579285000005,56.5501556396,21.2297039032,16.699864864332568,False,,,28.6501350403,44.4501304626,15.7999954223,0.880927979946,0.0,False,3.45857930183,9.83480739594,28.6501350403,44.4501304626,15.7999954223,0.880927979946,0.0,False,3.45857930183,9.83480739594
density_20_nback_1_id_56,20,1,True,True,0.9499073029000016,61.5995750427,21.2103462219,10.049865722700002,False,,,28.7001342773,36.0995826721,7.3994483948,3.3347389698,0.0,False,2.1076874733,9.26192760468,28.7001342773,36.0995826721,7.3994483948,3.3347389698,0.0,False,2.1076874733,9.26192760468
density_20_nback_1_id_57,20,1,True,True,1.5000152588000013,52.7497520447,21.2363128662,15.400283336632569,False,,,28.699716568,38.2997398376,9.600023269600001,5.47133922577,0.0,False,5.37771320343,9.33575248718,28.699716568,38.2997398376,9.600023269600001,5.47133922577,0.0,False,5.37771320343,9.33575248718
density_20_nback_1_id_5,20,1,True,True,2.1996612549000005,157.850021362,25.0417633057,15.349723100683715,False,,,24.100276947,35.5999832153,11.499706268299999,5.56613397598,0.0,False,3.11201334,10.3111858368,24.100276947,35.5999832153,11.499706268299999,5.56613397598,0.0,False,3.11201334,10.3111858368
density_20_nback_1_id_6,20,1,True,True,1.3498344421000006,48.2993927002,25.0222396851,8.900510072683716,False,,,24.049489975,30.9001846313,6.8506946563,2.12009501457,0.0,False,3.71381592751,9.21671962738,24.049489975,30.9001846313,6.8506946563,2.12009501457,0.0,False,3.71381592751,9.21671962738
density_20_nback_1_id_7,20,1,True,True,1.3496818542,40.6007804871,25.0362491608,9.149430513383717,False,,,24.0505695343,30.3001117706,6.249542236300002,2.99621701241,0.0,False,2.27606487274,9.29166316986,24.0505695343,30.3001117706,6.249542236300002,2.99621701241,0.0,False,2.27606487274,9.29166316986
density_20_nback_1_id_8,20,1,True,True,1.7502937316999976,44.1493759155,25.0223484039,9.10049295426743,False,,,24.0495071411,28.6498985291,4.6003913879999985,4.97216415405,0.0,False,2.29826903343,10.2799491882,24.0495071411,28.6498985291,4.6003913879999985,4.97216415405,0.0,False,2.29826903343,10.2799491882
density_20_nback_1_id_9,20,1,True,True,1.4499797821000016,51.9503097534,21.181438446,14.14971303943257,False,,,28.7002868652,34.9505767822,6.2502899170000035,5.64299297333,0.0,False,1.11775720119,9.64453697205,28.7002868652,34.9505767822,6.2502899170000035,5.64299297333,0.0,False,1.11775720119,9.64453697205
density_20_nback_2_id_10,20,2,True,True,1.6991462706999982,69.7992706299,26.4029178619,11.150000810583713,False,,,43.5499992371,54.299987793,10.749988555899996,0.425467014313,0.0,False,1.40434753895,8.25148963928,43.5499992371,54.299987793,10.749988555899996,0.425467014313,0.0,False,1.40434753895,8.25148963928
density_20_nback_2_id_11,20,2,True,True,1.5995368958,68.2992477417,22.289604187,7.75034570696743,False,,,49.1496543884,55.8493270874,6.699672698999997,1.12340700626,0.0,False,3.0355360508,3.37350463867,49.1496543884,55.8493270874,6.699672698999997,1.12340700626,0.0,False,3.0355360508,3.37350463867
density_20_nback_2_id_12,20,2,True,True,0.5000648498999993,63.6999702454,22.2650241852,7.0999221801999965,False,,,49.1500778198,54.2501792908,5.100101470999995,1.99005997181,0.0,False,1.66705977917,2.46805596352,49.1500778198,54.2501792908,5.100101470999995,1.99005997181,0.0,False,1.66705977917,2.46805596352
density_20_nback_2_id_13,20,2,True,True,3.600982666,63.499382019,22.2690830231,7.70100927353257,False,,,49.1489906311,56.249168396,7.100177764900003,0.612591981888,0.0,False,3.04459643364,2.26706504822,49.1489906311,56.249168396,7.100177764900003,0.612591981888,0.0,False,3.04459643364,2.26706504822
density_20_nback_2_id_14,20,2,True,True,1.2501945496000033,56.7998008728,22.2965164185,7.100078582800002,False,,,49.1499214172,52.8999023438,3.749980926600003,3.29495501518,0.0,False,3.0834839344,1.5023702383,49.1499214172,52.8999023438,3.749980926600003,3.29495501518,0.0,False,3.0834839344,1.5023702383
density_20_nback_2_id_15,20,2,False,False,1.3496932983000036,83.19921875,22.3028926849,28.250524997667434,False,lane change ABSENT_COLUMN,lane change ABSENT_COLUMN,,,,,,,,,,,,,,,,
density_20_nback_2_id_16,20,2,True,True,1.899322509800001,67.950012207,22.3052349091,7.150044202816282,False,,,49.1499557495,54.8000221252,5.6500663757,1.46444499493,0.0,False,3.03276157379,2.06782627106,49.1499557495,54.8000221252,5.6500663757,1.46444499493,0.0,False,3.03276157379,2.06782627106
density_20_nback_2_id_17,20,2,True,True,1.8494071960000014,65.0496139526,22.0918769836,6.800125837316287,False,,,49.249874115,54.4994621277,5.249588012700002,1.55302095413,0.0,False,3.09157466888,2.74387121201,49.249874115,54.4994621277,5.249588012700002,1.55302095413,0.0,False,3.09157466888,2.74387121201
density_20_nback_2_id_18,20,2,True,True,0.8498191832999993,88.3495254517,22.2756690979,27.50056314466743,False,,,49.1494369507,75.2994842529,26.1500473022,1.68034696579,0.0,False,2.93519973755,9.95471858978,49.1494369507,75.2994842529,26.1500473022,1.68034696579,0.0,False,2.93519973755,9.95471858978
density_20_nback_2_id_19,20,2,True,True,1.6502914428999986,69.1507720947,22.0374622345,7.1497559547674285,False,,,49.2502441406,54.7501335144,5.499889373799995,1.5712120533,0.0,False,2.36043548584,1.32868266106,49.2502441406,54.7501335144,5.499889373799995,1.5712120533,0.0,False,2.36043548584,1.32868266106
density_20_nback_2_id_1,20,2,True,True,1.8498687744000009,73.7498168945,22.0215587616,14.699488878283717,False,,,49.2505111694,62.5005531311,13.2500419617,1.7142829895,3.0,True,5.3566532135,11.4264945984,49.2505111694,62.5005531311,13.2500419617,1.7142829895,3.0,True,5.3566532135,11.4264945984
density_20_nback_2_id_20,20,2,False,False,1.6995201111,85.2001724243,26.440246582,11.199646711316284,False,lane change ABSENT_COLUMN,lane change ABSENT_COLUMN,,,,,,,,,,,,,,,,
density_20_nback_2_id_21,20,2,True,True,2.2492790221999996,66.6497650146,22.2700195312,7.249601840967429,False,,,49.1503982544,54.8496513367,5.699253082299997,1.57025802135,0.0,False,3.03733944893,2.11723875999,49.1503982544,54.8496513367,5.699253082299997,1.57025802135,0.0,False,3.03733944893,2.11723875999
density_20_nback_2_id_22,20,2,True,True,2.0500259399999976,59.5996780396,22.2740936279,7.350345611599998,False,,,49.1496543884,55.8995552063,6.749900817899999,0.627830028534,0.0,False,3.03216981888,3.27053833008,49.1496543884,55.8995552063,6.749900817899999,0.627830028534,0.0,False,3.03216981888,3.27053833008
density_20_nback_2_id_23,20,2,True,True,4.900451660100003,69.700302124,22.1430549622,15.000045061083718,False,,,49.1999549866,63.7998352051,14.599880218500005,0.460451006889,9.0,True,6.3233628273,11.6270160675,49.1999549866,63.7998352051,14.599880218500005,0.460451006889,9.0,True,6.3233628273,11.6270160675
density_20_nback_2_id_24,20,2,False,False,6.900520324700004,68.3498764038,22.2498340607,9.8002471924,False,lane change ABSENT_COLUMN,lane change ABSENT_COLUMN,,,,,,,,,,,,,,,,
density_20_nback_2_id_25,20,2,True,True,1.099700927699999,67.3497924805,24.9982910156,8.150355577483715,False,,,45.5496444702,51.6000480652,6.050403594999999,2.03575491905,0.0,False,2.30158925056,6.39564752579,45.5496444702,51.6000480652,6.050403594999999,2.03575491905,0.0,False,2.30158925056,6.39564752579
density_20_nback_2_id_26,20,2,True,True,2.0006027222,63.0002250671,22.2815704346,7.050158739083713,False,,,49.1498413086,55.5002593994,6.350418090799998,0.705081999302,0.0,False,3.07751083374,2.22899746895,49.1498413086,55.5002593994,6.350418090799998,0.705081999302,0.0,False,3.07751083374,2.22899746895
density_20_nback_2_id_27,20,2,True,True,1.6494293212999978,68.4496765137,26.4200668335,11.099897861467433,False,,,43.5501022339,50.5000267029,6.949924469000003,2.8185300827,0.0,False,2.5827229023,7.4953827858,43.5501022339,50.5000267029,6.949924469000003,2.8185300827,0.0,False,2.5827229023,7.4953827858
density_20_nback_2_id_28,20,2,True,True,1.4998817443999997,68.2499008179,22.2299823761,7.69977807996743,False,,,49.2002220154,56.2507858276,7.0505638121999965,0.635510981083,0.0,False,3.05754566193,3.28820824623,49.2002220154,56.2507858276,7.0505638121999965,0.635510981083,0.0,False,3.05754566193,3.28820824623
density_20_nback_2_id_29,20,2,True,True,1.8000259398999958,65.0500793457,22.0991573334,7.100781917532565,False,,,49.2492179871,53.8500442505,4.600826263399995,2.44662809372,0.0,False,2.40883731842,2.42623925209,49.2492179871,53.8500442505,4.600826263399995,2.44662809372,0.0,False,2.40883731842,2.42623925209
density_20_nback_2_id_2,20,2,True,True,1.9993705748999986,61.4508857727,22.274143219,7.499422550167431,False,,,49.1505775452,54.9009208679,5.750343322699997,1.69127202034,0.0,False,3.07914090157,2.11658620834,49.1505775452,54.9009208679,5.750343322699997,1.69127202034,0.0,False,3.07914090157,2.11658620834
density_20_nback_2_id_30,20,2,True,True,1.8500671386999983,68.8001708984,26.4156112671,11.29940557483257,False,,,43.5505943298,53.7003555298,10.1497612,1.3290990591,0.0,False,2.63272595406,10.974199295,43.5505943298,53.7003555298,10.1497612,1.3290990591,0.0,False,2.63272595406,10.974199295
density_20_nback_2_id_31,20,2,True,True,1.7498931885000033,70.2499160767,22.2691116333,12.65011358263257,False,,,49.199886322,61.0997810364,11.899894714400006,0.872286021709,0.0,False,5.95265054703,9.20575332642,49.199886322,61.0997810364,11.899894714400006,0.872286021709,0.0,False,5.95265054703,9.20575332642
density_20_nback_2_id_32,20,2,True,True,1.4998703003000031,64.1500473022,22.2995948792,9.500330448167432,False,,,49.1496696472,57.6994934082,8.549823760999999,1.08340799809,0.0,False,6.61158657074,8.29080581665,49.1496696472,57.6994934082,8.549823760999999,1.08340799809,0.0,False,6.61158657074,8.29080581665
density_20_nback_2_id_33,20,2,True,True,1.8000602721999996,65.4493026733,22.214427948,6.900819301632566,False,,,49.199180603,55.1993255615,6.000144958499995,0.908510029316,0.0,False,3.06923031807,3.15421414375,49.199180603,55.1993255615,6.000144958499995,0.908510029316,0.0,False,3.06923031807,3.15421414375
density_20_nback_2_id_34,20,2,True,True,1.7001342773000019,63.2500305176,22.2775154114,7.150037288632568,False,,,49.199962616,54.0508041382,4.8508415222,2.21646595001,0.0,False,3.09251642227,1.82145273685,49.199962616,54.0508041382,4.8508415222,2.21646595001,0.0,False,3.09251642227,1.82145273685
density_20_nback_2_id_35,20,2,True,True,1.9498558044999967,64.050491333,22.2721920013,6.949506282832566,False,,,49.1504936218,54.5505027771,5.400009155299998,1.49084997177,0.0,False,3.04762077332,2.14616203308,49.1504936218,54.5505027771,5.400009155299998,1.49084997177,0.0,False,3.04762077332,2.14616203308
density_20_nback_2_id_36,20,2,True,True,1.7500610350999963,60.349571228,22.2554912567,7.099857330299997,False,,,49.1501426697,55.3002510071,6.150108337399999,0.922474980354,0.0,False,3.09988260269,1.83413863182,49.1501426697,55.3002510071,6.150108337399999,0.922474980354,0.0,False,3.09988260269,1.83413863182
density_20_nback_2_id_37,20,2,False,False,3.3002433776000046,72.5502166748,26.4237632751,12.599997043567434,False,lane change ABSENT_COLUMN,lane change ABSENT_COLUMN,,,,,,,,,,,,,,,,
density_20_nback_2_id_38,20,2,False,False,2.5996932982999965,65.3007659912,26.4171848297,8.299603939032565,False,lane change ABSENT_COLUMN,lane change ABSENT_COLUMN,,,,,,,,,,,,,,,,
density_20_nback_2_id_39,20,2,True,True,1.3493194580000036,110.650108337,26.4407176971,59.199742078816286,False,,,43.6002578735,101.30040741,57.70014953650001,2.87801790237,174.0,True,2.52299785614,6.61345338821,43.6002578735,101.30040741,57.70014953650001,2.87801790237,174.0,True,2.52299785614,6.61345338821
density_20_nback_2_id_3,20,2,True,True,1.7001190185999988,60.2998695374,22.2476444244,7.549903154383713,False,,,49.1500968933,55.7500152588,6.599918365499995,0.913424015045,0.0,False,3.12618398666,3.04174804688,49.1500968933,55.7500152588,6.599918365499995,0.913424015045,0.0,False,3.12618398666,3.04174804688
density_20_nback_2_id_40,20,2,True,True,2.4006805419999964,68.4497680664,26.4063777924,16.85009241106743,False,,,43.5499076843,58.099811554,14.549903869699996,2.71417307854,4.0,True,1.7474591732,6.58641672134,43.5499076843,58.099811554,14.549903869699996,2.71417307854,4.0,True,1.7474591732,6.58641672134
density_20_nback_2_id_41,20,2,True,True,1.6995773315000022,146.550476074,26.423828125,78.79936361313257,False,,,43.5506362915,121.049949646,77.4993133545,1.58332300186,2.0,True,2.33896780014,4.97015810013,43.5506362915,121.049949646,77.4993133545,1.58332300186,2.0,True,2.33896780014,4.97015810013
density_20_nback_2_id_42,20,2,False,False,2.6501426696999957,80.3497619629,26.4169044495,12.049699306532567,False,lane change ABSENT_COLUMN,lane change ABSENT_COLUMN,,,,,,,,,,,,,,,,
density_20_nback_2_id_43,20,2,True,True,2.2000350952000005,72.3506088257,26.4156417847,12.949653625499998,False,,,43.5503463745,55.0496902466,11.499343872099999,1.46337497234,0.0,False,2.27568650246,7.98327493668,43.5503463745,55.0496902466,11.499343872099999,1.46337497234,0.0,False,2.27568650246,7.98327493668
density_20_nback_2_id_44,20,2,True,True,1.449985504099999,68.8502197266,26.4215965271,11.400226593,False,,,43.599773407,52.9001655579,9.300392150900002,1.63724696636,0.0,False,2.26617765427,9.78122234344,43.599773407,52.9001655579,9.300392150900002,1.63724696636,0.0,False,2.26617765427,9.78122234344
density_20_nback_2_id_45,20,2,True,True,1.8998947143999985,90.1003036499,26.4189796448,12.049817562132567,False,,,43.5501823425,54.7500801086,11.199897766100001,0.908007025719,0.0,False,1.7657995224,5.54937553406,43.5501823425,54.7500801086,11.199897766100001,0.908007025719,0.0,False,1.7657995224,5.54937553406
density_20_nback_2_id_46,20,2,True,True,1.3000526427999972,66.4502716064,26.416059494,8.449848175,False,,,43.550151825,50.4507331848,6.9005813598,0.982340991497,0.0,False,1.76489031315,3.39377593994,43.550151825,50.4507331848,6.9005813598,0.982340991497,0.0,False,1.76489031315,3.39377593994
density_20_nback_2_id_47,20,2,True,True,2.299621582100002,78.1994094849,26.4264583588,17.299746036567434,False,,,43.6002540588,60.6994552612,17.099201202400003,0.215359002352,9.0,True,3.28078913689,10.7540712357,43.6002540588,60.6994552612,17.099201202400003,0.215359002352,9.0,True,3.28078913689,10.7540712357
density_20_nback_2_id_48,20,2,False,False,1.7006149292000003,82.9501266479,26.4136238098,9.650440216100002,False,lane change ABSENT_COLUMN,lane change ABSENT_COLUMN,,,,,,,,,,,,,,,,
density_20_nback_2_id_49,20,2,False,False,2.7998733519999988,106.949821472,26.4052371979,26.450305938699998,False,lane change ABSENT_COLUMN,lane change ABSENT_COLUMN,,,,,,,,,,,,,,,,
density_20_nback_2_id_4,20,2,True,True,1.8004112242999994,62.3003311157,22.2531299591,7.19998693463257,False,,,49.15001297,54.3006248474,5.150611877400003,1.98686003685,0.0,False,3.05090045929,1.97579789162,49.15001297,54.3006248474,5.150611877400003,1.98686003685,0.0,False,3.05090045929,1.97579789162
density_20_nback_2_id_50,20,2,True,True,2.7997398376999953,75.400062561,26.418264389,16.449951171899997,False,,,43.5500488281,59.0503158569,15.500267028799996,0.959644973278,5.0,True,3.9297478199,7.01021242142,43.5500488281,59.0503158569,15.500267028799996,0.959644973278,5.0,True,3.9297478199,7.01021242142
density_20_nback_2_id_51,20,2,True,True,2.449180603000002,70.4496002197,26.4145736694,11.349997043567434,False,,,43.5500030518,54.1999206543,10.649917602500004,0.855988025665,0.0,False,1.78114712238,10.7591133118,43.5500030518,54.1999206543,10.649917602500004,0.855988025665,0.0,False,1.78114712238,10.7591133118
density_20_nback_2_id_52,20,2,True,True,2.2003898620000015,136.349609375,26.4230575562,79.25032567973257,False,,,43.5996742249,120.799491882,77.1998176571,2.29117894173,15.0,True,2.26470065117,9.84843730927,43.5996742249,120.799491882,77.1998176571,2.29117894173,15.0,True,2.26470065117,9.84843730927
density_20_nback_2_id_53,20,2,True,True,1.4001197814999955,62.699382782,26.426574707,7.500775814032565,False,,,43.5992240906,49.0991744995,5.499950408899998,1.99511098862,0.0,False,2.29907441139,4.2587761879,43.5992240906,49.0991744995,5.499950408899998,1.99511098862,0.0,False,2.29907441139,4.2587761879
density_20_nback_2_id_54,20,2,True,True,1.4497718810999984,64.8498916626,26.4087696075,11.050240993532569,False,,,43.5497589111,51.449672699,7.899913787899997,1.69477403164,0.0,False,2.22998547554,5.11986589432,43.5497589111,51.449672699,7.899913787899997,1.69477403164,0.0,False,2.22998547554,5.11986589432
density_20_nback_2_id_55,20,2,True,True,3.6501426696999957,96.7500762939,26.4418010712,37.8998031616,False,,,43.6001968384,80.7505874634,37.15039062499999,0.908939003944,214.0,True,2.90547084808,11.9433603287,43.6001968384,80.7505874634,37.15039062499999,0.908939003944,214.0,True,2.90547084808,11.9433603287
density_20_nback_2_id_56,20,2,False,False,1.899806976299999,71.8003158569,26.4283943176,10.149642944299998,False,lane change ABSENT_COLUMN,lane change ABSENT_COLUMN,,,,,,,,,,,,,,,,
density_20_nback_2_id_57,20,2,True,True,1.749942779500003,56.8000450134,26.43866539,7.749841213232571,False,,,43.6001586914,47.8501586914,4.25,3.40918302536,0.0,False,2.25278711319,4.19850206375,43.6001586914,47.8501586914,4.25,3.40918302536,0.0,False,2.25278711319,4.19850206375
density_20_nback_2_id_5,20,2,True,True,2.0499496459999946,76.0003890991,22.2742328644,17.74973917006743,False,,,49.1502609253,64.9999847412,15.849723815899992,2.47045707703,0.0,False,3.09404802322,8.89295482635,49.1502609253,64.9999847412,15.849723815899992,2.47045707703,0.0,False,3.09404802322,8.89295482635
density_20_nback_2_id_6,20,2,True,True,1.349647522000005,62.8007507324,27.7778263092,9.299367427832571,False,,,37.8006324768,44.0003890991,6.199756622300001,2.81031107903,0.0,False,0.0277627762407,8.86293888092,37.8006324768,44.0003890991,6.199756622300001,2.81031107903,0.0,False,0.0277627762407,8.86293888092
density_20_nback_2_id_7,20,2,True,True,1.6500740051000022,64.149230957,22.2624206543,7.099987030000001,False,,,49.15001297,55.0495567322,5.899543762200004,1.20496404171,0.0,False,3.09126830101,1.75692403316,49.15001297,55.0495567322,5.899543762200004,1.20496404171,0.0,False,3.09126830101,1.75692403316
density_20_nback_2_id_8,20,2,True,True,1.6500701904999957,77.9502410889,22.1887550354,7.149842739132566,False,,,49.2001571655,53.2002258301,4.0000686646000005,3.0341489315,0.0,False,3.02155637741,2.52008080482,49.2001571655,53.2002258301,4.0000686646000005,3.0341489315,0.0,False,3.02155637741,2.52008080482
density_20_nback_2_id_9,20,2,True,True,1.4000015258000005,89.5502319336,26.4232730865,38.05006265636743,False,,,43.599937439,78.6999053955,35.099967956499995,2.8720369339,100.0,True,3.13333487511,6.61578702927,43.599937439,78.6999053955,35.099967956499995,2.8720369339,100.0,True,3.13333487511,6.61578702927
