trial_id,participant_id,density,nback,cell,record_start_epoch,record_end_epoch,tor_state,n_raw_tor_values,TOR_ANCHORED,OWNER_WINDOW_ELIGIBLE,LANE_CHANGE_ANCHORED,MANUAL_WINDOW_ELIGIBLE,lane_change_state,lane_change_vs_handback,handback_state,t_button_s,tor_to_lane_change_s,min_ttc_s,vehicle_max_decel_mps2,vehicle_max_accel_mps2,tor_to_handback_s,manual_start_to_handback_s,lane_change_to_handback_s,exposure,gap_from_previous_trial_min
density_10_nback_1_id_1,1,10,1,d10_n1,1697441334.0,1697441412.7,SINGLE,1,True,True,True,True,VALIDATED,BEFORE_HANDBACK,SINGLE,1.500343322700001,6.899547576900002,4.47550201416,11.5595588684,0.258344680071,22.5004386901,21.0000953674,15.6008911132,1,
density_10_nback_2_id_1,1,10,2,d10_n2,1697441802.0,1697441878.8,SINGLE,1,True,True,True,True,VALIDATED,BEFORE_HANDBACK,SINGLE,2.299533843900001,4.799474716100001,4.07742023468,3.61215901375,-0.388805299997,19.8003578186,17.500823974699998,15.000883102499998,2,6.488333332538605
density_10_nback_0_id_1,1,10,0,d10_n0,1697442344.0,1697442419.9,SINGLE,1,True,True,True,True,VALIDATED,BEFORE_HANDBACK,SINGLE,0.8509464264000002,4.399999618599999,3.54659509659,10.371008873,-0.301758229733,24.6010379791,23.7500915527,20.2010383605,3,7.753333334128062
density_20_nback_0_id_1,1,20,0,d20_n0,1697442634.0,1697442739.3,MISSING_TOR_COLUMN,0,False,False,False,False,VALIDATED,NO_TOR_ANCHOR,SINGLE,,,,,,,27.499267578100003,,4,3.5683333317438763
density_20_nback_1_id_1,1,20,1,d20_n1,1697443053.0,1697443133.6,SINGLE,1,True,True,True,True,VALIDATED,BEFORE_HANDBACK,SINGLE,0.9991703032999979,12.300006866399997,5.98367214203,12.0473508835,2.75679564476,26.399868011399995,25.400697708099997,14.099861144999998,5,5.228333334128062
density_0_nback_2_id_1,1,0,2,d0_n2,1697443410.0,1697443489.2,MISSING_TOR_COLUMN,0,False,False,False,False,VALIDATED,NO_TOR_ANCHOR,SINGLE,,,,,,,18.0999679565,,6,4.606666668256124
density_0_nback_1_id_1,1,0,1,d0_n1,1697443692.0,1697443777.3,SINGLE,1,True,True,True,True,VALIDATED,BEFORE_HANDBACK,SINGLE,1.6507148741999984,10.8006210327,3.37400507927,8.43417167664,4.74715805054,20.9504699707,19.2997550965,10.149848937999998,7,3.3799999992052716
density_20_nback_2_id_1,1,20,2,d20_n2,1697444012.0,1697444115.85,SINGLE,1,True,True,True,True,VALIDATED,BEFORE_HANDBACK,SINGLE,1.8498687744000009,13.2500419617,1.7142829895,11.4264945984,5.3566532135,24.4993057251,22.6494369507,11.249263763400002,8,3.9116666674613954
density_0_nback_0_id_1,1,0,0,d0_n0,1697444357.0,1697444431.45,SINGLE,1,True,True,True,True,VALIDATED,BEFORE_HANDBACK,SINGLE,1.2991638182999985,5.049386978099999,3.58629107475,8.33090019226,0.189552724361,14.850187301599998,13.5510234833,9.800800323499999,9,4.019166668256124
density_0_nback_1_id_2,2,0,1,d0_n1,1697448732.0,1697448803.3,SINGLE,1,True,True,True,True,VALIDATED,BEFORE_HANDBACK,MULTI_FIRST_TAKEN_AS_END_OF_FIRST_MANUAL_EPISODE,1.5492820739000024,6.2998046875,3.19144010544,0.548921585083,0.32598015666,6.9998588561999995,5.450576782299997,0.7000541686999995,1,
density_0_nback_0_id_2,2,0,0,d0_n0,1697449162.0,1697449228.95,SINGLE,1,True,True,True,True,VALIDATED,BEFORE_HANDBACK,MULTI_FIRST_TAKEN_AS_END_OF_FIRST_MANUAL_EPISODE,1.850564956600003,5.950031280500003,2.36789894104,2.7688639164,0.145696535707,7.3500900268,5.499525070199997,1.4000587462999974,2,5.978333334128062
density_0_nback_2_id_2,2,0,2,d0_n2,1697449459.0,1697449537.65,SINGLE,1,True,True,True,True,VALIDATED,BEFORE_HANDBACK,SINGLE,1.950458526600002,5.799953460600001,1.62840497494,1.39629483223,0.220004379749,16.7995071411,14.8490486145,10.9995536805,3,3.834166665871938
density_20_nback_2_id_2,2,20,2,d20_n2,1697449741.0,1697449832.6,SINGLE,1,True,True,True,True,VALIDATED,BEFORE_HANDBACK,SINGLE,1.9993705748999986,5.750343322699997,1.69127202034,2.11658620834,3.07914090157,12.300308227499997,10.300937652599998,6.5499649047999995,4,3.3891666650772097
density_10_nback_0_id_2,2,10,0,d10_n0,1697450505.0,1697450568.1,SINGLE,1,True,True,True,True,VALIDATED,BEFORE_HANDBACK,SINGLE,1.7006969452000007,5.200420379699999,2.58954405785,1.34847581387,0.0912267640233,11.850093841600003,10.149396896400003,6.649673461900004,5,11.206666668256124
density_20_nback_1_id_2,2,20,1,d20_n1,1697450689.0,1697450756.9,MULTI_RESOLVED_BY_PROTOCOL_TTC,2,True,True,True,True,VALIDATED,BEFORE_HANDBACK,SINGLE,2.0000381468999997,5.8000946045,3.71493196487,10.3717336655,2.30123972893,13.699863433800001,11.699825286900001,7.899768829300001,6,2.015000001589457
density_10_nback_1_id_2,2,10,1,d10_n1,1697450932.0,1697451001.75,SINGLE,1,True,True,True,True,VALIDATED,BEFORE_HANDBACK,SINGLE,1.8508834838999988,6.099990844799997,3.03468489647,6.6254992485,0.124444440007,13.550052642899999,11.699169159,7.450061798100002,7,2.918333331743876
density_20_nback_0_id_2,2,20,0,d20_n0,1697451188.0,1697451281.2,SINGLE,1,True,True,True,True,VALIDATED,BEFORE_HANDBACK,SINGLE,1.6995506287000026,6.499439239499999,2.59409093857,4.63708019257,1.73246991634,14.4000587464,12.700508117699997,7.9006195069,8,3.1041666666666665
density_10_nback_2_id_2,2,10,2,d10_n2,1697451434.0,1697451504.05,SINGLE,1,True,True,True,True,VALIDATED,BEFORE_HANDBACK,SINGLE,1.8999748230000009,6.299961090100002,3.06902694702,4.02153968811,0.266808450222,12.999305725099997,11.099330902099997,6.699344634999996,9,2.546666665871938
density_20_nback_0_id_3,3,20,0,d20_n0,1697456194.0,1697456299.3,SINGLE,1,True,True,True,True,VALIDATED,BEFORE_HANDBACK,MULTI_FIRST_TAKEN_AS_END_OF_FIRST_MANUAL_EPISODE,1.5004653931000007,22.7004508972,0.746950984001,11.4387779236,3.09977459908,26.50059890749999,25.00013351439999,3.800148010299992,1,
density_20_nback_1_id_3,3,20,1,d20_n1,1697456951.0,1697457017.7,SINGLE,1,True,True,True,True,VALIDATED,BEFORE_HANDBACK,SINGLE,0.6497688293999992,7.399723052999999,3.27611398697,11.3090219498,2.28733277321,12.499431610100004,11.849662780700005,5.099708557100005,2,10.861666667461396
density_10_nback_2_id_3,3,10,2,d10_n2,1697457505.0,1697457577.25,SINGLE,1,True,True,True,True,VALIDATED,BEFORE_HANDBACK,SINGLE,0.34967613219999905,8.199913024899999,2.79961395264,8.12799739838,1.22978794575,15.1501312256,14.8004550934,6.9502182007,3,8.121666665871938
density_20_nback_2_id_3,3,20,2,d20_n2,1697458482.0,1697458572.45,SINGLE,1,True,True,True,True,VALIDATED,BEFORE_HANDBACK,SINGLE,1.7001190185999988,6.599918365499995,0.913424015045,3.04174804688,3.12618398666,11.149772644099997,9.449653625499998,4.549854278600002,4,15.079166666666667
density_10_nback_1_id_3,3,10,1,d10_n1,1697458771.0,1697458839.7,SINGLE,1,True,True,True,True,VALIDATED,BEFORE_HANDBACK,SINGLE,2.8502769469999976,6.600263595599998,2.15124607086,9.028216362,0.546798288822,12.549871444699995,9.699594497699998,5.949607849099998,5,3.309166665871938
density_0_nback_0_id_3,3,0,0,d0_n0,1697459001.0,1697459069.55,SINGLE,1,True,True,True,True,VALIDATED,BEFORE_HANDBACK,SINGLE,0.6002902984000009,4.899396896300001,2.49278998375,1.06800448895,0.250836014748,8.999696731499998,8.399406433099998,4.100299835199998,6,2.6883333325386047
density_10_nback_0_id_3,3,10,0,d10_n0,1697459286.0,1697459347.6,SINGLE,1,True,True,True,True,VALIDATED,BEFORE_HANDBACK,SINGLE,1.9997444153000004,5.349985122699998,2.65151309967,1.43491005898,-0.298798471689,10.399747848499999,8.400003433199998,5.049762725800001,7,3.6075000007947287
density_0_nback_1_id_3,3,0,1,d0_n1,1697459650.0,1697459728.9,SINGLE,1,True,True,True,True,VALIDATED,BEFORE_HANDBACK,SINGLE,2.2510375976000034,6.900863647400001,3.33133006096,0.545880615711,-0.0970422998071,14.600997924800005,12.349960327200002,7.700134277400004,8,5.0400000015894575
density_0_nback_2_id_3,3,0,2,d0_n2,1697459902.0,1697459977.5,MISSING_TOR_COLUMN,0,False,False,False,False,VALIDATED,NO_TOR_ANCHOR,SINGLE,,,,,,,14.750484466500001,,9,2.8849999984105428
density_0_nback_2_id_4,4,0,2,d0_n2,1697873843.0,1697873922.15,SINGLE,1,True,True,True,True,VALIDATED,BEFORE_HANDBACK,SINGLE,0.3998394012000013,3.8999958037999995,3.44573903084,0.435666888952,-0.217752099037,17.2995700836,16.899730682399998,13.3995742798,1,
density_0_nback_1_id_4,4,0,1,d0_n1,1697874330.0,1697874409.7,SINGLE,1,True,True,True,True,VALIDATED,BEFORE_HANDBACK,SINGLE,3.100044250499998,6.949630737299998,3.27011609077,0.550861775875,-0.0045305644162,15.400028228700002,12.299983978200004,8.450397491400004,2,6.797499998410543
density_10_nback_0_id_4,4,10,0,d10_n0,1697874737.0,1697874798.3,SINGLE,1,True,True,True,True,VALIDATED,BEFORE_HANDBACK,SINGLE,2.2994575501000014,5.349437713700002,2.70977711678,1.54854404926,-0.291087150574,10.0489196778,7.749462127699999,4.6994819640999985,3,5.454999999205271
density_0_nback_0_id_4,4,0,0,d0_n0,1697875848.0,1697875919.85,SINGLE,1,True,True,True,True,VALIDATED,BEFORE_HANDBACK,SINGLE,0.8996620177999972,4.100028991699997,3.34053993225,1.64345860481,0.179009959102,12.2505950927,11.350933074900002,8.150566101000003,4,17.49500000079473
density_10_nback_1_id_4,4,10,1,d10_n1,1697876212.0,1697876280.0,SINGLE,1,True,True,True,True,VALIDATED,BEFORE_HANDBACK,SINGLE,3.7498664855999984,5.899873733499998,2.91204094887,9.19134521484,1.22698748112,11.8498516083,8.099985122700001,5.949977874800002,5,4.869166668256124
density_20_nback_2_id_4,4,20,2,d20_n2,1697876569.0,1697876661.45,SINGLE,1,True,True,True,True,VALIDATED,BEFORE_HANDBACK,SINGLE,1.8004112242999994,5.150611877400003,1.98686003685,1.97579789162,3.05090045929,13.150318145699998,11.349906921399999,7.999706268299995,6,4.816666666666666
density_10_nback_2_id_4,4,10,2,d10_n2,1697876931.0,1697876999.8,SINGLE,1,True,True,True,True,VALIDATED,BEFORE_HANDBACK,SINGLE,2.4500751496,5.699995040900003,2.62992596626,3.10039520264,-0.297358781099,11.800359726,9.3502845764,6.100364685099997,7,4.492499999205271
density_20_nback_1_id_4,4,20,1,d20_n1,1697877206.0,1697877287.9,SINGLE,1,True,True,True,True,VALIDATED,BEFORE_HANDBACK,SINGLE,2.0999393463999994,7.0998516083,3.00567698479,10.3115625381,2.29565644264,27.700037002600002,25.600097656200003,20.600185394300002,8,3.4366666674613953
density_20_nback_0_id_4,4,20,0,d20_n0,1697877578.0,1697877672.45,SINGLE,1,True,True,True,True,VALIDATED,BEFORE_HANDBACK,SINGLE,0.7001953125,3.549991607700001,3.58638191223,0.351333081722,0.248858556151,15.650127410900005,14.949932098400005,12.100135803200004,9,4.8349999984105425
density_10_nback_1_id_5,5,10,1,d10_n1,1697469666.0,1697469742.4,SINGLE,1,True,True,True,True,VALIDATED,BEFORE_HANDBACK,SINGLE,2.6498641966999976,7.700235366800001,2.78003311157,9.43689537048,0.211416974664,20.250371932900002,17.600507736200004,12.5501365661,1,
density_10_nback_2_id_5,5,10,2,d10_n2,1697470118.0,1697470195.35,SINGLE,1,True,True,True,True,VALIDATED,BEFORE_HANDBACK,SINGLE,2.600114822400002,8.099733352700003,1.38904905319,3.81442952156,0.0323051735759,20.300092697200004,17.699977874800002,12.2003593445,2,6.259999998410543
density_10_nback_0_id_5,5,10,0,d10_n0,1697470364.0,1697470436.8,SINGLE,1,True,True,True,True,VALIDATED,BEFORE_HANDBACK,SINGLE,2.2001686095999986,6.0995483399,2.03674292564,1.50631594658,-0.140283659101,21.600030899100002,19.399862289500003,15.500482559200002,3,2.8108333349227905
density_20_nback_0_id_5,5,20,0,d20_n0,1697470683.0,1697470791.7,SINGLE,1,True,True,True,True,VALIDATED,BEFORE_HANDBACK,SINGLE,1.649585723899996,16.45004653929999,1.52995705605,6.28911972046,1.84485006332,29.950016021799996,28.3004302979,13.499969482500006,4,4.103333334128062
density_0_nback_2_id_5,5,0,2,d0_n2,1697470944.0,1697471030.95,SINGLE,1,True,True,True,True,VALIDATED,BEFORE_HANDBACK,SINGLE,1.8000087737999984,6.650167465200003,3.85477209091,5.31436729431,0.446146398783,25.0500087738,23.25,18.399841308599996,5,2.538333332538605
density_20_nback_1_id_5,5,20,1,d20_n1,1697471231.0,1697471418.95,MULTI_RESOLVED_BY_PROTOCOL_TTC,2,True,True,True,True,VALIDATED,BEFORE_HANDBACK,SINGLE,2.1996612549000005,11.499706268299999,5.56613397598,10.3111858368,3.11201334,133.749744415,131.5500831601,122.2500381467,6,3.334166665871938
density_0_nback_1_id_5,5,0,1,d0_n1,1697471627.0,1697471711.7,SINGLE,1,True,True,True,True,VALIDATED,BEFORE_HANDBACK,SINGLE,2.400051116900002,7.550506591800001,2.50110697746,0.871745228767,0.940197408199,20.3505363464,17.950485229499996,12.800029754599997,7,3.4674999992052715
density_20_nback_2_id_5,5,20,2,d20_n2,1697471884.0,1697471990.15,SINGLE,1,True,True,True,True,VALIDATED,BEFORE_HANDBACK,SINGLE,2.0499496459999946,15.849723815899992,2.47045707703,8.89295482635,3.09404802322,26.8501281738,24.800178527800007,11.00040435790001,8,2.871666665871938
density_0_nback_0_id_5,5,0,0,d0_n0,1697472127.0,1697472192.85,SINGLE,1,True,True,True,True,VALIDATED,BEFORE_HANDBACK,MULTI_FIRST_TAKEN_AS_END_OF_FIRST_MANUAL_EPISODE,1.9499683380000015,4.750078201299999,2.96734499931,2.19825577736,0.256751924753,6.300081253000002,4.350112915,1.5500030517000027,9,2.2808333317438763
density_0_nback_1_id_6,6,0,1,d0_n1,1697528698.0,1697528784.45,SINGLE,1,True,True,True,True,VALIDATED,BEFORE_HANDBACK,SINGLE,3.1007995606000023,9.500797271800003,3.78737711906,10.6031847,6.56461000443,22.1008110047,19.000011444099997,12.600013732899995,1,
density_0_nback_0_id_6,6,0,0,d0_n0,1697529386.0,1697529458.3,SINGLE,1,True,True,True,True,VALIDATED,BEFORE_HANDBACK,SINGLE,2.2000312804999993,7.300096511899998,0.278250992298,2.22925424576,0.625244498253,12.7002162934,10.500185012900001,5.400119781500003,2,10.025833332538605
density_0_nback_2_id_6,6,0,2,d0_n2,1697529936.0,1697530009.55,SINGLE,1,True,True,True,True,VALIDATED,BEFORE_HANDBACK,SINGLE,1.100799560500004,4.150817871099999,2.85495591164,1.65233027935,1.69269156456,11.749874115,10.649074554499997,7.599056243900002,3,7.961666667461396
density_20_nback_2_id_6,6,20,2,d20_n2,1697531051.0,1697531143.95,MULTI_RESOLVED_BY_PROTOCOL_TTC,2,True,True,True,True,VALIDATED,BEFORE_HANDBACK,SINGLE,1.349647522000005,6.199756622300001,2.81031107903,8.86293888092,0.0277627762407,25.0001182556,23.650470733599995,18.8003616333,4,17.35750000079473
density_10_nback_0_id_6,6,10,0,d10_n0,1697531899.0,1697531965.1,SINGLE,1,True,True,True,True,VALIDATED,BEFORE_HANDBACK,MULTI_FIRST_TAKEN_AS_END_OF_FIRST_MANUAL_EPISODE,1.9500236511999987,6.0500354767,2.07120203972,1.6220369339,-0.29792752862,14.7500457764,12.800022125200002,8.7000102997,5,12.584166665871939
density_20_nback_1_id_6,6,20,1,d20_n1,1697532198.0,1697532276.4,MULTI_RESOLVED_BY_PROTOCOL_TTC,2,True,True,True,True,VALIDATED,BEFORE_HANDBACK,SINGLE,1.3498344421000006,6.8506946563,2.12009501457,9.21671962738,3.71381592751,24.249902725200002,22.9000682831,17.399208068900002,6,3.881666668256124
density_10_nback_1_id_6,6,10,1,d10_n1,1697532520.0,1697532597.05,SINGLE,1,True,True,True,True,VALIDATED,BEFORE_HANDBACK,SINGLE,1.6998596192000015,10.449718475400001,1.63356494904,11.3304414749,6.26757240295,20.8500404358,19.1501808166,10.4003219604,7,4.059999998410543
density_20_nback_0_id_6,6,20,0,d20_n0,1697532884.0,1697532984.6,MISSING_TOR_COLUMN,0,False,False,False,False,VALIDATED,NO_TOR_ANCHOR,SINGLE,,,,,,,22.050029754599997,,8,4.7825000007947285
density_10_nback_2_id_6,6,10,2,d10_n2,1697533297.0,1697533369.1,SINGLE,1,True,True,True,True,VALIDATED,BEFORE_HANDBACK,SINGLE,1.500162124700001,7.999931335500001,3.24511909485,11.6615819931,5.06627750397,15.049903869700003,13.549741745000002,7.049972534200002,9,5.206666668256124
density_0_nback_2_id_7,7,0,2,d0_n2,1697535759.0,1697535837.2,SINGLE,1,True,True,True,True,VALIDATED,BEFORE_HANDBACK,SINGLE,2.4004859924000037,6.500579834000003,1.1987169981,1.28036952019,-0.160007283092,16.350284576400004,13.949798584,9.8497047424,1,
density_10_nback_0_id_7,7,10,0,d10_n0,1697536054.0,1697536121.1,SINGLE,1,True,True,True,True,VALIDATED,BEFORE_HANDBACK,SINGLE,1.5503368377000015,5.850324630700001,1.87805998325,1.26941168308,0.111201353371,15.850353240899999,14.300016403199997,10.000028610199998,2,3.6133333325386046
density_0_nback_1_id_7,7,0,1,d0_n1,1697536290.0,1697536375.55,SINGLE,1,True,True,True,True,VALIDATED,BEFORE_HANDBACK,SINGLE,2.900688171399999,7.350669860899998,2.73172307014,1.03025627136,0.817001998425,21.200592041100002,18.299903869700003,13.849922180200004,3,2.8150000015894574
density_10_nback_1_id_7,7,10,1,d10_n1,1697536536.0,1697536610.05,SINGLE,1,True,True,True,True,VALIDATED,BEFORE_HANDBACK,SINGLE,2.5495491028000004,7.099395752000003,1.62728202343,8.70481109619,0.513163268566,17.8500175476,15.3004684448,10.750621795599997,4,2.674166667461395
density_0_nback_0_id_7,7,0,0,d0_n0,1697536787.0,1697536863.4,SINGLE,1,True,True,True,True,VALIDATED,BEFORE_HANDBACK,SINGLE,0.8998355865000001,4.949960708600003,2.43168091774,1.5951513052,0.241175383329,16.8497676849,15.949932098400001,11.899806976299999,5,2.9491666674613954
density_10_nback_2_id_7,7,10,2,d10_n2,1697536999.0,1697537075.0,SINGLE,1,True,True,True,True,VALIDATED,BEFORE_HANDBACK,SINGLE,2.200241088800002,8.000030517599999,2.67103505135,6.39165830612,1.54165947437,18.9492263794,16.748985290599997,10.9491958618,6,2.2599999984105428
density_20_nback_2_id_7,7,20,2,d20_n2,1697537230.0,1697537324.25,SINGLE,1,True,True,True,True,VALIDATED,BEFORE_HANDBACK,SINGLE,1.6500740051000022,5.899543762200004,1.20496404171,1.75692403316,3.09126830101,14.999217987000002,13.3491439819,9.099674224799998,7,2.5833333333333335
density_20_nback_0_id_7,7,20,0,d20_n0,1697537489.0,1697537586.35,SINGLE,1,True,True,True,True,VALIDATED,BEFORE_HANDBACK,SINGLE,0.8508987426000019,6.3507766723,1.91402494907,4.63862514496,1.15640449524,18.600734710700003,17.7498359681,12.249958038400003,8,2.745833333333333
density_20_nback_1_id_7,7,20,1,d20_n1,1697538400.0,1697538470.75,MULTI_RESOLVED_BY_PROTOCOL_TTC,2,True,True,True,True,VALIDATED,BEFORE_HANDBACK,SINGLE,1.3496818542,6.249542236300002,2.99621701241,9.29166316986,2.27606487274,16.550210952800004,15.200529098600004,10.300668716500002,9,13.56083333492279
density_0_nback_0_id_8,8,0,0,d0_n0,1697542439.0,1697542522.8,SINGLE,1,True,True,True,True,VALIDATED,BEFORE_HANDBACK,SINGLE,1.6005420685000011,3.9508132935000013,3.56219100952,2.14173316956,0.184128090739,24.2008285523,22.600286483799998,20.250015258799998,1,
density_20_nback_2_id_8,8,20,2,d20_n2,1697542861.0,1697542969.1,SINGLE,1,True,True,True,True,VALIDATED,BEFORE_HANDBACK,SINGLE,1.6500701904999957,4.0000686646000005,3.0341489315,2.52008080482,3.02155637741,28.7500839234,27.100013732900003,24.750015258799998,2,5.636666667461395
density_0_nback_1_id_8,8,0,1,d0_n1,1697543229.0,1697543317.4,SINGLE,1,True,True,True,True,VALIDATED,BEFORE_HANDBACK,SINGLE,1.800125122099999,4.849224090599996,4.05991220474,1.27801263332,1.37235021591,24.0502510071,22.250125885000003,19.201026916500005,3,4.331666668256124
density_20_nback_1_id_8,8,20,1,d20_n1,1697543711.0,1697543785.25,MULTI_RESOLVED_BY_PROTOCOL_TTC,2,True,True,True,True,VALIDATED,BEFORE_HANDBACK,SINGLE,1.7502937316999976,4.6003913879999985,4.97216415405,10.2799491882,2.29826903343,20.0998687744,18.349575042700003,15.499477386400002,4,6.559999998410543
density_0_nback_2_id_8,8,0,2,d0_n2,1697544060.0,1697544143.2,SINGLE,1,True,True,True,True,VALIDATED,BEFORE_HANDBACK,SINGLE,1.5008773802999968,4.05078125,3.33497405052,0.78949713707,-0.15637652576,21.250663757299996,19.749786377,17.199882507299996,5,4.579166666666667
density_20_nback_0_id_8,8,20,0,d20_n0,1697544358.0,1697544463.95,SINGLE,1,True,True,True,True,VALIDATED,BEFORE_HANDBACK,SINGLE,1.4993553161000008,6.150100708000004,3.23472309113,11.3200883865,1.66425311565,27.200134277299995,25.700778961199994,21.05003356929999,6,3.5799999992052713
density_10_nback_0_id_8,8,10,0,d10_n0,1697544688.0,1697544754.95,SINGLE,1,True,True,True,True,VALIDATED,BEFORE_HANDBACK,SINGLE,1.4496345519999991,4.699142455999997,2.94235992432,1.39130103588,0.283561676741,15.698984146099999,14.2493495941,10.999841690100002,7,3.734166665871938
density_10_nback_2_id_8,8,10,2,d10_n2,1697545061.0,1697545145.3,SINGLE,1,True,True,True,True,VALIDATED,BEFORE_HANDBACK,SINGLE,1.6499328613000017,3.6999378204000024,4.06748199463,1.20872294903,-0.30763348937,27.2500114441,25.6000785828,23.550073623699998,8,5.100833332538604
density_10_nback_1_id_8,8,10,1,d10_n1,1697545339.0,1697545421.25,SINGLE,1,True,False,False,True,CLOCK_EXCEPTION,LANE_CHANGE_CLOCK_EXCEPTION,SINGLE,1.9994449615999983,,,,,26.049993514999997,24.0505485534,,9,3.228333334128062
density_20_nback_2_id_9,9,20,2,d20_n2,1699281377.0,1699281496.7,SINGLE,1,True,True,True,True,VALIDATED,BEFORE_HANDBACK,SINGLE,1.4000015258000005,35.099967956499995,2.8720369339,6.61578702927,3.13333487511,45.9502944946,44.5502929688,10.850326538100006,1,
density_0_nback_0_id_9,9,0,0,d0_n0,1699281707.0,1699281781.35,SINGLE,1,True,True,True,True,VALIDATED,BEFORE_HANDBACK,SINGLE,2.2999286651999995,5.7001953125000036,2.36370801926,2.21270608902,0.162728771567,14.800029754700002,12.500101089500003,9.099834442199999,2,3.5049999992052716
density_20_nback_1_id_9,9,20,1,d20_n1,1699281930.0,1699282012.0,SINGLE,1,True,True,True,True,VALIDATED,BEFORE_HANDBACK,SINGLE,1.4499797821000016,6.2502899170000035,5.64299297333,9.64453697205,1.11775720119,23.2500228882,21.8000431061,16.999732971199997,3,2.477500001589457
density_0_nback_1_id_9,9,0,1,d0_n1,1699282119.0,1699282201.05,SINGLE,1,True,True,True,True,VALIDATED,BEFORE_HANDBACK,SINGLE,1.6998786925999951,7.349967956499995,3.07851099968,0.540995419025,-0.316616117954,17.700305938699998,16.000427246100003,10.350337982200003,4,1.7833333333333334
density_20_nback_0_id_9,9,20,0,d20_n0,1699282306.0,1699282400.3,SINGLE,1,True,True,True,True,VALIDATED,BEFORE_HANDBACK,SINGLE,0.8999900817999986,7.099918365499995,1.57481896877,8.04350471497,1.05259025097,15.549964904799992,14.649974822999994,8.450046539299997,5,1.7491666674613953
density_0_nback_2_id_9,9,0,2,d0_n2,1699282502.0,1699282577.3,MISSING_TOR_COLUMN,0,False,False,False,False,VALIDATED,NO_TOR_ANCHOR,SINGLE,,,,,,,13.649953842099997,,6,1.6950000007947286
density_10_nback_2_id_9,9,10,2,d10_n2,1699282708.0,1699282783.95,SINGLE,1,True,True,True,True,VALIDATED,BEFORE_HANDBACK,SINGLE,1.6503200530999997,7.500083923400002,1.7034239769,6.59634923935,0.48217022419,18.899974822999997,17.249654769899998,11.399890899599995,7,2.178333334128062
density_10_nback_0_id_9,9,10,0,d10_n0,1699282903.0,1699282976.1,SINGLE,1,True,True,True,True,VALIDATED,BEFORE_HANDBACK,SINGLE,1.5000686646000005,10.850231170699995,1.38714897633,6.32677841187,2.79325246811,21.9000740051,20.400005340499998,11.049842834400003,8,1.9841666658719381
density_10_nback_1_id_9,9,10,1,d10_n1,1699283076.0,1699283155.15,SINGLE,1,True,True,True,True,VALIDATED,BEFORE_HANDBACK,SINGLE,1.7999668120999992,9.299974441500002,4.24896383286,10.2712535858,1.9412817955,22.9498996734,21.1499328613,13.6499252319,9,1.6650000015894573
density_10_nback_0_id_10,10,10,0,d10_n0,1699705093.0,1699705169.1,SINGLE,1,True,True,True,True,VALIDATED,BEFORE_HANDBACK,SINGLE,1.399745941199999,9.549940109200001,0.282546013594,4.27691602707,1.21696960926,24.849170684799997,23.449424743599998,15.299230575599996,1,
density_10_nback_1_id_10,10,10,1,d10_n1,1699705427.0,1699705499.65,SINGLE,1,True,True,True,True,VALIDATED,BEFORE_HANDBACK,SINGLE,1.4495353697999995,7.0997962950999955,2.19140791893,6.20690011978,0.97368490696,16.499275207500002,15.049739837700002,9.399478912400006,2,4.29833333492279
density_0_nback_2_id_10,10,0,2,d0_n2,1699705673.0,1699705757.9,SINGLE,1,True,True,True,True,VALIDATED,BEFORE_HANDBACK,SINGLE,2.2498950957999995,7.599954605100002,1.97269594669,9.96734905243,1.2272772789,22.951040268,20.7011451722,15.351085662899997,3,2.8891666650772097
density_10_nback_2_id_10,10,10,2,d10_n2,1699705934.0,1699706008.7,SINGLE,1,True,True,True,True,VALIDATED,BEFORE_HANDBACK,SINGLE,1.649837493899998,8.700189590499999,0.95071297884,8.77564716339,1.36535906792,17.699487686199998,16.0496501923,8.999298095699999,4,2.9349999984105426
density_0_nback_1_id_10,10,0,1,d0_n1,1699708217.0,1699708310.5,SINGLE,1,True,True,True,True,VALIDATED,BEFORE_HANDBACK,SINGLE,1.7006111144999991,9.3005943298,1.23777401447,1.24341487885,1.39625060558,29.199928283699997,27.499317169199998,19.899333953899998,5,36.80499999920527
density_20_nback_0_id_10,10,20,0,d20_n0,1699708441.0,1699708537.95,SINGLE,1,True,True,True,True,VALIDATED,BEFORE_HANDBACK,SINGLE,0.8004035950000059,7.149902343700006,0.77410197258,2.91318082809,0.714555084705,18.200195312500007,17.3997917175,11.050292968800001,6,2.175
density_0_nback_0_id_10,10,0,0,d0_n0,1699708675.0,1699708746.75,SINGLE,1,True,True,True,True,VALIDATED,BEFORE_HANDBACK,SINGLE,0.9004859924000002,5.299798965400001,2.1182949543,1.58674693108,0.204137384892,12.200677871700002,11.300191879300002,6.900878906300001,7,2.284166665871938
density_20_nback_1_id_10,10,20,1,d20_n1,1699708930.0,1699709019.4,SINGLE,1,True,True,True,True,VALIDATED,BEFORE_HANDBACK,SINGLE,1.3000965117999996,12.199356079099996,1.13923299313,9.29467201233,1.74640583992,30.550125122,29.2500286102,18.350769042900005,8,3.0541666666666667
density_20_nback_2_id_10,10,20,2,d20_n2,1699709182.0,1699709281.9,SINGLE,1,True,True,True,True,VALIDATED,BEFORE_HANDBACK,SINGLE,1.6991462706999982,10.749988555899996,0.425467014313,8.25148963928,1.40434753895,26.24927139279999,24.550125122099992,15.499282836899994,9,2.709999998410543
density_0_nback_0_id_11,11,0,0,d0_n0,1697567415.0,1697567488.95,SINGLE,1,True,True,True,True,VALIDATED,BEFORE_HANDBACK,SINGLE,1.5001716613999996,5.200094223000001,3.08807110786,3.01875329018,0.11984679848,14.400072097799999,12.8999004364,9.199977874799998,1,
density_0_nback_1_id_11,11,0,1,d0_n1,1697567799.0,1697567888.05,SINGLE,1,True,True,True,True,VALIDATED,BEFORE_HANDBACK,SINGLE,1.5992088317999986,6.950115203899998,2.71602511406,1.26684617996,1.03137433529,24.700134277400004,23.100925445600005,17.750019073500006,2,5.167499999205272
density_20_nback_2_id_11,11,20,2,d20_n2,1697568086.0,1697568184.45,SINGLE,1,True,True,True,True,VALIDATED,BEFORE_HANDBACK,SINGLE,1.5995368958,6.699672698999997,1.12340700626,3.37350463867,3.0355360508,19.1495933533,17.5500564575,12.449920654300001,3,3.299166667461395
density_0_nback_2_id_11,11,0,2,d0_n2,1697568357.0,1697568439.2,SINGLE,1,True,True,True,True,VALIDATED,BEFORE_HANDBACK,SINGLE,1.350120544500001,5.299842834499998,2.2550868988,1.429718256,0.74654507637,20.249988555900003,18.899868011400002,14.950145721400006,4,2.8758333325386047
density_20_nback_1_id_11,11,20,1,d20_n1,1697568616.0,1697568686.55,MULTI_RESOLVED_BY_PROTOCOL_TTC,2,True,True,True,True,VALIDATED,BEFORE_HANDBACK,SINGLE,1.849168777500001,6.299100875899999,2.65579605103,10.3931789398,4.54306077957,16.2494621277,14.400293350199998,9.9503612518,5,2.946666665871938
density_10_nback_0_id_11,11,10,0,d10_n0,1697568830.0,1697568898.25,SINGLE,1,True,True,True,True,VALIDATED,BEFORE_HANDBACK,SINGLE,1.750570297200003,6.450119018500001,1.47202503681,1.81938946247,1.60336947441,17.000043869000002,15.2494735718,10.549924850500002,6,2.390833334128062
density_20_nback_0_id_11,11,20,0,d20_n0,1697569043.0,1697569140.7,MISSING_TOR_COLUMN,0,False,False,False,False,VALIDATED,NO_TOR_ANCHOR,SINGLE,,,,,,,19.549957275399997,,7,2.4125
density_10_nback_1_id_11,11,10,1,d10_n1,1697569279.0,1697569351.3,SINGLE,1,True,True,True,True,VALIDATED,BEFORE_HANDBACK,SINGLE,1.400054931699998,7.299966812199997,1.22121596336,3.35099959373,1.89803552628,16.100580215500003,14.700525283800005,8.800613403300005,8,2.3049999992052714
density_10_nback_2_id_11,11,10,2,d10_n2,1697569497.0,1697569569.4,SINGLE,1,True,True,True,True,VALIDATED,BEFORE_HANDBACK,SINGLE,1.7501735686999993,6.100061416599999,2.40799689293,2.08881878853,1.05954098701,15.400186538699998,13.650012969999999,9.300125122099999,9,2.428333334128062
density_0_nback_2_id_12,12,0,2,d0_n2,1697614593.0,1697614668.7,SINGLE,1,True,True,True,True,VALIDATED,BEFORE_HANDBACK,SINGLE,0.6999588012999993,4.9500541686999995,2.36382198334,0.667201459408,0.0786345675588,13.800022125300003,13.100063324000004,8.849967956600004,1,
density_10_nback_0_id_12,12,10,0,d10_n0,1697615046.0,1697615116.75,SINGLE,1,True,True,True,True,VALIDATED,BEFORE_HANDBACK,SINGLE,0.5997924804000014,4.799539566,2.81544303894,0.998590528965,0.0438756532967,19.5495872497,18.9497947693,14.7500476837,2,6.288333332538604
density_0_nback_1_id_12,12,0,1,d0_n1,1697615452.0,1697615544.65,SINGLE,1,True,True,True,True,VALIDATED,BEFORE_HANDBACK,SINGLE,1.350097656300001,5.850044250499998,3.61847996712,0.550329327583,0.256557136774,28.350505828899998,27.000408172599997,22.5004615784,3,5.5875
density_10_nback_1_id_12,12,10,1,d10_n1,1697615929.0,1697616009.1,SINGLE,1,True,True,True,True,VALIDATED,BEFORE_HANDBACK,SINGLE,1.0998592376999987,8.0499172211,0.276980996132,8.85144710541,0.251148790121,23.950666427700003,22.850807190000005,15.900749206600004,4,6.405833331743876
density_0_nback_0_id_12,12,0,0,d0_n0,1697616284.0,1697616355.95,SINGLE,1,True,True,True,True,VALIDATED,BEFORE_HANDBACK,SINGLE,0.6007862091000007,4.350215911899998,2.80736804008,0.888283073902,0.223355665803,12.399955749499998,11.799169540399998,8.0497398376,5,4.581666668256124
density_10_nback_2_id_12,12,10,2,d10_n2,1697616586.0,1697616659.65,SINGLE,1,True,True,True,True,VALIDATED,BEFORE_HANDBACK,SINGLE,0.4009017943999993,4.8001308441,3.36311793327,2.21697902679,-0.374089568853,16.550493240300003,16.149591445900004,11.750362396200003,6,3.834166665871938
density_20_nback_2_id_12,12,20,2,d20_n2,1697616951.0,1697617044.8,SINGLE,1,True,True,True,True,VALIDATED,BEFORE_HANDBACK,SINGLE,0.5000648498999993,5.100101470999995,1.99005997181,2.46805596352,1.66705977917,14.5498924256,14.0498275757,9.449790954600005,7,4.855833331743876
density_20_nback_0_id_12,12,20,0,d20_n0,1697617202.0,1697617299.3,SINGLE,1,True,True,True,True,VALIDATED,BEFORE_HANDBACK,SINGLE,0.5502014160000002,5.449996948200003,2.56019496918,2.32594466209,0.0843437239528,18.500827789300004,17.950626373300004,13.050830841100002,8,2.6200000007947284
density_20_nback_1_id_12,12,20,1,d20_n1,1697617475.0,1697617543.55,MULTI_RESOLVED_BY_PROTOCOL_TTC,2,True,True,True,True,VALIDATED,BEFORE_HANDBACK,SINGLE,1.3002223967999988,5.000242233199998,4.02562999725,9.22047996521,2.33113145828,14.350130081099998,13.049907684299999,9.3498878479,9,2.928333334128062
density_0_nback_1_id_13,13,0,1,d0_n1,1697620226.0,1697620311.45,SINGLE,1,True,True,True,True,VALIDATED,BEFORE_HANDBACK,SINGLE,1.800029754599997,7.599552154499996,2.7480700016,0.542761683464,0.101040065289,21.1496505737,19.349620819100004,13.550098419200005,1,
density_0_nback_2_id_13,13,0,2,d0_n2,1697620616.0,1697620693.0,SINGLE,1,True,True,True,True,VALIDATED,BEFORE_HANDBACK,SINGLE,1.8998985290999997,5.8499794007000006,1.73520100117,1.00383901596,-0.108601905406,15.050140380900004,13.150241851800004,9.200160980200003,2,5.075833332538605
density_0_nback_0_id_13,13,0,0,d0_n0,1697620920.0,1697620995.25,SINGLE,1,True,True,True,True,VALIDATED,BEFORE_HANDBACK,SINGLE,1.4500198363999992,5.450006484999996,2.08988690376,2.18849253654,0.0968660563231,15.650503158500001,14.200483322100002,10.200496673500005,3,3.783333333333333
density_10_nback_0_id_13,13,10,0,d10_n0,1697621244.0,1697621310.7,SINGLE,1,True,True,True,True,VALIDATED,BEFORE_HANDBACK,SINGLE,1.8004627228000025,5.9506626129,1.91169905663,1.37137079239,0.204356133938,15.400716781600003,13.600254058800001,9.450054168700003,4,4.145833333333333
density_20_nback_2_id_13,13,20,2,d20_n2,1697621542.0,1697621635.65,SINGLE,1,True,True,True,True,VALIDATED,BEFORE_HANDBACK,SINGLE,3.600982666,7.100177764900003,0.612591981888,2.26706504822,3.04459643364,14.350391387900004,10.749408721900004,7.2502136230000005,5,3.8549999992052713
density_10_nback_1_id_13,13,10,1,d10_n1,1697621804.0,1697621876.75,SINGLE,1,True,True,True,True,VALIDATED,BEFORE_HANDBACK,SINGLE,2.9499588012999993,7.099901199399998,1.80106794834,8.97631549835,0.908571600914,16.599966049199995,13.650007247899996,9.500064849799998,6,2.805833331743876
density_20_nback_1_id_13,13,20,1,d20_n1,1697622104.0,1697622175.2,MULTI_UNRESOLVED,3,False,False,False,False,VALIDATED,NO_TOR_ANCHOR,SINGLE,,,,,,,13.9506816864,,7,3.7875
density_10_nback_2_id_13,13,10,2,d10_n2,1697622356.0,1697622428.9,SINGLE,1,True,True,True,True,VALIDATED,BEFORE_HANDBACK,SINGLE,2.4493598938000005,7.349401474000004,1.36919796467,2.77347278595,-0.108503073454,15.899358749400001,13.4499988556,8.549957275399997,8,3.013333332538605
density_20_nback_0_id_13,13,20,0,d20_n0,1697622602.0,1697622700.7,SINGLE,1,True,True,True,True,VALIDATED,BEFORE_HANDBACK,SINGLE,2.849365234400004,7.049602508600003,0.975921988487,3.37344026566,1.72503364086,19.8994407654,17.050075530999997,12.849838256799998,9,2.8849999984105428
density_0_nback_2_id_14,14,0,2,d0_n2,1697632351.0,1697632420.85,SINGLE,1,True,True,True,True,VALIDATED,BEFORE_HANDBACK,SINGLE,0.7508983612000009,3.3501682281999976,3.95763897896,0.414272904396,-0.166235566139,8.000177383500002,7.249279022300001,4.650009155300005,1,
density_10_nback_0_id_14,14,10,0,d10_n0,1697633005.0,1697633064.45,MISSING_TOR_COLUMN,0,False,False,False,False,VALIDATED,NO_TOR_ANCHOR,SINGLE,,,,,,,8.6500053406,,2,9.735833334922791
density_0_nback_1_id_14,14,0,1,d0_n1,1697633544.0,1697633619.35,SINGLE,1,True,True,True,True,VALIDATED,BEFORE_HANDBACK,SINGLE,2.400146484399997,5.350147247300001,4.15416002274,0.545668005943,-0.293693512678,11.050094604499996,8.6499481201,5.699947357199996,3,7.992499999205271
density_10_nback_1_id_14,14,10,1,d10_n1,1697633983.0,1697634047.95,SINGLE,1,True,True,True,True,VALIDATED,BEFORE_HANDBACK,SINGLE,1.9500808715999973,5.200010299699997,3.27039408684,6.64606523514,0.157541036606,8.750288009599998,6.800207138000001,3.5502777099000014,4,6.0608333349227905
density_0_nback_0_id_14,14,0,0,d0_n0,1697634398.0,1697634464.4,MISSING_TOR_COLUMN,0,False,False,False,False,VALIDATED,NO_TOR_ANCHOR,SINGLE,,,,,,,7.050109863299998,,5,5.834166665871938
density_10_nback_2_id_14,14,10,2,d10_n2,1697634689.0,1697634754.3,SINGLE,1,True,True,True,True,VALIDATED,BEFORE_HANDBACK,SINGLE,0.9498119353999996,3.4000549315999997,4.16366004944,0.895996689796,-0.309672504663,8.2502002716,7.300388336200001,4.850145340000001,6,3.743333331743876
density_20_nback_2_id_14,14,20,2,d20_n2,1697635050.0,1697635136.9,SINGLE,1,True,True,True,True,VALIDATED,BEFORE_HANDBACK,SINGLE,1.2501945496000033,3.749980926600003,3.29495501518,1.5023702383,3.0834839344,7.649879455600001,6.399684905999997,3.899898528999998,7,4.9283333341280615
density_20_nback_0_id_14,14,20,0,d20_n0,1697635372.0,1697635458.8,MISSING_TOR_COLUMN,0,False,False,False,False,VALIDATED,NO_TOR_ANCHOR,SINGLE,,,,,,,8.949905395599998,,8,3.918333331743876
density_20_nback_1_id_14,14,20,1,d20_n1,1697635633.0,1697635696.8,SINGLE,1,True,True,True,True,VALIDATED,BEFORE_HANDBACK,SINGLE,0.5492839812999968,5.949146270699998,3.65649795532,6.08715391159,2.30042290688,9.599590301499997,9.0503063202,3.6504440307999992,9,2.903333334128062
density_10_nback_2_id_15,15,10,2,d10_n2,1697639284.0,1697639358.45,SINGLE,1,True,True,True,True,VALIDATED,BEFORE_HANDBACK,SINGLE,3.6499576568000016,10.0000133514,1.60139405727,7.1754450798,6.744805336,17.400808334300002,13.7508506775,7.400794982900003,1,
density_10_nback_1_id_15,15,10,1,d10_n1,1697639861.0,1697639935.05,SINGLE,1,True,True,True,True,VALIDATED,BEFORE_HANDBACK,SINGLE,1.850713729799999,9.099754333500002,1.0999699831,7.51102828979,0.948940098286,17.8000602722,15.9493465424,8.700305938699998,2,8.375833332538605
density_20_nback_0_id_15,15,20,0,d20_n0,1697640315.0,1697640415.45,MISSING_TOR_COLUMN,0,False,False,False,False,VALIDATED,NO_TOR_ANCHOR,SINGLE,,,,,,,22.6500473022,,3,6.332500000794728
density_10_nback_0_id_15,15,10,0,d10_n0,1697640658.0,1697640725.9,MISSING_TOR_COLUMN,0,False,False,False,False,VALIDATED,NO_TOR_ANCHOR,SINGLE,,,,,,,17.049615859899998,,4,4.042499999205272
density_20_nback_1_id_15,15,20,1,d20_n1,1697641326.0,1697641414.45,MULTI_RESOLVED_BY_PROTOCOL_TTC,2,True,False,False,True,ABSENT_COLUMN,LANE_CHANGE_ABSENT_COLUMN,SINGLE,1.7000064849999994,,,,,34.199851989699994,32.4998455047,,5,10.00166666507721
density_0_nback_2_id_15,15,0,2,d0_n2,1697641612.0,1697641690.2,SINGLE,1,True,True,True,True,VALIDATED,BEFORE_HANDBACK,SINGLE,0.6995887755999988,6.249488830499999,3.63831710815,4.44313907623,1.20588779449,16.249523162800003,15.549934387200004,10.000034332300004,6,3.2924999992052713
density_20_nback_2_id_15,15,20,2,d20_n2,1697641909.0,1697642022.3,SINGLE,1,True,False,False,True,ABSENT_COLUMN,LANE_CHANGE_ABSENT_COLUMN,SINGLE,1.3496932983000036,,,,,34.0497436523,32.700050354,,7,3.646666665871938
density_0_nback_1_id_15,15,0,1,d0_n1,1697642199.0,1697642280.7,SINGLE,1,True,True,True,True,VALIDATED,BEFORE_HANDBACK,SINGLE,2.799823760999999,8.400238037100003,2.41052889824,2.53450345993,1.80707120895,17.3498840332,14.5500602722,8.949645996099996,8,2.9450000007947286
density_0_nback_0_id_15,15,0,0,d0_n0,1697642440.0,1697642515.75,SINGLE,1,True,True,True,True,VALIDATED,BEFORE_HANDBACK,SINGLE,1.4999332427999974,7.199899673400001,3.83249497414,7.85020065308,2.43854808807,16.2002925873,14.700359344500004,9.0003929139,9,2.6549999992052715
density_10_nback_0_id_16,16,10,0,d10_n0,1697646117.0,1697646197.1,SINGLE,1,True,True,True,True,VALIDATED,BEFORE_HANDBACK,SINGLE,1.3001041413000003,6.1505374909,1.40664303303,1.21532917023,0.829348564148,28.8005867005,27.500482559199998,22.6500492096,1,
density_10_nback_1_id_16,16,10,1,d10_n1,1697646472.0,1697646554.25,SINGLE,1,True,True,True,True,VALIDATED,BEFORE_HANDBACK,SINGLE,2.1498546600000026,7.949611663799999,0.945827007294,7.35764217377,0.236512511969,26.099853515600003,23.9499988556,18.150241851800004,2,4.581666668256124
density_0_nback_2_id_16,16,0,2,d0_n2,1697646726.0,1697646806.2,SINGLE,1,True,True,True,True,VALIDATED,BEFORE_HANDBACK,SINGLE,1.1999645233000003,5.799913406399998,1.54896605015,0.662938594818,-0.0435940101743,18.250749588,17.0507850647,12.450836181600003,3,2.8625
density_10_nback_2_id_16,16,10,2,d10_n2,1697647023.0,1697647098.3,SINGLE,1,True,True,True,True,VALIDATED,BEFORE_HANDBACK,SINGLE,1.6506404877000023,6.250738143900001,2.31667208672,5.05309009552,0.358047634363,18.250860214200003,16.6002197265,12.000122070300002,4,3.6133333325386046
density_0_nback_1_id_16,16,0,1,d0_n1,1697647236.0,1697647321.3,SINGLE,1,True,True,True,True,VALIDATED,BEFORE_HANDBACK,SINGLE,1.3501892089999998,5.850128173800002,3.49585008621,0.54129076004,0.220270931721,20.9507331848,19.6005439758,15.100605010999999,5,2.2950000007947287
density_20_nback_0_id_16,16,20,0,d20_n0,1697647478.0,1697647579.25,SINGLE,1,True,True,True,True,VALIDATED,BEFORE_HANDBACK,SINGLE,1.1502685546999984,6.7508811951,1.26118695736,4.46191167831,1.21518170834,22.450637817399993,21.300369262699995,15.699756622299994,6,2.611666667461395
density_0_nback_0_id_16,16,0,0,d0_n0,1697647720.0,1697647799.05,SINGLE,1,True,True,True,True,VALIDATED,BEFORE_HANDBACK,SINGLE,1.1995010374999993,5.949354171699998,1.62408804893,1.9903857708,0.0777526795864,19.499505996699998,18.3000049592,13.550151825,7,2.345833333333333
density_20_nback_1_id_16,16,20,1,d20_n1,1697647960.0,1697648032.15,MULTI_RESOLVED_BY_PROTOCOL_TTC,2,True,True,True,True,VALIDATED,BEFORE_HANDBACK,SINGLE,1.7495212554999995,7.499523162800003,1.42165994644,10.3329458237,2.31651186943,17.949218750000004,16.199697494500004,10.4496955872,8,2.6825000007947284
density_20_nback_2_id_16,16,20,2,d20_n2,1697648178.0,1697648276.1,SINGLE,1,True,True,True,True,VALIDATED,BEFORE_HANDBACK,SINGLE,1.899322509800001,5.6500663757,1.46444499493,2.06782627106,3.03276157379,18.8000564575,16.900733947699997,13.149990081799999,9,2.430833331743876
density_0_nback_0_id_17,17,0,0,d0_n0,1697700169.0,1697700241.0,SINGLE,1,True,True,True,True,VALIDATED,BEFORE_HANDBACK,SINGLE,1.2489871979,3.799007415800002,3.50588393211,2.61270904541,1.89063489437,12.3997039795,11.1507167816,8.600696563699998,1,
density_20_nback_2_id_17,17,20,2,d20_n2,1697700504.0,1697700599.1,SINGLE,1,True,True,True,True,VALIDATED,BEFORE_HANDBACK,SINGLE,1.8494071960000014,5.249588012700002,1.55302095413,2.74387121201,3.09157466888,15.7997398376,13.9503326416,10.550151824899999,2,4.383333333333334
density_0_nback_1_id_17,17,0,1,d0_n1,1697700853.0,1697700932.8,SINGLE,1,True,True,True,True,VALIDATED,BEFORE_HANDBACK,SINGLE,1.5000991821000014,5.8502120972,2.92452192307,1.23708403111,1.90242362022,15.450092315700005,13.949993133600003,9.599880218500005,3,4.231666668256124
density_20_nback_1_id_17,17,20,1,d20_n1,1697701216.0,1697701285.3,MULTI_RESOLVED_BY_PROTOCOL_TTC,2,True,True,True,True,VALIDATED,BEFORE_HANDBACK,SINGLE,1.3502063750999973,6.100015640199999,2.24233007431,9.46909713745,5.38588619232,15.050094604499996,13.699888229399999,8.950078964299998,4,4.7200000007947285
density_0_nback_2_id_17,17,0,2,d0_n2,1697701511.0,1697701585.65,SINGLE,1,True,True,True,True,VALIDATED,BEFORE_HANDBACK,SINGLE,1.7001018523999996,4.850027084400001,2.25652098656,1.60264968872,2.9085586071,12.700204849299997,11.000102996899997,7.850177764899996,5,3.7616666674613954
density_20_nback_0_id_17,17,20,0,d20_n0,1697701763.0,1697701857.8,SINGLE,1,True,True,True,True,VALIDATED,BEFORE_HANDBACK,SINGLE,1.1505775452000009,6.449390411399996,2.34225797653,6.28174352646,2.23631954193,16.099735259999996,14.949157714799995,9.6503448486,6,2.955833331743876
density_10_nback_0_id_17,17,10,0,d10_n0,1697702015.0,1697702081.45,SINGLE,1,True,True,True,True,VALIDATED,BEFORE_HANDBACK,SINGLE,0.5500144959000011,3.5997085571000014,3.54017996788,2.35376143456,2.34028911591,15.2001457215,14.6501312256,11.600437164399999,7,2.6200000007947284
density_10_nback_2_id_17,17,10,2,d10_n2,1697702192.0,1697702263.15,SINGLE,1,True,True,True,True,VALIDATED,BEFORE_HANDBACK,SINGLE,1.1001319884999994,5.399999618500001,3.26880288124,10.0054626465,4.48577785492,14.099977493299999,12.9998455048,8.699977874799998,8,1.8424999992052713
density_10_nback_1_id_17,17,10,1,d10_n1,1697702404.0,1697702475.05,SINGLE,1,True,True,True,True,VALIDATED,BEFORE_HANDBACK,SINGLE,1.2998638153000002,6.2998867035,2.46407008171,4.41473436356,2.06091117859,14.8497867584,13.5499229431,8.5499000549,9,2.3474999984105427
density_10_nback_2_id_18,18,10,2,d10_n2,1697708752.0,1697708845.35,SINGLE,1,True,True,True,True,VALIDATED,BEFORE_HANDBACK,SINGLE,1.4499454498000013,7.299949645999998,5.12375497818,7.26976013184,6.50444412231,36.3000335693,34.8500881195,29.000083923300004,1,
density_20_nback_0_id_18,18,20,0,d20_n0,1697709120.0,1697709224.45,SINGLE,1,True,True,True,True,VALIDATED,BEFORE_HANDBACK,SINGLE,0.799785614000001,11.8498687744,3.2271490097,10.6859531403,6.48314571381,25.699886322000005,24.900100708000004,13.850017547600004,2,4.577500001589457
density_10_nback_1_id_18,18,10,1,d10_n1,1697709473.0,1697709550.4,SINGLE,1,True,True,True,True,VALIDATED,BEFORE_HANDBACK,SINGLE,1.5501022338999988,7.800172805799999,4.70418977737,4.99025774002,0.271565854549,21.2000751496,19.6499729157,13.399902343800001,3,4.142499999205271
density_20_nback_1_id_18,18,20,1,d20_n1,1697709752.0,1697709825.6,SINGLE,1,True,True,True,True,VALIDATED,BEFORE_HANDBACK,SINGLE,1.0500049591000007,5.499835968100001,3.65384507179,7.73795127869,2.29147267342,19.449962616,18.3999576569,13.9501266479,4,3.359999998410543
density_10_nback_0_id_18,18,10,0,d10_n0,1697710013.0,1697710078.95,SINGLE,1,True,True,True,True,VALIDATED,BEFORE_HANDBACK,SINGLE,0.8996677398000017,4.449970245300001,3.21837592125,1.01761054993,-0.304231435061,14.699586868300003,13.799919128500001,10.249616623000001,5,3.1233333349227905
density_20_nback_2_id_18,18,20,2,d20_n2,1697710222.0,1697710340.5,SINGLE,1,True,True,True,True,VALIDATED,BEFORE_HANDBACK,SINGLE,0.8498191832999993,26.1500473022,1.68034696579,9.95471858978,2.93519973755,39.200088501,38.350269317700004,13.050041198800002,6,2.384166665871938
density_0_nback_2_id_18,18,0,2,d0_n2,1697710528.0,1697710604.35,SINGLE,1,True,True,True,True,VALIDATED,BEFORE_HANDBACK,SINGLE,0.9997596741000017,4.8498268128,2.47981405258,0.436098217964,-0.159219920635,14.449558258100001,13.449798584,9.599731445300002,7,3.125
density_0_nback_0_id_18,18,0,0,d0_n0,1697710787.0,1697710862.2,SINGLE,1,True,True,True,True,VALIDATED,BEFORE_HANDBACK,SINGLE,1.0001201629999983,4.550109863299998,3.44821691513,2.05339026451,0.24215619266,15.650344848599996,14.650224685599998,11.100234985299998,8,3.044166668256124
density_0_nback_1_id_18,18,0,1,d0_n1,1697711002.0,1697711085.5,SINGLE,1,True,True,True,True,VALIDATED,BEFORE_HANDBACK,SINGLE,1.6498336792000003,6.5002784729,3.09189009666,0.546002209187,0.134006559849,19.200016021799996,17.550182342599996,12.699737548899996,9,2.3299999992052713
density_10_nback_0_id_19,19,10,0,d10_n0,1697715023.0,1697715093.8,SINGLE,1,True,True,True,True,VALIDATED,BEFORE_HANDBACK,SINGLE,2.9998435974000017,7.2004718781,1.05631804466,1.76370084286,0.730587542057,19.450363159200002,16.4505195618,12.249891281100002,1,
density_0_nback_2_id_19,19,0,2,d0_n2,1697715376.0,1697715453.05,SINGLE,1,True,True,True,True,VALIDATED,BEFORE_HANDBACK,MULTI_FIRST_TAKEN_AS_END_OF_FIRST_MANUAL_EPISODE,1.750553131100002,5.6998748778999975,1.84424197674,0.925813615322,-0.00605236319825,15.200092315700001,13.449539184599999,9.500217437800003,2,4.703333334128062
density_10_nback_1_id_19,19,10,1,d10_n1,1697715621.0,1697715697.85,SINGLE,1,True,True,True,True,VALIDATED,BEFORE_HANDBACK,SINGLE,1.6507415770999998,7.450187683099998,1.93758499622,6.12543535233,1.68757259846,20.650333404500003,18.999591827400003,13.200145721400006,3,2.799166667461395
density_0_nback_1_id_19,19,0,1,d0_n1,1697715864.0,1697715946.3,SINGLE,1,True,True,True,True,VALIDATED,BEFORE_HANDBACK,SINGLE,1.4999160766999964,7.000015258799998,2.37813711166,1.27046704292,1.16935014725,17.9506149292,16.450698852500004,10.950599670400003,4,2.769166668256124
density_10_nback_2_id_19,19,10,2,d10_n2,1697716138.0,1697716214.95,SINGLE,1,True,True,True,True,VALIDATED,BEFORE_HANDBACK,SINGLE,1.400083541899999,7.749942779599998,0.639356970787,4.91601657867,1.06552541256,19.900588989299997,18.5005054474,12.1506462097,5,3.1950000007947286
density_0_nback_0_id_19,19,0,0,d0_n0,1697716487.0,1697716564.1,SINGLE,1,True,True,True,True,VALIDATED,BEFORE_HANDBACK,SINGLE,1.0000247955,4.350036621099999,3.07640099525,1.78127563,0.17556527257,17.5501174926,16.5500926971,13.200080871499999,6,4.534166665871938
density_20_nback_0_id_19,19,20,0,d20_n0,1697716724.0,1697716821.5,SINGLE,1,True,True,True,True,VALIDATED,BEFORE_HANDBACK,SINGLE,0.8499946593999965,6.500251769999998,1.39081299305,3.72268724442,0.651356756687,18.749759674100005,17.89976501470001,12.249507904100007,7,2.665000001589457
density_20_nback_2_id_19,19,20,2,d20_n2,1697717000.0,1697717099.3,SINGLE,1,True,True,True,True,VALIDATED,BEFORE_HANDBACK,SINGLE,1.6502914428999986,5.499889373799995,1.5712120533,1.32868266106,2.36043548584,19.9005279541,18.2502365112,14.400638580300004,8,2.975
density_20_nback_1_id_19,19,20,1,d20_n1,1697717226.0,1697717297.8,SINGLE,1,True,True,True,True,VALIDATED,BEFORE_HANDBACK,SINGLE,0.9498500824000011,5.9999618529999985,2.94470000267,7.22370481491,2.24084854126,17.649913787800003,16.7000637054,11.649951934800004,9,2.111666667461395
density_10_nback_0_id_20,20,10,0,d10_n0,1699259397.0,1699259469.0,SINGLE,1,True,True,True,True,VALIDATED,BEFORE_HANDBACK,SINGLE,1.3501071929999995,5.949970245399999,1.56570696831,1.58029258251,1.00542747974,20.7000904083,19.3499832153,14.7501201629,1,
density_10_nback_1_id_20,20,10,1,d10_n1,1699259943.0,1699260026.25,SINGLE,1,True,True,True,True,VALIDATED,BEFORE_HANDBACK,SINGLE,2.349870681799999,5.000061035200002,3.43875694275,6.61390113831,0.731514215469,27.0499477387,24.7000770569,22.049886703499997,2,7.9
density_0_nback_2_id_20,20,0,2,d0_n2,1699260778.0,1699260872.75,SINGLE,1,True,True,True,True,VALIDATED,BEFORE_HANDBACK,SINGLE,1.9000320434999978,5.150062560999999,2.37672805786,1.28651666641,0.617746949196,32.850162506100006,30.950130462600008,27.700099945100007,3,12.529166666666667
density_10_nback_2_id_20,20,10,2,d10_n2,1699262275.0,1699262357.1,SINGLE,1,True,True,True,True,VALIDATED,BEFORE_HANDBACK,SINGLE,2.600473403999999,5.500761032100002,2.82861089706,3.77053189278,0.46805664897,25.000436782899996,22.399963378899997,19.499675750799994,4,23.370833333333334
density_0_nback_1_id_20,20,0,1,d0_n1,1699262593.0,1699262682.85,SINGLE,1,True,True,True,True,VALIDATED,BEFORE_HANDBACK,SINGLE,1.8498573303000043,6.800121307400005,2.63913488388,1.32807075977,0.828359901905,25.500473022500003,23.6506156922,18.7003517151,5,3.9316666682561237
density_20_nback_0_id_20,20,20,0,d20_n0,1699262933.0,1699263032.2,SINGLE,1,True,True,True,True,VALIDATED,BEFORE_HANDBACK,SINGLE,1.5498695372999975,7.1001663208,0.804405987263,6.78159618378,1.70125353336,20.4002342224,18.850364685100004,13.300067901600002,6,4.169166668256124
density_0_nback_0_id_20,20,0,0,d0_n0,1699263277.0,1699263350.4,SINGLE,1,True,True,True,True,VALIDATED,BEFORE_HANDBACK,SINGLE,1.8499317168999987,5.449865341199999,2.12152600288,2.18620228767,0.2159216851,13.849882125899999,11.999950409,8.4000167847,7,4.079999999205271
density_20_nback_1_id_20,20,20,1,d20_n1,1699263573.0,1699263657.7,SINGLE,1,True,True,True,True,VALIDATED,BEFORE_HANDBACK,SINGLE,2.0500926972,9.1000881195,2.54050302505,10.8359155655,3.93764448166,25.900243759200002,23.850151062000002,16.8001556397,8,3.709999998410543
density_20_nback_2_id_20,20,20,2,d20_n2,1699263964.0,1699264079.25,SINGLE,1,True,False,False,True,ABSENT_COLUMN,LANE_CHANGE_ABSENT_COLUMN,SINGLE,1.6995201111,,,,,41.599819183300006,39.900299072200006,,9,5.104999999205272
density_20_nback_1_id_21,21,20,1,d20_n1,1697793957.0,1697794031.0,MULTI_RESOLVED_BY_PROTOCOL_TTC,2,True,True,True,True,VALIDATED,BEFORE_HANDBACK,SINGLE,1.6501808166000025,6.0501785278,3.04990792274,10.41492939,2.27777409554,19.8002262115,18.150045394899998,13.7500476837,1,
density_20_nback_0_id_21,21,20,0,d20_n0,1697794305.0,1697794404.55,SINGLE,1,True,True,True,True,VALIDATED,BEFORE_HANDBACK,SINGLE,1.2000579834000007,6.400894165000004,1.59536194801,9.49208641052,1.53244364262,20.800117492600002,19.6000595092,14.399223327599998,2,4.566666666666666
density_20_nback_2_id_21,21,20,2,d20_n2,1697794624.0,1697794720.75,SINGLE,1,True,True,True,True,VALIDATED,BEFORE_HANDBACK,SINGLE,2.2492790221999996,5.699253082299997,1.57025802135,2.11723875999,3.03733944893,17.499366760200004,15.250087738000005,11.800113677900008,3,3.6575000007947285
density_10_nback_2_id_21,21,10,2,d10_n2,1697794894.0,1697794987.5,SINGLE,1,True,True,True,True,VALIDATED,BEFORE_HANDBACK,SINGLE,2.1994972229,5.650091171299998,2.49598407745,2.21244502068,-0.298683494329,36.4994220734,34.2999248505,30.8493309021,4,2.8875
density_0_nback_0_id_21,21,0,0,d0_n0,1697795185.0,1697795261.25,SINGLE,1,True,True,True,True,VALIDATED,BEFORE_HANDBACK,SINGLE,1.4501113892,4.549867629999998,2.95001602173,2.16479325294,0.24338875711,16.6996784211,15.2495670319,12.149810791100002,5,3.2916666666666665
density_10_nback_1_id_21,21,10,1,d10_n1,1697795396.0,1697795471.55,SINGLE,1,True,True,True,True,VALIDATED,BEFORE_HANDBACK,SINGLE,2.499958038300001,6.550045013399998,2.05746197701,8.93760108948,0.710870742798,19.399997711100003,16.900039672800002,12.849952697700004,6,2.245833333333333
density_0_nback_1_id_21,21,0,1,d0_n1,1697796168.0,1697796250.55,SINGLE,1,True,True,True,True,VALIDATED,BEFORE_HANDBACK,SINGLE,1.999866485600002,6.499317169199998,3.04580903053,0.539502620697,0.5294495821,18.199829101600002,16.199962616,11.700511932400005,7,11.607500000794728
density_10_nback_0_id_21,21,10,0,d10_n0,1697796384.0,1697796450.4,SINGLE,1,True,True,True,True,VALIDATED,BEFORE_HANDBACK,SINGLE,2.3509330750000004,5.700237274199999,2.30670404434,1.54814267159,0.824625134468,15.0505943298,12.699661254799999,9.3503570556,8,2.2241666674613954
density_0_nback_2_id_21,21,0,2,d0_n2,1697796574.0,1697796651.45,SINGLE,1,True,True,True,True,VALIDATED,BEFORE_HANDBACK,SINGLE,1.3000202178999984,4.799848556500002,2.62993407249,0.668233692646,0.110904768109,15.599985122699998,14.2999649048,10.800136566199996,9,2.0599999984105426
density_20_nback_0_id_22,22,20,0,d20_n0,1697804273.0,1697804364.8,SINGLE,1,True,False,False,True,ABSENT_COLUMN,LANE_CHANGE_ABSENT_COLUMN,SINGLE,1.2501449584,,,,,13.099670410099996,11.849525451699996,,1,
density_10_nback_2_id_22,22,10,2,d10_n2,1697804589.0,1697804657.3,SINGLE,1,True,True,True,True,VALIDATED,BEFORE_HANDBACK,SINGLE,2.2503795624000027,7.650188445999998,1.63485598564,5.5533285141,-0.2917060256,11.200634002700003,8.9502544403,3.550445556700005,2,3.736666667461395
density_20_nback_1_id_22,22,20,1,d20_n1,1697804823.0,1697804888.3,SINGLE,1,True,True,True,True,VALIDATED,BEFORE_HANDBACK,SINGLE,0.5999946593999965,6.200021743699999,3.33207392693,7.03975391388,2.28766155243,11.149999618499997,10.5500049591,4.949977874799998,3,2.7616666674613954
density_10_nback_1_id_22,22,10,1,d10_n1,1697805058.0,1697805126.1,SINGLE,1,True,True,True,True,VALIDATED,BEFORE_HANDBACK,SINGLE,1.9996089935000008,7.3995685577,1.14138197899,6.92692947388,0.14213950932,11.849538803100003,9.849929809600003,4.449970245400003,4,2.828333334128062
density_20_nback_2_id_22,22,20,2,d20_n2,1697805288.0,1697805377.7,SINGLE,1,True,True,True,True,VALIDATED,BEFORE_HANDBACK,SINGLE,2.0500259399999976,6.749900817899999,0.627830028534,3.27053833008,3.03216981888,10.450023651199999,8.399997711200001,3.7001228333,5,2.6983333349227907
density_10_nback_0_id_22,22,10,0,d10_n0,1697805557.0,1697805619.7,SINGLE,1,True,True,True,True,VALIDATED,BEFORE_HANDBACK,SINGLE,0.5000324250000006,5.850168228199998,1.66509497166,0.952622950077,0.430131137371,11.450204849299997,10.950172424299996,5.600036621099999,6,2.9883333325386046
density_0_nback_0_id_22,22,0,0,d0_n0,1697805782.0,1697805852.15,SINGLE,1,True,True,True,True,VALIDATED,BEFORE_HANDBACK,SINGLE,0.4998340606999996,4.500102996799999,2.79932308197,0.785985350609,0.215192899108,10.5999221802,10.1000881195,6.099819183400001,7,2.7049999992052713
density_0_nback_2_id_22,22,0,2,d0_n2,1697806007.0,1697806079.25,SINGLE,1,True,True,True,True,VALIDATED,BEFORE_HANDBACK,SINGLE,2.0498771667,5.550186157200002,2.0477540493,1.09855163097,-0.0652467831969,10.399848937999998,8.349971771299998,4.849662780799996,8,2.580833331743876
density_0_nback_1_id_22,22,0,1,d0_n1,1697806216.0,1697806292.6,SINGLE,1,True,True,True,True,VALIDATED,BEFORE_HANDBACK,SINGLE,1.699802398700001,7.1998100281000035,2.65341305733,0.538283586502,0.36249256134,12.299724578800003,10.599922180100002,5.099914550699999,9,2.279166666666667
density_20_nback_2_id_23,23,20,2,d20_n2,1697818785.0,1697818884.85,SINGLE,1,True,True,True,True,VALIDATED,BEFORE_HANDBACK,SINGLE,4.900451660100003,14.599880218500005,0.460451006889,11.6270160675,6.3233628273,20.500347137400006,15.599895477300002,5.900466918900001,1,
density_0_nback_0_id_23,23,0,0,d0_n0,1697819142.0,1697819213.95,SINGLE,1,True,True,True,True,VALIDATED,BEFORE_HANDBACK,SINGLE,2.3001174927,6.149816513100003,1.65057098866,2.13866233826,0.235594719648,12.349752426200002,10.049634933500002,6.199935913099999,2,4.28583333492279
density_20_nback_1_id_23,23,20,1,d20_n1,1697819357.0,1697819425.5,MULTI_RESOLVED_BY_PROTOCOL_TTC,2,True,True,True,True,VALIDATED,BEFORE_HANDBACK,SINGLE,2.0003719330000003,6.8499450684,1.595739007,10.4340047836,5.09174919128,14.2505893708,12.2502174378,7.4006443024,3,2.384166665871938
density_0_nback_1_id_23,23,0,1,d0_n1,1697819562.0,1697819641.55,SINGLE,1,True,True,True,True,VALIDATED,BEFORE_HANDBACK,SINGLE,2.9499053955000036,7.0999565125,2.83670210838,0.542684078217,2.19596648216,15.249774932900003,12.2998695374,8.149818420400003,4,2.275
density_20_nback_0_id_23,23,20,0,d20_n0,1697819786.0,1697819878.4,SINGLE,1,True,True,True,True,VALIDATED,BEFORE_HANDBACK,SINGLE,2.0504951476999977,6.6503448486,1.26068496704,6.05263328552,1.70138394833,13.600345611599998,11.5498504639,6.9500007629999985,5,2.4075000007947285
density_0_nback_2_id_23,23,0,2,d0_n2,1697820024.0,1697820097.7,SINGLE,1,True,True,True,True,VALIDATED,BEFORE_HANDBACK,SINGLE,2.2500247955,5.6496944426999995,1.97355794907,1.19978713989,0.479712843895,11.800004959099997,9.549980163599997,6.150310516399998,6,2.4266666650772093
density_10_nback_2_id_23,23,10,2,d10_n2,1697820287.0,1697820359.6,SINGLE,1,True,True,True,True,VALIDATED,BEFORE_HANDBACK,MULTI_FIRST_TAKEN_AS_END_OF_FIRST_MANUAL_EPISODE,1.599988937300001,6.200906753499996,2.23814988136,5.40506124496,0.396015316248,15.500806808399997,13.900817871099996,9.2999000549,7,3.1549999992052715
density_10_nback_0_id_23,23,10,0,d10_n0,1697820525.0,1697820591.15,SINGLE,1,True,True,True,True,VALIDATED,BEFORE_HANDBACK,MULTI_FIRST_TAKEN_AS_END_OF_FIRST_MANUAL_EPISODE,2.550025940000001,8.850221633899999,0.681840002537,10.123465538,4.35821533203,14.899986267100001,12.3499603271,6.049764633200002,8,2.756666668256124
density_10_nback_1_id_23,23,10,1,d10_n1,1697820729.0,1697820799.8,SINGLE,1,True,True,True,True,VALIDATED,BEFORE_HANDBACK,SINGLE,1.6505985259999996,6.999954223699998,1.64061701298,4.84927606583,1.31450772285,14.600166320800003,12.949567794800004,7.600212097100005,9,2.297499998410543
density_10_nback_0_id_24,24,10,0,d10_n0,1697811499.0,1697811569.15,SINGLE,1,True,True,True,True,VALIDATED,BEFORE_HANDBACK,SINGLE,2.050281524700001,5.1501083374000025,2.8245100975,1.46615767479,0.992672622204,18.900423049900002,16.8501415252,13.7503147125,1,
density_0_nback_2_id_24,24,0,2,d0_n2,1697811909.0,1697811990.1,SINGLE,1,True,True,True,True,VALIDATED,BEFORE_HANDBACK,SINGLE,1.7506103515000042,4.6000175476,2.80616688728,0.948602735996,0.0644417405128,19.250049591000003,17.4994392395,14.650032043400003,2,5.664166665077209
density_10_nback_1_id_24,24,10,1,d10_n1,1697812234.0,1697812314.7,SINGLE,1,True,True,True,True,VALIDATED,BEFORE_HANDBACK,SINGLE,1.799655914299997,7.0497169494000005,3.68705201149,7.77044916153,4.35521173477,18.449581146199996,16.6499252319,11.399864196799996,3,4.065000001589457
density_0_nback_1_id_24,24,0,1,d0_n1,1697812495.0,1697812581.65,SINGLE,1,True,True,True,True,VALIDATED,BEFORE_HANDBACK,SINGLE,2.7991447448999978,5.949630737299998,3.43964004517,0.53969669342,0.618347346783,22.249549865699997,19.4504051208,16.2999191284,4,3.0049999992052716
density_10_nback_2_id_24,24,10,2,d10_n2,1697812888.0,1697812964.55,SINGLE,1,True,True,True,True,VALIDATED,BEFORE_HANDBACK,SINGLE,2.8502368927,5.650152206399998,3.38227701187,4.54168558121,-0.294131815434,19.45038414,16.6001472473,13.800231933600003,5,5.105833331743876
density_0_nback_0_id_24,24,0,0,d0_n0,1697813093.0,1697813166.15,SINGLE,1,True,True,True,True,VALIDATED,BEFORE_HANDBACK,SINGLE,1.0999794006000023,3.7500629425000014,3.68460202217,1.82227468491,0.190844044089,13.550485610900004,12.450506210300002,9.800422668400003,6,2.140833334128062
density_20_nback_0_id_24,24,20,0,d20_n0,1697813320.0,1697813414.7,SINGLE,1,True,True,True,True,VALIDATED,BEFORE_HANDBACK,SINGLE,1.0000267029000014,3.2498741149999972,4.29354476929,6.44987773895,0.854672253132,15.949783325200002,14.9497566223,12.699909210200005,7,2.5641666650772095
density_20_nback_2_id_24,24,20,2,d20_n2,1697813546.0,1697813644.5,SINGLE,1,True,False,False,True,ABSENT_COLUMN,LANE_CHANGE_ABSENT_COLUMN,SINGLE,6.900520324700004,,,,,19.150123596199997,12.249603271499993,,8,2.1883333325386047
density_20_nback_1_id_24,24,20,1,d20_n1,1697813852.0,1697813923.8,MULTI_RESOLVED_BY_PROTOCOL_TTC,2,True,True,True,True,VALIDATED,BEFORE_HANDBACK,SINGLE,2.5500450135,5.349998474200003,3.97115492821,10.3579492569,2.32255339622,17.549245834400004,14.999200820900004,12.199247360200001,9,3.4583333333333335
density_20_nback_1_id_25,25,20,1,d20_n1,1698304873.0,1698304982.1,SINGLE,1,True,False,False,True,ABSENT_COLUMN,LANE_CHANGE_ABSENT_COLUMN,SINGLE,1.6998901368000006,,,,,50.3007469178,48.600856781,,1,
density_20_nback_2_id_25,25,20,2,d20_n2,1698305314.0,1698305411.45,SINGLE,1,True,True,True,True,VALIDATED,BEFORE_HANDBACK,SINGLE,1.099700927699999,6.050403594999999,2.03575491905,6.39564752579,2.30158925056,21.8001480103,20.7004470826,15.7497444153,2,5.531666668256124
density_20_nback_0_id_25,25,20,0,d20_n0,1698305588.0,1698305684.45,SINGLE,1,True,True,True,True,VALIDATED,BEFORE_HANDBACK,SINGLE,1.050048828100003,7.449981689400005,0.377463012934,3.79693031311,1.01026451588,17.6500015258,16.599952697699997,10.200019836399996,3,2.9424999992052716
density_0_nback_0_id_25,25,0,0,d0_n0,1698305868.0,1698305943.95,SINGLE,1,True,True,True,True,VALIDATED,BEFORE_HANDBACK,SINGLE,1.2497005463000015,4.800168991099998,2.72515797615,2.06226444244,0.23498480022,16.350011825600003,15.100311279300001,11.549842834500005,4,3.059166665871938
density_10_nback_2_id_25,25,10,2,d10_n2,1698306084.0,1698306161.0,SINGLE,1,True,True,True,True,VALIDATED,BEFORE_HANDBACK,SINGLE,1.2491798401000018,5.549413681000004,3.05402493477,2.45062375069,-0.302681744099,19.999509811400003,18.7503299713,14.450096130399999,5,2.334166665871938
density_0_nback_1_id_25,25,0,1,d0_n1,1698306300.0,1698306384.85,SINGLE,1,True,True,True,True,VALIDATED,BEFORE_HANDBACK,SINGLE,1.7499732972000004,5.8491706849000025,3.60758399963,0.548352599144,0.532560586929,20.4999923707,18.7500190735,14.650821685799997,6,2.316666666666667
density_10_nback_1_id_25,25,10,1,d10_n1,1698306499.0,1698306571.3,SINGLE,1,True,True,True,True,VALIDATED,BEFORE_HANDBACK,SINGLE,1.6496658324999984,7.800081252999998,0.800252020359,4.01058912277,0.507371485233,16.0993976593,14.4497318268,8.299316406300001,7,1.902500001589457
density_0_nback_2_id_25,25,0,2,d0_n2,1698306696.0,1698306771.75,SINGLE,1,True,True,True,True,VALIDATED,BEFORE_HANDBACK,SINGLE,1.049983978300002,4.499774932899999,2.89503097534,0.663637638092,0.0621194280684,13.899871826200002,12.8498878479,9.400096893300002,8,2.078333334128062
density_10_nback_0_id_25,25,10,0,d10_n0,1698306885.0,1698306953.95,SINGLE,1,True,True,True,True,VALIDATED,BEFORE_HANDBACK,SINGLE,2.149580001799997,5.499900817899999,2.57149291039,1.48972523212,0.131091788411,17.6991710663,15.549591064500003,12.199270248400001,9,1.8875
density_20_nback_2_id_26,26,20,2,d20_n2,1697880092.0,1697880185.15,SINGLE,1,True,True,True,True,VALIDATED,BEFORE_HANDBACK,SINGLE,2.0006027222,6.350418090799998,0.705081999302,2.22899746895,3.07751083374,13.850383758499994,11.849781036299994,7.499965667699996,1,
density_20_nback_1_id_26,26,20,1,d20_n1,1697880457.0,1697880525.7,MULTI_RESOLVED_BY_PROTOCOL_TTC,2,True,True,True,True,VALIDATED,BEFORE_HANDBACK,SINGLE,1.850086212099999,7.5503025054999995,1.45855200291,10.3951034546,2.33159613609,14.5000705719,12.649984359800001,6.949768066400001,2,4.530833331743876
density_0_nback_0_id_26,26,0,0,d0_n0,1697880724.0,1697880796.2,SINGLE,1,True,True,True,True,VALIDATED,BEFORE_HANDBACK,SINGLE,2.3000087739,5.600145340000001,2.11077690125,2.16788959503,0.670286297798,12.650072097800003,10.350063323900002,7.0499267578000016,3,3.3049999992052714
density_20_nback_0_id_26,26,20,0,d20_n0,1697880990.0,1697881084.55,SINGLE,1,True,True,True,True,VALIDATED,BEFORE_HANDBACK,SINGLE,1.6499252318999993,5.799907684300003,2.14765310287,7.6137804985,1.68378305435,15.799999237100003,14.150074005200004,10.0000915528,4,3.2299999992052713
density_0_nback_1_id_26,26,0,1,d0_n1,1697881978.0,1697882056.85,SINGLE,1,True,True,True,True,VALIDATED,BEFORE_HANDBACK,SINGLE,1.9500579834000007,6.750316619899998,2.19303202629,1.57667303085,1.58447706699,14.550045013400002,12.599987030000001,7.799728393500004,5,14.890833334128063
density_10_nback_2_id_26,26,10,2,d10_n2,1697882232.0,1697882304.05,SINGLE,1,True,True,True,True,VALIDATED,BEFORE_HANDBACK,SINGLE,1.7499771117999998,6.100391387899997,2.14168405533,6.09724283218,0.764402925968,14.950256347699998,13.200279235899998,8.849864959800001,6,2.919166668256124
density_0_nback_2_id_26,26,0,2,d0_n2,1697882477.0,1697882549.95,SINGLE,1,True,True,True,True,VALIDATED,BEFORE_HANDBACK,SINGLE,1.5998649596999996,5.500152587800002,1.68527197838,1.27807176113,0.691328763962,11.1004753112,9.5006103515,5.600322723399998,7,2.8825000007947286
density_10_nback_1_id_26,26,10,1,d10_n1,1697882692.0,1697882763.4,SINGLE,1,True,True,True,True,VALIDATED,BEFORE_HANDBACK,SINGLE,1.4495544432999985,7.000125884999996,1.41500401497,6.25921773911,0.735539734364,15.2496757507,13.800121307400001,8.249549865700004,8,2.3674999992052714
density_10_nback_0_id_26,26,10,0,d10_n0,1697882906.0,1697882970.85,SINGLE,1,True,True,True,True,VALIDATED,BEFORE_HANDBACK,SINGLE,1.5502281189000016,6.250200271600001,1.66211295128,2.02088093758,0.590006113052,13.5502586365,12.000030517599999,7.3000583649,9,2.3766666650772095
density_10_nback_2_id_27,27,10,2,d10_n2,1699698486.0,1699698573.9,SINGLE,1,True,True,True,True,VALIDATED,BEFORE_HANDBACK,SINGLE,1.7500495909999998,4.450201034500001,3.38200592995,1.25567352772,-0.302976131439,30.8003768921,29.0503273011,26.3501758576,1,
density_20_nback_0_id_27,27,20,0,d20_n0,1699698906.0,1699699004.7,SINGLE,1,True,True,True,True,VALIDATED,BEFORE_HANDBACK,SINGLE,2.2497138976999977,7.249782562299998,0.801419973373,5.73240661621,1.65649151802,19.90024566649999,17.650531768799993,12.650463104199993,2,5.534999998410543
density_10_nback_1_id_27,27,10,1,d10_n1,1699699185.0,1699699271.3,SINGLE,1,True,True,True,True,VALIDATED,BEFORE_HANDBACK,SINGLE,2.5507965087999978,6.3506603241000015,2.67857599258,7.24615573883,0.245969757438,30.0504512787,27.4996547699,23.699790954599997,3,3.0049999992052716
density_20_nback_1_id_27,27,20,1,d20_n1,1699699446.0,1699699575.4,MULTI_UNRESOLVED,2,False,False,False,False,VALIDATED,NO_TOR_ANCHOR,SINGLE,,,,,,,67.8996238709,,4,2.9116666674613954
density_10_nback_0_id_27,27,10,0,d10_n0,1699699757.0,1699699827.75,SINGLE,1,True,True,True,True,VALIDATED,BEFORE_HANDBACK,SINGLE,2.749582290700001,10.049400329600001,1.54409694672,9.69865322113,5.91118812561,19.499979019199998,16.750396728499997,9.450578689599997,5,3.0266666650772094
density_20_nback_2_id_27,27,20,2,d20_n2,1699700139.0,1699700237.55,SINGLE,1,True,True,True,True,VALIDATED,BEFORE_HANDBACK,SINGLE,1.6494293212999978,6.949924469000003,2.8185300827,7.4953827858,2.5827229023,24.8995742798,23.2501449585,17.949649810799997,6,5.1875
density_0_nback_2_id_27,27,0,2,d0_n2,1699700388.0,1699700463.6,SINGLE,1,True,True,True,True,VALIDATED,BEFORE_HANDBACK,SINGLE,1.7498741150000043,5.699554443400004,2.87698793411,4.32984733582,-0.132222548127,13.7003059388,11.950431823799995,8.000751495399996,7,2.5075000007947286
density_0_nback_0_id_27,27,0,0,d0_n0,1699700589.0,1699700674.9,SINGLE,1,True,True,True,True,VALIDATED,BEFORE_HANDBACK,SINGLE,0.9494113921999983,4.149707794200001,3.21122193336,1.68520438671,0.264479190111,26.3494148254,25.400003433200002,22.1997070312,8,2.0900000015894573
density_0_nback_1_id_27,27,0,1,d0_n1,1699700809.0,1699700898.5,SINGLE,1,True,True,True,True,VALIDATED,BEFORE_HANDBACK,SINGLE,2.7002410889000004,7.850158691399997,2.67790293694,0.538607656956,0.125500306487,25.150581359900002,22.450340271,17.300422668500005,9,2.234999998410543
density_0_nback_2_id_28,28,0,2,d0_n2,1697898330.0,1697898405.2,SINGLE,1,True,True,True,True,VALIDATED,BEFORE_HANDBACK,SINGLE,1.7004489899,3.7001171111999973,3.72069597244,0.897472679615,-0.0567822866142,13.300561904899997,11.600112914999997,9.6004447937,1,
density_0_nback_1_id_28,28,0,1,d0_n1,1697898800.0,1697898880.1,SINGLE,1,True,True,True,True,VALIDATED,BEFORE_HANDBACK,SINGLE,1.949859619199998,5.450206756600004,4.04991292953,0.542285919189,0.0702277496457,15.799816131600004,13.849956512400006,10.349609375,2,6.579999999205271
density_10_nback_0_id_28,28,10,0,d10_n0,1697899145.0,1697899214.2,SINGLE,1,True,True,True,True,VALIDATED,BEFORE_HANDBACK,SINGLE,1.2503948210999987,5.499872207599999,2.31018304825,1.14577770233,-0.299036234617,17.949810027999998,16.6994152069,12.449937820399999,3,4.4150000015894575
density_0_nback_0_id_28,28,0,0,d0_n0,1697899442.0,1697899516.75,SINGLE,1,True,True,True,True,VALIDATED,BEFORE_HANDBACK,SINGLE,4.3499469757,7.0003833771,1.7028529644,2.66761565208,0.169711485505,15.1504955292,10.8005485535,8.1501121521,4,3.796666665871938
density_20_nback_1_id_28,28,20,1,d20_n1,1698081865.0,1698081960.55,SINGLE,1,True,True,True,True,VALIDATED,BEFORE_HANDBACK,SINGLE,1.150012970000006,4.75,2.28225803375,1.21432447433,2.65113782883,16.19998931890001,15.049976348900003,11.449989318900009,5,3039.1375
density_10_nback_1_id_28,28,10,1,d10_n1,1698082273.0,1698082345.05,SINGLE,1,True,True,True,True,VALIDATED,BEFORE_HANDBACK,SINGLE,1.3500480651999993,8.300029754600004,0.197931006551,4.34055757523,0.442228019238,15.900077819800003,14.550029754600004,7.600048065199999,6,5.207500000794728
density_20_nback_2_id_28,28,20,2,d20_n2,1698082482.0,1698082580.3,SINGLE,1,True,True,True,True,VALIDATED,BEFORE_HANDBACK,SINGLE,1.4998817443999997,7.0505638121999965,0.635510981083,3.28820824623,3.05754566193,19.049678802499997,17.549797058099998,11.9991149903,7,2.2825000007947285
density_10_nback_2_id_28,28,10,2,d10_n2,1698082738.0,1698082812.0,SINGLE,1,True,True,True,True,VALIDATED,BEFORE_HANDBACK,SINGLE,1.100801467900002,7.699951171899997,0.748920977116,2.13557744026,-0.113967224956,16.9507789612,15.849977493299999,9.250827789300004,8,2.628333334128062
density_20_nback_0_id_28,28,20,0,d20_n0,1698082959.0,1698083054.7,SINGLE,1,True,True,True,True,VALIDATED,BEFORE_HANDBACK,SINGLE,0.8999290466000005,8.149902343699999,0.440403014421,6.86966896057,1.18532311916,16.949954986500003,16.050025939900003,8.800052642800004,9,2.45
density_20_nback_2_id_29,29,20,2,d20_n2,1698060020.0,1698060115.2,SINGLE,1,True,True,True,True,VALIDATED,BEFORE_HANDBACK,SINGLE,1.8000259398999958,4.600826263399995,2.44662809372,2.42623925209,2.40883731842,15.800861358599995,14.0008354187,11.2000350952,1,
density_20_nback_1_id_29,29,20,1,d20_n1,1698060412.0,1698060484.15,MULTI_RESOLVED_BY_PROTOCOL_TTC,2,True,True,True,True,VALIDATED,BEFORE_HANDBACK,SINGLE,1.499820709199998,4.299825668299999,5.44708013535,10.3469581604,2.26574158669,17.8999595642,16.400138855,13.6001338959,2,4.9466666658719385
density_0_nback_0_id_29,29,0,0,d0_n0,1698060723.0,1698060797.2,SINGLE,1,True,True,True,True,VALIDATED,BEFORE_HANDBACK,SINGLE,2.2500362396,4.750028610199998,3.07468104362,2.20284414291,0.163061231375,14.6492595673,12.3992233277,9.899230957100002,3,3.980833331743876
density_20_nback_0_id_29,29,20,0,d20_n0,1698060972.0,1698061067.4,SINGLE,1,True,True,True,True,VALIDATED,BEFORE_HANDBACK,SINGLE,1.3504409790000054,7.5504493713000045,1.38099396229,11.0254249573,1.46477651596,16.649917602500004,15.299476623499999,9.0994682312,4,2.913333332538605
density_0_nback_1_id_29,29,0,1,d0_n1,1698061583.0,1698061665.65,SINGLE,1,True,True,True,True,VALIDATED,BEFORE_HANDBACK,SINGLE,4.2000541686999995,7.649963378899997,2.83022999763,0.550652444363,-0.000107984153146,18.350807189900003,14.150753021200003,10.700843811000006,5,8.593333331743876
density_10_nback_2_id_29,29,10,2,d10_n2,1698061816.0,1698061889.85,SINGLE,1,True,True,True,True,VALIDATED,BEFORE_HANDBACK,SINGLE,1.999994277999999,5.000066757199999,2.93234300613,1.36386239529,-0.30520388484,16.799570083699997,14.799575805699998,11.799503326499998,6,2.5058333317438763
density_0_nback_2_id_29,29,0,2,d0_n2,1698062084.0,1698062150.45,SINGLE,1,True,True,False,True,VALIDATED,AT_OR_AFTER_HANDBACK,MULTI_FIRST_TAKEN_AS_END_OF_FIRST_MANUAL_EPISODE,3.0509014129999983,,3.13515496254,6.42892932892,1.8457865715,4.599954605099995,1.549053192099997,,7,3.2358333349227903
density_10_nback_1_id_29,29,10,1,d10_n1,1698062330.0,1698062402.7,SINGLE,1,True,True,True,True,VALIDATED,BEFORE_HANDBACK,SINGLE,2.8005714417000007,5.9999828339000025,2.78930211067,9.252202034,0.588260114193,16.500123977700003,13.699552536000002,10.5001411438,8,2.9924999992052714
density_10_nback_0_id_29,29,10,0,d10_n0,1698062555.0,1698062629.95,SINGLE,1,True,True,True,True,VALIDATED,BEFORE_HANDBACK,SINGLE,1.2498950957999995,14.8499603271,0.315932005644,11.0377845764,6.3566608429,23.6500892639,22.4001941681,8.8001289368,9,2.538333332538605
density_20_nback_2_id_30,30,20,2,d20_n2,1699525859.0,1699525957.9,SINGLE,1,True,True,True,True,VALIDATED,BEFORE_HANDBACK,SINGLE,1.8500671386999983,10.1497612,1.3290990591,10.974199295,2.63272595406,25.2495765686,23.3995094299,15.099815368599998,1,
density_0_nback_0_id_30,30,0,0,d0_n0,1699526329.0,1699526402.65,SINGLE,1,True,True,True,True,VALIDATED,BEFORE_HANDBACK,SINGLE,1.300546646099999,6.1008167266000015,1.41940903664,2.169444561,0.224820077419,14.100477218599998,12.7999305725,7.999660491999997,2,6.184999998410543
density_20_nback_1_id_30,30,20,1,d20_n1,1699526617.0,1699526694.95,SINGLE,1,True,True,True,True,VALIDATED,BEFORE_HANDBACK,SINGLE,1.7507686615000004,7.900547027599998,1.62193405628,9.55055332184,3.43636798859,19.150081634499998,17.399312972999997,11.2495346069,3,3.5724999984105428
density_0_nback_1_id_30,30,0,1,d0_n1,1699526863.0,1699526949.0,SINGLE,1,True,True,True,True,VALIDATED,BEFORE_HANDBACK,SINGLE,1.9501113892000035,7.950435638400002,2.60416698456,0.541027545929,0.117265507579,21.750267028800003,19.8001556396,13.799831390400001,4,2.8008333325386046
density_20_nback_0_id_30,30,20,0,d20_n0,1699527093.0,1699527188.8,SINGLE,1,True,True,True,True,VALIDATED,BEFORE_HANDBACK,SINGLE,0.7503166198000031,6.6501350403,1.93824505806,4.53030347824,0.319306433201,17.0996627807,16.349346160899998,10.4495277404,5,2.4
density_0_nback_2_id_30,30,0,2,d0_n2,1699527322.0,1699527399.3,SINGLE,1,True,True,True,True,VALIDATED,BEFORE_HANDBACK,SINGLE,1.700008392400001,6.1505699157999985,1.38371098042,0.8976598382,0.0690354406834,15.450138092099998,13.750129699699997,9.2995681763,6,2.2200000007947285
density_10_nback_2_id_30,30,10,2,d10_n2,1699527549.0,1699527629.45,SINGLE,1,True,True,True,True,VALIDATED,BEFORE_HANDBACK,SINGLE,1.799581527800001,7.399450302200002,1.35010504723,3.82865047455,-0.307824969292,23.399854660099997,21.600273132299996,16.000404357899995,7,2.4950000007947284
density_10_nback_0_id_30,30,10,0,d10_n0,1699527748.0,1699527819.65,SINGLE,1,True,True,True,True,VALIDATED,BEFORE_HANDBACK,SINGLE,1.7999515533000014,5.349954605099999,2.54701304436,1.35867464542,-0.0843431800604,20.4002227783,18.600271225,15.050268173200003,8,1.9758333325386048
density_10_nback_1_id_30,30,10,1,d10_n1,1699527949.0,1699528024.55,SINGLE,1,True,True,True,True,VALIDATED,BEFORE_HANDBACK,SINGLE,1.9495906830000003,7.549077987699999,1.34540903568,3.85214114189,0.196035310626,19.399755477899998,17.450164794899997,11.850677490199999,9,2.1558333317438763
density_20_nback_2_id_31,31,20,2,d20_n2,1698074270.0,1698074370.4,SINGLE,1,True,True,True,True,VALIDATED,BEFORE_HANDBACK,SINGLE,1.7498931885000033,11.899894714400006,0.872286021709,9.20575332642,5.95265054703,21.050029754700006,19.300136566200003,9.1501350403,1,
density_0_nback_0_id_31,31,0,0,d0_n0,1698074640.0,1698074719.05,SINGLE,1,True,True,True,True,VALIDATED,BEFORE_HANDBACK,SINGLE,0.9000949859000009,5.950216293299999,2.48671197891,4.25042963028,0.210849091411,19.450487136799996,18.550392150899995,13.500270843499997,2,4.493333331743876
density_20_nback_1_id_31,31,20,1,d20_n1,1698074891.0,1698074964.3,MULTI_RESOLVED_BY_PROTOCOL_TTC,2,True,True,True,True,VALIDATED,BEFORE_HANDBACK,SINGLE,1.1999778747,6.749973297099999,2.33780908585,8.32172966003,2.33100605011,19.100204467700003,17.900226593000003,12.350231170600004,3,2.865833334128062
density_0_nback_1_id_31,31,0,1,d0_n1,1698075129.0,1698075218.1,SINGLE,1,True,True,True,True,VALIDATED,BEFORE_HANDBACK,SINGLE,2.4001388550000016,8.050151824899999,2.32917809486,1.84223914146,1.04692840576,24.7500534057,22.3499145507,16.699901580800002,4,2.7450000007947284
density_20_nback_0_id_31,31,20,0,d20_n0,1698075395.0,1698075494.45,MISSING_TOR_COLUMN,0,False,False,False,False,VALIDATED,NO_TOR_ANCHOR,SINGLE,,,,,,,21.6998252869,,5,2.9483333349227907
density_0_nback_2_id_31,31,0,2,d0_n2,1698075678.0,1698075757.45,SINGLE,1,True,True,True,True,VALIDATED,BEFORE_HANDBACK,SINGLE,1.200157165500002,6.2501182556,1.20152294636,1.06396591663,-0.149418339133,17.550029754599997,16.349872589099995,11.299911498999997,6,3.059166665871938
density_10_nback_2_id_31,31,10,2,d10_n2,1698075903.0,1698075980.5,SINGLE,1,True,True,True,True,VALIDATED,BEFORE_HANDBACK,SINGLE,1.4504699706999986,7.199861526500001,1.97336399555,2.56133675575,0.740078270435,20.450033187899997,18.9995632172,13.250171661399996,7,2.4258333325386046
density_10_nback_0_id_31,31,10,0,d10_n0,1698076133.0,1698076204.25,MISSING_TOR_COLUMN,0,False,False,False,False,VALIDATED,NO_TOR_ANCHOR,SINGLE,,,,,,,20.4498157502,,8,2.5416666666666665
density_10_nback_1_id_31,31,10,1,d10_n1,1698076344.0,1698076422.7,SINGLE,1,True,True,True,True,VALIDATED,BEFORE_HANDBACK,SINGLE,1.6500167847,7.650754928599998,1.35915994644,4.14970541,0.212814033031,22.5007419586,20.8507251739,14.849987030000001,9,2.3291666666666666
density_20_nback_0_id_32,32,20,0,d20_n0,1698135714.0,1698135807.15,SINGLE,1,True,True,True,True,VALIDATED,BEFORE_HANDBACK,SINGLE,1.9999160766999964,6.8001937866999995,1.06681203842,2.7286875248,1.69461655617,14.349922180199997,12.3500061035,7.549728393499997,1,
density_10_nback_2_id_32,32,10,2,d10_n2,1698135949.0,1698136022.95,SINGLE,1,True,True,True,True,VALIDATED,BEFORE_HANDBACK,SINGLE,1.5004119873000015,4.649600982700001,4.01494693756,6.69221067429,-0.311442613602,16.8504219055,15.350009918199998,12.200820922799998,2,2.3641666650772093
density_20_nback_1_id_32,32,20,1,d20_n1,1698136132.0,1698136200.25,MULTI_RESOLVED_BY_PROTOCOL_TTC,2,True,True,True,True,VALIDATED,BEFORE_HANDBACK,SINGLE,1.7006263733000004,5.200376510599998,3.78163099289,10.3839187622,2.35797762871,14.0007228851,12.3000965118,8.800346374500002,3,1.8174999992052714
density_10_nback_1_id_32,32,10,1,d10_n1,1698136306.0,1698136375.35,SINGLE,1,True,True,True,True,VALIDATED,BEFORE_HANDBACK,SINGLE,1.549833297800003,7.0501308441000035,1.73715305328,6.9936299324,1.7430562973,13.199979782100002,11.650146484299999,6.149848937999998,4,1.7625
density_20_nback_2_id_32,32,20,2,d20_n2,1698136481.0,1698136575.25,SINGLE,1,True,True,True,True,VALIDATED,BEFORE_HANDBACK,SINGLE,1.4998703003000031,8.549823760999999,1.08340799809,8.29080581665,6.61158657074,15.000377654999994,13.500507354699991,6.450553893999995,5,1.7608333349227905
density_10_nback_0_id_32,32,10,0,d10_n0,1698136684.0,1698136746.65,SINGLE,1,True,True,True,True,VALIDATED,BEFORE_HANDBACK,SINGLE,1.1008796691999976,3.9505729674999976,3.32523393631,2.52269291878,2.15487837791,11.400522232099998,10.2996425629,7.449949264600001,6,1.8125
density_0_nback_0_id_32,32,0,0,d0_n0,1698136842.0,1698136910.15,SINGLE,1,True,True,True,True,VALIDATED,BEFORE_HANDBACK,SINGLE,1.0002613067000006,3.6503391265999987,3.45138692856,1.5808609724,1.13358068466,8.650232315,7.6499710083,4.9998931884000015,7,1.5891666650772094
density_0_nback_2_id_32,32,0,2,d0_n2,1698136993.0,1698137066.05,SINGLE,1,True,True,True,True,VALIDATED,BEFORE_HANDBACK,SINGLE,1.4001960754999985,4.299842834500005,2.89090490341,1.07067155838,0.784313738346,11.099761962900004,9.699565887400006,6.799919128399999,8,1.3808333317438761
density_0_nback_1_id_32,32,0,1,d0_n1,1698137180.0,1698137257.5,SINGLE,1,True,True,True,True,VALIDATED,BEFORE_HANDBACK,SINGLE,1.5500755309999974,5.050071716300003,3.42431998253,1.33928406239,1.63311064243,13.150051116900002,11.599975585900005,8.099979400599999,9,1.8991666674613952
density_10_nback_1_id_33,33,10,1,d10_n1,1698145989.0,1698146064.85,SINGLE,1,True,True,True,True,VALIDATED,BEFORE_HANDBACK,SINGLE,1.7506160735999998,6.2506198882999975,2.14700102806,5.80108976364,0.822221934795,19.650636672999998,17.900020599399998,13.4000167847,1,
density_10_nback_0_id_33,33,10,0,d10_n0,1698146309.0,1698146400.05,SINGLE,1,True,True,True,True,VALIDATED,BEFORE_HANDBACK,SINGLE,1.0494899750000002,5.5000114441,2.08978509903,1.09897947311,0.10794326663,39.8499031067,38.8004131317,34.3498916626,2,4.069166668256124
density_10_nback_2_id_33,33,10,2,d10_n2,1698146613.0,1698146688.4,SINGLE,1,True,True,True,True,VALIDATED,BEFORE_HANDBACK,SINGLE,1.7000007629000002,6.799821853600001,1.89383602142,4.33699369431,0.169322818518,18.349908828700002,16.649908065800002,11.550086975100001,3,3.549166667461395
density_0_nback_2_id_33,33,0,2,d0_n2,1698146862.0,1698146940.7,SINGLE,1,True,True,True,True,VALIDATED,BEFORE_HANDBACK,SINGLE,1.2999248504000036,4.7498035431000005,2.63168311119,0.660487771034,0.0499718077481,16.7999134063,15.499988555899996,12.0501098632,4,2.893333331743876
density_20_nback_0_id_33,33,20,0,d20_n0,1698147129.0,1698147227.25,SINGLE,1,True,True,True,True,VALIDATED,BEFORE_HANDBACK,SINGLE,1.0497741698999974,6.199844360299998,1.51004898548,3.00180673599,0.98973596096,19.5001220703,18.450347900400004,13.300277710000003,5,3.138333332538605
density_0_nback_1_id_33,33,0,1,d0_n1,1698147349.0,1698147429.45,SINGLE,1,True,True,True,True,VALIDATED,BEFORE_HANDBACK,SINGLE,1.2000350952000005,8.250041961599997,1.6358319521,1.32292592525,1.41967630386,16.149658203099996,14.949623107899995,7.899616241499999,6,2.029166666666667
density_20_nback_1_id_33,33,20,1,d20_n1,1698147567.0,1698147638.45,SINGLE,1,True,True,True,True,VALIDATED,BEFORE_HANDBACK,SINGLE,1.0499610901000018,6.150085449199999,2.42242693901,7.63778066635,2.27972269058,17.200094223,16.1501331329,11.050008773800002,7,2.2924999992052713
density_0_nback_0_id_33,33,0,0,d0_n0,1698147790.0,1698147866.7,SINGLE,1,True,True,True,True,VALIDATED,BEFORE_HANDBACK,SINGLE,1.5496253967000015,6.199434280400002,1.32482397556,2.16991639137,0.260293215513,17.099744796699998,15.550119399999996,10.900310516299996,8,2.5258333325386046
density_20_nback_2_id_33,33,20,2,d20_n2,1698147988.0,1698148083.55,SINGLE,1,True,True,True,True,VALIDATED,BEFORE_HANDBACK,SINGLE,1.8000602721999996,6.000144958499995,0.908510029316,3.15421414375,3.06923031807,16.250122070299994,14.450061798099995,10.2499771118,9,2.021666665871938
density_20_nback_2_id_34,34,20,2,d20_n2,1698150606.0,1698150699.3,SINGLE,1,True,True,True,True,VALIDATED,BEFORE_HANDBACK,SINGLE,1.7001342773000019,4.8508415222,2.21646595001,1.82145273685,3.09251642227,14.050067901600002,12.3499336243,9.199226379400002,1,
density_20_nback_1_id_34,34,20,1,d20_n1,1698151061.0,1698151131.4,MULTI_RESOLVED_BY_PROTOCOL_TTC,2,True,True,True,True,VALIDATED,BEFORE_HANDBACK,SINGLE,2.3999481200999995,5.3502464293999985,4.4207611084,10.2428092957,2.28581619263,16.250093460000002,13.850145339900003,10.899847030600004,2,6.028333334128062
density_0_nback_0_id_34,34,0,0,d0_n0,1698151397.0,1698151469.25,SINGLE,1,True,True,True,True,VALIDATED,BEFORE_HANDBACK,SINGLE,2.6002483368,5.100637435900005,2.99731707573,2.19663047791,0.249694481492,12.6503582,10.0501098632,7.549720764099995,3,4.426666665077209
density_20_nback_0_id_34,34,20,0,d20_n0,1698151794.0,1698151889.95,SINGLE,1,True,True,True,True,VALIDATED,BEFORE_HANDBACK,SINGLE,0.8503189086999967,5.900035858199999,4.15839004517,7.38585567474,1.34572958946,17.1506004334,16.300281524700004,11.250564575200002,4,5.4125
density_0_nback_1_id_34,34,0,1,d0_n1,1698152115.0,1698152198.75,SINGLE,1,True,True,True,True,VALIDATED,BEFORE_HANDBACK,SINGLE,1.549976348899996,5.2500114440999965,4.26101016998,0.542209327221,-0.311342954636,19.450305938699998,17.900329589800002,14.200294494600001,5,3.7508333325386047
density_10_nback_2_id_34,34,10,2,d10_n2,1698152410.0,1698152487.85,SINGLE,1,True,True,True,True,VALIDATED,BEFORE_HANDBACK,SINGLE,1.6004943847000028,7.1500911712,3.41905593872,7.76896810532,3.39255261421,20.7502803802,19.149785995499997,13.600189209,6,3.5208333333333335
density_0_nback_2_id_34,34,0,2,d0_n2,1698152687.0,1698152763.6,SINGLE,1,True,True,True,True,VALIDATED,BEFORE_HANDBACK,SINGLE,1.650465011600005,4.500467300499999,2.93944001198,0.874858438969,-0.156616255641,14.700334549000004,13.0498695374,10.199867248500006,7,3.319166668256124
density_10_nback_1_id_34,34,10,1,d10_n1,1698152943.0,1698153017.6,SINGLE,1,True,True,True,True,VALIDATED,BEFORE_HANDBACK,SINGLE,1.5999565123999986,6.350036621099996,3.76184391975,7.91358852386,0.143485307693,18.3999481201,16.7999916077,12.049911499000004,8,2.9900000015894572
density_10_nback_0_id_34,34,10,0,d10_n0,1698153175.0,1698153241.6,SINGLE,1,True,True,True,True,VALIDATED,BEFORE_HANDBACK,SINGLE,2.2500228882,5.3499469757,3.14833807945,3.41539525986,-0.301285892725,15.350013732899995,13.099990844699995,10.000066757199995,9,2.6233333349227905
density_0_nback_1_id_35,35,0,1,d0_n1,1698164927.0,1698165009.35,SINGLE,1,True,True,True,True,VALIDATED,BEFORE_HANDBACK,SINGLE,2.7003135681000003,6.849884033199999,2.52406311035,1.31159281731,1.19818019867,18.0497322083,15.3494186402,11.199848175100001,1,
density_0_nback_2_id_35,35,0,2,d0_n2,1698165301.0,1698165378.25,SINGLE,1,True,True,True,True,VALIDATED,BEFORE_HANDBACK,SINGLE,1.949621200500001,5.349767684899998,2.14588403702,1.02982103825,0.484413325787,15.350297927799996,13.400676727299995,10.000530242899998,2,4.86083333492279
density_0_nback_0_id_35,35,0,0,d0_n0,1698165646.0,1698165719.75,SINGLE,1,True,True,True,True,VALIDATED,BEFORE_HANDBACK,SINGLE,1.349124908500002,5.249700546300005,2.19155597687,2.21953439713,0.405380249023,14.1494503021,12.800325393599998,8.899749755799995,3,4.4625
density_10_nback_0_id_35,35,10,0,d10_n0,1698165872.0,1698165937.8,SINGLE,1,True,True,True,True,VALIDATED,BEFORE_HANDBACK,SINGLE,1.9506607056000007,5.250490188600001,2.43426299095,1.66831791401,0.696022748947,14.550018310600002,12.599357605000002,9.299528122000002,4,2.5375
density_20_nback_2_id_35,35,20,2,d20_n2,1698166135.0,1698166229.2,SINGLE,1,True,True,True,True,VALIDATED,BEFORE_HANDBACK,SINGLE,1.9498558044999967,5.400009155299998,1.49084997177,2.14616203308,3.04762077332,14.899997711199994,12.950141906699997,9.499988555899996,5,3.2866666674613954
density_10_nback_1_id_35,35,10,1,d10_n1,1698166456.0,1698166528.95,SINGLE,1,True,True,True,True,VALIDATED,BEFORE_HANDBACK,SINGLE,1.8500061035000002,6.699939727799997,2.08349299431,6.1103515625,0.255321800709,16.750202179000002,14.900196075500002,10.050262451200005,6,3.7799999992052715
density_20_nback_1_id_35,35,20,1,d20_n1,1698166739.0,1698166810.3,MULTI_UNRESOLVED,3,False,False,False,False,VALIDATED,NO_TOR_ANCHOR,SINGLE,,,,,,,13.900661468499997,,7,3.5008333325386047
density_10_nback_2_id_35,35,10,2,d10_n2,1698167029.0,1698167101.2,SINGLE,1,True,True,True,True,VALIDATED,BEFORE_HANDBACK,SINGLE,2.8507156372000004,6.200553894099997,2.30983901024,4.37142276764,-0.109962716699,15.100666046199997,12.249950408999997,8.9001121521,8,3.6450000007947287
density_20_nback_0_id_35,35,20,0,d20_n0,1698167267.0,1698167362.3,SINGLE,1,True,True,True,True,VALIDATED,BEFORE_HANDBACK,SINGLE,0.849853515599996,6.199237823499999,2.48674798012,6.59443187714,0.49145630002,16.499782562199997,15.6499290466,10.300544738699998,9,2.763333332538605
density_0_nback_1_id_36,36,0,1,d0_n1,1698221251.0,1698221341.55,SINGLE,1,True,True,True,True,VALIDATED,BEFORE_HANDBACK,SINGLE,1.900035858199999,7.999923706099999,2.49460911751,0.540536701679,0.121870838106,26.1998977661,24.299861907900002,18.199974060000002,1,
density_0_nback_2_id_36,36,0,2,d0_n2,1698221594.0,1698221679.95,SINGLE,1,True,True,True,True,VALIDATED,BEFORE_HANDBACK,SINGLE,2.400266647299997,5.500020980799999,2.16881299019,1.28139078617,-0.158494651318,24.100091934199998,21.6998252869,18.6000709534,2,4.207500000794728
density_0_nback_0_id_36,36,0,0,d0_n0,1698221876.0,1698221981.35,SINGLE,1,True,True,True,True,VALIDATED,BEFORE_HANDBACK,SINGLE,1.0997505188000005,6.299970626900002,1.09628105164,1.89969539642,0.14035692811,45.749910354700006,44.6501598359,39.4499397278,3,3.2674999992052713
density_10_nback_0_id_36,36,10,0,d10_n0,1698222136.0,1698222231.4,MISSING_TOR_COLUMN,0,False,False,False,False,VALIDATED,NO_TOR_ANCHOR,SINGLE,,,,,,,44.5502109528,,4,2.577500001589457
density_20_nback_2_id_36,36,20,2,d20_n2,1698222399.0,1698222489.45,SINGLE,1,True,True,True,True,VALIDATED,BEFORE_HANDBACK,SINGLE,1.7500610350999963,6.150108337399999,0.922474980354,1.83413863182,3.09988260269,11.1994285583,9.449367523200003,5.0493202209,5,2.793333331743876
density_10_nback_1_id_36,36,10,1,d10_n1,1698222648.0,1698222723.55,SINGLE,1,True,True,True,True,VALIDATED,BEFORE_HANDBACK,SINGLE,1.6500396729000002,7.250013351499998,2.01199698448,4.448097229,0.134135916829,19.399969101,17.7499294281,12.149955749500002,6,2.6424999992052713
density_20_nback_1_id_36,36,20,1,d20_n1,1698222867.0,1698222947.5,MULTI_RESOLVED_BY_PROTOCOL_TTC,2,True,True,True,True,VALIDATED,BEFORE_HANDBACK,SINGLE,1.9499168396000002,7.1498126983,1.92815697193,10.3170700073,2.29811286926,26.300003051699996,24.350086212099995,19.150190353399996,7,2.390833334128062
density_10_nback_2_id_36,36,10,2,d10_n2,1698223088.0,1698223168.4,SINGLE,1,True,True,True,True,VALIDATED,BEFORE_HANDBACK,SINGLE,1.9497127532999983,7.449777603099996,1.85796403885,4.95245409012,1.26981067657,23.399465560899998,21.4497528076,15.949687957800002,8,2.341666666666667
density_20_nback_0_id_36,36,20,0,d20_n0,1698223310.0,1698223412.35,MISSING_TOR_COLUMN,0,False,False,False,False,VALIDATED,NO_TOR_ANCHOR,SINGLE,,,,,,,24.2502098083,,9,2.359999998410543
density_10_nback_1_id_37,37,10,1,d10_n1,1698503995.0,1698504072.75,SINGLE,1,True,True,True,True,VALIDATED,BEFORE_HANDBACK,SINGLE,4.5002651215,8.4499816895,0.975959002972,9.23431587219,2.79715132713,21.550098419199998,17.049833297699998,13.100116729699998,1,
density_10_nback_0_id_37,37,10,0,d10_n0,1698504282.0,1698504353.05,SINGLE,1,True,True,True,True,VALIDATED,BEFORE_HANDBACK,SINGLE,0.10004997249999903,6.200134277299998,1.35372495651,0.952052175999,0.0571718253195,19.8500061035,19.749956131,13.649871826200002,2,3.4875
density_10_nback_2_id_37,37,10,2,d10_n2,1698504517.0,1698504598.35,SINGLE,1,True,True,True,True,VALIDATED,BEFORE_HANDBACK,SINGLE,1.8002300262000013,10.150266647299997,0.540938019753,9.38529872894,0.626028835773,24.300416946400002,22.5001869202,14.150150299100005,3,2.7325000007947287
density_0_nback_2_id_37,37,0,2,d0_n2,1698504748.0,1698504827.7,SINGLE,1,True,True,True,True,VALIDATED,BEFORE_HANDBACK,SINGLE,2.6502685546999984,6.749950409,1.08985102177,1.44291687012,-0.152212947607,17.799957275399997,15.149688720699999,11.050006866399997,4,2.4941666682561237
density_20_nback_0_id_37,37,20,0,d20_n0,1698504972.0,1698505075.45,SINGLE,1,True,True,True,True,VALIDATED,BEFORE_HANDBACK,SINGLE,0.7998847961000024,10.849853515600003,1.70521700382,7.47079896927,6.51562213898,24.7002716064,23.9003868103,13.850418090799998,5,2.4049999992052715
density_0_nback_1_id_37,37,0,1,d0_n1,1698505221.0,1698505315.8,SINGLE,1,True,True,True,True,VALIDATED,BEFORE_HANDBACK,SINGLE,3.199668884299996,9.549537658699997,1.16444694996,1.2313747406,1.2935256958,30.49922561649999,27.299556732199996,20.949687957799995,6,2.4258333325386046
density_20_nback_1_id_37,37,20,1,d20_n1,1698505432.0,1698505513.95,MULTI_UNRESOLVED,2,False,False,False,False,ABSENT_COLUMN,NO_TOR_ANCHOR,SINGLE,,,,,,,20.450334548900003,,7,1.9366666674613953
density_0_nback_0_id_37,37,0,0,d0_n0,1698505641.0,1698505719.95,SINGLE,1,True,True,True,True,VALIDATED,BEFORE_HANDBACK,SINGLE,1.3003730773999997,7.649982452400003,1.16561305523,5.21773290634,0.451516985893,19.450004577599998,18.149631500199998,11.800022125199995,8,2.1174999992052714
density_20_nback_2_id_37,37,20,2,d20_n2,1698505823.0,1698505925.65,SINGLE,1,True,False,False,True,ABSENT_COLUMN,LANE_CHANGE_ABSENT_COLUMN,SINGLE,3.3002433776000046,,,,,29.000213623,25.699970245399996,,9,1.7174999992052713
density_20_nback_1_id_38,38,20,1,d20_n1,1698312541.0,1698312629.65,SINGLE,1,True,True,True,True,VALIDATED,BEFORE_HANDBACK,SINGLE,2.049926757799998,17.699945449799998,1.41215002537,10.9594097137,3.64200282097,29.849935531599996,27.8000087738,12.149990081799999,1,
density_20_nback_0_id_38,38,20,0,d20_n0,1698312922.0,1698313022.65,SINGLE,1,True,True,True,True,VALIDATED,BEFORE_HANDBACK,SINGLE,0.5993766785000005,8.499446868899994,0.451456993818,6.94474697113,1.07926344872,21.8993415833,21.2999649048,13.399894714400006,2,4.872499998410543
density_20_nback_2_id_38,38,20,2,d20_n2,1698313166.0,1698313261.45,SINGLE,1,True,False,False,True,ABSENT_COLUMN,LANE_CHANGE_ABSENT_COLUMN,SINGLE,2.5996932982999965,,,,,21.75037002559999,19.150676727299995,,3,2.3891666650772097
density_10_nback_2_id_38,38,10,2,d10_n2,1698313449.0,1698313526.5,SINGLE,1,True,True,True,True,VALIDATED,BEFORE_HANDBACK,SINGLE,2.150022506700001,7.200567245400002,2.40974998474,6.39774513245,-0.377061247826,20.499906539900003,18.349884033200002,13.299339294500001,4,3.1258333325386047
density_0_nback_0_id_38,38,0,0,d0_n0,1698313710.0,1698313784.25,SINGLE,1,True,True,True,True,VALIDATED,BEFORE_HANDBACK,SINGLE,0.7494678497000002,5.249866485599998,2.06254410744,1.40576589108,0.421761006117,14.6992988587,13.949831009,9.449432373100002,5,3.058333333333333
density_10_nback_1_id_38,38,10,1,d10_n1,1698314029.0,1698314103.1,SINGLE,1,True,True,True,True,VALIDATED,BEFORE_HANDBACK,SINGLE,1.5497112273999996,8.0494441986,3.31058001518,10.1069421768,2.4438149929,17.8996334076,16.3499221802,9.850189209,6,4.079166666666667
density_0_nback_1_id_38,38,0,1,d0_n1,1698314253.0,1698314336.45,SINGLE,1,True,True,True,True,VALIDATED,BEFORE_HANDBACK,SINGLE,2.150260925299996,8.050647735599995,2.86269307137,1.41151165962,-0.302516132593,19.1502952576,17.000034332300004,11.099647522000005,7,2.4983333349227905
density_10_nback_0_id_38,38,10,0,d10_n0,1698314483.0,1698314579.2,SINGLE,1,True,True,True,True,VALIDATED,BEFORE_HANDBACK,MULTI_FIRST_TAKEN_AS_END_OF_FIRST_MANUAL_EPISODE,0.2999629974999998,5.9498329163,0.948198974133,1.71667718887,2.32024884224,44.9504184723,44.650455474800005,39.000585556000004,8,2.4424999992052716
density_0_nback_2_id_38,38,0,2,d0_n2,1698314818.0,1698314896.6,SINGLE,1,True,True,True,True,VALIDATED,BEFORE_HANDBACK,SINGLE,0.6501102447000022,4.499582290600003,2.89633393288,0.442820370197,-0.189788326621,16.7501544952,16.100044250499998,12.250572204599997,9,3.9799999992052713
density_10_nback_2_id_39,39,10,2,d10_n2,1700320249.0,1700320340.7,SINGLE,1,True,True,True,True,VALIDATED,BEFORE_HANDBACK,SINGLE,1.6999759674000003,7.550008773800002,2.51337194443,6.54731798172,0.0219960957766,34.6500415802,32.9500656128,27.1000328064,1,
density_10_nback_1_id_39,39,10,1,d10_n1,1700320571.0,1700320647.25,SINGLE,1,True,True,True,True,VALIDATED,BEFORE_HANDBACK,SINGLE,1.8000698088999982,8.950691223100002,3.78178811073,10.8970861435,4.40527915955,20.0499954223,18.249925613400002,11.099304199199999,2,3.8383333325386046
density_20_nback_0_id_39,39,20,0,d20_n0,1700320792.0,1700320894.2,SINGLE,1,True,True,True,True,VALIDATED,BEFORE_HANDBACK,SINGLE,1.800067901600002,14.450717926000003,2.62592101097,9.33824825287,6.39050006866,23.400329589800002,21.6002616882,8.949611663799999,3,2.4125
density_10_nback_0_id_39,39,10,0,d10_n0,1700320996.0,1700321069.15,SINGLE,1,True,True,True,True,VALIDATED,BEFORE_HANDBACK,SINGLE,1.3995780944999971,15.499675750799998,1.48924005032,7.16016960144,6.13998365402,21.899662017899995,20.5000839234,6.399986267099997,4,1.696666665871938
density_20_nback_1_id_39,39,20,1,d20_n1,1700321188.0,1700321299.7,SINGLE,1,True,True,True,True,VALIDATED,BEFORE_HANDBACK,SINGLE,1.0507564544000019,45.8500289917,2.29723906517,9.2430267334,4.71326065063,52.949996948199995,51.899240493799994,7.099967956499995,5,1.9808333317438762
density_0_nback_2_id_39,39,0,2,d0_n2,1700321399.0,1700321474.6,SINGLE,1,True,True,True,True,VALIDATED,BEFORE_HANDBACK,SINGLE,1.099967956599997,6.0499153138,4.74334812164,10.4060249329,2.57528543472,13.699790954599997,12.599822998,7.649875640799998,6,1.6549999992052713
density_20_nback_2_id_39,39,20,2,d20_n2,1700321581.0,1700321721.75,SINGLE,1,True,True,True,True,VALIDATED,BEFORE_HANDBACK,SINGLE,1.3493194580000036,57.70014953650001,2.87801790237,6.61345338821,2.52299785614,67.04985046350001,65.70053100550001,9.349700927,7,1.7733333349227904
density_0_nback_1_id_39,39,0,1,d0_n1,1700321811.0,1700321890.7,SINGLE,1,True,True,True,True,VALIDATED,BEFORE_HANDBACK,SINGLE,1.3995552063000005,7.099796295200001,4.0281867981,8.25031471252,3.36567425728,15.399845123300004,14.000289917000003,8.300048828100003,8,1.4875
density_0_nback_0_id_39,39,0,0,d0_n0,1700322021.0,1700322093.5,SINGLE,1,True,True,True,True,VALIDATED,BEFORE_HANDBACK,SINGLE,1.3005428314000014,5.700319290100001,4.49297618866,9.10375118256,2.35761332512,12.950883865300003,11.650341033900002,7.250564575200002,9,2.171666665871938
density_0_nback_0_id_40,40,0,0,d0_n0,1698327401.0,1698327474.55,SINGLE,1,True,True,True,True,VALIDATED,BEFORE_HANDBACK,MULTI_FIRST_TAKEN_AS_END_OF_FIRST_MANUAL_EPISODE,1.0997371674000007,4.0004253387999995,3.46561598778,1.83969306946,0.220783099532,13.9999217987,12.9001846313,9.999496459900001,1,
density_0_nback_1_id_40,40,0,1,d0_n1,1698327962.0,1698328065.65,SINGLE,1,True,True,True,True,VALIDATED,BEFORE_HANDBACK,SINGLE,1.6495399474999957,8.199302673399998,4.20124483109,2.69520640373,-0.317011833191,39.2997131348,37.650173187300005,31.100410461400003,2,8.124166667461395
density_20_nback_2_id_40,40,20,2,d20_n2,1698328591.0,1698328689.55,SINGLE,1,True,True,True,True,VALIDATED,BEFORE_HANDBACK,SINGLE,2.4006805419999964,14.549903869699996,2.71417307854,6.58641672134,1.7474591732,24.899860382099995,22.4991798401,10.349956512399999,3,8.755833331743876
density_0_nback_2_id_40,40,0,2,d0_n2,1698328968.0,1698329043.3,SINGLE,1,True,True,True,True,VALIDATED,BEFORE_HANDBACK,SINGLE,1.949907302899998,5.899805068999999,1.78623104095,1.28782260418,-0.156472444534,13.3994121552,11.449504852300002,7.499607086200001,4,4.640833334128062
density_20_nback_1_id_40,40,20,1,d20_n1,1698329271.0,1698329353.35,SINGLE,1,True,True,True,True,VALIDATED,BEFORE_HANDBACK,SINGLE,1.3500881195000005,7.7998409271000035,6.26993608475,9.8500585556,1.26150643826,23.5497303009,22.199642181399998,15.749889373799995,5,3.7950000007947287
density_10_nback_0_id_40,40,10,0,d10_n0,1698329584.0,1698329648.45,SINGLE,1,True,True,True,True,VALIDATED,BEFORE_HANDBACK,SINGLE,1.4502601623999993,4.500211715699997,3.69395589828,1.47048842907,-0.751015305519,13.250244140699998,11.799983978299998,8.750032425,6,3.8441666682561237
density_20_nback_0_id_40,40,20,0,d20_n0,1698329932.0,1698330025.65,SINGLE,1,True,True,True,True,VALIDATED,BEFORE_HANDBACK,SINGLE,1.449729919500001,6.249622344999999,1.7107770443,3.08319711685,1.46257507801,14.899169921900004,13.449440002400003,8.649547576900005,7,4.725833332538604
density_10_nback_1_id_40,40,10,1,d10_n1,1698330231.0,1698330304.15,SINGLE,1,True,True,True,True,VALIDATED,BEFORE_HANDBACK,SINGLE,3.7001342772999983,6.600376129199997,3.68681502342,9.18174934387,0.0894358828664,16.949756622299997,13.249622344999999,10.3493804931,8,3.422499998410543
density_10_nback_2_id_40,40,10,2,d10_n2,1698330567.0,1698330643.95,SINGLE,1,True,True,True,True,VALIDATED,BEFORE_HANDBACK,SINGLE,0.6994991302999978,7.849555969299995,5.08276414871,8.36989498138,0.681431472301,19.899383544999996,19.199884414699998,12.0498275757,9,4.380833331743876
density_0_nback_1_id_41,41,0,1,d0_n1,1698333730.0,1698333836.6,SINGLE,1,True,True,True,True,VALIDATED,BEFORE_HANDBACK,SINGLE,4.4493370056,8.7999191284,2.51261305809,0.971467375755,-0.00874397531152,42.2991981506,37.849861145,33.4992790222,1,
density_0_nback_0_id_41,41,0,0,d0_n0,1698334017.0,1698334093.9,SINGLE,1,True,True,True,True,VALIDATED,BEFORE_HANDBACK,SINGLE,1.050306320099999,4.849411010700003,2.78068494797,1.84946262836,0.185797214508,17.3002929687,16.2499866486,12.450881957999997,2,3.006666668256124
density_0_nback_2_id_41,41,0,2,d0_n2,1698334504.0,1698334600.2,SINGLE,1,True,True,True,True,VALIDATED,BEFORE_HANDBACK,SINGLE,1.5500698088999982,5.049409866299996,2.52025699615,0.788005173206,-0.169859573245,34.349725723300004,32.799655914400006,29.300315857000008,3,6.8349999984105425
density_20_nback_2_id_41,41,20,2,d20_n2,1698334910.0,1698335086.7,SINGLE,1,True,True,True,True,VALIDATED,BEFORE_HANDBACK,SINGLE,1.6995773315000022,77.4993133545,1.58332300186,4.97015810013,2.33896780014,102.99983978249999,101.30026245099998,25.500526427999986,4,5.163333332538604
density_10_nback_0_id_41,41,10,0,d10_n0,1698335328.0,1698335406.4,SINGLE,1,True,True,True,True,VALIDATED,BEFORE_HANDBACK,SINGLE,1.7004795075000025,10.000541687000002,2.73692893982,4.23860216141,5.78826141357,27.1503105164,25.4498310089,17.1497688294,5,4.021666665871938
density_20_nback_1_id_41,41,20,1,d20_n1,1698335594.0,1698335697.35,SINGLE,1,True,True,True,True,VALIDATED,BEFORE_HANDBACK,SINGLE,1.3994979858,9.849765777500004,5.18360185623,9.57730579376,1.03600609303,44.54996109,43.1504631042,34.70019531249999,6,3.1266666650772095
density_10_nback_1_id_41,41,10,1,d10_n1,1698335894.0,1698335975.8,SINGLE,1,True,True,True,True,VALIDATED,BEFORE_HANDBACK,SINGLE,0.949733734099997,7.649667739800002,3.70491600037,7.01192760468,0.721626937389,25.599733352599998,24.6499996185,17.950065612799996,7,3.2775000015894573
density_20_nback_0_id_41,41,20,0,d20_n0,1698336145.0,1698336256.3,SINGLE,1,True,True,True,True,VALIDATED,BEFORE_HANDBACK,SINGLE,1.5491905212999981,5.749965667699996,3.69021105766,6.15611076355,1.53842294216,32.599296569799996,31.050106048499998,26.8493309021,8,2.8200000007947286
density_10_nback_2_id_41,41,10,2,d10_n2,1698336422.0,1698336538.75,SINGLE,1,True,True,True,True,VALIDATED,BEFORE_HANDBACK,SINGLE,0.9498329163000001,6.100149154699999,3.82466506958,3.25956916809,-0.0874937847257,59.65026664729999,58.70043373099999,53.550117492599995,9,2.7616666674613954
density_10_nback_1_id_42,42,10,1,d10_n1,1698391111.0,1698391186.4,SINGLE,1,True,True,True,True,VALIDATED,BEFORE_HANDBACK,SINGLE,2.150976181099999,8.801019668600002,3.21253395081,5.65867090225,3.95354366302,19.149976730400002,16.999000549300003,10.3489570618,1,
density_10_nback_2_id_42,42,10,2,d10_n2,1698391424.0,1698391498.9,SINGLE,1,True,True,True,True,VALIDATED,BEFORE_HANDBACK,SINGLE,1.949943542499998,8.499975204499997,2.77349495888,9.27896118164,4.65906858444,17.8498096466,15.899866104100003,9.349834442100004,2,3.959999998410543
density_10_nback_0_id_42,42,10,0,d10_n0,1698391665.0,1698391734.1,SINGLE,1,True,True,True,True,VALIDATED,BEFORE_HANDBACK,SINGLE,2.0506706237999985,6.450595855700001,2.05495595932,4.50731658936,0.641861081123,17.8507785797,15.8001079559,11.400182723999997,3,2.768333331743876
density_20_nback_0_id_42,42,20,0,d20_n0,1698391922.0,1698392024.15,SINGLE,1,True,True,True,True,VALIDATED,BEFORE_HANDBACK,SINGLE,1.200275421199997,10.9503135681,1.35003399849,10.1240520477,5.09374904633,23.3996467591,22.199371337900004,12.449333191000001,4,3.131666668256124
density_0_nback_2_id_42,42,0,2,d0_n2,1698392193.0,1698392275.05,SINGLE,1,True,True,True,True,VALIDATED,BEFORE_HANDBACK,SINGLE,2.1999702452999976,8.3508338928,2.50758099556,10.7418165207,5.85190486908,20.2003479003,18.000377655,11.849514007499998,5,2.8141666650772095
density_20_nback_1_id_42,42,20,1,d20_n1,1698392423.0,1698392509.95,MULTI_UNRESOLVED,2,False,False,False,False,VALIDATED,NO_TOR_ANCHOR,SINGLE,,,,,,,25.849660873399998,,6,2.465833334128062
density_0_nback_1_id_42,42,0,1,d0_n1,1698392653.0,1698392737.05,SINGLE,1,True,True,True,True,VALIDATED,BEFORE_HANDBACK,SINGLE,2.550251007,7.6505126953000016,2.49212193489,1.22457814217,1.50832557678,19.7000541687,17.1498031617,12.049541473399998,7,2.384166665871938
density_20_nback_2_id_42,42,20,2,d20_n2,1698392875.0,1698392985.45,SINGLE,1,True,False,False,True,ABSENT_COLUMN,LANE_CHANGE_ABSENT_COLUMN,SINGLE,2.6501426696999957,,,,,36.7994613648,34.14931869510001,,8,2.299166667461395
density_0_nback_0_id_42,42,0,0,d0_n0,1698393140.0,1698393215.7,SINGLE,1,True,True,True,True,VALIDATED,BEFORE_HANDBACK,SINGLE,1.0508460999000029,5.100862503100004,2.37476611137,1.80352222919,0.236160948873,16.149969101000003,15.0991230011,11.0491065979,9,2.575833332538605
density_20_nback_0_id_43,43,20,0,d20_n0,1698409774.0,1698409873.35,SINGLE,1,True,True,True,True,VALIDATED,BEFORE_HANDBACK,SINGLE,0.7009010314999955,5.650863647399994,5.13770580292,10.4523143768,1.80667150021,20.60063171379999,19.899730682299996,14.949768066399997,1,
density_10_nback_2_id_43,43,10,2,d10_n2,1698410392.0,1698410472.55,SINGLE,1,True,True,True,True,VALIDATED,BEFORE_HANDBACK,SINGLE,1.9497795105000009,7.000150680599997,3.39176297188,10.7154169083,0.320924311876,23.4994411469,21.5496616364,16.499290466300003,2,8.644166668256124
density_20_nback_1_id_43,43,20,1,d20_n1,1698410720.0,1698410810.2,SINGLE,1,True,True,True,True,VALIDATED,BEFORE_HANDBACK,SINGLE,1.5506973266000017,9.800428390499999,2.48794794083,10.1795816422,5.51447105408,31.350370407099998,29.799673080499996,21.5499420166,3,4.124166667461395
density_10_nback_1_id_43,43,10,1,d10_n1,1698411064.0,1698411145.2,SINGLE,1,True,True,True,True,VALIDATED,BEFORE_HANDBACK,SINGLE,1.7498321533000016,6.699331283600003,3.87825703621,11.3598165512,0.253912329674,24.9999370575,23.250104904199997,18.300605773899996,4,4.229999999205272
density_20_nback_2_id_43,43,20,2,d20_n2,1698411440.0,1698411542.5,SINGLE,1,True,True,True,True,VALIDATED,BEFORE_HANDBACK,SINGLE,2.2000350952000005,11.499343872099999,1.46337497234,7.98327493668,2.27568650246,28.80026245119999,26.60022735599999,17.300918579099992,5,4.913333332538604
density_10_nback_0_id_43,43,10,0,d10_n0,1698411825.0,1698411898.4,SINGLE,1,True,True,True,True,VALIDATED,BEFORE_HANDBACK,SINGLE,1.5996532439999989,9.649858474799998,1.00424098969,7.24346828461,3.04755711555,22.1005649567,20.500911712700002,12.450706481900003,6,4.708333333333333
density_0_nback_0_id_43,43,0,0,d0_n0,1698412142.0,1698412229.05,SINGLE,1,True,True,True,True,VALIDATED,BEFORE_HANDBACK,SINGLE,0.7991924285999978,5.699798584,1.95315098763,3.15919971466,0.222336620092,27.4498481751,26.650655746500004,21.7500495911,7,4.059999998410543
density_0_nback_2_id_43,43,0,2,d0_n2,1698412452.0,1698412538.75,SINGLE,1,True,True,True,True,VALIDATED,BEFORE_HANDBACK,SINGLE,1.350517272900003,4.750305175800005,2.71316099167,0.660001695156,-0.160512462258,24.850479126,23.499961853099997,20.100173950199995,8,3.715833334128062
density_0_nback_1_id_43,43,0,1,d0_n1,1698412838.0,1698412931.4,SINGLE,1,True,True,True,True,VALIDATED,BEFORE_HANDBACK,SINGLE,3.1499977110999993,8.000034332200002,2.7118499279,0.539189875126,-0.23457968235,29.050048828100003,25.900051117000004,21.0500144959,9,4.9875
density_10_nback_2_id_44,44,10,2,d10_n2,1698416502.0,1698416579.0,SINGLE,1,True,True,True,True,VALIDATED,BEFORE_HANDBACK,SINGLE,1.3504676818999997,7.4004383086999965,1.96313297749,6.01800251007,0.684170663357,19.9499492645,18.5994815826,12.549510955800002,1,
density_10_nback_1_id_44,44,10,1,d10_n1,1698416914.0,1698416988.85,SINGLE,1,True,True,True,True,VALIDATED,BEFORE_HANDBACK,SINGLE,1.5499801635000026,6.349782943700003,3.62204003334,5.5742559433,0.234906807542,18.6506710052,17.100690841699997,12.300888061499997,2,5.583333333333333
density_20_nback_0_id_44,44,20,0,d20_n0,1698417207.0,1698417306.7,SINGLE,1,True,True,True,True,VALIDATED,BEFORE_HANDBACK,SINGLE,1.3504638671999984,6.9998931884000015,1.79740798473,5.61472892761,1.46228694916,20.900325775099994,19.549861907899995,13.900432586699992,3,3.6358333349227907
density_10_nback_0_id_44,44,10,0,d10_n0,1698417618.0,1698417688.9,SINGLE,1,True,True,True,True,VALIDATED,BEFORE_HANDBACK,SINGLE,1.1495647429999991,5.799974441500002,2.58048200607,4.39982414246,0.942499041557,19.6001167297,18.450551986700003,13.8001422882,4,5.188333332538605
density_20_nback_1_id_44,44,20,1,d20_n1,1698417905.0,1698417996.65,SINGLE,1,True,False,False,True,ABSENT_COLUMN,LANE_CHANGE_ABSENT_COLUMN,SINGLE,1.4502563475999999,,,,,32.80029296869999,31.350036621099996,,5,3.6016666650772096
density_0_nback_2_id_44,44,0,2,d0_n2,1698418208.0,1698418287.3,SINGLE,1,True,True,True,True,VALIDATED,BEFORE_HANDBACK,SINGLE,1.3502521515000012,5.8500881195000005,1.83674299717,1.82826948166,-0.109911993146,17.400259017899998,16.050006866399997,11.550170898399998,6,3.522499998410543
density_20_nback_2_id_44,44,20,2,d20_n2,1698418471.0,1698418570.0,SINGLE,1,True,True,True,True,VALIDATED,BEFORE_HANDBACK,SINGLE,1.449985504099999,9.300392150900002,1.63724696636,9.78122234344,2.26617765427,25.2504463196,23.800460815500003,15.9500541687,7,3.0616666674613953
density_0_nback_1_id_44,44,0,1,d0_n1,1698418749.0,1698418833.9,SINGLE,1,True,True,True,True,VALIDATED,BEFORE_HANDBACK,SINGLE,1.4501876830999976,6.950233459499998,3.39416694641,1.67353153229,0.7079179883,20.5498275757,19.099639892600003,13.599594116200002,8,2.9833333333333334
density_0_nback_0_id_44,44,0,0,d0_n0,1698419018.0,1698419093.25,SINGLE,1,True,True,True,True,VALIDATED,BEFORE_HANDBACK,SINGLE,1.0997180939000017,4.999402999899999,2.44648194313,1.84929466248,0.240181729198,15.649736404400002,14.5500183105,10.650333404500003,9,3.0683333317438763
density_20_nback_0_id_45,45,20,0,d20_n0,1698491240.0,1698491345.4,SINGLE,1,True,True,True,True,VALIDATED,BEFORE_HANDBACK,SINGLE,1.6498947144000056,6.699966430700002,2.74968290329,3.98661875725,1.71075296402,26.6501159668,25.000221252399996,19.9501495361,1,
density_20_nback_1_id_45,45,20,1,d20_n1,1698491988.0,1698492074.95,SINGLE,1,True,True,True,True,VALIDATED,BEFORE_HANDBACK,SINGLE,1.8996887206999986,12.250247955299997,1.05913794041,9.29418754578,3.657340765,28.1497459411,26.250057220400002,15.899497985800004,2,10.709999998410543
density_10_nback_2_id_45,45,10,2,d10_n2,1698492328.0,1698492411.7,SINGLE,1,True,True,True,True,VALIDATED,BEFORE_HANDBACK,SINGLE,1.6993751526000018,6.999269485399999,2.1324300766,3.12589430809,1.8051828146,26.599309921200003,24.8999347686,19.600040435800004,3,4.2174999992052715
density_20_nback_2_id_45,45,20,2,d20_n2,1698492779.0,1698492899.25,SINGLE,1,True,True,True,True,VALIDATED,BEFORE_HANDBACK,SINGLE,1.8998947143999985,11.199897766100001,0.908007025719,5.54937553406,1.7657995224,46.5501213074,44.650226593,35.3502235413,4,6.121666665871938
density_10_nback_1_id_45,45,10,1,d10_n1,1698493173.0,1698493326.8,SINGLE,1,True,True,True,True,VALIDATED,BEFORE_HANDBACK,SINGLE,1.299955368100001,7.250362396299998,2.08480811119,4.43056964874,1.09582042694,97.6498489376,96.3498935695,90.3994865413,5,4.5625
density_0_nback_0_id_45,45,0,0,d0_n0,1698493548.0,1698493667.9,SINGLE,1,True,True,True,True,VALIDATED,BEFORE_HANDBACK,SINGLE,1.4994220734000017,4.899713516200002,2.80517911911,2.1417632103,0.217709079385,60.349237441999996,58.84981536859999,55.449523925799994,6,3.6866666674613953
density_10_nback_0_id_45,45,10,0,d10_n0,1698493865.0,1698493944.9,SINGLE,1,True,True,True,True,VALIDATED,BEFORE_HANDBACK,SINGLE,0.5999565125000004,4.650630951,3.19304490089,1.94310629368,-0.146090596914,28.699798584,28.0998420715,24.049167633,7,3.2849999984105427
density_0_nback_1_id_45,45,0,1,d0_n1,1698494210.0,1698494290.65,SINGLE,1,True,True,True,True,VALIDATED,BEFORE_HANDBACK,SINGLE,0.8493347168000014,8.149406433100005,1.82162499428,0.911776781082,1.07112300396,16.3493309021,15.499996185299999,8.199924468999995,8,4.418333331743876
density_0_nback_2_id_45,45,0,2,d0_n2,1698494439.0,1698494516.95,SINGLE,1,True,True,True,True,VALIDATED,BEFORE_HANDBACK,SINGLE,0.6492786407000004,3.899515151900001,3.34236311913,1.13360953331,0.574546158314,16.0498523712,15.4005737305,12.150337219299999,9,2.4724999984105427
density_0_nback_0_id_46,46,0,0,d0_n0,1698497020.0,1698497093.45,SINGLE,1,True,True,True,True,VALIDATED,BEFORE_HANDBACK,SINGLE,0.6490402222,3.599046707100001,3.85303401947,1.46054017544,0.214864164591,13.8496685028,13.2006282806,10.250621795699999,1,
density_20_nback_2_id_46,46,20,2,d20_n2,1698497715.0,1698497811.6,SINGLE,1,True,True,True,True,VALIDATED,BEFORE_HANDBACK,SINGLE,1.3000526427999972,6.9005813598,0.982340991497,3.39377593994,1.76489031315,22.900119781399994,21.600067138599996,15.999538421599993,2,10.359166665871937
density_0_nback_1_id_46,46,0,1,d0_n1,1698498159.0,1698498244.15,SINGLE,1,True,True,True,True,VALIDATED,BEFORE_HANDBACK,SINGLE,1.8999214172999999,7.850135803299999,4.91842317581,6.39770126343,4.33207178116,20.8501129151,18.9501914978,12.9999771118,3,5.7900000015894575
density_20_nback_1_id_46,46,20,1,d20_n1,1698498561.0,1698498643.75,SINGLE,1,True,True,True,True,VALIDATED,BEFORE_HANDBACK,SINGLE,1.2501144408999991,5.249950408900002,5.73136091232,9.51887893677,1.40755176544,23.9001960754,22.6500816345,18.6502456665,4,5.280833331743876
density_0_nback_2_id_46,46,0,2,d0_n2,1698499579.0,1698499657.1,SINGLE,1,True,True,True,True,VALIDATED,BEFORE_HANDBACK,SINGLE,0.9998321533000052,3.5497894287000022,3.8701748848,1.33702707291,0.184637337923,15.8998832702,14.900051116899995,12.350093841499998,5,15.5875
density_20_nback_0_id_46,46,20,0,d20_n0,1698500021.0,1698500111.6,SINGLE,1,True,True,True,True,VALIDATED,BEFORE_HANDBACK,SINGLE,0.9498939514999947,6.249935150199995,2.0521171093,10.1053371429,4.3650560379,11.849842071599994,10.8999481201,5.599906921399999,6,6.065000001589457
density_10_nback_0_id_46,46,10,0,d10_n0,1698500385.0,1698500446.15,SINGLE,1,True,True,True,True,VALIDATED,BEFORE_HANDBACK,SINGLE,1.250102996799999,4.649963378899997,3.05207204819,1.15934586525,0.257548987865,9.8999233246,8.6498203278,5.249959945700002,7,4.556666668256124
density_10_nback_2_id_46,46,10,2,d10_n2,1698500714.0,1698500782.25,SINGLE,1,True,True,True,True,VALIDATED,BEFORE_HANDBACK,SINGLE,0.6500091552999976,5.000020980799999,4.17371988297,11.2039766312,0.173632711172,11.2006168365,10.550607681200002,6.200595855700001,8,4.46416666507721
density_10_nback_1_id_46,46,10,1,d10_n1,1698501036.0,1698501102.95,SINGLE,1,True,True,True,True,VALIDATED,BEFORE_HANDBACK,SINGLE,1.4497661590999975,5.299751281799999,3.95760607719,11.2466335297,0.132937863469,10.749612808299997,9.2998466492,5.449861526499998,9,4.229166666666667
density_20_nback_0_id_47,47,20,0,d20_n0,1698657286.0,1698657389.05,SINGLE,1,True,True,True,True,VALIDATED,BEFORE_HANDBACK,SINGLE,1.3497886656999967,7.700119018499997,1.200922966,2.78734636307,1.50064611435,24.200073242200006,22.85028457650001,16.49995422370001,1,
density_20_nback_1_id_47,47,20,1,d20_n1,1698657617.0,1698657705.3,SINGLE,1,True,True,True,True,VALIDATED,BEFORE_HANDBACK,SINGLE,1.849779128999998,9.600105285599998,5.09765100479,9.28008842468,3.21362757683,29.499885559099997,27.6501064301,19.8997802735,2,3.799166667461395
density_10_nback_2_id_47,47,10,2,d10_n2,1698657893.0,1698657970.4,SINGLE,1,True,True,True,True,VALIDATED,BEFORE_HANDBACK,SINGLE,1.7995986938000001,5.849712371800003,3.93270611763,3.54927015305,-0.355647623539,20.399452209499998,18.599853515699998,14.549739837699995,3,3.128333334128062
density_20_nback_2_id_47,47,20,2,d20_n2,1698658142.0,1698658250.3,SINGLE,1,True,True,True,True,VALIDATED,BEFORE_HANDBACK,SINGLE,2.299621582100002,17.099201202400003,0.215359002352,10.7540712357,3.28078913689,34.599155426100005,32.299533844,17.4999542237,4,2.859999998410543
density_10_nback_1_id_47,47,10,1,d10_n1,1698658412.0,1698658490.2,SINGLE,1,True,True,True,True,VALIDATED,BEFORE_HANDBACK,SINGLE,2.550018310499997,7.199861526500001,3.54730701447,7.68995475769,0.432191520929,21.999929428099996,19.4499111176,14.800067901599995,5,2.6950000007947286
density_0_nback_0_id_47,47,0,0,d0_n0,1698658641.0,1698658719.2,SINGLE,1,True,True,True,True,VALIDATED,BEFORE_HANDBACK,SINGLE,1.250375747699998,5.5499839782999985,2.59413003922,2.04122710228,0.18721960485,18.6502685547,17.399892807,13.1002845764,6,2.513333332538605
density_10_nback_0_id_47,47,10,0,d10_n0,1698658858.0,1698658929.35,SINGLE,1,True,True,True,True,VALIDATED,BEFORE_HANDBACK,MULTI_FIRST_TAKEN_AS_END_OF_FIRST_MANUAL_EPISODE,0.9499931334999978,4.6999645233,3.22277903557,1.19003295898,-0.288529276848,20.0499439239,19.0999507904,15.349979400599999,7,2.3133333325386047
density_0_nback_1_id_47,47,0,1,d0_n1,1698659056.0,1698659143.45,SINGLE,1,True,True,True,True,VALIDATED,BEFORE_HANDBACK,SINGLE,2.2999877930000068,5.749980926500001,4.17121505737,1.38818085194,-0.0296292081475,23.100059509300003,20.800071716299996,17.350078582800002,8,2.1108333349227903
density_0_nback_2_id_47,47,0,2,d0_n2,1698659269.0,1698659348.75,SINGLE,1,True,True,True,True,VALIDATED,BEFORE_HANDBACK,SINGLE,1.5500888823999972,4.749975204400002,2.76184296608,1.18931186199,-0.154839172959,17.8499469757,16.299858093300003,13.099971771299998,9,2.0924999992052715
density_20_nback_1_id_48,48,20,1,d20_n1,1698668888.0,1698668979.6,SINGLE,1,True,True,True,True,VALIDATED,BEFORE_HANDBACK,SINGLE,1.9997158051000028,14.0495319367,1.25459396839,10.9671440125,4.46706199646,32.799966812200005,30.8002510071,18.750434875500005,1,
density_20_nback_2_id_48,48,20,2,d20_n2,1698669392.0,1698669505.1,SINGLE,1,True,False,False,True,ABSENT_COLUMN,LANE_CHANGE_ABSENT_COLUMN,SINGLE,1.7006149292000003,,,,,39.35056686400001,37.64995193480001,,2,6.8733333349227905
density_20_nback_0_id_48,48,20,0,d20_n0,1698669905.0,1698670019.85,SINGLE,1,True,True,True,True,VALIDATED,BEFORE_HANDBACK,SINGLE,0.5500755309999974,16.800045013399995,0.426254987717,11.1733417511,6.54898786545,36.049999236999994,35.499923706,19.2499542236,3,6.6650000015894575
density_0_nback_0_id_48,48,0,0,d0_n0,1698670480.0,1698670573.5,SINGLE,1,True,True,True,True,VALIDATED,BEFORE_HANDBACK,SINGLE,0.6498508453000014,5.000055313099999,3.0918340683,5.91382265091,0.121364340186,33.9994029999,33.3495521546,28.9993476868,4,7.669166668256124
density_10_nback_2_id_48,48,10,2,d10_n2,1698671571.0,1698671661.55,SINGLE,1,True,True,True,True,VALIDATED,BEFORE_HANDBACK,SINGLE,1.8998870848999978,13.799917220999998,1.47316205502,8.82976818085,3.96781635284,33.4999217987,31.6000347138,19.7000045777,5,16.625
density_0_nback_1_id_48,48,0,1,d0_n1,1698671920.0,1698672016.7,SINGLE,1,True,True,True,True,VALIDATED,BEFORE_HANDBACK,SINGLE,2.0499839782999985,14.3996734619,2.01794290543,5.12086868286,6.41057443619,32.399826049800005,30.349842071500007,18.000152587900004,6,4.307500000794729
density_10_nback_1_id_48,48,10,1,d10_n1,1698672264.0,1698672364.55,SINGLE,1,True,True,True,True,VALIDATED,BEFORE_HANDBACK,SINGLE,1.0497989654000008,25.999898910500004,0.427237987518,10.7047872543,2.80938863754,44.349981308,43.300182342599996,18.350082397499996,7,4.121666665871938
density_0_nback_2_id_48,48,0,2,d0_n2,1698672642.0,1698672731.3,SINGLE,1,True,True,True,True,VALIDATED,BEFORE_HANDBACK,SINGLE,0.799970626800004,9.449960708600003,1.83765101433,7.78741073608,1.33899962902,27.4495334625,26.649562835699996,17.999572753899997,8,4.624166667461395
density_10_nback_0_id_48,48,10,0,d10_n0,1698672947.0,1698673020.15,SINGLE,1,True,True,True,True,VALIDATED,BEFORE_HANDBACK,SINGLE,0.6003227233999979,3.849807739199999,3.741574049,0.962617397308,-0.309827417135,21.850374221799996,21.250051498399998,18.000566482599996,9,3.5950000007947285
density_10_nback_0_id_49,49,10,0,d10_n0,1698676524.0,1698676612.3,SINGLE,1,True,True,True,True,VALIDATED,BEFORE_HANDBACK,SINGLE,3.050643920899997,12.000457763700002,2.45491290092,6.78095054626,6.07109451294,37.050712585499994,34.0000686646,25.050254821799996,1,
density_0_nback_2_id_49,49,0,2,d0_n2,1698677137.0,1698677225.4,SINGLE,1,True,True,True,True,VALIDATED,BEFORE_HANDBACK,SINGLE,2.049915313700005,5.899967193599998,1.68263697624,1.08637607098,-0.166143089533,26.550052642800004,24.5001373291,20.650085449200006,2,8.745000000794729
density_10_nback_1_id_49,49,10,1,d10_n1,1698677550.0,1698677638.95,SINGLE,1,True,True,True,True,VALIDATED,BEFORE_HANDBACK,SINGLE,2.949247360200001,6.599971771299998,2.79430699348,8.93750953674,0.263614922762,32.799186706600004,29.849939346400003,26.199214935300006,3,5.409999998410543
density_0_nback_1_id_49,49,0,1,d0_n1,1698677870.0,1698677979.1,SINGLE,1,True,True,True,True,VALIDATED,BEFORE_HANDBACK,SINGLE,2.5999755859000047,8.2999229431,2.55186700821,0.545645296574,-0.275634765625,44.7999572754,42.19998168949999,36.5000343323,4,3.850833332538605
density_10_nback_2_id_49,49,10,2,d10_n2,1698678220.0,1698678318.05,SINGLE,1,True,True,True,True,VALIDATED,BEFORE_HANDBACK,SINGLE,2.5000839233999983,7.749917984099998,1.42402005196,3.30837059021,-0.300591558218,40.89995384219999,38.39986991879999,33.1500358581,5,4.015000001589457
density_0_nback_0_id_49,49,0,0,d0_n0,1698678550.0,1698678637.35,SINGLE,1,True,True,True,True,VALIDATED,BEFORE_HANDBACK,SINGLE,1.4501037596999993,6.049650192199998,1.59715294838,2.17196989059,0.15017054975,27.7997722625,26.3496685028,21.7501220703,6,3.865833334128062
density_20_nback_0_id_49,49,20,0,d20_n0,1698678803.0,1698678928.15,SINGLE,1,True,True,True,True,VALIDATED,BEFORE_HANDBACK,SINGLE,1.3499870300000012,13.899978637700002,2.42233896255,10.836350441,4.98129034042,46.3998298645,45.0498428345,32.4998512268,7,2.7608333349227907
density_20_nback_2_id_49,49,20,2,d20_n2,1698679155.0,1698679292.1,SINGLE,1,True,False,False,True,ABSENT_COLUMN,LANE_CHANGE_ABSENT_COLUMN,SINGLE,2.7998733519999988,,,,,63.400127410699994,60.600254058699996,,8,3.7808333317438763
density_20_nback_1_id_49,49,20,1,d20_n1,1698679505.0,1698679627.9,SINGLE,1,True,True,True,True,VALIDATED,BEFORE_HANDBACK,SINGLE,1.8499908446999989,25.8499355316,0.588796973228,9.49330615997,3.38488078117,64.14998054499999,62.299989700299996,38.300045013399995,9,3.5483333349227903
density_0_nback_0_id_50,50,0,0,d0_n0,1698686210.0,1698686292.1,SINGLE,1,True,True,True,True,VALIDATED,BEFORE_HANDBACK,SINGLE,2.3507461547999995,7.200307846099996,1.8774780035,3.87002801895,0.200692221522,22.5003414154,20.1495952606,15.300033569300005,1,
density_0_nback_1_id_50,50,0,1,d0_n1,1698686553.0,1698686643.4,SINGLE,1,True,True,True,True,VALIDATED,BEFORE_HANDBACK,SINGLE,2.6999206543000014,9.5500144958,1.81494700909,0.537213146687,-0.00514028128237,26.0501327515,23.3502120972,16.500118255700002,2,4.34833333492279
density_20_nback_2_id_50,50,20,2,d20_n2,1698686840.0,1698686945.5,SINGLE,1,True,True,True,True,VALIDATED,BEFORE_HANDBACK,SINGLE,2.7997398376999953,15.500267028799996,0.959644973278,7.01021242142,3.9297478199,31.850013732899995,29.0502738952,16.3497467041,3,3.2766666650772094
density_0_nback_2_id_50,50,0,2,d0_n2,1698687094.0,1698687180.45,SINGLE,1,True,True,True,True,VALIDATED,BEFORE_HANDBACK,SINGLE,1.8993053435999983,7.000131607,3.68377304077,7.83938646317,0.195715725422,24.5001087188,22.6008033752,17.4999771118,4,2.475
density_20_nback_1_id_50,50,20,1,d20_n1,1698687332.0,1698687417.05,MULTI_UNRESOLVED,2,False,False,False,False,VALIDATED,NO_TOR_ANCHOR,SINGLE,,,,,,,23.3496875763,,5,2.5258333325386046
density_10_nback_0_id_50,50,10,0,d10_n0,1698687594.0,1698687663.25,SINGLE,1,True,True,True,True,VALIDATED,BEFORE_HANDBACK,SINGLE,1.4500312805000029,4.949743270900001,3.48492693901,2.56618142128,-0.29093849659,18.000013351400003,16.5499820709,13.050270080500002,6,2.9491666674613954
density_20_nback_0_id_50,50,20,0,d20_n0,1698687806.0,1698687906.05,SINGLE,1,True,True,True,True,VALIDATED,BEFORE_HANDBACK,SINGLE,0.49992752069999824,5.799484252900001,3.08595395088,3.22523450851,0.151552692056,21.2499809265,20.750053405800003,15.4504966736,7,2.379166666666667
density_10_nback_1_id_50,50,10,1,d10_n1,1698688056.0,1698688133.5,SINGLE,1,True,True,True,True,VALIDATED,BEFORE_HANDBACK,SINGLE,2.3001899719,7.0499019622,3.12600207329,6.75739002228,0.177191734314,21.3497943878,19.0496044159,14.2998924256,8,2.4991666674613953
density_10_nback_2_id_50,50,10,2,d10_n2,1698688279.0,1698688355.75,SINGLE,1,True,True,True,True,VALIDATED,BEFORE_HANDBACK,SINGLE,2.199832916200002,7.0994491577000005,3.08173799515,4.30881166458,0.528229951859,19.699932098300003,17.5000991821,12.600482940600003,9,2.425
density_0_nback_2_id_51,51,0,2,d0_n2,1698482570.0,1698482646.7,SINGLE,1,True,True,True,True,VALIDATED,BEFORE_HANDBACK,SINGLE,2.100381851199998,6.300523758000004,1.35388505459,1.12327885628,-0.150773599744,14.800546646200004,12.700164795000006,8.5000228882,1,
density_10_nback_0_id_51,51,10,0,d10_n0,1698483178.0,1698483246.15,SINGLE,1,True,True,True,True,VALIDATED,BEFORE_HANDBACK,SINGLE,1.4003067017,6.5498428345000015,1.93733298779,3.00214004517,-0.152399420738,16.949928283700004,15.549621582000004,10.400085449200002,2,8.85499999920527
density_0_nback_1_id_51,51,0,1,d0_n1,1698483534.0,1698483618.75,SINGLE,1,True,True,True,True,VALIDATED,BEFORE_HANDBACK,SINGLE,1.9000167847,8.800888061500004,2.1124560833,0.541256129742,0.294676333666,20.450084686300002,18.550067901600002,11.649196624799998,3,4.797499998410543
density_10_nback_1_id_51,51,10,1,d10_n1,1698483891.0,1698483966.3,SINGLE,1,True,True,True,True,VALIDATED,BEFORE_HANDBACK,SINGLE,2.1502189636000004,9.649982452400003,1.10184001923,8.24434661865,4.00260353088,19.1499328613,16.9997138977,9.499950408899998,4,4.5375
density_0_nback_0_id_51,51,0,0,d0_n0,1698484225.0,1698484303.9,SINGLE,1,True,True,True,True,VALIDATED,BEFORE_HANDBACK,SINGLE,1.0997848511000008,5.8001708983999976,2.10916304588,4.127846241,0.630278229713,19.3500289917,18.2502441406,13.549858093300003,5,4.311666667461395
density_10_nback_2_id_51,51,10,2,d10_n2,1698484519.0,1698484596.85,SINGLE,1,True,True,True,True,VALIDATED,BEFORE_HANDBACK,SINGLE,1.2499961853000023,8.700071334800004,1.57008302212,9.97371101379,3.12194061279,20.750692367500005,19.500696182200002,12.0506210327,6,3.584999998410543
density_20_nback_2_id_51,51,20,2,d20_n2,1698484859.0,1698484959.6,SINGLE,1,True,True,True,True,VALIDATED,BEFORE_HANDBACK,SINGLE,2.449180603000002,10.649917602500004,0.855988025665,10.7591133118,1.78114712238,26.899597167900005,24.450416564900003,16.2496795654,7,4.369166668256124
density_20_nback_0_id_51,51,20,0,d20_n0,1698485329.0,1698485429.15,SINGLE,1,True,True,True,True,VALIDATED,BEFORE_HANDBACK,SINGLE,0.8006515503000031,7.350151062000002,1.61533796787,7.49794387817,1.04340481758,21.34994506830001,20.549293518000006,13.999794006300007,8,6.156666668256124
density_20_nback_1_id_51,51,20,1,d20_n1,1698485629.0,1698485744.05,SINGLE,1,True,True,True,True,VALIDATED,BEFORE_HANDBACK,SINGLE,1.7000007628999967,48.1999912262,0.743310987949,9.78600978851,3.18570399284,56.2003116608,54.5003108979,8.000320434599999,9,3.330833331743876
density_0_nback_2_id_52,52,0,2,d0_n2,1700315156.0,1700315248.25,SINGLE,1,True,True,True,True,VALIDATED,BEFORE_HANDBACK,SINGLE,1.649698257499999,7.449270248399998,0.867138981819,3.66749429703,-0.15770059824,30.2996311188,28.6499328613,22.850360870400003,1,
density_0_nback_1_id_52,52,0,1,d0_n1,1700315782.0,1700315878.6,SINGLE,1,True,True,True,True,VALIDATED,BEFORE_HANDBACK,SINGLE,2.3509597778,10.500057220400002,5.07382106781,3.29173874855,-0.0632109194994,32.250873565599996,29.899913787799996,21.750816345199993,2,8.895833333333334
density_10_nback_0_id_52,52,10,0,d10_n0,1700316268.0,1700316347.2,SINGLE,1,True,True,True,True,VALIDATED,BEFORE_HANDBACK,SINGLE,1.2502536774,5.549860000700001,3.42067289352,5.19932222366,-0.306581318378,27.9500751496,26.6998214722,22.4002151489,3,6.490000001589457
density_0_nback_0_id_52,52,0,0,d0_n0,1700316697.0,1700316771.1,SINGLE,1,True,True,True,True,VALIDATED,BEFORE_HANDBACK,SINGLE,1.2000522613000015,4.1000938415000014,3.42684292793,2.02108025551,0.160874396563,14.5002441406,13.300191879299998,10.400150299099998,4,5.829999999205271
density_10_nback_1_id_52,52,10,1,d10_n1,1700317035.0,1700317114.25,SINGLE,1,True,True,True,True,VALIDATED,BEFORE_HANDBACK,SINGLE,2.6504383087,8.0003738403,1.18215501308,7.5406165123,0.206318333745,23.099674224799998,20.449235916099997,15.099300384499998,5,4.398333334922791
density_20_nback_2_id_52,52,20,2,d20_n2,1700317548.0,1700317714.45,SINGLE,1,True,True,True,True,VALIDATED,BEFORE_HANDBACK,SINGLE,2.2003898620000015,77.1998176571,2.29117894173,9.84843730927,2.26470065117,92.7499351501,90.5495452881,15.550117493000002,6,7.229166666666667
density_10_nback_2_id_52,52,10,2,d10_n2,1700317930.0,1700318005.65,SINGLE,1,True,True,True,True,VALIDATED,BEFORE_HANDBACK,SINGLE,1.749042510999999,5.749874115000001,3.07087397575,4.086124897,-0.320926517248,18.550022125199998,16.8009796142,12.800148010199997,7,3.5924999992052715
density_20_nback_1_id_52,52,20,1,d20_n1,1700318267.0,1700318387.45,SINGLE,1,True,True,True,True,VALIDATED,BEFORE_HANDBACK,SINGLE,1.850021362299998,47.2500133515,2.88867211342,10.2976903915,3.39798021317,61.650060653699995,59.8000392914,14.400047302199994,8,4.355833331743876
density_20_nback_0_id_52,52,20,0,d20_n0,1700318646.0,1700318754.9,SINGLE,1,True,True,True,True,VALIDATED,BEFORE_HANDBACK,SINGLE,1.750038147000005,5.599575042700003,3.83283209801,7.03804111481,1.49498105049,30.149497985799997,28.39945983879999,24.549922943099993,9,4.309166665871938
density_0_nback_0_id_53,53,0,0,d0_n0,1700310856.0,1700310934.8,SINGLE,1,True,True,True,True,VALIDATED,BEFORE_HANDBACK,SINGLE,0.7505741119000007,4.350584030100002,3.06952905655,1.36171984673,0.215426176786,19.2501125335,18.4995384216,14.8995285034,1,
density_20_nback_2_id_53,53,20,2,d20_n2,1700311199.0,1700311291.8,SINGLE,1,True,True,True,True,VALIDATED,BEFORE_HANDBACK,SINGLE,1.4001197814999955,5.499950408899998,1.99511098862,4.2587761879,2.29907441139,19.100158691399997,17.7000389099,13.600208282499999,2,4.403333334128062
density_0_nback_1_id_53,53,0,1,d0_n1,1700311488.0,1700311568.8,SINGLE,1,True,True,True,True,VALIDATED,BEFORE_HANDBACK,SINGLE,1.7005233765000014,5.749809265100005,3.53106999397,1.31884098053,1.36276400089,16.500522613500003,14.799999237000002,10.750713348399998,3,3.2700000007947287
density_20_nback_1_id_53,53,20,1,d20_n1,1700311765.0,1700311850.05,SINGLE,1,True,True,True,True,VALIDATED,BEFORE_HANDBACK,SINGLE,0.5502624512000018,9.950237274200003,3.51416802406,7.76707839966,6.46293020248,26.2505187989,25.700256347699998,16.300281524699997,4,3.2700000007947287
density_0_nback_2_id_53,53,0,2,d0_n2,1700312045.0,1700312122.1,SINGLE,1,True,True,True,True,VALIDATED,BEFORE_HANDBACK,SINGLE,1.3992538452999987,4.900020599399998,2.41813802719,0.694115877151,1.07818031311,15.249347686799997,13.850093841499998,10.349327087399999,5,3.2491666674613953
density_20_nback_0_id_53,53,20,0,d20_n0,1700312325.0,1700312422.55,SINGLE,1,True,True,True,True,VALIDATED,BEFORE_HANDBACK,SINGLE,0.7496910094999976,5.749645233099997,2.96221208572,6.45213985443,3.67110657692,18.7500038147,18.000312805200004,13.000358581600004,6,3.381666668256124
density_10_nback_0_id_53,53,10,0,d10_n0,1700312625.0,1700312690.6,SINGLE,1,True,True,True,True,VALIDATED,BEFORE_HANDBACK,SINGLE,1.3999557494999983,4.350078582799998,3.37781190872,1.23337960243,0.715156674385,14.3500270844,12.950071334900002,9.999948501600002,7,3.3741666674613953
density_10_nback_2_id_53,53,10,2,d10_n2,1700312914.0,1700312992.05,SINGLE,1,True,True,True,True,VALIDATED,BEFORE_HANDBACK,SINGLE,1.5501384735000023,6.450130462699999,2.5082359314,4.94060087204,0.905374109745,21.0000839233,19.449945449799998,14.549953460600001,8,3.7233333349227906
density_10_nback_1_id_53,53,10,1,d10_n1,1700313171.0,1700313246.4,SINGLE,1,True,True,True,True,VALIDATED,BEFORE_HANDBACK,SINGLE,1.549953460700003,7.200075149499998,2.44755601883,7.41663599014,2.35312509537,19.200048446600004,17.6500949859,11.999973297100006,9,2.9825000007947287
density_0_nback_2_id_54,54,0,2,d0_n2,1699518214.0,1699518288.25,SINGLE,1,True,True,True,True,VALIDATED,BEFORE_HANDBACK,SINGLE,1.0005912780999964,4.899978637699995,2.38810610771,0.681840837002,0.432217359543,12.300170898399998,11.299579620300001,7.400192260700003,1,
density_0_nback_1_id_54,54,0,1,d0_n1,1699518633.0,1699518715.05,SINGLE,1,True,True,True,True,VALIDATED,BEFORE_HANDBACK,SINGLE,1.7996406554999993,8.749832153299998,2.04884195328,0.538102149963,0.24251241982,17.649654388499997,15.850013732999997,8.899822235199998,2,5.745833333333334
density_10_nback_0_id_54,54,10,0,d10_n0,1699518956.0,1699519021.0,SINGLE,1,True,True,True,True,VALIDATED,BEFORE_HANDBACK,SINGLE,0.950105667199999,5.299551010199998,2.29001188278,1.12945902348,0.913367092609,13.750074386599998,12.799968719399999,8.4505233764,3,4.015833334128062
density_0_nback_0_id_54,54,0,0,d0_n0,1699519231.0,1699519304.3,SINGLE,1,True,True,True,True,VALIDATED,BEFORE_HANDBACK,SINGLE,1.4000511168999985,4.750085830699998,2.73172688484,2.16604948044,0.114465653896,13.749620437599997,12.349569320699999,8.9995346069,4,3.5
density_10_nback_1_id_54,54,10,1,d10_n1,1699519520.0,1699519592.75,SINGLE,1,True,True,True,True,VALIDATED,BEFORE_HANDBACK,SINGLE,1.3495655058999994,7.649040222099998,2.14746999741,6.79240512848,1.4574007988,16.599514007499998,15.249948501599999,8.9504737854,5,3.5950000007947285
density_20_nback_2_id_54,54,20,2,d20_n2,1699520271.0,1699520366.0,SINGLE,1,True,True,True,True,VALIDATED,BEFORE_HANDBACK,SINGLE,1.4497718810999984,7.899913787899997,1.69477403164,5.11986589432,2.22998547554,21.3001327515,19.850360870400003,13.400218963600004,6,11.304166666666667
density_10_nback_2_id_54,54,10,2,d10_n2,1699520604.0,1699520678.1,SINGLE,1,True,True,True,True,VALIDATED,BEFORE_HANDBACK,SINGLE,1.1999168396000002,7.5507335663000035,2.28904294968,8.44150447845,3.76265740395,17.050233841,15.8503170014,9.499500274699997,7,3.966666666666667
density_20_nback_1_id_54,54,20,1,d20_n1,1699520862.0,1699520937.75,SINGLE,1,True,True,True,True,VALIDATED,BEFORE_HANDBACK,SINGLE,1.1496639251000005,4.999725341800001,4.24112987518,9.70882606506,1.54278981686,16.999900817800004,15.850236892700003,12.000175476000003,8,3.0650000015894574
density_20_nback_0_id_54,54,20,0,d20_n0,1699521206.0,1699521300.4,SINGLE,1,True,True,True,True,VALIDATED,BEFORE_HANDBACK,SINGLE,0.9993591309000038,6.949394226100004,1.54385495186,9.11892604828,1.56412398815,15.6493492126,14.649990081699997,8.699954986499996,9,4.470833333333333
density_10_nback_1_id_55,55,10,1,d10_n1,1699539651.0,1699539729.95,SINGLE,1,True,True,True,True,VALIDATED,BEFORE_HANDBACK,SINGLE,2.5507488249999994,9.0507640838,1.26582205296,7.3534245491,0.680128097534,22.7498836517,20.1991348267,13.699119567899999,1,
density_10_nback_0_id_55,55,10,0,d10_n0,1699539898.0,1699539965.9,SINGLE,1,True,True,True,True,VALIDATED,BEFORE_HANDBACK,SINGLE,2.3502674103000025,5.7998428345000015,2.28182601929,1.53735899925,0.121477238834,16.5500583648,14.1997909545,10.7502155303,2,2.8008333325386046
density_10_nback_2_id_55,55,10,2,d10_n2,1699540149.0,1699540228.0,SINGLE,1,True,True,True,True,VALIDATED,BEFORE_HANDBACK,SINGLE,2.4505062102999986,8.6497402191,1.2787899971,3.45843529701,-0.316200911999,21.849809646599997,19.3993034363,13.200069427499997,3,3.0516666650772093
density_0_nback_2_id_55,55,0,2,d0_n2,1699540387.0,1699540469.25,SINGLE,1,True,True,True,True,VALIDATED,BEFORE_HANDBACK,SINGLE,1.9999713897000007,7.950117111200001,1.59111201763,6.93888139725,-0.162194892764,20.350122451799997,18.350151062099997,12.400005340599996,4,2.65
density_20_nback_0_id_55,55,20,0,d20_n0,1699540613.0,1699540708.85,SINGLE,1,True,True,True,True,VALIDATED,BEFORE_HANDBACK,SINGLE,1.0505218505999991,6.650081634499998,1.57754397392,2.46991825104,0.936002135277,17.099956512500007,16.04943466190001,10.44987487800001,5,2.3958333333333335
density_0_nback_1_id_55,55,0,1,d0_n1,1699540854.0,1699540946.45,SINGLE,1,True,True,True,True,VALIDATED,BEFORE_HANDBACK,SINGLE,3.0499458313000005,10.449848175,1.72927200794,1.80481791496,0.42060303688,28.099941253700003,25.049995422400002,17.650093078700003,6,2.419166668256124
density_20_nback_1_id_55,55,20,1,d20_n1,1699541461.0,1699541547.65,SINGLE,1,True,True,True,True,VALIDATED,BEFORE_HANDBACK,SINGLE,1.9001579285000005,15.7999954223,0.880927979946,9.83480739594,3.45857930183,27.9000205993,25.9998626708,12.100025177,7,8.575833332538604
density_0_nback_0_id_55,55,0,0,d0_n0,1699541677.0,1699541753.05,SINGLE,1,True,True,True,True,VALIDATED,BEFORE_HANDBACK,SINGLE,1.6003952026000015,7.050119400000003,2.37139701843,5.86534643173,0.165589913726,16.500036239600004,14.899641037000002,9.4499168396,8,2.1558333317438763
density_20_nback_2_id_55,55,20,2,d20_n2,1699541877.0,1699542003.85,SINGLE,1,True,True,True,True,VALIDATED,BEFORE_HANDBACK,SINGLE,3.6501426696999957,37.15039062499999,0.908939003944,11.9433603287,2.90547084808,53.14987945549999,49.499736785799996,15.999488830499999,9,2.065833334128062
density_20_nback_1_id_56,56,20,1,d20_n1,1699546749.0,1699546840.65,SINGLE,1,True,True,True,True,VALIDATED,BEFORE_HANDBACK,SINGLE,0.9499073029000016,7.3994483948,3.3347389698,9.26192760468,2.1076874733,32.8994407654,31.949533462500003,25.499992370600005,1,
density_20_nback_2_id_56,56,20,2,d20_n2,1699547159.0,1699547260.95,SINGLE,1,True,False,False,True,ABSENT_COLUMN,LANE_CHANGE_ABSENT_COLUMN,SINGLE,1.899806976299999,,,,,28.199958801199998,26.3001518249,,2,5.305833331743876
density_20_nback_0_id_56,56,20,0,d20_n0,1699547490.0,1699547589.75,SINGLE,1,True,True,True,True,VALIDATED,BEFORE_HANDBACK,SINGLE,6.7000350952000005,8.599903106600003,0.148908004165,3.04806065559,1.84759092331,20.999961852999995,14.299926757799994,12.400058746399992,3,3.8174999992052716
density_0_nback_0_id_56,56,0,0,d0_n0,1699547816.0,1699547889.35,SINGLE,1,True,True,True,True,VALIDATED,BEFORE_HANDBACK,SINGLE,0.6503219603999995,5.449516296399999,2.27426409721,2.07005906105,0.282029300928,13.799682617199998,13.149360656799999,8.3501663208,4,3.7708333333333335
density_10_nback_2_id_56,56,10,2,d10_n2,1699548201.0,1699548274.75,SINGLE,1,True,True,True,True,VALIDATED,BEFORE_HANDBACK,SINGLE,3.4998340606999996,8.299804687499996,0.932811975479,4.85714149475,0.889423847198,16.7001571655,13.200323104799999,8.400352478000002,5,5.194166668256124
density_0_nback_1_id_56,56,0,1,d0_n1,1699548434.0,1699548516.35,SINGLE,1,True,True,True,True,VALIDATED,BEFORE_HANDBACK,SINGLE,1.500133514399998,6.800533294600001,2.97827196121,1.27442359924,0.945964217186,18.0498542785,16.5497207641,11.249320983899999,6,2.654166666666667
density_10_nback_1_id_56,56,10,1,d10_n1,1699548659.0,1699548733.25,SINGLE,1,True,True,True,True,VALIDATED,BEFORE_HANDBACK,SINGLE,2.699684142999999,7.2492141723,2.56589007378,7.82645940781,1.17904114723,18.099414825399997,15.399730682399998,10.850200653099996,7,2.3775000015894574
density_0_nback_2_id_56,56,0,2,d0_n2,1699548883.0,1699548960.15,SINGLE,1,True,True,True,True,VALIDATED,BEFORE_HANDBACK,SINGLE,0.9502696990999979,5.1001262664999985,2.42563700676,1.74297940731,0.455210268497,15.2496395111,14.299369812000002,10.149513244600001,8,2.495833333333333
density_10_nback_0_id_56,56,10,0,d10_n0,1699549131.0,1699549200.4,SINGLE,1,True,True,True,True,VALIDATED,BEFORE_HANDBACK,SINGLE,0.950374603300002,5.6996555329,2.02806091309,0.998951673508,-0.149801880121,18.100177764900003,17.1498031616,12.400522232000004,9,2.8474999984105427
density_0_nback_1_id_57,57,0,1,d0_n1,1699286652.0,1699286738.3,SINGLE,1,True,True,True,True,VALIDATED,BEFORE_HANDBACK,SINGLE,2.7501564026000054,6.050052642800004,3.77204704285,0.546810150146,-0.267156392336,21.950187683100005,19.2000312805,15.9001350403,1,
density_0_nback_0_id_57,57,0,0,d0_n0,1699287073.0,1699287145.0,SINGLE,1,True,True,True,True,VALIDATED,BEFORE_HANDBACK,SINGLE,1.3997631073,3.5997543334,3.91020894051,2.2448387146,0.154433742166,12.499862670799999,11.100099563499999,8.900108337399999,2,5.578333334128062
density_0_nback_2_id_57,57,0,2,d0_n2,1699287389.0,1699287464.45,SINGLE,1,True,True,True,True,VALIDATED,BEFORE_HANDBACK,SINGLE,1.5499668120999992,4.249647140499999,3.17234396935,0.811752557755,-0.155406594276,13.599565506000001,12.049598693900002,9.349918365500002,3,4.066666666666666
density_20_nback_2_id_57,57,20,2,d20_n2,1699287630.0,1699287716.85,SINGLE,1,True,True,True,True,VALIDATED,BEFORE_HANDBACK,SINGLE,1.749942779500003,4.25,3.40918302536,4.19850206375,2.25278711319,13.199886322000005,11.449943542500002,8.949886322000005,4,2.759166665871938
density_10_nback_0_id_57,57,10,0,d10_n0,1699287862.0,1699287927.2,SINGLE,1,True,True,True,True,VALIDATED,BEFORE_HANDBACK,SINGLE,1.7000808715999973,5.200090408399998,2.68674206734,1.33821797371,-0.295610457659,13.900363922199997,12.2002830506,8.7002735138,5,2.419166668256124
density_20_nback_1_id_57,57,20,1,d20_n1,1699288233.0,1699288315.9,SINGLE,1,True,True,True,True,VALIDATED,BEFORE_HANDBACK,SINGLE,1.5000152588000013,9.600023269600001,5.47133922577,9.33575248718,5.37771320343,24.050035476700003,22.550020217900002,14.450012207100002,6,5.096666665871938
density_10_nback_1_id_57,57,10,1,d10_n1,1699288442.0,1699288520.2,SINGLE,1,True,True,True,True,VALIDATED,BEFORE_HANDBACK,SINGLE,1.399909973099998,7.000087737999998,4.11556196213,10.8652915955,0.142339453101,21.999530792199998,20.5996208191,14.9994430542,7,2.1016666650772096
density_20_nback_0_id_57,57,20,0,d20_n0,1699288708.0,1699288806.1,SINGLE,1,True,True,True,True,VALIDATED,BEFORE_HANDBACK,SINGLE,1.6997184753999974,7.349586486900002,4.27037000656,10.5961647034,1.70169377327,19.3496818543,17.649963378900004,12.0000953674,8,3.1299999992052716
density_10_nback_2_id_57,57,10,2,d10_n2,1699288916.0,1699288992.5,SINGLE,1,True,True,True,True,VALIDATED,BEFORE_HANDBACK,SINGLE,1.4499435423999998,7.0997676849000015,3.56228804588,7.92027902603,-0.302814394236,19.499868392899998,18.0499248505,12.400100707999997,9,1.8316666682561238
