v0,tor_lead_time,x_hazard,policy,a_coast,t_buildup,stopping_margin,collision,impact_speed,ttc_min,x_stop_full
20.0,1.5,30.0,W0,0.0,0.0,-15.52941176469848,True,16.248076809271105,0.0,45.52941176469848
20.0,1.5,30.0,W1,0.0,0.0,-15.52941176469848,True,16.248076809271105,0.0,45.52941176469848
20.0,1.5,30.0,W0,1.0,0.0,-15.52941176469848,True,16.248076809271105,0.0,45.52941176469848
20.0,1.5,30.0,W1,1.0,0.0,-12.635294117637734,True,14.656056768446579,0.0,42.635294117637734
20.0,1.5,30.0,W0,2.0,0.0,-15.52941176469848,True,16.248076809271105,0.0,45.52941176469848
20.0,1.5,30.0,W1,2.0,0.0,-9.858823529410067,True,12.946041866147624,0.0,39.85882352941007
20.0,1.5,30.0,W0,3.0,0.0,-15.52941176469848,True,16.248076809271105,0.0,45.52941176469848
20.0,1.5,30.0,W1,3.0,0.0,-7.19999999999628,True,11.063453348751441,0.0,37.19999999999628
20.0,1.5,30.0,W0,4.0,0.0,-15.52941176469848,True,16.248076809271105,0.0,45.52941176469848
20.0,1.5,30.0,W1,4.0,0.0,-4.658823529406355,True,8.899438184512146,0.0,34.658823529406355
20.0,1.5,30.0,W0,0.0,0.1,-16.535870452198544,True,16.766329284833983,0.0,46.535870452198544
20.0,1.5,30.0,W1,0.0,0.1,-16.535870452198544,True,16.766329284833983,0.0,46.535870452198544
20.0,1.5,30.0,W0,1.0,0.1,-16.535870452198544,True,16.766329284833983,0.0,46.535870452198544
20.0,1.5,30.0,W1,1.0,0.1,-13.591252805137707,True,15.200371629911944,0.0,43.59125280513771
20.0,1.5,30.0,W0,2.0,0.1,-16.535870452198544,True,16.766329284833983,0.0,46.535870452198544
20.0,1.5,30.0,W1,2.0,0.1,-10.764282216910146,True,13.527483050721298,0.0,40.764282216910146
20.0,1.5,30.0,W0,3.0,0.1,-16.535870452198544,True,16.766329284833983,0.0,46.535870452198544
20.0,1.5,30.0,W1,3.0,0.1,-8.054958687496274,True,11.70189291044415,0.0,38.054958687496274
20.0,1.5,30.0,W0,4.0,0.1,-16.535870452198544,True,16.766329284833983,0.0,46.535870452198544
20.0,1.5,30.0,W1,4.0,0.1,-5.463282216905988,True,9.637209019599613,0.0,35.46328221690599
20.0,1.5,30.0,W0,0.0,0.2,-17.52524545219861,True,17.26062492169646,0.0,47.52524545219861
20.0,1.5,30.0,W1,0.0,0.2,-17.52524545219861,True,17.26062492169646,0.0,47.52524545219861
20.0,1.5,30.0,W0,1.0,0.2,-17.52524545219861,True,17.26062492169646,0.0,47.52524545219861
20.0,1.5,30.0,W1,1.0,0.2,-14.530627805137676,True,15.716891317542238,0.0,44.53062780513768
20.0,1.5,30.0,W0,2.0,0.2,-17.52524545219861,True,17.26062492169646,0.0,47.52524545219861
20.0,1.5,30.0,W1,2.0,0.2,-11.653657216910197,True,14.075232597991281,0.0,41.6536572169102
20.0,1.5,30.0,W0,3.0,0.2,-17.52524545219861,True,17.26062492169646,0.0,47.52524545219861
20.0,1.5,30.0,W1,3.0,0.2,-8.8943336874962,True,12.296490258911533,0.0,38.8943336874962
20.0,1.5,30.0,W0,4.0,0.2,-17.52524545219861,True,17.26062492169646,0.0,47.52524545219861
20.0,1.5,30.0,W1,4.0,0.2,-6.252657216905604,True,10.309955028391302,0.0,36.252657216905604
20.0,1.5,30.0,W0,0.0,0.3,-18.507537118865265,True,17.737760033917162,0.0,48.507537118865265
20.0,1.5,30.0,W1,0.0,0.3,-18.507537118865265,True,17.737760033917162,0.0,48.507537118865265
20.0,1.5,30.0,W0,1.0,0.3,-18.507537118865265,True,17.737760033917162,0.0,48.507537118865265
20.0,1.5,30.0,W1,1.0,0.3,-15.462919471804241,True,16.21325479417292,0.0,45.46291947180424
20.0,1.5,30.0,W0,2.0,0.3,-18.507537118865265,True,17.737760033917162,0.0,48.507537118865265
20.0,1.5,30.0,W1,2.0,0.3,-12.535948883576829,True,14.59832630889217,0.0,42.53594888357683
20.0,1.5,30.0,W0,3.0,0.3,-18.507537118865265,True,17.737760033917162,0.0,48.507537118865265
20.0,1.5,30.0,W1,3.0,0.3,-9.726625354162692,True,12.858951396627967,0.0,39.72662535416269
20.0,1.5,30.0,W0,4.0,0.3,-18.507537118865265,True,17.737760033917162,0.0,48.507537118865265
20.0,1.5,30.0,W1,4.0,0.3,-7.034948883571893,True,10.935910159688737,0.0,37.03494888357189
20.0,1.5,30.0,W0,0.0,0.4,-19.482745452198714,True,18.199084391460584,0.0,49.482745452198714
20.0,1.5,30.0,W1,0.0,0.4,-19.482745452198714,True,18.199084391460584,0.0,49.482745452198714
20.0,1.5,30.0,W0,1.0,0.4,-19.482745452198714,True,18.199084391460584,0.0,49.482745452198714
20.0,1.5,30.0,W1,1.0,0.4,-16.388127805137593,True,16.691260368451655,0.0,46.38812780513759
20.0,1.5,30.0,W0,2.0,0.4,-19.482745452198714,True,18.199084391460584,0.0,49.482745452198714
20.0,1.5,30.0,W1,2.0,0.4,-13.41115721691034,True,15.099326895181973,0.0,43.41115721691034
20.0,1.5,30.0,W0,3.0,0.4,-19.482745452198714,True,18.199084391460584,0.0,49.482745452198714
20.0,1.5,30.0,W1,3.0,0.4,-10.551833687495886,True,13.393325676899975,0.0,40.551833687495886
20.0,1.5,30.0,W0,4.0,0.4,-19.482745452198714,True,18.199084391460584,0.0,49.482745452198714
20.0,1.5,30.0,W1,4.0,0.4,-7.81015721690504,True,11.522702490624788,0.0,37.81015721690504
20.0,1.5,30.0,W0,0.0,0.5,-20.450870452198814,True,18.57667036168066,0.0,50.450870452198814
20.0,1.5,30.0,W1,0.0,0.5,-20.450870452198814,True,18.57667036168066,0.0,50.450870452198814
20.0,1.5,30.0,W0,1.0,0.5,-20.450870452198814,True,18.57667036168066,0.0,50.450870452198814
20.0,1.5,30.0,W1,1.0,0.5,-17.306252805137646,True,17.1434337925194,0.0,47.306252805137646
20.0,1.5,30.0,W0,2.0,0.5,-20.450870452198814,True,18.57667036168066,0.0,50.450870452198814
20.0,1.5,30.0,W1,2.0,0.5,-14.279282216910396,True,15.58036577515335,0.0,44.279282216910396
20.0,1.5,30.0,W0,3.0,0.5,-20.450870452198814,True,18.57667036168066,0.0,50.450870452198814
20.0,1.5,30.0,W1,3.0,0.5,-11.369958687495739,True,13.902852142186857,0.0,41.36995868749574
20.0,1.5,30.0,W0,4.0,0.5,-20.450870452198814,True,18.57667036168066,0.0,50.450870452198814
20.0,1.5,30.0,W1,4.0,0.5,-8.57828221690474,True,12.076042302321161,0.0,38.57828221690474
20.0,1.5,30.0,W0,0.0,0.6,-21.411912118865814,True,18.82384006991534,0.0,51.411912118865814
20.0,1.5,30.0,W1,0.0,0.6,-21.411912118865814,True,18.82384006991534,0.0,51.411912118865814
20.0,1.5,30.0,W0,1.0,0.6,-21.411912118865814,True,18.82384006991534,0.0,51.411912118865814
20.0,1.5,30.0,W1,1.0,0.6,-18.217294471804273,True,17.471084744357835,0.0,48.21729447180427
20.0,1.5,30.0,W0,2.0,0.6,-21.411912118865814,True,18.82384006991534,0.0,51.411912118865814
20.0,1.5,30.0,W1,2.0,0.6,-15.140323883576919,True,16.009112247323696,0.0,45.14032388357692
20.0,1.5,30.0,W0,3.0,0.6,-21.411912118865814,True,18.82384006991534,0.0,51.411912118865814
20.0,1.5,30.0,W1,3.0,0.6,-12.181000354162194,True,14.390170465315625,0.0,42.181000354162194
20.0,1.5,30.0,W0,4.0,0.6,-21.411912118865814,True,18.82384006991534,0.0,51.411912118865814
20.0,1.5,30.0,W1,4.0,0.6,-9.339323883571133,True,12.600337535986167,0.0,39.33932388357113
20.0,1.5,30.0,W0,0.0,0.7,-22.365870452199587,True,18.997798341317814,0.0,52.36587045219959
20.0,1.5,30.0,W1,0.0,0.7,-22.365870452199587,True,18.997798341317814,0.0,52.36587045219959
20.0,1.5,30.0,W0,1.0,0.7,-22.365870452199587,True,18.997798341317814,0.0,52.36587045219959
20.0,1.5,30.0,W1,1.0,0.7,-19.121252805137935,True,17.700262715983516,0.0,49.121252805137935
20.0,1.5,30.0,W0,2.0,0.7,-22.365870452199587,True,18.997798341317814,0.0,52.36587045219959
20.0,1.5,30.0,W1,2.0,0.7,-15.994282216910278,True,16.3133132022975,0.0,45.99428221691028
20.0,1.5,30.0,W0,3.0,0.7,-22.365870452199587,True,18.997798341317814,0.0,52.36587045219959
20.0,1.5,30.0,W1,3.0,0.7,-12.984958687495379,True,14.800169810545484,0.0,42.98495868749538
20.0,1.5,30.0,W0,4.0,0.7,-22.365870452199587,True,18.997798341317814,0.0,52.36587045219959
20.0,1.5,30.0,W1,4.0,0.7,-10.093282216904207,True,13.098616447459147,0.0,40.09328221690421
20.0,1.8,36.0,W0,0.0,0.0,-9.52941176469848,True,12.72792206135622,0.0,45.52941176469848
20.0,1.8,36.0,W1,0.0,0.0,-9.52941176469848,True,12.72792206135622,0.0,45.52941176469848
20.0,1.8,36.0,W0,1.0,0.0,-9.52941176469848,True,12.72792206135622,0.0,45.52941176469848
20.0,1.8,36.0,W1,1.0,0.0,-6.635294117637734,True,10.620734437877287,0.0,42.635294117637734
20.0,1.8,36.0,W0,2.0,0.0,-9.52941176469848,True,12.72792206135622,0.0,45.52941176469848
20.0,1.8,36.0,W1,2.0,0.0,-3.858823529410067,True,8.099382692528286,0.0,39.85882352941007
20.0,1.8,36.0,W0,3.0,0.0,-9.52941176469848,True,12.72792206135622,0.0,45.52941176469848
20.0,1.8,36.0,W1,3.0,0.0,-1.1999999999962796,True,4.516635916250986,0.0,37.19999999999628
20.0,1.8,36.0,W0,4.0,0.0,-9.52941176469848,True,12.72792206135622,0.0,45.52941176469848
20.0,1.8,36.0,W1,4.0,0.0,1.3411764705936449,False,,0.5617571518397656,34.658823529406355
20.0,1.8,36.0,W0,0.0,0.1,-10.535870452198544,True,13.383190863447457,0.0,46.535870452198544
20.0,1.8,36.0,W1,0.0,0.1,-10.535870452198544,True,13.383190863447457,0.0,46.535870452198544
20.0,1.8,36.0,W0,1.0,0.1,-10.535870452198544,True,13.383190863447457,0.0,46.535870452198544
20.0,1.8,36.0,W1,1.0,0.1,-7.591252805137707,True,11.360074721911674,0.0,43.59125280513771
20.0,1.8,36.0,W0,2.0,0.1,-10.535870452198544,True,13.383190863447457,0.0,46.535870452198544
20.0,1.8,36.0,W1,2.0,0.1,-4.764282216910146,True,8.999599862634616,0.0,40.764282216910146
20.0,1.8,36.0,W0,3.0,0.1,-10.535870452198544,True,13.383190863447457,0.0,46.535870452198544
20.0,1.8,36.0,W1,3.0,0.1,-2.054958687496274,True,5.910524315784279,0.0,38.054958687496274
20.0,1.8,36.0,W0,4.0,0.1,-10.535870452198544,True,13.383190863447457,0.0,46.535870452198544
20.0,1.8,36.0,W1,4.0,0.1,0.5367177830940122,False,,0.3553685015305558,35.46328221690599
20.0,1.8,36.0,W0,0.0,0.2,-11.525245452198611,True,13.997470224560878,0.0,47.52524545219861
20.0,1.8,36.0,W1,0.0,0.2,-11.525245452198611,True,13.997470224560878,0.0,47.52524545219861
20.0,1.8,36.0,W0,1.0,0.2,-11.525245452198611,True,13.997470224560878,0.0,47.52524545219861
20.0,1.8,36.0,W1,1.0,0.2,-8.530627805137676,True,12.04245293482271,0.0,44.53062780513768
20.0,1.8,36.0,W0,2.0,0.2,-11.525245452198611,True,13.997470224560878,0.0,47.52524545219861
20.0,1.8,36.0,W1,2.0,0.2,-5.653657216910197,True,9.803681588441092,0.0,41.6536572169102
20.0,1.8,36.0,W0,3.0,0.2,-11.525245452198611,True,13.997470224560878,0.0,47.52524545219861
20.0,1.8,36.0,W1,3.0,0.2,-2.8943336874962,True,7.0145329628908994,0.0,38.8943336874962
20.0,1.8,36.0,W0,4.0,0.2,-11.525245452198611,True,13.997470224560878,0.0,47.52524545219861
20.0,1.8,36.0,W1,4.0,0.2,-0.25265721690560383,True,2.0724798400489823,0.0,36.252657216905604
20.0,1.8,36.0,W0,0.0,0.3,-12.507537118865265,True,14.581773932577779,0.0,48.507537118865265
20.0,1.8,36.0,W1,0.0,0.3,-12.507537118865265,True,14.581773932577779,0.0,48.507537118865265
20.0,1.8,36.0,W0,1.0,0.3,-12.507537118865265,True,14.581773932577779,0.0,48.507537118865265
20.0,1.8,36.0,W1,1.0,0.3,-9.462919471804241,True,12.683439242601217,0.0,45.46291947180424
20.0,1.8,36.0,W0,2.0,0.3,-12.507537118865265,True,14.581773932577779,0.0,48.507537118865265
20.0,1.8,36.0,W1,2.0,0.3,-6.535948883576829,True,10.540926478297644,0.0,42.53594888357683
20.0,1.8,36.0,W0,3.0,0.3,-12.507537118865265,True,14.581773932577779,0.0,48.507537118865265
20.0,1.8,36.0,W1,3.0,0.3,-3.7266253541626924,True,7.95943660197253,0.0,39.72662535416269
20.0,1.8,36.0,W0,4.0,0.3,-12.507537118865265,True,14.581773932577779,0.0,48.507537118865265
20.0,1.8,36.0,W1,4.0,0.3,-1.034948883571893,True,4.194535852838968,0.0,37.03494888357189
20.0,1.8,36.0,W0,0.0,0.4,-13.482745452198714,True,15.139573068203644,0.0,49.482745452198714
20.0,1.8,36.0,W1,0.0,0.4,-13.482745452198714,True,15.139573068203644,0.0,49.482745452198714
20.0,1.8,36.0,W0,1.0,0.4,-13.482745452198714,True,15.139573068203644,0.0,49.482745452198714
20.0,1.8,36.0,W1,1.0,0.4,-10.388127805137593,True,13.28902451978423,0.0,46.38812780513759
20.0,1.8,36.0,W0,2.0,0.4,-13.482745452198714,True,15.139573068203644,0.0,49.482745452198714
20.0,1.8,36.0,W1,2.0,0.4,-7.41115721691034,True,11.224512135836937,0.0,43.41115721691034
20.0,1.8,36.0,W0,3.0,0.4,-13.482745452198714,True,15.139573068203644,0.0,49.482745452198714
20.0,1.8,36.0,W1,3.0,0.4,-4.551833687495886,True,8.796656904045395,0.0,40.551833687495886
20.0,1.8,36.0,W0,4.0,0.4,-13.482745452198714,True,15.139573068203644,0.0,49.482745452198714
20.0,1.8,36.0,W1,4.0,0.4,-1.81015721690504,True,5.5473122038897245,0.0,37.81015721690504
20.0,1.8,36.0,W0,0.0,0.5,-14.450870452198814,True,15.67369763927714,0.0,50.450870452198814
20.0,1.8,36.0,W1,0.0,0.5,-14.450870452198814,True,15.67369763927714,0.0,50.450870452198814
20.0,1.8,36.0,W0,1.0,0.5,-14.450870452198814,True,15.67369763927714,0.0,50.450870452198814
20.0,1.8,36.0,W1,1.0,0.5,-11.306252805137646,True,13.863848588592962,0.0,47.306252805137646
20.0,1.8,36.0,W0,2.0,0.5,-14.450870452198814,True,15.67369763927714,0.0,50.450870452198814
20.0,1.8,36.0,W1,2.0,0.5,-8.279282216910396,True,11.863717700938233,0.0,44.279282216910396
20.0,1.8,36.0,W0,3.0,0.5,-14.450870452198814,True,15.67369763927714,0.0,50.450870452198814
20.0,1.8,36.0,W1,3.0,0.5,-5.369958687495739,True,9.554543300832933,0.0,41.36995868749574
20.0,1.8,36.0,W0,4.0,0.5,-14.450870452198814,True,15.67369763927714,0.0,50.450870452198814
20.0,1.8,36.0,W1,4.0,0.5,-2.5782822169047392,True,6.620483191386085,0.0,38.57828221690474
20.0,1.8,36.0,W0,0.0,0.6,-15.411912118865814,True,16.186491467295344,0.0,51.411912118865814
20.0,1.8,36.0,W1,0.0,0.6,-15.411912118865814,True,16.186491467295344,0.0,51.411912118865814
20.0,1.8,36.0,W0,1.0,0.6,-15.411912118865814,True,16.186491467295344,0.0,51.411912118865814
20.0,1.8,36.0,W1,1.0,0.6,-12.217294471804273,True,14.411592764880899,0.0,48.21729447180427
20.0,1.8,36.0,W0,2.0,0.6,-15.411912118865814,True,16.186491467295344,0.0,51.411912118865814
20.0,1.8,36.0,W1,2.0,0.6,-9.140323883576919,True,12.465372277669449,0.0,45.14032388357692
20.0,1.8,36.0,W0,3.0,0.6,-15.411912118865814,True,16.186491467295344,0.0,51.411912118865814
20.0,1.8,36.0,W1,3.0,0.6,-6.181000354162194,True,10.250707586348625,0.0,42.181000354162194
20.0,1.8,36.0,W0,4.0,0.6,-15.411912118865814,True,16.186491467295344,0.0,51.411912118865814
20.0,1.8,36.0,W1,4.0,0.6,-3.339323883571133,True,7.534487774279047,0.0,39.33932388357113
20.0,1.8,36.0,W0,0.0,0.7,-16.365870452199587,True,16.679921992848328,0.0,52.36587045219959
20.0,1.8,36.0,W1,0.0,0.7,-16.365870452199587,True,16.679921992848328,0.0,52.36587045219959
20.0,1.8,36.0,W0,1.0,0.7,-16.365870452199587,True,16.679921992848328,0.0,52.36587045219959
20.0,1.8,36.0,W1,1.0,0.7,-13.121252805137935,True,14.935236780427768,0.0,49.121252805137935
20.0,1.8,36.0,W0,2.0,0.7,-16.365870452199587,True,16.679921992848328,0.0,52.36587045219959
20.0,1.8,36.0,W1,2.0,0.7,-9.994282216910278,True,13.034676738897693,0.0,45.99428221691028
20.0,1.8,36.0,W0,3.0,0.7,-16.365870452199587,True,16.679921992848328,0.0,52.36587045219959
20.0,1.8,36.0,W1,3.0,0.7,-6.984958687495379,True,10.896985715669,0.0,42.98495868749538
20.0,1.8,36.0,W0,4.0,0.7,-16.365870452199587,True,16.679921992848328,0.0,52.36587045219959
20.0,1.8,36.0,W1,4.0,0.7,-4.093282216904207,True,8.34181021645949,0.0,40.09328221690421
20.0,2.0,40.0,W0,0.0,0.0,-5.52941176469848,True,9.695359714829529,0.0,45.52941176469848
20.0,2.0,40.0,W1,0.0,0.0,-5.52941176469848,True,9.695359714829529,0.0,45.52941176469848
20.0,2.0,40.0,W0,1.0,0.0,-5.52941176469848,True,9.695359714829529,0.0,45.52941176469848
20.0,2.0,40.0,W1,1.0,0.0,-2.6352941176377342,True,6.693280212264212,0.0,42.635294117637734
20.0,2.0,40.0,W0,2.0,0.0,-5.52941176469848,True,9.695359714829529,0.0,45.52941176469848
20.0,2.0,40.0,W1,2.0,0.0,0.141176470589933,False,,0.18225845410696018,39.85882352941007
20.0,2.0,40.0,W0,3.0,0.0,-5.52941176469848,True,9.695359714829529,0.0,45.52941176469848
20.0,2.0,40.0,W1,3.0,0.0,2.8000000000037204,False,,0.8116795131847148,37.19999999999628
20.0,2.0,40.0,W0,4.0,0.0,-5.52941176469848,True,9.695359714829529,0.0,45.52941176469848
20.0,2.0,40.0,W1,4.0,0.0,5.341176470593645,False,,1.1210475003937261,34.658823529406355
20.0,2.0,40.0,W0,0.0,0.1,-6.5358704521985445,True,10.540863232555775,0.0,46.535870452198544
20.0,2.0,40.0,W1,0.0,0.1,-6.5358704521985445,True,10.540863232555775,0.0,46.535870452198544
20.0,2.0,40.0,W0,1.0,0.1,-6.5358704521985445,True,10.540863232555775,0.0,46.535870452198544
20.0,2.0,40.0,W1,1.0,0.1,-3.5912528051377066,True,7.81353298370167,0.0,43.59125280513771
20.0,2.0,40.0,W0,2.0,0.1,-6.5358704521985445,True,10.540863232555775,0.0,46.535870452198544
20.0,2.0,40.0,W1,2.0,0.1,-0.7642822169101464,True,3.604552356048879,0.0,40.764282216910146
20.0,2.0,40.0,W0,3.0,0.1,-6.5358704521985445,True,10.540863232555775,0.0,46.535870452198544
20.0,2.0,40.0,W1,3.0,0.1,1.9450413125037258,False,,0.6765033476807824,38.054958687496274
20.0,2.0,40.0,W0,4.0,0.1,-6.5358704521985445,True,10.540863232555775,0.0,46.535870452198544
20.0,2.0,40.0,W1,4.0,0.1,4.536717783094012,False,,1.033181066150614,35.46328221690599
20.0,2.0,40.0,W0,0.0,0.2,-7.525245452198611,True,11.310577911294,0.0,47.52524545219861
20.0,2.0,40.0,W1,0.0,0.2,-7.525245452198611,True,11.310577911294,0.0,47.52524545219861
20.0,2.0,40.0,W0,1.0,0.2,-7.525245452198611,True,11.310577911294,0.0,47.52524545219861
20.0,2.0,40.0,W1,1.0,0.2,-4.5306278051376765,True,8.776142244027248,0.0,44.53062780513768
20.0,2.0,40.0,W0,2.0,0.2,-7.525245452198611,True,11.310577911294,0.0,47.52524545219861
20.0,2.0,40.0,W1,2.0,0.2,-1.6536572169101973,True,5.302091350355063,0.0,41.6536572169102
20.0,2.0,40.0,W0,3.0,0.2,-7.525245452198611,True,11.310577911294,0.0,47.52524545219861
20.0,2.0,40.0,W1,3.0,0.2,1.1056663125038,False,,0.5100558564272748,38.8943336874962
20.0,2.0,40.0,W0,4.0,0.2,-7.525245452198611,True,11.310577911294,0.0,47.52524545219861
20.0,2.0,40.0,W1,4.0,0.2,3.747342783094396,False,,0.9390035869807302,36.252657216905604
20.0,2.0,40.0,W0,0.0,0.3,-8.507537118865265,True,12.026143647104384,0.0,48.507537118865265
20.0,2.0,40.0,W1,0.0,0.3,-8.507537118865265,True,12.026143647104384,0.0,48.507537118865265
20.0,2.0,40.0,W0,1.0,0.3,-8.507537118865265,True,12.026143647104384,0.0,48.507537118865265
20.0,2.0,40.0,W1,1.0,0.3,-5.462919471804241,True,9.63688907380058,0.0,45.46291947180424
20.0,2.0,40.0,W0,2.0,0.3,-8.507537118865265,True,12.026143647104384,0.0,48.507537118865265
20.0,2.0,40.0,W1,2.0,0.3,-2.535948883576829,True,6.565906717343083,0.0,42.53594888357683
20.0,2.0,40.0,W0,3.0,0.3,-8.507537118865265,True,12.026143647104384,0.0,48.507537118865265
20.0,2.0,40.0,W1,3.0,0.3,0.27337464583730764,False,,0.2536207023257664,39.72662535416269
20.0,2.0,40.0,W0,4.0,0.3,-8.507537118865265,True,12.026143647104384,0.0,48.507537118865265
20.0,2.0,40.0,W1,4.0,0.3,2.965051116428107,False,,0.835259990605888,37.03494888357189
20.0,2.0,40.0,W0,0.0,0.4,-9.482745452198714,True,12.69671897331993,0.0,49.482745452198714
20.0,2.0,40.0,W1,0.0,0.4,-9.482745452198714,True,12.69671897331993,0.0,49.482745452198714
20.0,2.0,40.0,W0,1.0,0.4,-9.482745452198714,True,12.69671897331993,0.0,49.482745452198714
20.0,2.0,40.0,W1,1.0,0.4,-6.388127805137593,True,10.421044702303544,0.0,46.38812780513759
20.0,2.0,40.0,W0,2.0,0.4,-9.482745452198714,True,12.69671897331993,0.0,49.482745452198714
20.0,2.0,40.0,W1,2.0,0.4,-3.4111572169103397,True,7.615095054398688,0.0,43.41115721691034
20.0,2.0,40.0,W0,3.0,0.4,-9.482745452198714,True,12.69671897331993,0.0,49.482745452198714
20.0,2.0,40.0,W1,3.0,0.4,-0.5518336874958862,True,3.0628700082521916,0.0,40.551833687495886
20.0,2.0,40.0,W0,4.0,0.4,-9.482745452198714,True,12.69671897331993,0.0,49.482745452198714
20.0,2.0,40.0,W1,4.0,0.4,2.18984278309496,False,,0.7178141311925742,37.81015721690504
20.0,2.0,40.0,W0,0.0,0.5,-10.450870452198814,True,13.329095906604744,0.0,50.450870452198814
20.0,2.0,40.0,W1,0.0,0.5,-10.450870452198814,True,13.329095906604744,0.0,50.450870452198814
20.0,2.0,40.0,W0,1.0,0.5,-10.450870452198814,True,13.329095906604744,0.0,50.450870452198814
20.0,2.0,40.0,W1,1.0,0.5,-7.306252805137646,True,11.144787915766464,0.0,47.306252805137646
20.0,2.0,40.0,W0,2.0,0.5,-10.450870452198814,True,13.329095906604744,0.0,50.450870452198814
20.0,2.0,40.0,W1,2.0,0.5,-4.279282216910396,True,8.529231951795783,0.0,44.279282216910396
20.0,2.0,40.0,W0,3.0,0.5,-10.450870452198814,True,13.329095906604744,0.0,50.450870452198814
20.0,2.0,40.0,W1,3.0,0.5,-1.369958687495739,True,4.82589864040475,0.0,41.36995868749574
20.0,2.0,40.0,W0,4.0,0.5,-10.450870452198814,True,13.329095906604744,0.0,50.450870452198814
20.0,2.0,40.0,W1,4.0,0.5,1.4217177830952608,False,,0.5783788171342998,38.57828221690474
20.0,2.0,40.0,W0,0.0,0.6,-11.411912118865814,True,13.928478237797941,0.0,51.411912118865814
20.0,2.0,40.0,W1,0.0,0.6,-11.411912118865814,True,13.928478237797941,0.0,51.411912118865814
20.0,2.0,40.0,W0,1.0,0.6,-11.411912118865814,True,13.928478237797941,0.0,51.411912118865814
20.0,2.0,40.0,W1,1.0,0.6,-8.217294471804273,True,11.8192218872797,0.0,48.21729447180427
20.0,2.0,40.0,W0,2.0,0.6,-11.411912118865814,True,13.928478237797941,0.0,51.411912118865814
20.0,2.0,40.0,W1,2.0,0.6,-5.140323883576919,True,9.348021503017105,0.0,45.14032388357692
20.0,2.0,40.0,W0,3.0,0.6,-11.411912118865814,True,13.928478237797941,0.0,51.411912118865814
20.0,2.0,40.0,W1,3.0,0.6,-2.181000354162194,True,6.089089096145532,0.0,42.181000354162194
20.0,2.0,40.0,W0,4.0,0.6,-11.411912118865814,True,13.928478237797941,0.0,51.411912118865814
20.0,2.0,40.0,W1,4.0,0.6,0.660676116428867,False,,0.39427576979740425,39.33932388357113
20.0,2.0,40.0,W0,0.0,0.7,-12.365870452199587,True,14.498958503543891,0.0,52.36587045219959
20.0,2.0,40.0,W1,0.0,0.7,-12.365870452199587,True,14.498958503543891,0.0,52.36587045219959
20.0,2.0,40.0,W0,1.0,0.7,-12.365870452199587,True,14.498958503543891,0.0,52.36587045219959
20.0,2.0,40.0,W1,1.0,0.7,-9.121252805137935,True,12.452361129015943,0.0,49.121252805137935
20.0,2.0,40.0,W0,2.0,0.7,-12.365870452199587,True,14.498958503543891,0.0,52.36587045219959
20.0,2.0,40.0,W1,2.0,0.7,-5.994282216910278,True,10.09469155980223,0.0,45.99428221691028
20.0,2.0,40.0,W0,3.0,0.7,-12.365870452199587,True,14.498958503543891,0.0,52.36587045219959
20.0,2.0,40.0,W1,3.0,0.7,-2.9849586874953786,True,7.1235031892651035,0.0,42.98495868749538
20.0,2.0,40.0,W0,4.0,0.7,-12.365870452199587,True,14.498958503543891,0.0,52.36587045219959
20.0,2.0,40.0,W1,4.0,0.7,-0.0932822169042069,True,1.2592845934816799,0.0,40.09328221690421
20.0,2.1,42.0,W0,0.0,0.0,-3.52941176469848,True,7.745966692410125,0.0,45.52941176469848
20.0,2.1,42.0,W1,0.0,0.0,-3.52941176469848,True,7.745966692410125,0.0,45.52941176469848
20.0,2.1,42.0,W0,1.0,0.0,-3.52941176469848,True,7.745966692410125,0.0,45.52941176469848
20.0,2.1,42.0,W1,1.0,0.0,-0.6352941176377342,True,3.2863353450104418,0.0,42.635294117637734
20.0,2.1,42.0,W0,2.0,0.0,-3.52941176469848,True,7.745966692410125,0.0,45.52941176469848
20.0,2.1,42.0,W1,2.0,0.0,2.141176470589933,False,,0.7097931034481453,39.85882352941007
20.0,2.1,42.0,W0,3.0,0.0,-3.52941176469848,True,7.745966692410125,0.0,45.52941176469848
20.0,2.1,42.0,W1,3.0,0.0,4.80000000000372,False,,1.0627378949698518,37.19999999999628
20.0,2.1,42.0,W0,4.0,0.0,-3.52941176469848,True,7.745966692410125,0.0,45.52941176469848
20.0,2.1,42.0,W1,4.0,0.0,7.341176470593645,False,,1.314281417830548,34.658823529406355
20.0,2.1,42.0,W0,0.0,0.1,-4.5358704521985445,True,8.7812184625731,0.0,46.535870452198544
20.0,2.1,42.0,W1,0.0,0.1,-4.5358704521985445,True,8.7812184625731,0.0,46.535870452198544
20.0,2.1,42.0,W0,1.0,0.1,-4.5358704521985445,True,8.7812184625731,0.0,46.535870452198544
20.0,2.1,42.0,W1,1.0,0.1,-1.5912528051377066,True,5.20108620264817,0.0,43.59125280513771
20.0,2.1,42.0,W0,2.0,0.1,-4.5358704521985445,True,8.7812184625731,0.0,46.535870452198544
20.0,2.1,42.0,W1,2.0,0.1,1.2357177830898536,False,,0.5392190006000166,40.764282216910146
20.0,2.1,42.0,W0,3.0,0.1,-4.5358704521985445,True,8.7812184625731,0.0,46.535870452198544
20.0,2.1,42.0,W1,3.0,0.1,3.945041312503726,False,,0.9634547299979228,38.054958687496274
20.0,2.1,42.0,W0,4.0,0.1,-4.5358704521985445,True,8.7812184625731,0.0,46.535870452198544
20.0,2.1,42.0,W1,4.0,0.1,6.536717783094012,False,,1.2401819831576668,35.46328221690599
20.0,2.1,42.0,W0,0.0,0.2,-5.525245452198611,True,9.691706386774305,0.0,47.52524545219861
20.0,2.1,42.0,W1,0.0,0.2,-5.525245452198611,True,9.691706386774305,0.0,47.52524545219861
20.0,2.1,42.0,W0,1.0,0.2,-5.525245452198611,True,9.691706386774305,0.0,47.52524545219861
20.0,2.1,42.0,W1,1.0,0.2,-2.5306278051376765,True,6.559014612530241,0.0,44.53062780513768
20.0,2.1,42.0,W0,2.0,0.2,-5.525245452198611,True,9.691706386774305,0.0,47.52524545219861
20.0,2.1,42.0,W1,2.0,0.2,0.3463427830898027,False,,0.2854689530688281,41.6536572169102
20.0,2.1,42.0,W0,3.0,0.2,-5.525245452198611,True,9.691706386774305,0.0,47.52524545219861
20.0,2.1,42.0,W1,3.0,0.2,3.1056663125038,False,,0.8548363163874187,38.8943336874962
20.0,2.1,42.0,W0,4.0,0.2,-5.525245452198611,True,9.691706386774305,0.0,47.52524545219861
20.0,2.1,42.0,W1,4.0,0.2,5.747342783094396,False,,1.1628912031770602,36.252657216905604
20.0,2.1,42.0,W0,0.0,0.3,-6.507537118865265,True,10.517990826235785,0.0,48.507537118865265
20.0,2.1,42.0,W1,0.0,0.3,-6.507537118865265,True,10.517990826235785,0.0,48.507537118865265
20.0,2.1,42.0,W0,1.0,0.3,-6.507537118865265,True,10.517990826235785,0.0,48.507537118865265
20.0,2.1,42.0,W1,1.0,0.3,-3.4629194718042413,True,7.672654757039766,0.0,45.46291947180424
20.0,2.1,42.0,W0,2.0,0.3,-6.507537118865265,True,10.517990826235785,0.0,48.507537118865265
20.0,2.1,42.0,W1,2.0,0.3,-0.5359488835768289,True,3.0184650107011217,0.0,42.53594888357683
20.0,2.1,42.0,W0,3.0,0.3,-6.507537118865265,True,10.517990826235785,0.0,48.507537118865265
20.0,2.1,42.0,W1,3.0,0.3,2.2733746458373076,False,,0.7313765764681446,39.72662535416269
20.0,2.1,42.0,W0,4.0,0.3,-6.507537118865265,True,10.517990826235785,0.0,48.507537118865265
20.0,2.1,42.0,W1,4.0,0.3,4.965051116428107,False,,1.0808549030815795,37.03494888357189
20.0,2.1,42.0,W0,0.0,0.4,-7.482745452198714,True,11.278593559812904,0.0,49.482745452198714
20.0,2.1,42.0,W1,0.0,0.4,-7.482745452198714,True,11.278593559812904,0.0,49.482745452198714
20.0,2.1,42.0,W0,1.0,0.4,-7.482745452198714,True,11.278593559812904,0.0,49.482745452198714
20.0,2.1,42.0,W1,1.0,0.4,-4.388127805137593,True,8.63702336962205,0.0,46.38812780513759
20.0,2.1,42.0,W0,2.0,0.4,-7.482745452198714,True,11.278593559812904,0.0,49.482745452198714
20.0,2.1,42.0,W1,2.0,0.4,-1.4111572169103397,True,4.897925345236466,0.0,43.41115721691034
20.0,2.1,42.0,W0,3.0,0.4,-7.482745452198714,True,11.278593559812904,0.0,49.482745452198714
20.0,2.1,42.0,W1,3.0,0.4,1.4481663125041138,False,,0.5837337315393133,40.551833687495886
20.0,2.1,42.0,W0,4.0,0.4,-7.482745452198714,True,11.278593559812904,0.0,49.482745452198714
20.0,2.1,42.0,W1,4.0,0.4,4.18984278309496,False,,0.9928974583053418,37.81015721690504
20.0,2.1,42.0,W0,0.0,0.5,-8.450870452198814,True,11.986025099567374,0.0,50.450870452198814
20.0,2.1,42.0,W1,0.0,0.5,-8.450870452198814,True,11.986025099567374,0.0,50.450870452198814
20.0,2.1,42.0,W0,1.0,0.5,-8.450870452198814,True,11.986025099567374,0.0,50.450870452198814
20.0,2.1,42.0,W1,1.0,0.5,-5.306252805137646,True,9.497699599766447,0.0,47.306252805137646
20.0,2.1,42.0,W0,2.0,0.5,-8.450870452198814,True,11.986025099567374,0.0,50.450870452198814
20.0,2.1,42.0,W1,2.0,0.5,-2.2792822169103957,True,6.224772902485669,0.0,44.279282216910396
20.0,2.1,42.0,W0,3.0,0.5,-8.450870452198814,True,11.986025099567374,0.0,50.450870452198814
20.0,2.1,42.0,W1,3.0,0.5,0.630041312504261,False,,0.3850262836661143,41.36995868749574
20.0,2.1,42.0,W0,4.0,0.5,-8.450870452198814,True,11.986025099567374,0.0,50.450870452198814
20.0,2.1,42.0,W1,4.0,0.5,3.4217177830952608,False,,0.8972793591977133,38.57828221690474
20.0,2.1,42.0,W0,0.0,0.6,-9.411912118865814,True,12.649209699455655,0.0,51.411912118865814
20.0,2.1,42.0,W1,0.0,0.6,-9.411912118865814,True,12.649209699455655,0.0,51.411912118865814
20.0,2.1,42.0,W0,1.0,0.6,-9.411912118865814,True,12.649209699455655,0.0,51.411912118865814
20.0,2.1,42.0,W1,1.0,0.6,-6.217294471804273,True,10.28075901968048,0.0,48.21729447180427
20.0,2.1,42.0,W0,2.0,0.6,-9.411912118865814,True,12.649209699455655,0.0,51.411912118865814
20.0,2.1,42.0,W1,2.0,0.6,-3.1403238835769187,True,7.306538579988276,0.0,45.14032388357692
20.0,2.1,42.0,W0,3.0,0.6,-9.411912118865814,True,12.649209699455655,0.0,51.411912118865814
20.0,2.1,42.0,W1,3.0,0.6,-0.18100035416219384,True,1.7541396810884307,0.0,42.181000354162194
20.0,2.1,42.0,W0,4.0,0.6,-9.411912118865814,True,12.649209699455655,0.0,51.411912118865814
20.0,2.1,42.0,W1,4.0,0.6,2.660676116428867,False,,0.7912278936870725,39.33932388357113
20.0,2.1,42.0,W0,0.0,0.7,-10.365870452199587,True,13.274780513721508,0.0,52.36587045219959
20.0,2.1,42.0,W1,0.0,0.7,-10.365870452199587,True,13.274780513721508,0.0,52.36587045219959
20.0,2.1,42.0,W0,1.0,0.7,-10.365870452199587,True,13.274780513721508,0.0,52.36587045219959
20.0,2.1,42.0,W1,1.0,0.7,-7.121252805137935,True,11.002785905734003,0.0,49.121252805137935
20.0,2.1,42.0,W0,2.0,0.7,-10.365870452199587,True,13.274780513721508,0.0,52.36587045219959
20.0,2.1,42.0,W1,2.0,0.7,-3.9942822169102783,True,8.240315387625065,0.0,45.99428221691028
20.0,2.1,42.0,W0,3.0,0.7,-10.365870452199587,True,13.274780513721508,0.0,52.36587045219959
20.0,2.1,42.0,W1,3.0,0.7,-0.9849586874953786,True,4.0919796782791416,0.0,42.98495868749538
20.0,2.1,42.0,W0,4.0,0.7,-10.365870452199587,True,13.274780513721508,0.0,52.36587045219959
20.0,2.1,42.0,W1,4.0,0.7,1.906717783095793,False,,0.669805554336821,40.09328221690421
20.0,2.2,44.0,W0,0.0,0.0,-1.5294117646984802,True,5.099019513583912,0.0,45.52941176469848
20.0,2.2,44.0,W1,0.0,0.0,-1.5294117646984802,True,5.099019513583912,0.0,45.52941176469848
20.0,2.2,44.0,W0,1.0,0.0,-1.5294117646984802,True,5.099019513583912,0.0,45.52941176469848
20.0,2.2,44.0,W1,1.0,0.0,1.3647058823622658,False,,0.5666633946208282,42.635294117637734
20.0,2.2,44.0,W0,2.0,0.0,-1.5294117646984802,True,5.099019513583912,0.0,45.52941176469848
20.0,2.2,44.0,W1,2.0,0.0,4.141176470589933,False,,0.9871143206341564,39.85882352941007
20.0,2.2,44.0,W0,3.0,0.0,-1.5294117646984802,True,5.099019513583912,0.0,45.52941176469848
20.0,2.2,44.0,W1,3.0,0.0,6.80000000000372,False,,1.264911067193677,37.19999999999628
20.0,2.2,44.0,W0,4.0,0.0,-1.5294117646984802,True,5.099019513583912,0.0,45.52941176469848
20.0,2.2,44.0,W1,4.0,0.0,9.341176470593645,False,,1.4825396825399173,34.658823529406355
20.0,2.2,44.0,W0,0.0,0.1,-2.5358704521985445,True,6.565805181957519,0.0,46.535870452198544
20.0,2.2,44.0,W1,0.0,0.1,-2.5358704521985445,True,6.565805181957519,0.0,46.535870452198544
20.0,2.2,44.0,W0,1.0,0.1,-2.5358704521985445,True,6.565805181957519,0.0,46.535870452198544
20.0,2.2,44.0,W1,1.0,0.1,0.4087471948622934,False,,0.31012242476341007,43.59125280513771
20.0,2.2,44.0,W0,2.0,0.1,-2.5358704521985445,True,6.565805181957519,0.0,46.535870452198544
20.0,2.2,44.0,W1,2.0,0.1,3.2357177830898536,False,,0.8725511583986306,40.764282216910146
20.0,2.2,44.0,W0,3.0,0.1,-2.5358704521985445,True,6.565805181957519,0.0,46.535870452198544
20.0,2.2,44.0,W1,3.0,0.1,5.945041312503726,False,,1.1827228329809472,38.054958687496274
20.0,2.2,44.0,W0,4.0,0.1,-2.5358704521985445,True,6.565805181957519,0.0,46.535870452198544
20.0,2.2,44.0,W1,4.0,0.1,8.536717783094012,False,,1.4172648475289422,35.46328221690599
20.0,2.2,44.0,W0,0.0,0.2,-3.525245452198611,True,7.741393459024612,0.0,47.52524545219861
20.0,2.2,44.0,W1,0.0,0.2,-3.525245452198611,True,7.741393459024612,0.0,47.52524545219861
20.0,2.2,44.0,W0,1.0,0.2,-3.525245452198611,True,7.741393459024612,0.0,47.52524545219861
20.0,2.2,44.0,W1,1.0,0.2,-0.5306278051376765,True,3.003443471644112,0.0,44.53062780513768
20.0,2.2,44.0,W0,2.0,0.2,-3.525245452198611,True,7.741393459024612,0.0,47.52524545219861
20.0,2.2,44.0,W1,2.0,0.2,2.3463427830898027,False,,0.7430213123835862,41.6536572169102
20.0,2.2,44.0,W0,3.0,0.2,-3.525245452198611,True,7.741393459024612,0.0,47.52524545219861
20.0,2.2,44.0,W1,3.0,0.2,5.1056663125038,False,,1.096053579571378,38.8943336874962
20.0,2.2,44.0,W0,4.0,0.2,-3.525245452198611,True,7.741393459024612,0.0,47.52524545219861
20.0,2.2,44.0,W1,4.0,0.2,7.747342783094396,False,,1.3501497221922145,36.252657216905604
20.0,2.2,44.0,W0,0.0,0.3,-4.507537118865265,True,8.753749540669334,0.0,48.507537118865265
20.0,2.2,44.0,W1,0.0,0.3,-4.507537118865265,True,8.753749540669334,0.0,48.507537118865265
20.0,2.2,44.0,W0,1.0,0.3,-4.507537118865265,True,8.753749540669334,0.0,48.507537118865265
20.0,2.2,44.0,W1,1.0,0.3,-1.4629194718042413,True,4.986946061539732,0.0,45.46291947180424
20.0,2.2,44.0,W0,2.0,0.3,-4.507537118865265,True,8.753749540669334,0.0,48.507537118865265
20.0,2.2,44.0,W1,2.0,0.3,1.464051116423171,False,,0.5869264556094544,42.53594888357683
20.0,2.2,44.0,W0,3.0,0.3,-4.507537118865265,True,8.753749540669334,0.0,48.507537118865265
20.0,2.2,44.0,W1,3.0,0.3,4.273374645837308,False,,1.0027462177889326,39.72662535416269
20.0,2.2,44.0,W0,4.0,0.3,-4.507537118865265,True,8.753749540669334,0.0,48.507537118865265
20.0,2.2,44.0,W1,4.0,0.3,6.965051116428107,False,,1.2801701673755044,37.03494888357189
20.0,2.2,44.0,W0,0.0,0.4,-5.482745452198714,True,9.6543602940559,0.0,49.482745452198714
20.0,2.2,44.0,W1,0.0,0.4,-5.482745452198714,True,9.6543602940559,0.0,49.482745452198714
20.0,2.2,44.0,W0,1.0,0.4,-5.482745452198714,True,9.6543602940559,0.0,49.482745452198714
20.0,2.2,44.0,W1,1.0,0.4,-2.388127805137593,True,6.3716695368940135,0.0,46.38812780513759
20.0,2.2,44.0,W0,2.0,0.4,-5.482745452198714,True,9.6543602940559,0.0,49.482745452198714
20.0,2.2,44.0,W1,2.0,0.4,0.5888427830896603,False,,0.3722247293132512,43.41115721691034
20.0,2.2,44.0,W0,3.0,0.4,-5.482745452198714,True,9.6543602940559,0.0,49.482745452198714
20.0,2.2,44.0,W1,3.0,0.4,3.4481663125041138,False,,0.9007404219879261,40.551833687495886
20.0,2.2,44.0,W0,4.0,0.4,-5.482745452198714,True,9.6543602940559,0.0,49.482745452198714
20.0,2.2,44.0,W1,4.0,0.4,6.18984278309496,False,,1.2068279068069931,37.81015721690504
20.0,2.2,44.0,W0,0.0,0.5,-6.450870452198814,True,10.472096145827244,0.0,50.450870452198814
20.0,2.2,44.0,W1,0.0,0.5,-6.450870452198814,True,10.472096145827244,0.0,50.450870452198814
20.0,2.2,44.0,W0,1.0,0.5,-6.450870452198814,True,10.472096145827244,0.0,50.450870452198814
20.0,2.2,44.0,W1,1.0,0.5,-3.306252805137646,True,7.497085946378823,0.0,47.306252805137646
20.0,2.2,44.0,W0,2.0,0.5,-6.450870452198814,True,10.472096145827244,0.0,50.450870452198814
20.0,2.2,44.0,W1,2.0,0.5,-0.2792822169103957,True,2.1789441680528587,0.0,44.279282216910396
20.0,2.2,44.0,W0,3.0,0.5,-6.450870452198814,True,10.472096145827244,0.0,50.450870452198814
20.0,2.2,44.0,W1,3.0,0.5,2.630041312504261,False,,0.7866595677052572,41.36995868749574
20.0,2.2,44.0,W0,4.0,0.5,-6.450870452198814,True,10.472096145827244,0.0,50.450870452198814
20.0,2.2,44.0,W1,4.0,0.5,5.421717783095261,False,,1.129468215541141,38.57828221690474
20.0,2.2,44.0,W0,0.0,0.6,-7.411912118865814,True,11.22508378680505,0.0,51.411912118865814
20.0,2.2,44.0,W1,0.0,0.6,-7.411912118865814,True,11.22508378680505,0.0,51.411912118865814
20.0,2.2,44.0,W0,1.0,0.6,-7.411912118865814,True,11.22508378680505,0.0,51.411912118865814
20.0,2.2,44.0,W1,1.0,0.6,-4.217294471804273,True,8.467231307855617,0.0,48.21729447180427
20.0,2.2,44.0,W0,2.0,0.6,-7.411912118865814,True,11.22508378680505,0.0,51.411912118865814
20.0,2.2,44.0,W1,2.0,0.6,-1.1403238835769187,True,4.402897457452077,0.0,45.14032388357692
20.0,2.2,44.0,W0,3.0,0.6,-7.411912118865814,True,11.22508378680505,0.0,51.411912118865814
20.0,2.2,44.0,W1,3.0,0.6,1.8189996458378062,False,,0.6542170868351384,42.181000354162194
20.0,2.2,44.0,W0,4.0,0.6,-7.411912118865814,True,11.22508378680505,0.0,51.411912118865814
20.0,2.2,44.0,W1,4.0,0.6,4.660676116428867,False,,1.0472009337046162,39.33932388357113
20.0,2.2,44.0,W0,0.0,0.7,-8.365870452199587,True,11.925594227855989,0.0,52.36587045219959
20.0,2.2,44.0,W1,0.0,0.7,-8.365870452199587,True,11.925594227855989,0.0,52.36587045219959
20.0,2.2,44.0,W0,1.0,0.7,-8.365870452199587,True,11.925594227855989,0.0,52.36587045219959
20.0,2.2,44.0,W1,1.0,0.7,-5.121252805137935,True,9.330664375456244,0.0,49.121252805137935
20.0,2.2,44.0,W0,2.0,0.7,-8.365870452199587,True,11.925594227855989,0.0,52.36587045219959
20.0,2.2,44.0,W1,2.0,0.7,-1.9942822169102783,True,5.822610899546285,0.0,45.99428221691028
20.0,2.2,44.0,W0,3.0,0.7,-8.365870452199587,True,11.925594227855989,0.0,52.36587045219959
20.0,2.2,44.0,W1,3.0,0.7,1.0150413125046214,False,,0.4887057318328455,42.98495868749538
20.0,2.2,44.0,W0,4.0,0.7,-8.365870452199587,True,11.925594227855989,0.0,52.36587045219959
20.0,2.2,44.0,W1,4.0,0.7,3.906717783095793,False,,0.9587636422200941,40.09328221690421
20.0,2.3,46.0,W0,0.0,0.0,0.47058823530151983,False,,0.33275618374777755,45.52941176469848
20.0,2.3,46.0,W1,0.0,0.0,0.47058823530151983,False,,0.33275618374777755,45.52941176469848
20.0,2.3,46.0,W0,1.0,0.0,0.47058823530151983,False,,0.33275618374777755,45.52941176469848
20.0,2.3,46.0,W1,1.0,0.0,3.3647058823622658,False,,0.8897728535528888,42.635294117637734
20.0,2.3,46.0,W0,2.0,0.0,0.47058823530151983,False,,0.33275618374777755,45.52941176469848
20.0,2.3,46.0,W1,2.0,0.0,6.141176470589933,False,,1.2020744076755077,39.85882352941007
20.0,2.3,46.0,W0,3.0,0.0,0.47058823530151983,False,,0.33275618374777755,45.52941176469848
20.0,2.3,46.0,W1,3.0,0.0,8.80000000000372,False,,1.4389538691084565,37.19999999999628
20.0,2.3,46.0,W0,4.0,0.0,0.47058823530151983,False,,0.33275618374777755,45.52941176469848
20.0,2.3,46.0,W1,4.0,0.0,11.341176470593645,False,,1.6335581265533212,34.658823529406355
20.0,2.3,46.0,W0,0.0,0.1,-0.5358704521985445,True,3.0182441397933553,0.0,46.535870452198544
20.0,2.3,46.0,W1,0.0,0.1,-0.5358704521985445,True,3.0182441397933553,0.0,46.535870452198544
20.0,2.3,46.0,W0,1.0,0.1,-0.5358704521985445,True,3.0182441397933553,0.0,46.535870452198544
20.0,2.3,46.0,W1,1.0,0.1,2.4087471948622934,False,,0.7528373315111155,43.59125280513771
20.0,2.3,46.0,W0,2.0,0.1,-0.5358704521985445,True,3.0182441397933553,0.0,46.535870452198544
20.0,2.3,46.0,W1,2.0,0.1,5.235717783089854,False,,1.109925062922018,40.764282216910146
20.0,2.3,46.0,W0,3.0,0.1,-0.5358704521985445,True,3.0182441397933553,0.0,46.535870452198544
20.0,2.3,46.0,W1,3.0,0.1,7.945041312503726,False,,1.3672679105279972,38.054958687496274
20.0,2.3,46.0,W0,4.0,0.1,-0.5358704521985445,True,3.0182441397933553,0.0,46.535870452198544
20.0,2.3,46.0,W1,4.0,0.1,10.536717783094012,False,,1.574556382482249,35.46328221690599
20.0,2.3,46.0,W0,0.0,0.2,-1.525245452198611,True,5.0920695878406965,0.0,47.52524545219861
20.0,2.3,46.0,W1,0.0,0.2,-1.525245452198611,True,5.0920695878406965,0.0,47.52524545219861
20.0,2.3,46.0,W0,1.0,0.2,-1.525245452198611,True,5.0920695878406965,0.0,47.52524545219861
20.0,2.3,46.0,W1,1.0,0.2,1.4693721948623235,False,,0.5879920690532613,44.53062780513768
20.0,2.3,46.0,W0,2.0,0.2,-1.525245452198611,True,5.0920695878406965,0.0,47.52524545219861
20.0,2.3,46.0,W1,2.0,0.2,4.346342783089803,False,,1.0112709357454452,41.6536572169102
20.0,2.3,46.0,W0,3.0,0.2,-1.525245452198611,True,5.0920695878406965,0.0,47.52524545219861
20.0,2.3,46.0,W1,3.0,0.2,7.1056663125038,False,,1.2930281156915397,38.8943336874962
20.0,2.3,46.0,W0,4.0,0.2,-1.525245452198611,True,5.0920695878406965,0.0,47.52524545219861
20.0,2.3,46.0,W1,4.0,0.2,9.747342783094396,False,,1.514428142898981,36.252657216905604
20.0,2.3,46.0,W0,0.0,0.3,-2.5075371188652653,True,6.529022210159356,0.0,48.507537118865265
20.0,2.3,46.0,W1,0.0,0.3,-2.5075371188652653,True,6.529022210159356,0.0,48.507537118865265
20.0,2.3,46.0,W0,1.0,0.3,-2.5075371188652653,True,6.529022210159356,0.0,48.507537118865265
20.0,2.3,46.0,W1,1.0,0.3,0.5370805281957587,False,,0.35548837177533427,45.46291947180424
20.0,2.3,46.0,W0,2.0,0.3,-2.5075371188652653,True,6.529022210159356,0.0,48.507537118865265
20.0,2.3,46.0,W1,2.0,0.3,3.464051116423171,False,,0.9028128059832463,42.53594888357683
20.0,2.3,46.0,W0,3.0,0.3,-2.5075371188652653,True,6.529022210159356,0.0,48.507537118865265
20.0,2.3,46.0,W1,3.0,0.3,6.273374645837308,False,,1.21494376367261,39.72662535416269
20.0,2.3,46.0,W0,4.0,0.3,-2.5075371188652653,True,6.529022210159356,0.0,48.507537118865265
20.0,2.3,46.0,W1,4.0,0.3,8.965051116428107,False,,1.4523856273325382,37.03494888357189
20.0,2.3,46.0,W0,0.0,0.4,-3.4827454521987136,True,7.694587233076933,0.0,49.482745452198714
20.0,2.3,46.0,W1,0.0,0.4,-3.4827454521987136,True,7.694587233076933,0.0,49.482745452198714
20.0,2.3,46.0,W0,1.0,0.4,-3.4827454521987136,True,7.694587233076933,0.0,49.482745452198714
20.0,2.3,46.0,W1,1.0,0.4,-0.38812780513759293,True,2.568690850872701,0.0,46.38812780513759
20.0,2.3,46.0,W0,2.0,0.4,-3.4827454521987136,True,7.694587233076933,0.0,49.482745452198714
20.0,2.3,46.0,W1,2.0,0.4,2.5888427830896603,False,,0.7804739491044289,43.41115721691034
20.0,2.3,46.0,W0,3.0,0.4,-3.4827454521987136,True,7.694587233076933,0.0,49.482745452198714
20.0,2.3,46.0,W1,3.0,0.4,5.448166312504114,False,,1.1322197506817622,40.551833687495886
20.0,2.3,46.0,W0,4.0,0.4,-3.4827454521987136,True,7.694587233076933,0.0,49.482745452198714
20.0,2.3,46.0,W1,4.0,0.4,8.18984278309496,False,,1.3881721554667956,37.81015721690504
20.0,2.3,46.0,W0,0.0,0.5,-4.450870452198814,True,8.698551470643734,0.0,50.450870452198814
20.0,2.3,46.0,W1,0.0,0.5,-4.450870452198814,True,8.698551470643734,0.0,50.450870452198814
20.0,2.3,46.0,W0,1.0,0.5,-4.450870452198814,True,8.698551470643734,0.0,50.450870452198814
20.0,2.3,46.0,W1,1.0,0.5,-1.306252805137646,True,4.7123558532196155,0.0,47.306252805137646
20.0,2.3,46.0,W0,2.0,0.5,-4.450870452198814,True,8.698551470643734,0.0,50.450870452198814
20.0,2.3,46.0,W1,2.0,0.5,1.7207177830896043,False,,0.6362977252760933,44.279282216910396
20.0,2.3,46.0,W0,3.0,0.5,-4.450870452198814,True,8.698551470643734,0.0,50.450870452198814
20.0,2.3,46.0,W1,3.0,0.5,4.630041312504261,False,,1.0437535866287948,41.36995868749574
20.0,2.3,46.0,W0,4.0,0.5,-4.450870452198814,True,8.698551470643734,0.0,50.450870452198814
20.0,2.3,46.0,W1,4.0,0.5,7.421717783095261,False,,1.3214714082284573,38.57828221690474
20.0,2.3,46.0,W0,0.0,0.6,-5.411912118865814,True,9.591793681099656,0.0,51.411912118865814
20.0,2.3,46.0,W1,0.0,0.6,-5.411912118865814,True,9.591793681099656,0.0,51.411912118865814
20.0,2.3,46.0,W0,1.0,0.6,-5.411912118865814,True,9.591793681099656,0.0,51.411912118865814
20.0,2.3,46.0,W1,1.0,0.6,-2.217294471804273,True,6.13954444732789,0.0,48.21729447180427
20.0,2.3,46.0,W0,2.0,0.6,-5.411912118865814,True,9.591793681099656,0.0,51.411912118865814
20.0,2.3,46.0,W1,2.0,0.6,0.8596761164230813,False,,0.4497520309267002,45.14032388357692
20.0,2.3,46.0,W0,3.0,0.6,-5.411912118865814,True,9.591793681099656,0.0,51.411912118865814
20.0,2.3,46.0,W1,3.0,0.6,3.818999645837806,False,,0.9479389983963522,42.181000354162194
20.0,2.3,46.0,W0,4.0,0.6,-5.411912118865814,True,9.591793681099656,0.0,51.411912118865814
20.0,2.3,46.0,W1,4.0,0.6,6.660676116428867,False,,1.2518857419201153,39.33932388357113
20.0,2.3,46.0,W0,0.0,0.7,-6.365870452199587,True,10.402874491575032,0.0,52.36587045219959
20.0,2.3,46.0,W1,0.0,0.7,-6.365870452199587,True,10.402874491575032,0.0,52.36587045219959
20.0,2.3,46.0,W0,1.0,0.7,-6.365870452199587,True,10.402874491575032,0.0,52.36587045219959
20.0,2.3,46.0,W1,1.0,0.7,-3.121252805137935,True,7.284318615175675,0.0,49.121252805137935
20.0,2.3,46.0,W0,2.0,0.7,-6.365870452199587,True,10.402874491575032,0.0,52.36587045219959
20.0,2.3,46.0,W1,2.0,0.7,0.005717783089721706,False,,0.036682106100911244,45.99428221691028
20.0,2.3,46.0,W0,3.0,0.7,-6.365870452199587,True,10.402874491575032,0.0,52.36587045219959
20.0,2.3,46.0,W1,3.0,0.7,3.0150413125046214,False,,0.8422716529937873,42.98495868749538
20.0,2.3,46.0,W0,4.0,0.7,-6.365870452199587,True,10.402874491575032,0.0,52.36587045219959
20.0,2.3,46.0,W1,4.0,0.7,5.906717783095793,False,,1.1789045557749176,40.09328221690421
20.0,2.4,48.0,W0,0.0,0.0,2.47058823530152,False,,0.7624402455037103,45.52941176469848
20.0,2.4,48.0,W1,0.0,0.0,2.47058823530152,False,,0.7624402455037103,45.52941176469848
20.0,2.4,48.0,W0,1.0,0.0,2.47058823530152,False,,0.7624402455037103,45.52941176469848
20.0,2.4,48.0,W1,1.0,0.0,5.364705882362266,False,,1.1235140343533214,42.635294117637734
20.0,2.4,48.0,W0,2.0,0.0,2.47058823530152,False,,0.7624402455037103,45.52941176469848
20.0,2.4,48.0,W1,2.0,0.0,8.141176470589933,False,,1.3840415780968596,39.85882352941007
20.0,2.4,48.0,W0,3.0,0.0,2.47058823530152,False,,0.7624402455037103,45.52941176469848
20.0,2.4,48.0,W1,3.0,0.0,10.80000000000372,False,,1.5941067975496466,37.19999999999628
20.0,2.4,48.0,W0,4.0,0.0,2.47058823530152,False,,0.7624402455037103,45.52941176469848
20.0,2.4,48.0,W1,4.0,0.0,13.341176470593645,False,,1.7717506890713712,34.658823529406355
20.0,2.4,48.0,W0,0.0,0.1,1.4641295478014555,False,,0.5869423471697398,46.535870452198544
20.0,2.4,48.0,W1,0.0,0.1,1.4641295478014555,False,,0.5869423471697398,46.535870452198544
20.0,2.4,48.0,W0,1.0,0.1,1.4641295478014555,False,,0.5869423471697398,46.535870452198544
20.0,2.4,48.0,W1,1.0,0.1,4.408747194862293,False,,1.018504965501997,43.59125280513771
20.0,2.4,48.0,W0,2.0,0.1,1.4641295478014555,False,,0.5869423471697398,46.535870452198544
20.0,2.4,48.0,W1,2.0,0.1,7.235717783089854,False,,1.3048072450701778,40.764282216910146
20.0,2.4,48.0,W0,3.0,0.1,1.4641295478014555,False,,0.5869423471697398,46.535870452198544
20.0,2.4,48.0,W1,3.0,0.1,9.945041312503726,False,,1.5297090456319746,38.054958687496274
20.0,2.4,48.0,W0,4.0,0.1,1.4641295478014555,False,,0.5869423471697398,46.535870452198544
20.0,2.4,48.0,W1,4.0,0.1,12.536717783094012,False,,1.717502859246534,35.46328221690599
20.0,2.4,48.0,W0,0.0,0.2,0.47475454780138904,False,,0.3342259695738714,47.52524545219861
20.0,2.4,48.0,W1,0.0,0.2,0.47475454780138904,False,,0.3342259695738714,47.52524545219861
20.0,2.4,48.0,W0,1.0,0.2,0.47475454780138904,False,,0.3342259695738714,47.52524545219861
20.0,2.4,48.0,W1,1.0,0.2,3.4693721948623235,False,,0.9035059227448056,44.53062780513768
20.0,2.4,48.0,W0,2.0,0.2,0.47475454780138904,False,,0.3342259695738714,47.52524545219861
20.0,2.4,48.0,W1,2.0,0.2,6.346342783089803,False,,1.2219890140300316,41.6536572169102
20.0,2.4,48.0,W0,3.0,0.2,0.47475454780138904,False,,0.3342259695738714,47.52524545219861
20.0,2.4,48.0,W1,3.0,0.2,9.1056663125038,False,,1.4637314556160406,38.8943336874962
20.0,2.4,48.0,W0,4.0,0.2,0.47475454780138904,False,,0.3342259695738714,47.52524545219861
20.0,2.4,48.0,W1,4.0,0.2,11.747342783094396,False,,1.6625524789078359,36.252657216905604
20.0,2.4,48.0,W0,0.0,0.3,-0.5075371188652653,True,2.9373680431178744,0.0,48.507537118865265
20.0,2.4,48.0,W1,0.0,0.3,-0.5075371188652653,True,2.9373680431178744,0.0,48.507537118865265
20.0,2.4,48.0,W0,1.0,0.3,-0.5075371188652653,True,2.9373680431178744,0.0,48.507537118865265
20.0,2.4,48.0,W1,1.0,0.3,2.5370805281957587,False,,0.7726319632106824,45.46291947180424
20.0,2.4,48.0,W0,2.0,0.3,-0.5075371188652653,True,2.9373680431178744,0.0,48.507537118865265
20.0,2.4,48.0,W1,2.0,0.3,5.464051116423171,False,,1.1338691121424358,42.53594888357683
20.0,2.4,48.0,W0,3.0,0.3,-0.5075371188652653,True,2.9373680431178744,0.0,48.507537118865265
20.0,2.4,48.0,W1,3.0,0.3,8.273374645837308,False,,1.3952334780561777,39.72662535416269
20.0,2.4,48.0,W0,4.0,0.3,-0.5075371188652653,True,2.9373680431178744,0.0,48.507537118865265
20.0,2.4,48.0,W1,4.0,0.3,10.965051116428107,False,,1.6062416314098371,37.03494888357189
20.0,2.4,48.0,W0,0.0,0.4,-1.4827454521987136,True,5.02062473078929,0.0,49.482745452198714
20.0,2.4,48.0,W1,0.0,0.4,-1.4827454521987136,True,5.02062473078929,0.0,49.482745452198714
20.0,2.4,48.0,W0,1.0,0.4,-1.4827454521987136,True,5.02062473078929,0.0,49.482745452198714
20.0,2.4,48.0,W1,1.0,0.4,1.611872194862407,False,,0.6158441753846929,46.38812780513759
20.0,2.4,48.0,W0,2.0,0.4,-1.4827454521987136,True,5.02062473078929,0.0,49.482745452198714
20.0,2.4,48.0,W1,2.0,0.4,4.58884278308966,False,,1.0390994735499046,43.41115721691034
20.0,2.4,48.0,W0,3.0,0.4,-1.4827454521987136,True,5.02062473078929,0.0,49.482745452198714
20.0,2.4,48.0,W1,3.0,0.4,7.448166312504114,False,,1.3238239405319876,40.551833687495886
20.0,2.4,48.0,W0,4.0,0.4,-1.4827454521987136,True,5.02062473078929,0.0,49.482745452198714
20.0,2.4,48.0,W1,4.0,0.4,10.18984278309496,False,,1.5484218586812242,37.81015721690504
20.0,2.4,48.0,W0,0.0,0.5,-2.4508704521988136,True,6.454827471545928,0.0,50.450870452198814
20.0,2.4,48.0,W1,0.0,0.5,-2.4508704521988136,True,6.454827471545928,0.0,50.450870452198814
20.0,2.4,48.0,W0,1.0,0.5,-2.4508704521988136,True,6.454827471545928,0.0,50.450870452198814
20.0,2.4,48.0,W1,1.0,0.5,0.6937471948623539,False,,0.40402312623147807,47.306252805137646
20.0,2.4,48.0,W0,2.0,0.5,-2.4508704521988136,True,6.454827471545928,0.0,50.450870452198814
20.0,2.4,48.0,W1,2.0,0.5,3.7207177830896043,False,,0.9356619278014621,44.279282216910396
20.0,2.4,48.0,W0,3.0,0.5,-2.4508704521988136,True,6.454827471545928,0.0,50.450870452198814
20.0,2.4,48.0,W1,3.0,0.5,6.630041312504261,False,,1.2490035896711733,41.36995868749574
20.0,2.4,48.0,W0,4.0,0.5,-2.4508704521988136,True,6.454827471545928,0.0,50.450870452198814
20.0,2.4,48.0,W1,4.0,0.5,9.42171778309526,False,,1.4889173169240408,38.57828221690474
20.0,2.4,48.0,W0,0.0,0.6,-3.411912118865814,True,7.61593763241081,0.0,51.411912118865814
20.0,2.4,48.0,W1,0.0,0.6,-3.411912118865814,True,7.61593763241081,0.0,51.411912118865814
20.0,2.4,48.0,W0,1.0,0.6,-3.411912118865814,True,7.61593763241081,0.0,51.411912118865814
20.0,2.4,48.0,W1,1.0,0.6,-0.21729447180427286,True,1.9219797139111088,0.0,48.21729447180427
20.0,2.4,48.0,W0,2.0,0.6,-3.411912118865814,True,7.61593763241081,0.0,51.411912118865814
20.0,2.4,48.0,W1,2.0,0.6,2.8596761164230813,False,,0.8202834797679124,45.14032388357692
20.0,2.4,48.0,W0,3.0,0.6,-3.411912118865814,True,7.61593763241081,0.0,51.411912118865814
20.0,2.4,48.0,W1,3.0,0.6,5.818999645837806,False,,1.1701181705489274,42.181000354162194
20.0,2.4,48.0,W0,4.0,0.6,-3.411912118865814,True,7.61593763241081,0.0,51.411912118865814
20.0,2.4,48.0,W1,4.0,0.6,8.660676116428867,False,,1.427517515672344,39.33932388357113
20.0,2.4,48.0,W0,0.0,0.7,-4.365870452199587,True,8.615091275630865,0.0,52.36587045219959
20.0,2.4,48.0,W1,0.0,0.7,-4.365870452199587,True,8.615091275630865,0.0,52.36587045219959
20.0,2.4,48.0,W0,1.0,0.7,-4.365870452199587,True,8.615091275630865,0.0,52.36587045219959
20.0,2.4,48.0,W1,1.0,0.7,-1.1212528051379351,True,4.365924608530887,0.0,49.121252805137935
20.0,2.4,48.0,W0,2.0,0.7,-4.365870452199587,True,8.615091275630865,0.0,52.36587045219959
20.0,2.4,48.0,W1,2.0,0.7,2.0057177830897217,False,,0.6869742541624118,45.99428221691028
20.0,2.4,48.0,W0,3.0,0.7,-4.365870452199587,True,8.615091275630865,0.0,52.36587045219959
20.0,2.4,48.0,W1,3.0,0.7,5.015041312504621,False,,1.0862825451396512,42.98495868749538
20.0,2.4,48.0,W0,4.0,0.7,-4.365870452199587,True,8.615091275630865,0.0,52.36587045219959
20.0,2.4,48.0,W1,4.0,0.7,7.906717783095793,False,,1.3639663475019341,40.09328221690421
20.0,2.5,50.0,W0,0.0,0.0,4.47058823530152,False,,1.025623330084732,45.52941176469848
20.0,2.5,50.0,W1,0.0,0.0,4.47058823530152,False,,1.025623330084732,45.52941176469848
20.0,2.5,50.0,W0,1.0,0.0,4.47058823530152,False,,1.025623330084732,45.52941176469848
20.0,2.5,50.0,W1,1.0,0.0,7.364705882362266,False,,1.3163859543285439,42.635294117637734
20.0,2.5,50.0,W0,2.0,0.0,4.47058823530152,False,,1.025623330084732,45.52941176469848
20.0,2.5,50.0,W1,2.0,0.0,10.141176470589933,False,,1.5447197722683454,39.85882352941007
20.0,2.5,50.0,W0,3.0,0.0,4.47058823530152,False,,1.025623330084732,45.52941176469848
20.0,2.5,50.0,W1,3.0,0.0,12.80000000000372,False,,1.7354437192744692,37.19999999999628
20.0,2.5,50.0,W0,4.0,0.0,4.47058823530152,False,,1.025623330084732,45.52941176469848
20.0,2.5,50.0,W1,4.0,0.0,15.341176470593645,False,,1.9000000000001998,34.658823529406355
20.0,2.5,50.0,W0,0.0,0.1,3.4641295478014555,False,,0.9028230453351036,46.535870452198544
20.0,2.5,50.0,W1,0.0,0.1,3.4641295478014555,False,,0.9028230453351036,46.535870452198544
20.0,2.5,50.0,W0,1.0,0.1,3.4641295478014555,False,,0.9028230453351036,46.535870452198544
20.0,2.5,50.0,W1,1.0,0.1,6.408747194862293,False,,1.2279823092590978,43.59125280513771
20.0,2.5,50.0,W0,2.0,0.1,3.4641295478014555,False,,0.9028230453351036,46.535870452198544
20.0,2.5,50.0,W1,2.0,0.1,9.235717783089854,False,,1.474147233694211,40.764282216910146
20.0,2.5,50.0,W0,3.0,0.1,3.4641295478014555,False,,0.9028230453351036,46.535870452198544
20.0,2.5,50.0,W1,3.0,0.1,11.945041312503726,False,,1.676483807301624,38.054958687496274
20.0,2.5,50.0,W0,4.0,0.1,3.4641295478014555,False,,0.9028230453351036,46.535870452198544
20.0,2.5,50.0,W1,4.0,0.1,14.536717783094012,False,,1.8495084728085864,35.46328221690599
20.0,2.5,50.0,W0,0.0,0.2,2.474754547801389,False,,0.7630827715074405,47.52524545219861
20.0,2.5,50.0,W1,0.0,0.2,2.474754547801389,False,,0.7630827715074405,47.52524545219861
20.0,2.5,50.0,W0,1.0,0.2,2.474754547801389,False,,0.7630827715074405,47.52524545219861
20.0,2.5,50.0,W1,1.0,0.2,5.4693721948623235,False,,1.1344211051505144,44.53062780513768
20.0,2.5,50.0,W0,2.0,0.2,2.474754547801389,False,,0.7630827715074405,47.52524545219861
20.0,2.5,50.0,W1,2.0,0.2,8.346342783089803,False,,1.4013726883433268,41.6536572169102
20.0,2.5,50.0,W0,3.0,0.2,2.474754547801389,False,,0.7630827715074405,47.52524545219861
20.0,2.5,50.0,W1,3.0,0.2,11.1056663125038,False,,1.6165079510925717,38.8943336874962
20.0,2.5,50.0,W0,4.0,0.2,2.474754547801389,False,,0.7630827715074405,47.52524545219861
20.0,2.5,50.0,W1,4.0,0.2,13.747342783094396,False,,1.7985838514495625,36.252657216905604
20.0,2.5,50.0,W0,0.0,0.3,1.4924628811347347,False,,0.5925940938963523,48.507537118865265
20.0,2.5,50.0,W1,0.0,0.3,1.4924628811347347,False,,0.5925940938963523,48.507537118865265
20.0,2.5,50.0,W0,1.0,0.3,1.4924628811347347,False,,0.5925940938963523,48.507537118865265
20.0,2.5,50.0,W1,1.0,0.3,4.537080528195759,False,,1.0332224073289853,45.46291947180424
20.0,2.5,50.0,W0,2.0,0.3,1.4924628811347347,False,,0.5925940938963523,48.507537118865265
20.0,2.5,50.0,W1,2.0,0.3,7.464051116423171,False,,1.3252348204044395,42.53594888357683
20.0,2.5,50.0,W0,3.0,0.3,1.4924628811347347,False,,0.5925940938963523,48.507537118865265
20.0,2.5,50.0,W1,3.0,0.3,10.273374645837308,False,,1.554755507413615,39.72662535416269
20.0,2.5,50.0,W0,4.0,0.3,1.4924628811347347,False,,0.5925940938963523,48.507537118865265
20.0,2.5,50.0,W1,4.0,0.3,12.965051116428107,False,,1.7466465781105238,37.03494888357189
20.0,2.5,50.0,W0,0.0,0.4,0.5172545478012864,False,,0.34886549337585787,49.482745452198714
20.0,2.5,50.0,W1,0.0,0.4,0.5172545478012864,False,,0.34886549337585787,49.482745452198714
20.0,2.5,50.0,W0,1.0,0.4,0.5172545478012864,False,,0.34886549337585787,49.482745452198714
20.0,2.5,50.0,W1,1.0,0.4,3.611872194862407,False,,0.9218743339403779,46.38812780513759
20.0,2.5,50.0,W0,2.0,0.4,0.5172545478012864,False,,0.34886549337585787,49.482745452198714
20.0,2.5,50.0,W1,2.0,0.4,6.58884278308966,False,,1.2451168418563634,43.41115721691034
20.0,2.5,50.0,W0,3.0,0.4,0.5172545478012864,False,,0.34886549337585787,49.482745452198714
20.0,2.5,50.0,W1,3.0,0.4,9.448166312504114,False,,1.491005767979292,40.551833687495886
20.0,2.5,50.0,W0,4.0,0.4,0.5172545478012864,False,,0.34886549337585787,49.482745452198714
20.0,2.5,50.0,W1,4.0,0.4,12.18984278309496,False,,1.6936057110407372,37.81015721690504
20.0,2.5,50.0,W0,0.0,0.5,-0.4508704521988136,True,2.768537102406042,0.0,50.450870452198814
20.0,2.5,50.0,W1,0.0,0.5,-0.4508704521988136,True,2.768537102406042,0.0,50.450870452198814
20.0,2.5,50.0,W0,1.0,0.5,-0.4508704521988136,True,2.768537102406042,0.0,50.450870452198814
20.0,2.5,50.0,W1,1.0,0.5,2.693747194862354,False,,0.7961300033272996,47.306252805137646
20.0,2.5,50.0,W0,2.0,0.5,-0.4508704521988136,True,2.768537102406042,0.0,50.450870452198814
20.0,2.5,50.0,W1,2.0,0.5,5.720717783089604,False,,1.160194485992901,44.279282216910396
20.0,2.5,50.0,W0,3.0,0.5,-0.4508704521988136,True,2.768537102406042,0.0,50.450870452198814
20.0,2.5,50.0,W1,3.0,0.5,8.630041312504261,False,,1.424990595255264,41.36995868749574
20.0,2.5,50.0,W0,4.0,0.5,-0.4508704521988136,True,2.768537102406042,0.0,50.450870452198814
20.0,2.5,50.0,W1,4.0,0.5,11.42171778309526,False,,1.6393595964512746,38.57828221690474
20.0,2.5,50.0,W0,0.0,0.6,-1.4119121188658141,True,4.899235248562026,0.0,51.411912118865814
20.0,2.5,50.0,W1,0.0,0.6,-1.4119121188658141,True,4.899235248562026,0.0,51.411912118865814
20.0,2.5,50.0,W0,1.0,0.6,-1.4119121188658141,True,4.899235248562026,0.0,51.411912118865814
20.0,2.5,50.0,W1,1.0,0.6,1.7827055281957271,False,,0.647657427167407,48.21729447180427
20.0,2.5,50.0,W0,2.0,0.6,-1.4119121188658141,True,4.899235248562026,0.0,51.411912118865814
20.0,2.5,50.0,W1,2.0,0.6,4.859676116423081,False,,1.0693237279118868,45.14032388357692
20.0,2.5,50.0,W0,3.0,0.6,-1.4119121188658141,True,4.899235248562026,0.0,51.411912118865814
20.0,2.5,50.0,W1,3.0,0.6,7.818999645837806,False,,1.3563792379465616,42.181000354162194
20.0,2.5,50.0,W0,4.0,0.6,-1.4119121188658141,True,4.899235248562026,0.0,51.411912118865814
20.0,2.5,50.0,W1,4.0,0.6,10.660676116428867,False,,1.5837914196879357,39.33932388357113
20.0,2.5,50.0,W0,0.0,0.7,-2.3658704521995872,True,6.341908047854125,0.0,52.36587045219959
20.0,2.5,50.0,W1,0.0,0.7,-2.3658704521995872,True,6.341908047854125,0.0,52.36587045219959
20.0,2.5,50.0,W0,1.0,0.7,-2.3658704521995872,True,6.341908047854125,0.0,52.36587045219959
20.0,2.5,50.0,W1,1.0,0.7,0.8787471948620649,False,,0.4547131539824114,49.121252805137935
20.0,2.5,50.0,W0,2.0,0.7,-2.3658704521995872,True,6.341908047854125,0.0,52.36587045219959
20.0,2.5,50.0,W1,2.0,0.7,4.005717783089722,False,,0.9708356855141832,45.99428221691028
20.0,2.5,50.0,W0,3.0,0.7,-2.3658704521995872,True,6.341908047854125,0.0,52.36587045219959
20.0,2.5,50.0,W1,3.0,0.7,7.015041312504621,False,,1.2847560163030096,42.98495868749538
20.0,2.5,50.0,W0,4.0,0.7,-2.3658704521995872,True,6.341908047854125,0.0,52.36587045219959
20.0,2.5,50.0,W1,4.0,0.7,9.906717783095793,False,,1.5267587983744373,40.09328221690421
20.0,2.6,52.0,W0,0.0,0.0,6.47058823530152,False,,1.2338927635031955,45.52941176469848
20.0,2.6,52.0,W1,0.0,0.0,6.47058823530152,False,,1.2338927635031955,45.52941176469848
20.0,2.6,52.0,W0,1.0,0.0,6.47058823530152,False,,1.2338927635031955,45.52941176469848
20.0,2.6,52.0,W1,1.0,0.0,9.364705882362266,False,,1.4844056790714073,42.635294117637734
20.0,2.6,52.0,W0,2.0,0.0,6.47058823530152,False,,1.2338927635031955,45.52941176469848
20.0,2.6,52.0,W1,2.0,0.0,12.141176470589933,False,,1.6901915904107243,39.85882352941007
20.0,2.6,52.0,W0,3.0,0.0,6.47058823530152,False,,1.2338927635031955,45.52941176469848
20.0,2.6,52.0,W1,3.0,0.0,14.80000000000372,False,,1.866106361515687,37.19999999999628
20.0,2.6,52.0,W0,4.0,0.0,6.47058823530152,False,,1.2338927635031955,45.52941176469848
20.0,2.6,52.0,W1,4.0,0.0,17.341176470593645,False,,2.02500000000021,34.658823529406355
20.0,2.6,52.0,W0,0.0,0.1,5.4641295478014555,False,,1.13387729973828,46.535870452198544
20.0,2.6,52.0,W1,0.0,0.1,5.4641295478014555,False,,1.13387729973828,46.535870452198544
20.0,2.6,52.0,W0,1.0,0.1,5.4641295478014555,False,,1.13387729973828,46.535870452198544
20.0,2.6,52.0,W1,1.0,0.1,8.408747194862293,False,,1.406601858627642,43.59125280513771
20.0,2.6,52.0,W0,2.0,0.1,5.4641295478014555,False,,1.13387729973828,46.535870452198544
20.0,2.6,52.0,W1,2.0,0.1,11.235717783089854,False,,1.625945368879666,40.764282216910146
20.0,2.6,52.0,W0,3.0,0.1,5.4641295478014555,False,,1.13387729973828,46.535870452198544
20.0,2.6,52.0,W1,3.0,0.1,13.945041312503726,False,,1.8114044827978133,38.054958687496274
20.0,2.6,52.0,W0,4.0,0.1,5.4641295478014555,False,,1.13387729973828,46.535870452198544
20.0,2.6,52.0,W1,4.0,0.1,16.536717783094012,False,,1.9776464694173481,35.46328221690599
20.0,2.6,52.0,W0,0.0,0.2,4.474754547801389,False,,1.026101134703437,47.52524545219861
20.0,2.6,52.0,W1,0.0,0.2,4.474754547801389,False,,1.026101134703437,47.52524545219861
20.0,2.6,52.0,W0,1.0,0.2,4.474754547801389,False,,1.026101134703437,47.52524545219861
20.0,2.6,52.0,W1,1.0,0.2,7.4693721948623235,False,,1.3257071122749944,44.53062780513768
20.0,2.6,52.0,W0,2.0,0.2,4.474754547801389,False,,1.026101134703437,47.52524545219861
20.0,2.6,52.0,W1,2.0,0.2,10.346342783089803,False,,1.5602671599582716,41.6536572169102
20.0,2.6,52.0,W0,3.0,0.2,4.474754547801389,False,,1.026101134703437,47.52524545219861
20.0,2.6,52.0,W1,3.0,0.2,13.1056663125038,False,,1.7560428241322006,38.8943336874962
20.0,2.6,52.0,W0,4.0,0.2,4.474754547801389,False,,1.026101134703437,47.52524545219861
20.0,2.6,52.0,W1,4.0,0.2,15.747342783094396,False,,1.9300291756556895,36.252657216905604
20.0,2.6,52.0,W0,0.0,0.3,3.4924628811347347,False,,0.9065075710876442,48.507537118865265
20.0,2.6,52.0,W1,0.0,0.3,3.4924628811347347,False,,0.9065075710876442,48.507537118865265
20.0,2.6,52.0,W0,1.0,0.3,3.4924628811347347,False,,0.9065075710876442,48.507537118865265
20.0,2.6,52.0,W1,1.0,0.3,6.537080528195759,False,,1.2402164219238159,45.46291947180424
20.0,2.6,52.0,W0,2.0,0.3,3.4924628811347347,False,,0.9065075710876442,48.507537118865265
20.0,2.6,52.0,W1,2.0,0.3,9.464051116423171,False,,1.492258546376522,42.53594888357683
20.0,2.6,52.0,W0,3.0,0.3,3.4924628811347347,False,,0.9065075710876442,48.507537118865265
20.0,2.6,52.0,W1,3.0,0.3,12.273374645837308,False,,1.6993683753583593,39.72662535416269
20.0,2.6,52.0,W0,4.0,0.3,3.4924628811347347,False,,0.9065075710876442,48.507537118865265
20.0,2.6,52.0,W1,4.0,0.3,14.965051116428107,False,,1.8815915579491007,37.03494888357189
20.0,2.6,52.0,W0,0.0,0.4,2.5172545478012864,False,,0.7696071824478489,49.482745452198714
20.0,2.6,52.0,W1,0.0,0.4,2.5172545478012864,False,,0.7696071824478489,49.482745452198714
20.0,2.6,52.0,W0,1.0,0.4,2.5172545478012864,False,,0.7696071824478489,49.482745452198714
20.0,2.6,52.0,W1,1.0,0.4,5.611872194862407,False,,1.1491042653427457,46.38812780513759
20.0,2.6,52.0,W0,2.0,0.4,2.5172545478012864,False,,0.7696071824478489,49.482745452198714
20.0,2.6,52.0,W1,2.0,0.4,8.58884278308966,False,,1.4215851631860517,43.41115721691034
20.0,2.6,52.0,W0,3.0,0.4,2.5172545478012864,False,,0.7696071824478489,49.482745452198714
20.0,2.6,52.0,W1,3.0,0.4,11.448166312504114,False,,1.6412453369407136,40.551833687495886
20.0,2.6,52.0,W0,4.0,0.4,2.5172545478012864,False,,0.7696071824478489,49.482745452198714
20.0,2.6,52.0,W1,4.0,0.4,14.18984278309496,False,,1.8322714002770089,37.81015721690504
20.0,2.6,52.0,W0,0.0,0.5,1.5491295478011864,False,,0.6037393137407927,50.450870452198814
20.0,2.6,52.0,W1,0.0,0.5,1.5491295478011864,False,,0.6037393137407927,50.450870452198814
20.0,2.6,52.0,W0,1.0,0.5,1.5491295478011864,False,,0.6037393137407927,50.450870452198814
20.0,2.6,52.0,W1,1.0,0.5,4.693747194862354,False,,1.050909662160925,47.306252805137646
20.0,2.6,52.0,W0,2.0,0.5,1.5491295478011864,False,,0.6037393137407927,50.450870452198814
20.0,2.6,52.0,W1,2.0,0.5,7.720717783089604,False,,1.3478277265088816,44.279282216910396
20.0,2.6,52.0,W0,3.0,0.5,1.5491295478011864,False,,0.6037393137407927,50.450870452198814
20.0,2.6,52.0,W1,3.0,0.5,10.630041312504261,False,,1.581513892246706,41.36995868749574
20.0,2.6,52.0,W0,4.0,0.5,1.5491295478011864,False,,0.6037393137407927,50.450870452198814
20.0,2.6,52.0,W1,4.0,0.5,13.42171778309526,False,,1.7819973366127577,38.57828221690474
20.0,2.6,52.0,W0,0.0,0.6,0.5880878811341859,False,,0.37198632499053186,51.411912118865814
20.0,2.6,52.0,W1,0.0,0.6,0.5880878811341859,False,,0.37198632499053186,51.411912118865814
20.0,2.6,52.0,W0,1.0,0.6,0.5880878811341859,False,,0.37198632499053186,51.411912118865814
20.0,2.6,52.0,W1,1.0,0.6,3.782705528195727,False,,0.943423816054046,48.21729447180427
20.0,2.6,52.0,W0,2.0,0.6,0.5880878811341859,False,,0.37198632499053186,51.411912118865814
20.0,2.6,52.0,W1,2.0,0.6,6.859676116423081,False,,1.2704493419780578,45.14032388357692
20.0,2.6,52.0,W0,3.0,0.6,0.5880878811341859,False,,0.37198632499053186,51.411912118865814
20.0,2.6,52.0,W1,3.0,0.6,9.818999645837806,False,,1.519984569872661,42.181000354162194
20.0,2.6,52.0,W0,4.0,0.6,0.5880878811341859,False,,0.37198632499053186,51.411912118865814
20.0,2.6,52.0,W1,4.0,0.6,12.660676116428867,False,,1.7306906251434333,39.33932388357113
20.0,2.6,52.0,W0,0.0,0.7,-0.36587045219958725,True,2.4939522223591637,0.0,52.36587045219959
20.0,2.6,52.0,W1,0.0,0.7,-0.36587045219958725,True,2.4939522223591637,0.0,52.36587045219959
20.0,2.6,52.0,W0,1.0,0.7,-0.36587045219958725,True,2.4939522223591637,0.0,52.36587045219959
20.0,2.6,52.0,W1,1.0,0.7,2.878747194862065,False,,0.8230141733699835,49.121252805137935
20.0,2.6,52.0,W0,2.0,0.7,-0.36587045219958725,True,2.4939522223591637,0.0,52.36587045219959
20.0,2.6,52.0,W1,2.0,0.7,6.005717783089722,False,,1.1887431302710798,45.99428221691028
20.0,2.6,52.0,W0,3.0,0.7,-0.36587045219958725,True,2.4939522223591637,0.0,52.36587045219959
20.0,2.6,52.0,W1,3.0,0.7,9.015041312504621,False,,1.4564292623331385,42.98495868749538
20.0,2.6,52.0,W0,4.0,0.7,-0.36587045219958725,True,2.4939522223591637,0.0,52.36587045219959
20.0,2.6,52.0,W1,4.0,0.7,11.906717783095793,False,,1.6782625844820949,40.09328221690421
20.0,2.8,56.0,W0,0.0,0.0,10.47058823530152,False,,1.5696075724082736,45.52941176469848
20.0,2.8,56.0,W1,0.0,0.0,10.47058823530152,False,,1.5696075724082736,45.52941176469848
20.0,2.8,56.0,W0,1.0,0.0,10.47058823530152,False,,1.5696075724082736,45.52941176469848
20.0,2.8,56.0,W1,1.0,0.0,13.364705882362266,False,,1.7733123465802572,42.635294117637734
20.0,2.8,56.0,W0,2.0,0.0,10.47058823530152,False,,1.5696075724082736,45.52941176469848
20.0,2.8,56.0,W1,2.0,0.0,16.141176470589933,False,,1.948826289733283,39.85882352941007
20.0,2.8,56.0,W0,3.0,0.0,10.47058823530152,False,,1.5696075724082736,45.52941176469848
20.0,2.8,56.0,W1,3.0,0.0,18.80000000000372,False,,2.1058823529411765,37.19999999999628
20.0,2.8,56.0,W0,4.0,0.0,10.47058823530152,False,,1.5696075724082736,45.52941176469848
20.0,2.8,56.0,W1,4.0,0.0,21.341176470593645,False,,2.275000000000231,34.658823529406355
20.0,2.8,56.0,W0,0.0,0.1,9.464129547801456,False,,1.4922647360228896,46.535870452198544
20.0,2.8,56.0,W1,0.0,0.1,9.464129547801456,False,,1.4922647360228896,46.535870452198544
20.0,2.8,56.0,W0,1.0,0.1,9.464129547801456,False,,1.4922647360228896,46.535870452198544
20.0,2.8,56.0,W1,1.0,0.1,12.408747194862293,False,,1.7087144959468465,43.59125280513771
20.0,2.8,56.0,W0,2.0,0.1,9.464129547801456,False,,1.4922647360228896,46.535870452198544
20.0,2.8,56.0,W1,2.0,0.1,15.235717783089854,False,,1.8933765671848664,40.764282216910146
20.0,2.8,56.0,W0,3.0,0.1,9.464129547801456,False,,1.4922647360228896,46.535870452198544
20.0,2.8,56.0,W1,3.0,0.1,17.945041312503726,False,,2.057519599816998,38.054958687496274
20.0,2.8,56.0,W0,4.0,0.1,9.464129547801456,False,,1.4922647360228896,46.535870452198544
20.0,2.8,56.0,W1,4.0,0.1,20.536717783094012,False,,2.2328638465269264,35.46328221690599
20.0,2.8,56.0,W0,0.0,0.2,8.474754547801389,False,,1.4121118943008641,47.52524545219861
20.0,2.8,56.0,W1,0.0,0.2,8.474754547801389,False,,1.4121118943008641,47.52524545219861
20.0,2.8,56.0,W0,1.0,0.2,8.474754547801389,False,,1.4121118943008641,47.52524545219861
20.0,2.8,56.0,W1,1.0,0.2,11.469372194862324,False,,1.6427646853462687,44.53062780513768
20.0,2.8,56.0,W0,2.0,0.2,8.474754547801389,False,,1.4121118943008641,47.52524545219861
20.0,2.8,56.0,W1,2.0,0.2,14.346342783089803,False,,1.8372833437392875,41.6536572169102
20.0,2.8,56.0,W0,3.0,0.2,8.474754547801389,False,,1.4121118943008641,47.52524545219861
20.0,2.8,56.0,W1,3.0,0.2,17.1056663125038,False,,2.008891198691825,38.8943336874962
20.0,2.8,56.0,W0,4.0,0.2,8.474754547801389,False,,1.4121118943008641,47.52524545219861
20.0,2.8,56.0,W1,4.0,0.2,19.747342783094396,False,,2.1906986133059845,36.252657216905604
20.0,2.8,56.0,W0,0.0,0.3,7.492462881134735,False,,1.3277546990748408,48.507537118865265
20.0,2.8,56.0,W1,0.0,0.3,7.492462881134735,False,,1.3277546990748408,48.507537118865265
20.0,2.8,56.0,W0,1.0,0.3,7.492462881134735,False,,1.3277546990748408,48.507537118865265
20.0,2.8,56.0,W1,1.0,0.3,10.537080528195759,False,,1.574583471851606,45.46291947180424
20.0,2.8,56.0,W0,2.0,0.3,7.492462881134735,False,,1.3277546990748408,48.507537118865265
20.0,2.8,56.0,W1,2.0,0.3,13.464051116423171,False,,1.7798910340077545,42.53594888357683
20.0,2.8,56.0,W0,3.0,0.3,7.492462881134735,False,,1.3277546990748408,48.507537118865265
20.0,2.8,56.0,W1,3.0,0.3,16.273374645837308,False,,1.9594416208722447,39.72662535416269
20.0,2.8,56.0,W0,4.0,0.3,7.492462881134735,False,,1.3277546990748408,48.507537118865265
20.0,2.8,56.0,W1,4.0,0.3,18.965051116428107,False,,2.147972074161785,37.03494888357189
20.0,2.8,56.0,W0,0.0,0.4,6.517254547801286,False,,1.2383342318382229,49.482745452198714
20.0,2.8,56.0,W1,0.0,0.4,6.517254547801286,False,,1.2383342318382229,49.482745452198714
20.0,2.8,56.0,W0,1.0,0.4,6.517254547801286,False,,1.2383342318382229,49.482745452198714
20.0,2.8,56.0,W1,1.0,0.4,9.611872194862407,False,,1.503867345342525,46.38812780513759
20.0,2.8,56.0,W0,2.0,0.4,6.517254547801286,False,,1.2383342318382229,49.482745452198714
20.0,2.8,56.0,W1,2.0,0.4,12.58884278308966,False,,1.7210696269584995,43.41115721691034
20.0,2.8,56.0,W0,3.0,0.4,6.517254547801286,False,,1.2383342318382229,49.482745452198714
20.0,2.8,56.0,W1,3.0,0.4,15.448166312504114,False,,1.9091096860176444,40.551833687495886
20.0,2.8,56.0,W0,4.0,0.4,6.517254547801286,False,,1.2383342318382229,49.482745452198714
20.0,2.8,56.0,W1,4.0,0.4,18.18984278309496,False,,2.1046509895823373,37.81015721690504
20.0,2.8,56.0,W0,0.0,0.5,5.549129547801186,False,,1.1426625003221391,50.450870452198814
20.0,2.8,56.0,W1,0.0,0.5,5.549129547801186,False,,1.1426625003221391,50.450870452198814
20.0,2.8,56.0,W0,1.0,0.5,5.549129547801186,False,,1.1426625003221391,50.450870452198814
20.0,2.8,56.0,W1,1.0,0.5,8.693747194862354,False,,1.4302404603710681,47.306252805137646
20.0,2.8,56.0,W0,2.0,0.5,5.549129547801186,False,,1.1426625003221391,50.450870452198814
20.0,2.8,56.0,W1,2.0,0.5,11.720717783089604,False,,1.660667389648962,44.279282216910396
20.0,2.8,56.0,W0,3.0,0.5,5.549129547801186,False,,1.1426625003221391,50.450870452198814
20.0,2.8,56.0,W1,3.0,0.5,14.630041312504261,False,,1.8578255123224436,41.36995868749574
20.0,2.8,56.0,W0,4.0,0.5,5.549129547801186,False,,1.1426625003221391,50.450870452198814
20.0,2.8,56.0,W1,4.0,0.5,17.42171778309526,False,,2.060699442695255,38.57828221690474
20.0,2.8,56.0,W0,0.0,0.6,4.588087881134186,False,,1.0390140865664856,51.411912118865814
20.0,2.8,56.0,W1,0.0,0.6,4.588087881134186,False,,1.0390140865664856,51.411912118865814
20.0,2.8,56.0,W0,1.0,0.6,4.588087881134186,False,,1.0390140865664856,51.411912118865814
20.0,2.8,56.0,W1,1.0,0.6,7.782705528195727,False,,1.3532276298152643,48.21729447180427
20.0,2.8,56.0,W0,2.0,0.6,4.588087881134186,False,,1.0390140865664856,51.411912118865814
20.0,2.8,56.0,W1,2.0,0.6,10.859676116423081,False,,1.5985049383167724,45.14032388357692
20.0,2.8,56.0,W0,3.0,0.6,4.588087881134186,False,,1.0390140865664856,51.411912118865814
20.0,2.8,56.0,W1,3.0,0.6,13.818999645837806,False,,1.8055122191507875,42.181000354162194
20.0,2.8,56.0,W0,4.0,0.6,4.588087881134186,False,,1.0390140865664856,51.411912118865814
20.0,2.8,56.0,W1,4.0,0.6,16.660676116428867,False,,2.0160771687212287,39.33932388357113
20.0,2.8,56.0,W0,0.0,0.7,3.6341295478004128,False,,0.9247104291945109,52.36587045219959
20.0,2.8,56.0,W1,0.0,0.7,3.6341295478004128,False,,0.9247104291945109,52.36587045219959
20.0,2.8,56.0,W0,1.0,0.7,3.6341295478004128,False,,0.9247104291945109,52.36587045219959
20.0,2.8,56.0,W1,1.0,0.7,6.878747194862065,False,,1.2722141832987106,49.121252805137935
20.0,2.8,56.0,W0,2.0,0.7,3.6341295478004128,False,,0.9247104291945109,52.36587045219959
20.0,2.8,56.0,W1,2.0,0.7,10.005717783089722,False,,1.5343684649448006,45.99428221691028
20.0,2.8,56.0,W0,3.0,0.7,3.6341295478004128,False,,0.9247104291945109,52.36587045219959
20.0,2.8,56.0,W1,3.0,0.7,13.015041312504621,False,,1.752083441427825,42.98495868749538
20.0,2.8,56.0,W0,4.0,0.7,3.6341295478004128,False,,0.9247104291945109,52.36587045219959
20.0,2.8,56.0,W1,4.0,0.7,15.906717783095793,False,,1.9707417156393876,40.09328221690421
20.0,3.0,60.0,W0,0.0,0.0,14.47058823530152,False,,1.8452220380054594,45.52941176469848
20.0,3.0,60.0,W1,0.0,0.0,14.47058823530152,False,,1.8452220380054594,45.52941176469848
20.0,3.0,60.0,W0,1.0,0.0,14.47058823530152,False,,1.8452220380054594,45.52941176469848
20.0,3.0,60.0,W1,1.0,0.0,17.364705882362266,False,,2.02133944473569,42.635294117637734
20.0,3.0,60.0,W0,2.0,0.0,14.47058823530152,False,,1.8452220380054594,45.52941176469848
20.0,3.0,60.0,W1,2.0,0.0,20.141176470589933,False,,2.1777777777775924,39.85882352941007
20.0,3.0,60.0,W0,3.0,0.0,14.47058823530152,False,,1.8452220380054594,45.52941176469848
20.0,3.0,60.0,W1,3.0,0.0,22.80000000000372,False,,2.3411764705882367,37.19999999999628
20.0,3.0,60.0,W0,4.0,0.0,14.47058823530152,False,,1.8452220380054594,45.52941176469848
20.0,3.0,60.0,W1,4.0,0.0,25.341176470593645,False,,2.5250000000002513,34.658823529406355
20.0,3.0,60.0,W0,0.0,0.1,13.464129547801456,False,,1.7798962579131927,46.535870452198544
20.0,3.0,60.0,W1,0.0,0.1,13.464129547801456,False,,1.7798962579131927,46.535870452198544
20.0,3.0,60.0,W0,1.0,0.1,13.464129547801456,False,,1.7798962579131927,46.535870452198544
20.0,3.0,60.0,W1,1.0,0.1,16.408747194862293,False,,1.9649126461388757,43.59125280513771
20.0,3.0,60.0,W0,2.0,0.1,13.464129547801456,False,,1.7798962579131927,46.535870452198544
20.0,3.0,60.0,W1,2.0,0.1,19.235717783089854,False,,2.128275790172508,40.764282216910146
20.0,3.0,60.0,W0,3.0,0.1,13.464129547801456,False,,1.7798962579131927,46.535870452198544
20.0,3.0,60.0,W1,3.0,0.1,21.945041312503726,False,,2.297687548028452,38.054958687496274
20.0,3.0,60.0,W0,4.0,0.1,13.464129547801456,False,,1.7798962579131927,46.535870452198544
20.0,3.0,60.0,W1,4.0,0.1,24.536717783094012,False,,2.487030365624735,35.46328221690599
20.0,3.0,60.0,W0,0.0,0.2,12.474754547801389,False,,1.7132531627101757,47.52524545219861
20.0,3.0,60.0,W1,0.0,0.2,12.474754547801389,False,,1.7132531627101757,47.52524545219861
20.0,3.0,60.0,W0,1.0,0.2,12.474754547801389,False,,1.7132531627101757,47.52524545219861
20.0,3.0,60.0,W1,1.0,0.2,15.469372194862324,False,,1.90783969012588,44.53062780513768
20.0,3.0,60.0,W0,2.0,0.2,12.474754547801389,False,,1.7132531627101757,47.52524545219861
20.0,3.0,60.0,W1,2.0,0.2,18.346342783089803,False,,2.078499934578025,41.6536572169102
20.0,3.0,60.0,W0,3.0,0.2,12.474754547801389,False,,1.7132531627101757,47.52524545219861
20.0,3.0,60.0,W1,3.0,0.2,21.1056663125038,False,,2.2541518963726705,38.8943336874962
20.0,3.0,60.0,W0,4.0,0.2,12.474754547801389,False,,1.7132531627101757,47.52524545219861
20.0,3.0,60.0,W1,4.0,0.2,23.747342783094396,False,,2.4491796872800995,36.252657216905604
20.0,3.0,60.0,W0,0.0,0.3,11.492462881134735,False,,1.644417499836183,48.507537118865265
20.0,3.0,60.0,W1,0.0,0.3,11.492462881134735,False,,1.644417499836183,48.507537118865265
20.0,3.0,60.0,W0,1.0,0.3,11.492462881134735,False,,1.644417499836183,48.507537118865265
20.0,3.0,60.0,W1,1.0,0.3,14.537080528195759,False,,1.8494565823437925,45.46291947180424
20.0,3.0,60.0,W0,2.0,0.3,11.492462881134735,False,,1.644417499836183,48.507537118865265
20.0,3.0,60.0,W1,2.0,0.3,17.46405111642317,False,,2.0278926674020243,42.53594888357683
20.0,3.0,60.0,W0,3.0,0.3,11.492462881134735,False,,1.644417499836183,48.507537118865265
20.0,3.0,60.0,W1,3.0,0.3,20.273374645837308,False,,2.210032887006502,39.72662535416269
20.0,3.0,60.0,W0,4.0,0.3,11.492462881134735,False,,1.644417499836183,48.507537118865265
20.0,3.0,60.0,W1,4.0,0.3,22.965051116428107,False,,2.41092626115399,37.03494888357189
20.0,3.0,60.0,W0,0.0,0.4,10.517254547801286,False,,1.5731014729799428,49.482745452198714
20.0,3.0,60.0,W1,0.0,0.4,10.517254547801286,False,,1.5731014729799428,49.482745452198714
20.0,3.0,60.0,W0,1.0,0.4,10.517254547801286,False,,1.5731014729799428,49.482745452198714
20.0,3.0,60.0,W1,1.0,0.4,13.611872194862407,False,,1.7896350138861583,46.38812780513759
20.0,3.0,60.0,W0,2.0,0.4,10.517254547801286,False,,1.5731014729799428,49.482745452198714
20.0,3.0,60.0,W1,2.0,0.4,16.58884278308966,False,,1.976392214759789,43.41115721691034
20.0,3.0,60.0,W0,3.0,0.4,10.517254547801286,False,,1.5731014729799428,49.482745452198714
20.0,3.0,60.0,W1,3.0,0.4,19.448166312504114,False,,2.1652982934719844,40.551833687495886
20.0,3.0,60.0,W0,4.0,0.4,10.517254547801286,False,,1.5731014729799428,49.482745452198714
20.0,3.0,60.0,W1,4.0,0.4,22.18984278309496,False,,2.372251817065516,37.81015721690504
20.0,3.0,60.0,W0,0.0,0.5,9.549129547801186,False,,1.4989510503914885,50.450870452198814
20.0,3.0,60.0,W1,0.0,0.5,9.549129547801186,False,,1.4989510503914885,50.450870452198814
20.0,3.0,60.0,W0,1.0,0.5,9.549129547801186,False,,1.4989510503914885,50.450870452198814
20.0,3.0,60.0,W1,1.0,0.5,12.693747194862354,False,,1.7282257468723308,47.306252805137646
20.0,3.0,60.0,W0,2.0,0.5,9.549129547801186,False,,1.4989510503914885,50.450870452198814
20.0,3.0,60.0,W1,2.0,0.5,15.720717783089604,False,,1.9239295188941217,44.279282216910396
20.0,3.0,60.0,W0,3.0,0.5,9.549129547801186,False,,1.4989510503914885,50.450870452198814
20.0,3.0,60.0,W1,3.0,0.5,18.63004131250426,False,,2.1199098734281563,41.36995868749574
20.0,3.0,60.0,W0,4.0,0.5,9.549129547801186,False,,1.4989510503914885,50.450870452198814
20.0,3.0,60.0,W1,4.0,0.5,21.42171778309526,False,,2.3331365175303995,38.57828221690474
20.0,3.0,60.0,W0,0.0,0.6,8.588087881134186,False,,1.4215226227180666,51.411912118865814
20.0,3.0,60.0,W1,0.0,0.6,8.588087881134186,False,,1.4215226227180666,51.411912118865814
20.0,3.0,60.0,W0,1.0,0.6,8.588087881134186,False,,1.4215226227180666,51.411912118865814
20.0,3.0,60.0,W1,1.0,0.6,11.782705528195727,False,,1.665052962446325,48.21729447180427
20.0,3.0,60.0,W0,2.0,0.6,8.588087881134186,False,,1.4215226227180666,51.411912118865814
20.0,3.0,60.0,W1,2.0,0.6,14.859676116423081,False,,1.8704283440728109,45.14032388357692
20.0,3.0,60.0,W0,3.0,0.6,8.588087881134186,False,,1.4215226227180666,51.411912118865814
20.0,3.0,60.0,W1,3.0,0.6,17.818999645837806,False,,2.073826643880554,42.181000354162194
20.0,3.0,60.0,W0,4.0,0.6,8.588087881134186,False,,1.4215226227180666,51.411912118865814
20.0,3.0,60.0,W1,4.0,0.6,20.660676116428867,False,,2.293558424462689,39.33932388357113
20.0,3.0,60.0,W0,0.0,0.7,7.634129547800413,False,,1.3402484147012008,52.36587045219959
20.0,3.0,60.0,W1,0.0,0.7,7.634129547800413,False,,1.3402484147012008,52.36587045219959
20.0,3.0,60.0,W0,1.0,0.7,7.634129547800413,False,,1.3402484147012008,52.36587045219959
20.0,3.0,60.0,W1,1.0,0.7,10.878747194862065,False,,1.599907883367628,49.121252805137935
20.0,3.0,60.0,W0,2.0,0.7,7.634129547800413,False,,1.3402484147012008,52.36587045219959
20.0,3.0,60.0,W1,2.0,0.7,14.005717783089722,False,,1.8158014407825578,45.99428221691028
20.0,3.0,60.0,W0,3.0,0.7,7.634129547800413,False,,1.3402484147012008,52.36587045219959
20.0,3.0,60.0,W1,3.0,0.7,17.01504131250462,False,,2.0270033109070638,42.98495868749538
20.0,3.0,60.0,W0,4.0,0.7,7.634129547800413,False,,1.3402484147012008,52.36587045219959
20.0,3.0,60.0,W1,4.0,0.7,19.906717783095793,False,,2.2534942789834496,40.09328221690421
20.0,3.5,70.0,W0,0.0,0.0,24.47058823530152,False,,2.4000000000000083,45.52941176469848
20.0,3.5,70.0,W1,0.0,0.0,24.47058823530152,False,,2.4000000000000083,45.52941176469848
20.0,3.5,70.0,W0,1.0,0.0,24.47058823530152,False,,2.4000000000000083,45.52941176469848
20.0,3.5,70.0,W1,1.0,0.0,27.364705882362266,False,,2.5578947368422953,42.635294117637734
20.0,3.5,70.0,W0,2.0,0.0,24.47058823530152,False,,2.4000000000000083,45.52941176469848
20.0,3.5,70.0,W1,2.0,0.0,30.141176470589933,False,,2.733333333333114,39.85882352941007
20.0,3.5,70.0,W0,3.0,0.0,24.47058823530152,False,,2.4000000000000083,45.52941176469848
20.0,3.5,70.0,W1,3.0,0.0,32.80000000000372,False,,2.929411764705888,37.19999999999628
20.0,3.5,70.0,W0,4.0,0.0,24.47058823530152,False,,2.4000000000000083,45.52941176469848
20.0,3.5,70.0,W1,4.0,0.0,35.341176470593645,False,,3.1500000000003037,34.658823529406355
20.0,3.5,70.0,W0,0.0,0.1,23.464129547801456,False,,2.350128937395042,46.535870452198544
20.0,3.5,70.0,W1,0.0,0.1,23.464129547801456,False,,2.350128937395042,46.535870452198544
20.0,3.5,70.0,W0,1.0,0.1,23.464129547801456,False,,2.350128937395042,46.535870452198544
20.0,3.5,70.0,W1,1.0,0.1,26.408747194862293,False,,2.5134375023429425,43.59125280513771
20.0,3.5,70.0,W0,2.0,0.1,23.464129547801456,False,,2.350128937395042,46.535870452198544
20.0,3.5,70.0,W1,2.0,0.1,29.235717783089854,False,,2.6939014388482865,40.764282216910146
20.0,3.5,70.0,W0,3.0,0.1,23.464129547801456,False,,2.350128937395042,46.535870452198544
20.0,3.5,70.0,W1,3.0,0.1,31.945041312503726,False,,2.8946336524491123,38.054958687496274
20.0,3.5,70.0,W0,4.0,0.1,23.464129547801456,False,,2.350128937395042,46.535870452198544
20.0,3.5,70.0,W1,4.0,0.1,34.53671778309401,False,,3.119519729267068,35.46328221690599
20.0,3.5,70.0,W0,0.0,0.2,22.47475454780139,False,,2.3000471637809,47.52524545219861
20.0,3.5,70.0,W1,0.0,0.2,22.47475454780139,False,,2.3000471637809,47.52524545219861
20.0,3.5,70.0,W0,1.0,0.2,22.47475454780139,False,,2.3000471637809,47.52524545219861
20.0,3.5,70.0,W1,1.0,0.2,25.469372194862324,False,,2.4689583053804625,44.53062780513768
20.0,3.5,70.0,W0,2.0,0.2,22.47475454780139,False,,2.3000471637809,47.52524545219861
20.0,3.5,70.0,W1,2.0,0.2,28.346342783089803,False,,2.6545904557455144,41.6536572169102
20.0,3.5,70.0,W0,3.0,0.2,22.47475454780139,False,,2.3000471637809,47.52524545219861
20.0,3.5,70.0,W1,3.0,0.2,31.1056663125038,False,,2.860082787834548,38.8943336874962
20.0,3.5,70.0,W0,4.0,0.2,22.47475454780139,False,,2.3000471637809,47.52524545219861
20.0,3.5,70.0,W1,4.0,0.2,33.747342783094396,False,,3.0893468580678456,36.252657216905604
20.0,3.5,70.0,W0,0.0,0.3,21.492462881134735,False,,2.2492080302891013,48.507537118865265
20.0,3.5,70.0,W1,0.0,0.3,21.492462881134735,False,,2.2492080302891013,48.507537118865265
20.0,3.5,70.0,W0,1.0,0.3,21.492462881134735,False,,2.2492080302891013,48.507537118865265
20.0,3.5,70.0,W1,1.0,0.3,24.53708052819576,False,,2.423924919914099,45.46291947180424
20.0,3.5,70.0,W0,2.0,0.3,21.492462881134735,False,,2.2492080302891013,48.507537118865265
20.0,3.5,70.0,W1,2.0,0.3,27.46405111642317,False,,2.6148780651732384,42.53594888357683
20.0,3.5,70.0,W0,3.0,0.3,21.492462881134735,False,,2.2492080302891013,48.507537118865265
20.0,3.5,70.0,W1,3.0,0.3,30.273374645837308,False,,2.825247239329857,39.72662535416269
20.0,3.5,70.0,W0,4.0,0.3,21.492462881134735,False,,2.2492080302891013,48.507537118865265
20.0,3.5,70.0,W1,4.0,0.3,32.96505111642811,False,,3.0589737173943425,37.03494888357189
20.0,3.5,70.0,W0,0.0,0.4,20.517254547801286,False,,2.197560674443317,49.482745452198714
20.0,3.5,70.0,W1,0.0,0.4,20.517254547801286,False,,2.197560674443317,49.482745452198714
20.0,3.5,70.0,W0,1.0,0.4,20.517254547801286,False,,2.197560674443317,49.482745452198714
20.0,3.5,70.0,W1,1.0,0.4,23.611872194862407,False,,2.3783085198445693,46.38812780513759
20.0,3.5,70.0,W0,2.0,0.4,20.517254547801286,False,,2.197560674443317,49.482745452198714
20.0,3.5,70.0,W1,2.0,0.4,26.58884278308966,False,,2.5747489471125693,43.41115721691034
20.0,3.5,70.0,W0,3.0,0.4,20.517254547801286,False,,2.197560674443317,49.482745452198714
20.0,3.5,70.0,W1,3.0,0.4,29.448166312504114,False,,2.79011529816417,40.551833687495886
20.0,3.5,70.0,W0,4.0,0.4,20.517254547801286,False,,2.197560674443317,49.482745452198714
20.0,3.5,70.0,W1,4.0,0.4,32.18984278309496,False,,3.028394334510773,37.81015721690504
20.0,3.5,70.0,W0,0.0,0.5,19.549129547801186,False,,2.1450484413940596,50.450870452198814
20.0,3.5,70.0,W1,0.0,0.5,19.549129547801186,False,,2.1450484413940596,50.450870452198814
20.0,3.5,70.0,W0,1.0,0.5,19.549129547801186,False,,2.1450484413940596,50.450870452198814
20.0,3.5,70.0,W1,1.0,0.5,22.693747194862354,False,,2.3320753308424327,47.306252805137646
20.0,3.5,70.0,W0,2.0,0.5,19.549129547801186,False,,2.1450484413940596,50.450870452198814
20.0,3.5,70.0,W1,2.0,0.5,25.720717783089604,False,,2.534183210666087,44.279282216910396
20.0,3.5,70.0,W0,3.0,0.5,19.549129547801186,False,,2.1450484413940596,50.450870452198814
20.0,3.5,70.0,W1,3.0,0.5,28.63004131250426,False,,2.754677499902692,41.36995868749574
20.0,3.5,70.0,W0,4.0,0.5,19.549129547801186,False,,2.1450484413940596,50.450870452198814
20.0,3.5,70.0,W1,4.0,0.5,31.42171778309526,False,,2.9976024967927763,38.57828221690474
20.0,3.5,70.0,W0,0.0,0.6,18.588087881134186,False,,2.0916090675545282,51.411912118865814
20.0,3.5,70.0,W1,0.0,0.6,18.588087881134186,False,,2.0916090675545282,51.411912118865814
20.0,3.5,70.0,W0,1.0,0.6,18.588087881134186,False,,2.0916090675545282,51.411912118865814
20.0,3.5,70.0,W1,1.0,0.6,21.782705528195727,False,,2.2851893939347754,48.21729447180427
20.0,3.5,70.0,W0,2.0,0.6,18.588087881134186,False,,2.0916090675545282,51.411912118865814
20.0,3.5,70.0,W1,2.0,0.6,24.85967611642308,False,,2.4931600422990075,45.14032388357692
20.0,3.5,70.0,W0,3.0,0.6,18.588087881134186,False,,2.0916090675545282,51.411912118865814
20.0,3.5,70.0,W1,3.0,0.6,27.818999645837806,False,,2.7189214472366365,42.181000354162194
20.0,3.5,70.0,W0,4.0,0.6,18.588087881134186,False,,2.0916090675545282,51.411912118865814
20.0,3.5,70.0,W1,4.0,0.6,30.660676116428867,False,,2.9665917065430465,39.33932388357113
20.0,3.5,70.0,W0,0.0,0.7,17.634129547800413,False,,2.0371741170388233,52.36587045219959
20.0,3.5,70.0,W1,0.0,0.7,17.634129547800413,False,,2.0371741170388233,52.36587045219959
20.0,3.5,70.0,W0,1.0,0.7,17.634129547800413,False,,2.0371741170388233,52.36587045219959
20.0,3.5,70.0,W1,1.0,0.7,20.878747194862065,False,,2.2376120406033304,49.121252805137935
20.0,3.5,70.0,W0,2.0,0.7,17.634129547800413,False,,2.0371741170388233,52.36587045219959
20.0,3.5,70.0,W1,2.0,0.7,24.00571778308972,False,,2.4516574361811387,45.99428221691028
20.0,3.5,70.0,W0,3.0,0.7,17.634129547800413,False,,2.0371741170388233,52.36587045219959
20.0,3.5,70.0,W1,3.0,0.7,27.01504131250462,False,,2.6828354841780864,42.98495868749538
20.0,3.5,70.0,W0,4.0,0.7,17.634129547800413,False,,2.0371741170388233,52.36587045219959
20.0,3.5,70.0,W1,4.0,0.7,29.906717783095793,False,,2.9353552946968264,40.09328221690421
20.0,4.0,80.0,W0,0.0,0.0,34.47058823530152,False,,2.9000000000000083,45.52941176469848
20.0,4.0,80.0,W1,0.0,0.0,34.47058823530152,False,,2.9000000000000083,45.52941176469848
20.0,4.0,80.0,W0,1.0,0.0,34.47058823530152,False,,2.9000000000000083,45.52941176469848
20.0,4.0,80.0,W1,1.0,0.0,37.364705882362266,False,,3.084210526316013,42.635294117637734
20.0,4.0,80.0,W0,2.0,0.0,34.47058823530152,False,,2.9000000000000083,45.52941176469848
20.0,4.0,80.0,W1,2.0,0.0,40.14117647058993,False,,3.288888888888635,39.85882352941007
20.0,4.0,80.0,W0,3.0,0.0,34.47058823530152,False,,2.9000000000000083,45.52941176469848
20.0,4.0,80.0,W1,3.0,0.0,42.80000000000372,False,,3.5176470588235387,37.19999999999628
20.0,4.0,80.0,W0,4.0,0.0,34.47058823530152,False,,2.9000000000000083,45.52941176469848
20.0,4.0,80.0,W1,4.0,0.0,45.341176470593645,False,,3.7750000000003556,34.658823529406355
20.0,4.0,80.0,W0,0.0,0.1,33.464129547801456,False,,2.858732299482982,46.535870452198544
20.0,4.0,80.0,W1,0.0,0.1,33.464129547801456,False,,2.858732299482982,46.535870452198544
20.0,4.0,80.0,W0,1.0,0.1,33.464129547801456,False,,2.858732299482982,46.535870452198544
20.0,4.0,80.0,W1,1.0,0.1,36.40874719486229,False,,3.047321528049469,43.59125280513771
20.0,4.0,80.0,W0,2.0,0.1,33.464129547801456,False,,2.858732299482982,46.535870452198544
20.0,4.0,80.0,W1,2.0,0.1,39.235717783089854,False,,3.2560820279184064,40.764282216910146
20.0,4.0,80.0,W0,3.0,0.1,33.464129547801456,False,,2.858732299482982,46.535870452198544
20.0,4.0,80.0,W1,3.0,0.1,41.945041312503726,False,,3.4886366694457123,38.054958687496274
20.0,4.0,80.0,W0,4.0,0.1,33.464129547801456,False,,2.858732299482982,46.535870452198544
20.0,4.0,80.0,W1,4.0,0.1,44.53671778309401,False,,3.7495084770423577,35.46328221690599
20.0,4.0,80.0,W0,0.0,0.2,32.47475454780139,False,,2.8175705358554106,47.52524545219861
20.0,4.0,80.0,W1,0.0,0.2,32.47475454780139,False,,2.8175705358554106,47.52524545219861
20.0,4.0,80.0,W0,1.0,0.2,32.47475454780139,False,,2.8175705358554106,47.52524545219861
20.0,4.0,80.0,W1,1.0,0.2,35.46937219486232,False,,3.0106417449064296,44.53062780513768
20.0,4.0,80.0,W0,2.0,0.2,32.47475454780139,False,,2.8175705358554106,47.52524545219861
20.0,4.0,80.0,W1,2.0,0.2,38.3463427830898,False,,3.2235618183793444,41.6536572169102
20.0,4.0,80.0,W0,3.0,0.2,32.47475454780139,False,,2.8175705358554106,47.52524545219861
20.0,4.0,80.0,W1,3.0,0.2,41.1056663125038,False,,3.4599704441504664,38.8943336874962
20.0,4.0,80.0,W0,4.0,0.2,32.47475454780139,False,,2.8175705358554106,47.52524545219861
20.0,4.0,80.0,W1,4.0,0.2,43.747342783094396,False,,3.7244062121491592,36.252657216905604
20.0,4.0,80.0,W0,0.0,0.3,31.492462881134735,False,,2.7759965702036973,48.507537118865265
20.0,4.0,80.0,W1,0.0,0.3,31.492462881134735,False,,2.7759965702036973,48.507537118865265
20.0,4.0,80.0,W0,1.0,0.3,31.492462881134735,False,,2.7759965702036973,48.507537118865265
20.0,4.0,80.0,W1,1.0,0.3,34.53708052819576,False,,2.973654542790628,45.46291947180424
20.0,4.0,80.0,W0,2.0,0.3,31.492462881134735,False,,2.7759965702036973,48.507537118865265
20.0,4.0,80.0,W1,2.0,0.3,37.46405111642317,False,,3.190817364678479,42.53594888357683
20.0,4.0,80.0,W0,3.0,0.3,31.492462881134735,False,,2.7759965702036973,48.507537118865265
20.0,4.0,80.0,W1,3.0,0.3,40.27337464583731,False,,3.4311432925864365,39.72662535416269
20.0,4.0,80.0,W0,4.0,0.3,31.492462881134735,False,,2.7759965702036973,48.507537118865265
20.0,4.0,80.0,W1,4.0,0.3,42.96505111642811,False,,3.6991896501341284,37.03494888357189
20.0,4.0,80.0,W0,0.0,0.4,30.517254547801286,False,,2.733992139993833,49.482745452198714
20.0,4.0,80.0,W1,0.0,0.4,30.517254547801286,False,,2.733992139993833,49.482745452198714
20.0,4.0,80.0,W0,1.0,0.4,30.517254547801286,False,,2.733992139993833,49.482745452198714
20.0,4.0,80.0,W1,1.0,0.4,33.61187219486241,False,,2.936351926628473,46.38812780513759
20.0,4.0,80.0,W0,2.0,0.4,30.517254547801286,False,,2.733992139993833,49.482745452198714
20.0,4.0,80.0,W1,2.0,0.4,36.58884278308966,False,,3.157843001816876,43.41115721691034
20.0,4.0,80.0,W0,3.0,0.4,30.517254547801286,False,,2.733992139993833,49.482745452198714
20.0,4.0,80.0,W1,3.0,0.4,39.448166312504114,False,,3.4021511622958927,40.551833687495886
20.0,4.0,80.0,W0,4.0,0.4,30.517254547801286,False,,2.733992139993833,49.482745452198714
20.0,4.0,80.0,W1,4.0,0.4,42.18984278309496,False,,3.6738564521698076,37.81015721690504
20.0,4.0,80.0,W0,0.0,0.5,29.549129547801186,False,,2.6915367100154413,50.450870452198814
20.0,4.0,80.0,W1,0.0,0.5,29.549129547801186,False,,2.6915367100154413,50.450870452198814
20.0,4.0,80.0,W0,1.0,0.5,29.549129547801186,False,,2.6915367100154413,50.450870452198814
20.0,4.0,80.0,W1,1.0,0.5,32.693747194862354,False,,2.8987207333885867,47.306252805137646
20.0,4.0,80.0,W0,2.0,0.5,29.549129547801186,False,,2.6915367100154413,50.450870452198814
20.0,4.0,80.0,W1,2.0,0.5,35.720717783089604,False,,3.1246316217987617,44.279282216910396
20.0,4.0,80.0,W0,3.0,0.5,29.549129547801186,False,,2.6915367100154413,50.450870452198814
20.0,4.0,80.0,W1,3.0,0.5,38.63004131250426,False,,3.3729898636035576,41.36995868749574
20.0,4.0,80.0,W0,4.0,0.5,29.549129547801186,False,,2.6915367100154413,50.450870452198814
20.0,4.0,80.0,W1,4.0,0.5,41.42171778309526,False,,3.648404215178884,38.57828221690474
20.0,4.0,80.0,W0,0.0,0.6,28.588087881134186,False,,2.648610588801138,51.411912118865814
20.0,4.0,80.0,W1,0.0,0.6,28.588087881134186,False,,2.648610588801138,51.411912118865814
20.0,4.0,80.0,W0,1.0,0.6,28.588087881134186,False,,2.648610588801138,51.411912118865814
20.0,4.0,80.0,W1,1.0,0.6,31.782705528195727,False,,2.860748504688522,48.21729447180427
20.0,4.0,80.0,W0,2.0,0.6,28.588087881134186,False,,2.648610588801138,51.411912118865814
20.0,4.0,80.0,W1,2.0,0.6,34.85967611642308,False,,3.0911757831293993,45.14032388357692
20.0,4.0,80.0,W0,3.0,0.6,28.588087881134186,False,,2.648610588801138,51.411912118865814
20.0,4.0,80.0,W1,3.0,0.6,37.818999645837806,False,,3.3436550637592424,42.181000354162194
20.0,4.0,80.0,W0,4.0,0.6,28.588087881134186,False,,2.648610588801138,51.411912118865814
20.0,4.0,80.0,W1,4.0,0.6,40.66067611642887,False,,3.6228304696126514,39.33932388357113
20.0,4.0,80.0,W0,0.0,0.7,27.634129547800413,False,,2.605190566507108,52.36587045219959
20.0,4.0,80.0,W1,0.0,0.7,27.634129547800413,False,,2.605190566507108,52.36587045219959
20.0,4.0,80.0,W0,1.0,0.7,27.634129547800413,False,,2.605190566507108,52.36587045219959
20.0,4.0,80.0,W1,1.0,0.7,30.878747194862065,False,,2.8224222651722424,49.121252805137935
20.0,4.0,80.0,W0,2.0,0.7,27.634129547800413,False,,2.605190566507108,52.36587045219959
20.0,4.0,80.0,W1,2.0,0.7,34.00571778308972,False,,3.057467458319699,45.99428221691028
20.0,4.0,80.0,W0,3.0,0.7,27.634129547800413,False,,2.605190566507108,52.36587045219959
20.0,4.0,80.0,W1,3.0,0.7,37.01504131250462,False,,3.3141422807778325,42.98495868749538
20.0,4.0,80.0,W0,4.0,0.7,27.634129547800413,False,,2.605190566507108,52.36587045219959
20.0,4.0,80.0,W1,4.0,0.7,39.90671778309579,False,,3.597132677136695,40.09328221690421
30.0,1.5,45.0,W0,0.0,0.0,-40.94117647057048,True,26.381811916544933,0.0,85.94117647057048
30.0,1.5,45.0,W1,0.0,0.0,-40.94117647057048,True,26.381811916544933,0.0,85.94117647057048
30.0,1.5,45.0,W0,1.0,0.0,-40.94117647057048,True,26.381811916544933,0.0,85.94117647057048
30.0,1.5,45.0,W1,1.0,0.0,-36.870588235272564,True,25.035974117255062,0.0,81.87058823527256
30.0,1.5,45.0,W0,2.0,0.0,-40.94117647057048,True,26.381811916544933,0.0,85.94117647057048
30.0,1.5,45.0,W1,2.0,0.0,-32.91764705881144,True,23.655866080108037,0.0,77.91764705881144
30.0,1.5,45.0,W0,3.0,0.0,-40.94117647057048,True,26.381811916544933,0.0,85.94117647057048
30.0,1.5,45.0,W1,3.0,0.0,-29.082352941161233,True,22.235107375498103,0.0,74.08235294116123
30.0,1.5,45.0,W0,4.0,0.0,-40.94117647057048,True,26.381811916544933,0.0,85.94117647057048
30.0,1.5,45.0,W1,4.0,0.0,-25.36470588233459,True,20.765355763864406,0.0,70.36470588233459
30.0,1.5,45.0,W0,0.0,0.1,-42.45263515807109,True,26.864377857815185,0.0,87.45263515807109
30.0,1.5,45.0,W1,0.0,0.1,-42.45263515807109,True,26.864377857815185,0.0,87.45263515807109
30.0,1.5,45.0,W0,1.0,0.1,-42.45263515807109,True,26.864377857815185,0.0,87.45263515807109
30.0,1.5,45.0,W1,1.0,0.1,-38.331546922773086,True,25.527167835217895,0.0,83.33154692277309
30.0,1.5,45.0,W0,2.0,0.1,-42.45263515807109,True,26.864377857815185,0.0,87.45263515807109
30.0,1.5,45.0,W1,2.0,0.1,-34.328105746312076,True,24.157354939800932,0.0,79.32810574631208
30.0,1.5,45.0,W0,3.0,0.1,-42.45263515807109,True,26.864377857815185,0.0,87.45263515807109
30.0,1.5,45.0,W1,3.0,0.1,-30.442311628661628,True,22.74905047881,0.0,75.44231162866163
30.0,1.5,45.0,W0,4.0,0.1,-42.45263515807109,True,26.864377857815185,0.0,87.45263515807109
30.0,1.5,45.0,W1,4.0,0.1,-26.674164569834886,True,21.294618984320195,0.0,71.67416456983489
30.0,1.5,45.0,W0,0.0,0.2,-43.942010158071724,True,27.331560011962157,0.0,88.94201015807172
30.0,1.5,45.0,W1,0.0,0.2,-43.942010158071724,True,27.331560011962157,0.0,88.94201015807172
30.0,1.5,45.0,W0,1.0,0.2,-43.942010158071724,True,27.331560011962157,0.0,88.94201015807172
30.0,1.5,45.0,W1,1.0,0.2,-39.77092192277361,True,26.00203208765422,0.0,84.77092192277361
30.0,1.5,45.0,W0,2.0,0.2,-43.942010158071724,True,27.331560011962157,0.0,88.94201015807172
30.0,1.5,45.0,W1,2.0,0.2,-35.71748074631269,True,24.64137116086568,0.0,80.71748074631269
30.0,1.5,45.0,W0,3.0,0.2,-43.942010158071724,True,27.331560011962157,0.0,88.94201015807172
30.0,1.5,45.0,W1,3.0,0.2,-31.78168662866223,True,23.244110494649245,0.0,76.78168662866223
30.0,1.5,45.0,W0,4.0,0.2,-43.942010158071724,True,27.331560011962157,0.0,88.94201015807172
30.0,1.5,45.0,W1,4.0,0.2,-27.963539569835348,True,21.803214732864163,0.0,72.96353956983535
30.0,1.5,45.0,W0,0.0,0.3,-45.42430182473892,True,27.788723090866185,0.0,90.42430182473892
30.0,1.5,45.0,W1,0.0,0.3,-45.42430182473892,True,27.788723090866185,0.0,90.42430182473892
30.0,1.5,45.0,W0,1.0,0.3,-45.42430182473892,True,27.788723090866185,0.0,90.42430182473892
30.0,1.5,45.0,W1,1.0,0.3,-41.20321358944072,True,26.466103434785186,0.0,86.20321358944072
30.0,1.5,45.0,W0,2.0,0.3,-45.42430182473892,True,27.788723090866185,0.0,90.42430182473892
30.0,1.5,45.0,W1,2.0,0.3,-37.09977241297993,True,25.113664229277504,0.0,82.09977241297993
30.0,1.5,45.0,W0,3.0,0.3,-45.42430182473892,True,27.788723090866185,0.0,90.42430182473892
30.0,1.5,45.0,W1,3.0,0.3,-33.11397829532943,True,23.7263067294683,0.0,78.11397829532943
30.0,1.5,45.0,W0,4.0,0.3,-45.42430182473892,True,27.788723090866185,0.0,90.42430182473892
30.0,1.5,45.0,W1,4.0,0.3,-29.245831236502426,True,22.297514009878597,0.0,74.24583123650243
30.0,1.5,45.0,W0,0.0,0.4,-46.89951015807284,True,28.236353742782075,0.0,91.89951015807284
30.0,1.5,45.0,W1,0.0,0.4,-46.89951015807284,True,28.236353742782075,0.0,91.89951015807284
30.0,1.5,45.0,W0,1.0,0.4,-46.89951015807284,True,28.236353742782075,0.0,91.89951015807284
30.0,1.5,45.0,W1,1.0,0.4,-42.62842192277468,True,26.919940057277845,0.0,87.62842192277468
30.0,1.5,45.0,W0,2.0,0.4,-46.89951015807284,True,28.236353742782075,0.0,91.89951015807284
30.0,1.5,45.0,W1,2.0,0.4,-38.47498074631396,True,25.574883629990936,0.0,83.47498074631396
30.0,1.5,45.0,W0,3.0,0.4,-46.89951015807284,True,28.236353742782075,0.0,91.89951015807284
30.0,1.5,45.0,W1,3.0,0.4,-34.439186628663265,True,24.1964082600599,0.0,79.43918662866326
30.0,1.5,45.0,W0,4.0,0.4,-46.89951015807284,True,28.236353742782075,0.0,91.89951015807284
30.0,1.5,45.0,W1,4.0,0.4,-30.521039569836304,True,22.7784475477899,0.0,75.5210395698363
30.0,1.5,45.0,W0,0.0,0.5,-48.367635158073384,True,28.600193320361942,0.0,93.36763515807338
30.0,1.5,45.0,W1,0.0,0.5,-48.367635158073384,True,28.600193320361942,0.0,93.36763515807338
30.0,1.5,45.0,W0,1.0,0.5,-48.367635158073384,True,28.600193320361942,0.0,93.36763515807338
30.0,1.5,45.0,W1,1.0,0.5,-44.04654692277522,True,27.33606357715043,0.0,89.04654692277522
30.0,1.5,45.0,W0,2.0,0.5,-48.367635158073384,True,28.600193320361942,0.0,93.36763515807338
30.0,1.5,45.0,W1,2.0,0.5,-39.84310574631468,True,26.022954811891072,0.0,84.84310574631468
30.0,1.5,45.0,W0,3.0,0.5,-48.367635158073384,True,28.600193320361942,0.0,93.36763515807338
30.0,1.5,45.0,W1,3.0,0.5,-35.757311628663786,True,24.655106929143745,0.0,80.75731162866379
30.0,1.5,45.0,W0,4.0,0.5,-48.367635158073384,True,28.600193320361942,0.0,93.36763515807338
30.0,1.5,45.0,W1,4.0,0.5,-31.789164569836856,True,23.246844897478695,0.0,76.78916456983686
30.0,1.5,45.0,W0,0.0,0.6,-49.828676824740654,True,28.839777954128813,0.0,94.82867682474065
30.0,1.5,45.0,W1,0.0,0.6,-49.828676824740654,True,28.839777954128813,0.0,94.82867682474065
30.0,1.5,45.0,W0,1.0,0.6,-49.828676824740654,True,28.839777954128813,0.0,94.82867682474065
30.0,1.5,45.0,W1,1.0,0.6,-45.45758858944224,True,27.622651727166073,0.0,90.45758858944224
30.0,1.5,45.0,W0,2.0,0.6,-49.828676824740654,True,28.839777954128813,0.0,94.82867682474065
30.0,1.5,45.0,W1,2.0,0.6,-41.20414741298177,True,26.36616384409039,0.0,86.20414741298177
30.0,1.5,45.0,W0,3.0,0.6,-49.828676824740654,True,28.839777954128813,0.0,94.82867682474065
30.0,1.5,45.0,W1,3.0,0.6,-37.06835329533102,True,25.061536191117323,0.0,82.06835329533102
30.0,1.5,45.0,W0,4.0,0.6,-49.828676824740654,True,28.839777954128813,0.0,94.82867682474065
30.0,1.5,45.0,W1,4.0,0.6,-33.05020623650388,True,23.697173104336013,0.0,78.05020623650388
30.0,1.5,45.0,W0,0.0,0.7,-51.28263515807471,True,29.009308119768708,0.0,96.28263515807471
30.0,1.5,45.0,W1,0.0,0.7,-51.28263515807471,True,29.009308119768708,0.0,96.28263515807471
30.0,1.5,45.0,W0,1.0,0.7,-51.28263515807471,True,29.009308119768708,0.0,96.28263515807471
30.0,1.5,45.0,W1,1.0,0.7,-46.8615469227761,True,27.824975440598948,0.0,91.8615469227761
30.0,1.5,45.0,W0,2.0,0.7,-51.28263515807471,True,29.009308119768708,0.0,96.28263515807471
30.0,1.5,45.0,W1,2.0,0.7,-42.558105746315704,True,26.607747744373345,0.0,87.5581057463157
30.0,1.5,45.0,W0,3.0,0.7,-51.28263515807471,True,29.009308119768708,0.0,96.28263515807471
30.0,1.5,45.0,W1,3.0,0.7,-38.372311628664875,True,25.350540815827163,0.0,83.37231162866487
30.0,1.5,45.0,W0,4.0,0.7,-51.28263515807471,True,29.009308119768708,0.0,96.28263515807471
30.0,1.5,45.0,W1,4.0,0.7,-34.304164569837596,True,24.044119243961166,0.0,79.3041645698376
30.0,1.8,54.0,W0,0.0,0.0,-31.941176470570483,True,23.302360395460028,0.0,85.94117647057048
30.0,1.8,54.0,W1,0.0,0.0,-31.941176470570483,True,23.302360395460028,0.0,85.94117647057048
30.0,1.8,54.0,W0,1.0,0.0,-31.941176470570483,True,23.302360395460028,0.0,85.94117647057048
30.0,1.8,54.0,W1,1.0,0.0,-27.870588235272564,True,21.7669474203393,0.0,81.87058823527256
30.0,1.8,54.0,W0,2.0,0.0,-31.941176470570483,True,23.302360395460028,0.0,85.94117647057048
30.0,1.8,54.0,W1,2.0,0.0,-23.91764705881144,True,20.164324932909494,0.0,77.91764705881144
30.0,1.8,54.0,W0,3.0,0.0,-31.941176470570483,True,23.302360395460028,0.0,85.94117647057048
30.0,1.8,54.0,W1,3.0,0.0,-20.082352941161233,True,18.477012745567848,0.0,74.08235294116123
30.0,1.8,54.0,W0,4.0,0.0,-31.941176470570483,True,23.302360395460028,0.0,85.94117647057048
30.0,1.8,54.0,W1,4.0,0.0,-16.36470588233459,True,16.679328523648696,0.0,70.36470588233459
30.0,1.8,54.0,W0,0.0,0.1,-33.45263515807109,True,23.847322652394823,0.0,87.45263515807109
30.0,1.8,54.0,W1,0.0,0.1,-33.45263515807109,True,23.847322652394823,0.0,87.45263515807109
30.0,1.8,54.0,W0,1.0,0.1,-33.45263515807109,True,23.847322652394823,0.0,87.45263515807109
30.0,1.8,54.0,W1,1.0,0.1,-29.331546922773086,True,22.33016564397437,0.0,83.33154692277309
30.0,1.8,54.0,W0,2.0,0.1,-33.45263515807109,True,23.847322652394823,0.0,87.45263515807109
30.0,1.8,54.0,W1,2.0,0.1,-25.328105746312076,True,20.75036861570111,0.0,79.32810574631208
30.0,1.8,54.0,W0,3.0,0.1,-33.45263515807109,True,23.847322652394823,0.0,87.45263515807109
30.0,1.8,54.0,W1,3.0,0.1,-21.442311628661628,True,19.092388475185423,0.0,75.44231162866163
30.0,1.8,54.0,W0,4.0,0.1,-33.45263515807109,True,23.847322652394823,0.0,87.45263515807109
30.0,1.8,54.0,W1,4.0,0.1,-17.674164569834886,True,17.333805055074162,0.0,71.67416456983489
30.0,1.8,54.0,W0,0.0,0.2,-34.942010158071724,True,24.372405968378278,0.0,88.94201015807172
30.0,1.8,54.0,W1,0.0,0.2,-34.942010158071724,True,24.372405968378278,0.0,88.94201015807172
30.0,1.8,54.0,W0,1.0,0.2,-34.942010158071724,True,24.372405968378278,0.0,88.94201015807172
30.0,1.8,54.0,W1,1.0,0.2,-30.77092192277361,True,22.871503507363713,0.0,84.77092192277361
30.0,1.8,54.0,W0,2.0,0.2,-34.942010158071724,True,24.372405968378278,0.0,88.94201015807172
30.0,1.8,54.0,W1,2.0,0.2,-26.717480746312688,True,21.311902136775416,0.0,80.71748074631269
30.0,1.8,54.0,W0,3.0,0.2,-34.942010158071724,True,24.372405968378278,0.0,88.94201015807172
30.0,1.8,54.0,W1,3.0,0.2,-22.78168662866223,True,19.67965123388652,0.0,76.78168662866223
30.0,1.8,54.0,W0,4.0,0.2,-34.942010158071724,True,24.372405968378278,0.0,88.94201015807172
30.0,1.8,54.0,W1,4.0,0.2,-18.963539569835348,True,17.954948417841013,0.0,72.96353956983535
30.0,1.8,54.0,W0,0.0,0.3,-36.42430182473892,True,24.883993470116327,0.0,90.42430182473892
30.0,1.8,54.0,W1,0.0,0.3,-36.42430182473892,True,24.883993470116327,0.0,90.42430182473892
30.0,1.8,54.0,W0,1.0,0.3,-36.42430182473892,True,24.883993470116327,0.0,90.42430182473892
30.0,1.8,54.0,W1,1.0,0.3,-32.20321358944072,True,23.39774841775806,0.0,86.20321358944072
30.0,1.8,54.0,W0,2.0,0.3,-36.42430182473892,True,24.883993470116327,0.0,90.42430182473892
30.0,1.8,54.0,W1,2.0,0.3,-28.09977241297993,True,21.856260682487356,0.0,82.09977241297993
30.0,1.8,54.0,W0,3.0,0.3,-36.42430182473892,True,24.883993470116327,0.0,90.42430182473892
30.0,1.8,54.0,W1,3.0,0.3,-24.11397829532943,True,20.246916580574947,0.0,78.11397829532943
30.0,1.8,54.0,W0,4.0,0.3,-36.42430182473892,True,24.883993470116327,0.0,90.42430182473892
30.0,1.8,54.0,W1,4.0,0.3,-20.245831236502426,True,18.552065411179406,0.0,74.24583123650243
30.0,1.8,54.0,W0,0.0,0.4,-37.89951015807284,True,25.38290118736384,0.0,91.89951015807284
30.0,1.8,54.0,W1,0.0,0.4,-37.89951015807284,True,25.38290118736384,0.0,91.89951015807284
30.0,1.8,54.0,W0,1.0,0.4,-37.89951015807284,True,25.38290118736384,0.0,91.89951015807284
30.0,1.8,54.0,W1,1.0,0.4,-33.62842192277468,True,23.909896961036544,0.0,87.62842192277468
30.0,1.8,54.0,W0,2.0,0.4,-37.89951015807284,True,25.38290118736384,0.0,91.89951015807284
30.0,1.8,54.0,W1,2.0,0.4,-29.47498074631396,True,22.384697288271052,0.0,83.47498074631396
30.0,1.8,54.0,W0,3.0,0.4,-37.89951015807284,True,25.38290118736384,0.0,91.89951015807284
30.0,1.8,54.0,W1,3.0,0.4,-25.439186628663265,True,20.795821039031956,0.0,79.43918662866326
30.0,1.8,54.0,W0,4.0,0.4,-37.89951015807284,True,25.38290118736384,0.0,91.89951015807284
30.0,1.8,54.0,W1,4.0,0.4,-21.521039569836304,True,19.127406324103728,0.0,75.5210395698363
30.0,1.8,54.0,W0,0.0,0.5,-39.367635158073384,True,25.86986273035663,0.0,93.36763515807338
30.0,1.8,54.0,W1,0.0,0.5,-39.367635158073384,True,25.86986273035663,0.0,93.36763515807338
30.0,1.8,54.0,W0,1.0,0.5,-39.367635158073384,True,25.86986273035663,0.0,93.36763515807338
30.0,1.8,54.0,W1,1.0,0.5,-35.04654692277522,True,24.40883646730015,0.0,89.04654692277522
30.0,1.8,54.0,W0,2.0,0.5,-39.367635158073384,True,25.86986273035663,0.0,93.36763515807338
30.0,1.8,54.0,W1,2.0,0.5,-30.843105746314677,True,22.898314297946676,0.0,84.84310574631468
30.0,1.8,54.0,W0,3.0,0.5,-39.367635158073384,True,25.86986273035663,0.0,93.36763515807338
30.0,1.8,54.0,W1,3.0,0.5,-26.757311628663786,True,21.3277822965132,0.0,80.75731162866379
30.0,1.8,54.0,W0,4.0,0.5,-39.367635158073384,True,25.86986273035663,0.0,93.36763515807338
30.0,1.8,54.0,W1,4.0,0.5,-22.789164569836856,True,19.682880827952488,0.0,76.78916456983686
30.0,1.8,54.0,W0,0.0,0.6,-40.828676824740654,True,26.345540533852123,0.0,94.82867682474065
30.0,1.8,54.0,W1,0.0,0.6,-40.828676824740654,True,26.345540533852123,0.0,94.82867682474065
30.0,1.8,54.0,W0,1.0,0.6,-40.828676824740654,True,26.345540533852123,0.0,94.82867682474065
30.0,1.8,54.0,W1,1.0,0.6,-36.45758858944224,True,24.895361134571807,0.0,90.45758858944224
30.0,1.8,54.0,W0,2.0,0.6,-40.828676824740654,True,26.345540533852123,0.0,94.82867682474065
30.0,1.8,54.0,W1,2.0,0.6,-32.20414741298177,True,23.398087657347073,0.0,86.20414741298177
30.0,1.8,54.0,W0,3.0,0.6,-40.828676824740654,True,26.345540533852123,0.0,94.82867682474065
30.0,1.8,54.0,W1,3.0,0.6,-28.068353295331022,True,21.844038226042603,0.0,82.06835329533102
30.0,1.8,54.0,W0,4.0,0.6,-40.828676824740654,True,26.345540533852123,0.0,94.82867682474065
30.0,1.8,54.0,W1,4.0,0.6,-24.050206236503882,True,20.220126261245888,0.0,78.05020623650388
30.0,1.8,54.0,W0,0.0,0.7,-42.28263515807471,True,26.81053519957278,0.0,96.28263515807471
30.0,1.8,54.0,W1,0.0,0.7,-42.28263515807471,True,26.81053519957278,0.0,96.28263515807471
30.0,1.8,54.0,W0,1.0,0.7,-42.28263515807471,True,26.81053519957278,0.0,96.28263515807471
30.0,1.8,54.0,W1,1.0,0.7,-37.8615469227761,True,25.37018521192605,0.0,91.8615469227761
30.0,1.8,54.0,W0,2.0,0.7,-42.28263515807471,True,26.81053519957278,0.0,96.28263515807471
30.0,1.8,54.0,W1,2.0,0.7,-33.558105746315704,True,23.884886386323494,0.0,87.5581057463157
30.0,1.8,54.0,W0,3.0,0.7,-42.28263515807471,True,26.81053519957278,0.0,96.28263515807471
30.0,1.8,54.0,W1,3.0,0.7,-29.372311628664875,True,22.34567738260568,0.0,83.37231162866487
30.0,1.8,54.0,W0,4.0,0.7,-42.28263515807471,True,26.81053519957278,0.0,96.28263515807471
30.0,1.8,54.0,W1,4.0,0.7,-25.304164569837596,True,20.740559242397666,0.0,79.3041645698376
30.0,2.0,60.0,W0,0.0,0.0,-25.941176470570483,True,20.999999999996895,0.0,85.94117647057048
30.0,2.0,60.0,W1,0.0,0.0,-25.941176470570483,True,20.999999999996895,0.0,85.94117647057048
30.0,2.0,60.0,W0,1.0,0.0,-25.941176470570483,True,20.999999999996895,0.0,85.94117647057048
30.0,2.0,60.0,W1,1.0,0.0,-21.870588235272564,True,19.282116066443024,0.0,81.87058823527256
30.0,2.0,60.0,W0,2.0,0.0,-25.941176470570483,True,20.999999999996895,0.0,85.94117647057048
30.0,2.0,60.0,W1,2.0,0.0,-17.91764705881144,True,17.452793472677026,0.0,77.91764705881144
30.0,2.0,60.0,W0,3.0,0.0,-25.941176470570483,True,20.999999999996895,0.0,85.94117647057048
30.0,2.0,60.0,W1,3.0,0.0,-14.082352941161233,True,15.472556349868013,0.0,74.08235294116123
30.0,2.0,60.0,W0,4.0,0.0,-25.941176470570483,True,20.999999999996895,0.0,85.94117647057048
30.0,2.0,60.0,W1,4.0,0.0,-10.36470588233459,True,13.274034804827659,0.0,70.36470588233459
30.0,2.0,60.0,W0,0.0,0.1,-27.45263515807109,True,21.603120091491157,0.0,87.45263515807109
30.0,2.0,60.0,W1,0.0,0.1,-27.45263515807109,True,21.603120091491157,0.0,87.45263515807109
30.0,2.0,60.0,W0,1.0,0.1,-27.45263515807109,True,21.603120091491157,0.0,87.45263515807109
30.0,2.0,60.0,W1,1.0,0.1,-23.331546922773086,True,19.915729905963733,0.0,83.33154692277309
30.0,2.0,60.0,W0,2.0,0.1,-27.45263515807109,True,21.603120091491157,0.0,87.45263515807109
30.0,2.0,60.0,W1,2.0,0.1,-19.328105746312076,True,18.126715027479104,0.0,79.32810574631208
30.0,2.0,60.0,W0,3.0,0.1,-27.45263515807109,True,21.603120091491157,0.0,87.45263515807109
30.0,2.0,60.0,W1,3.0,0.1,-15.442311628661628,True,16.202447274635862,0.0,75.44231162866163
30.0,2.0,60.0,W0,4.0,0.1,-27.45263515807109,True,21.603120091491157,0.0,87.45263515807109
30.0,2.0,60.0,W1,4.0,0.1,-11.674164569834886,True,14.087611496889247,0.0,71.67416456983489
30.0,2.0,60.0,W0,0.0,0.2,-28.942010158071724,True,22.181392487565077,0.0,88.94201015807172
30.0,2.0,60.0,W1,0.0,0.2,-28.942010158071724,True,22.181392487565077,0.0,88.94201015807172
30.0,2.0,60.0,W0,1.0,0.2,-28.942010158071724,True,22.181392487565077,0.0,88.94201015807172
30.0,2.0,60.0,W1,1.0,0.2,-24.77092192277361,True,20.520859452939987,0.0,84.77092192277361
30.0,2.0,60.0,W0,2.0,0.2,-28.942010158071724,True,22.181392487565077,0.0,88.94201015807172
30.0,2.0,60.0,W1,2.0,0.2,-20.717480746312688,True,18.76691697342579,0.0,80.71748074631269
30.0,2.0,60.0,W0,3.0,0.2,-28.942010158071724,True,22.181392487565077,0.0,88.94201015807172
30.0,2.0,60.0,W1,3.0,0.2,-16.78168662866223,True,16.89049059936903,0.0,76.78168662866223
30.0,2.0,60.0,W0,4.0,0.2,-28.942010158071724,True,22.181392487565077,0.0,88.94201015807172
30.0,2.0,60.0,W1,4.0,0.2,-12.963539569835348,True,14.8452070611123,0.0,72.96353956983535
30.0,2.0,60.0,W0,0.0,0.3,-30.42430182473892,True,22.742320264668663,0.0,90.42430182473892
30.0,2.0,60.0,W1,0.0,0.3,-30.42430182473892,True,22.742320264668663,0.0,90.42430182473892
30.0,2.0,60.0,W0,1.0,0.3,-30.42430182473892,True,22.742320264668663,0.0,90.42430182473892
30.0,2.0,60.0,W1,1.0,0.3,-26.203213589440722,True,21.10579614751989,0.0,86.20321358944072
30.0,2.0,60.0,W0,2.0,0.3,-30.42430182473892,True,22.742320264668663,0.0,90.42430182473892
30.0,2.0,60.0,W1,2.0,0.3,-22.09977241297993,True,19.38288242292171,0.0,82.09977241297993
30.0,2.0,60.0,W0,3.0,0.3,-30.42430182473892,True,22.742320264668663,0.0,90.42430182473892
30.0,2.0,60.0,W1,3.0,0.3,-18.11397829532943,True,17.54815178361312,0.0,78.11397829532943
30.0,2.0,60.0,W0,4.0,0.3,-30.42430182473892,True,22.742320264668663,0.0,90.42430182473892
30.0,2.0,60.0,W1,4.0,0.3,-14.245831236502426,True,15.562105610123696,0.0,74.24583123650243
30.0,2.0,60.0,W0,0.0,0.4,-31.899510158072843,True,23.28715681845776,0.0,91.89951015807284
30.0,2.0,60.0,W1,0.0,0.4,-31.899510158072843,True,23.28715681845776,0.0,91.89951015807284
30.0,2.0,60.0,W0,1.0,0.4,-31.899510158072843,True,23.28715681845776,0.0,91.89951015807284
30.0,2.0,60.0,W1,1.0,0.4,-27.628421922774677,True,21.672175079750318,0.0,87.62842192277468
30.0,2.0,60.0,W0,2.0,0.4,-31.899510158072843,True,23.28715681845776,0.0,91.89951015807284
30.0,2.0,60.0,W1,2.0,0.4,-23.47498074631396,True,19.9768534230868,0.0,83.47498074631396
30.0,2.0,60.0,W0,3.0,0.4,-31.899510158072843,True,23.28715681845776,0.0,91.89951015807284
30.0,2.0,60.0,W1,3.0,0.4,-19.439186628663265,True,18.17872857730725,0.0,79.43918662866326
30.0,2.0,60.0,W0,4.0,0.4,-31.899510158072843,True,23.28715681845776,0.0,91.89951015807284
30.0,2.0,60.0,W1,4.0,0.4,-15.521039569836304,True,16.243696398521035,0.0,75.5210395698363
30.0,2.0,60.0,W0,0.0,0.5,-33.367635158073384,True,23.81700648040099,0.0,93.36763515807338
30.0,2.0,60.0,W1,0.0,0.5,-33.367635158073384,True,23.81700648040099,0.0,93.36763515807338
30.0,2.0,60.0,W0,1.0,0.5,-33.367635158073384,True,23.81700648040099,0.0,93.36763515807338
30.0,2.0,60.0,W1,1.0,0.5,-29.04654692277522,True,22.221415294426432,0.0,89.04654692277522
30.0,2.0,60.0,W0,2.0,0.5,-33.367635158073384,True,23.81700648040099,0.0,93.36763515807338
30.0,2.0,60.0,W1,2.0,0.5,-24.843105746314677,True,20.5507371567911,0.0,84.84310574631468
30.0,2.0,60.0,W0,3.0,0.5,-33.367635158073384,True,23.81700648040099,0.0,93.36763515807338
30.0,2.0,60.0,W1,3.0,0.5,-20.757311628663786,True,18.784948700686574,0.0,80.75731162866379
30.0,2.0,60.0,W0,4.0,0.5,-33.367635158073384,True,23.81700648040099,0.0,93.36763515807338
30.0,2.0,60.0,W1,4.0,0.5,-16.789164569836856,True,16.89425339242139,0.0,76.78916456983686
30.0,2.0,60.0,W0,0.0,0.6,-34.828676824740654,True,24.33284829239711,0.0,94.82867682474065
30.0,2.0,60.0,W1,0.0,0.6,-34.828676824740654,True,24.33284829239711,0.0,94.82867682474065
30.0,2.0,60.0,W0,1.0,0.6,-34.828676824740654,True,24.33284829239711,0.0,94.82867682474065
30.0,2.0,60.0,W1,1.0,0.6,-30.45758858944224,True,22.75475787655662,0.0,90.45758858944224
30.0,2.0,60.0,W0,2.0,0.6,-34.828676824740654,True,24.33284829239711,0.0,94.82867682474065
30.0,2.0,60.0,W1,2.0,0.6,-26.20414741298177,True,21.106172225698895,0.0,86.20414741298177
30.0,2.0,60.0,W0,3.0,0.6,-34.828676824740654,True,24.33284829239711,0.0,94.82867682474065
30.0,2.0,60.0,W1,3.0,0.6,-22.068353295331022,True,19.369099256825937,0.0,82.06835329533102
30.0,2.0,60.0,W0,4.0,0.6,-34.828676824740654,True,24.33284829239711,0.0,94.82867682474065
30.0,2.0,60.0,W1,4.0,0.6,-18.050206236503882,True,17.51723454260658,0.0,78.05020623650388
30.0,2.0,60.0,W0,0.0,0.7,-36.28263515807471,True,24.835555111321728,0.0,96.28263515807471
30.0,2.0,60.0,W1,0.0,0.7,-36.28263515807471,True,24.835555111321728,0.0,96.28263515807471
30.0,2.0,60.0,W0,1.0,0.7,-36.28263515807471,True,24.835555111321728,0.0,96.28263515807471
30.0,2.0,60.0,W1,1.0,0.7,-31.8615469227761,True,23.273295806296932,0.0,91.8615469227761
30.0,2.0,60.0,W0,2.0,0.7,-36.28263515807471,True,24.835555111321728,0.0,96.28263515807471
30.0,2.0,60.0,W1,2.0,0.7,-27.558105746315704,True,21.644578944565964,0.0,87.5581057463157
30.0,2.0,60.0,W0,3.0,0.7,-36.28263515807471,True,24.835555111321728,0.0,96.28263515807471
30.0,2.0,60.0,W1,3.0,0.7,-23.372311628664875,True,19.933120620902802,0.0,83.37231162866487
30.0,2.0,60.0,W0,4.0,0.7,-36.28263515807471,True,24.835555111321728,0.0,96.28263515807471
30.0,2.0,60.0,W1,4.0,0.7,-19.304164569837596,True,18.115485024899854,0.0,79.3041645698376
30.0,2.1,63.0,W0,0.0,0.0,-22.941176470570483,True,19.748417658127746,0.0,85.94117647057048
30.0,2.1,63.0,W1,0.0,0.0,-22.941176470570483,True,19.748417658127746,0.0,85.94117647057048
30.0,2.1,63.0,W0,1.0,0.0,-22.941176470570483,True,19.748417658127746,0.0,85.94117647057048
30.0,2.1,63.0,W1,1.0,0.0,-18.870588235272564,True,17.910890541783846,0.0,81.87058823527256
30.0,2.1,63.0,W0,2.0,0.0,-22.941176470570483,True,19.748417658127746,0.0,85.94117647057048
30.0,2.1,63.0,W1,2.0,0.0,-14.91764705881144,True,15.924823389912328,0.0,77.91764705881144
30.0,2.1,63.0,W0,3.0,0.0,-22.941176470570483,True,19.748417658127746,0.0,85.94117647057048
30.0,2.1,63.0,W1,3.0,0.0,-11.082352941161233,True,13.725887949412614,0.0,74.08235294116123
30.0,2.1,63.0,W0,4.0,0.0,-22.941176470570483,True,19.748417658127746,0.0,85.94117647057048
30.0,2.1,63.0,W1,4.0,0.0,-7.36470588233459,True,11.189280584548904,0.0,70.36470588233459
30.0,2.1,63.0,W0,0.0,0.1,-24.45263515807109,True,20.38859479432978,0.0,87.45263515807109
30.0,2.1,63.0,W1,0.0,0.1,-24.45263515807109,True,20.38859479432978,0.0,87.45263515807109
30.0,2.1,63.0,W0,1.0,0.1,-24.45263515807109,True,20.38859479432978,0.0,87.45263515807109
30.0,2.1,63.0,W1,1.0,0.1,-20.331546922773086,True,18.591296288513078,0.0,83.33154692277309
30.0,2.1,63.0,W0,2.0,0.1,-24.45263515807109,True,20.38859479432978,0.0,87.45263515807109
30.0,2.1,63.0,W1,2.0,0.1,-16.328105746312076,True,16.660666183782038,0.0,79.32810574631208
30.0,2.1,63.0,W0,3.0,0.1,-24.45263515807109,True,20.38859479432978,0.0,87.45263515807109
30.0,2.1,63.0,W1,3.0,0.1,-12.442311628661628,True,14.543703025273302,0.0,75.44231162866163
30.0,2.1,63.0,W0,4.0,0.1,-24.45263515807109,True,20.38859479432978,0.0,87.45263515807109
30.0,2.1,63.0,W1,4.0,0.1,-8.674164569834886,True,12.143343760565894,0.0,71.67416456983489
30.0,2.1,63.0,W0,0.0,0.2,-25.942010158071724,True,21.00033744222675,0.0,88.94201015807172
30.0,2.1,63.0,W1,0.0,0.2,-25.942010158071724,True,21.00033744222675,0.0,88.94201015807172
30.0,2.1,63.0,W0,1.0,0.2,-25.942010158071724,True,21.00033744222675,0.0,88.94201015807172
30.0,2.1,63.0,W1,1.0,0.2,-21.77092192277361,True,19.238130696283836,0.0,84.77092192277361
30.0,2.1,63.0,W0,2.0,0.2,-25.942010158071724,True,21.00033744222675,0.0,88.94201015807172
30.0,2.1,63.0,W1,2.0,0.2,-17.717480746312688,True,17.355033065005607,0.0,80.71748074631269
30.0,2.1,63.0,W0,3.0,0.2,-25.942010158071724,True,21.00033744222675,0.0,88.94201015807172
30.0,2.1,63.0,W1,3.0,0.2,-13.781686628662229,True,15.3064911945017,0.0,76.78168662866223
30.0,2.1,63.0,W0,4.0,0.2,-25.942010158071724,True,21.00033744222675,0.0,88.94201015807172
30.0,2.1,63.0,W1,4.0,0.2,-9.963539569835348,True,13.014613812452817,0.0,72.96353956983535
30.0,2.1,63.0,W0,0.0,0.3,-27.42430182473892,True,21.59196913254421,0.0,90.42430182473892
30.0,2.1,63.0,W1,0.0,0.3,-27.42430182473892,True,21.59196913254421,0.0,90.42430182473892
30.0,2.1,63.0,W0,1.0,0.3,-27.42430182473892,True,21.59196913254421,0.0,90.42430182473892
30.0,2.1,63.0,W1,1.0,0.3,-23.203213589440722,True,19.860881929578248,0.0,86.20321358944072
30.0,2.1,63.0,W0,2.0,0.3,-27.42430182473892,True,21.59196913254421,0.0,90.42430182473892
30.0,2.1,63.0,W1,2.0,0.3,-19.09977241297993,True,18.019326597317363,0.0,82.09977241297993
30.0,2.1,63.0,W0,3.0,0.3,-27.42430182473892,True,21.59196913254421,0.0,90.42430182473892
30.0,2.1,63.0,W1,3.0,0.3,-15.113978295329431,True,16.02927418883039,0.0,78.11397829532943
30.0,2.1,63.0,W0,4.0,0.3,-27.42430182473892,True,21.59196913254421,0.0,90.42430182473892
30.0,2.1,63.0,W1,4.0,0.3,-11.245831236502426,True,13.826754175171889,0.0,74.24583123650243
30.0,2.1,63.0,W0,0.0,0.4,-28.899510158072843,True,22.16510033109319,0.0,91.89951015807284
30.0,2.1,63.0,W1,0.0,0.4,-28.899510158072843,True,22.16510033109319,0.0,91.89951015807284
30.0,2.1,63.0,W0,1.0,0.4,-28.899510158072843,True,22.16510033109319,0.0,91.89951015807284
30.0,2.1,63.0,W1,1.0,0.4,-24.628421922774677,True,20.461749013398954,0.0,87.62842192277468
30.0,2.1,63.0,W0,2.0,0.4,-28.899510158072843,True,22.16510033109319,0.0,91.89951015807284
30.0,2.1,63.0,W1,2.0,0.4,-20.47498074631396,True,18.656759436929995,0.0,83.47498074631396
30.0,2.1,63.0,W0,3.0,0.4,-28.899510158072843,True,22.16510033109319,0.0,91.89951015807284
30.0,2.1,63.0,W1,3.0,0.4,-16.439186628663265,True,16.717241778696287,0.0,79.43918662866326
30.0,2.1,63.0,W0,4.0,0.4,-28.899510158072843,True,22.16510033109319,0.0,91.89951015807284
30.0,2.1,63.0,W1,4.0,0.4,-12.521039569836304,True,14.589642651117739,0.0,75.5210395698363
30.0,2.1,63.0,W0,0.0,0.5,-30.367635158073384,True,22.72113108292467,0.0,93.36763515807338
30.0,2.1,63.0,W1,0.0,0.5,-30.367635158073384,True,22.72113108292467,0.0,93.36763515807338
30.0,2.1,63.0,W0,1.0,0.5,-30.367635158073384,True,22.72113108292467,0.0,93.36763515807338
30.0,2.1,63.0,W1,1.0,0.5,-26.04654692277522,True,21.0426067227269,0.0,89.04654692277522
30.0,2.1,63.0,W0,2.0,0.5,-30.367635158073384,True,22.72113108292467,0.0,93.36763515807338
30.0,2.1,63.0,W1,2.0,0.5,-21.843105746314677,True,19.26999734529033,0.0,84.84310574631468
30.0,2.1,63.0,W0,3.0,0.5,-30.367635158073384,True,22.72113108292467,0.0,93.36763515807338
30.0,2.1,63.0,W1,3.0,0.5,-17.757311628663786,True,17.37453014292493,0.0,80.75731162866379
30.0,2.1,63.0,W0,4.0,0.5,-30.367635158073384,True,22.72113108292467,0.0,93.36763515807338
30.0,2.1,63.0,W1,4.0,0.5,-13.789164569836856,True,15.310643281303573,0.0,76.78916456983686
30.0,2.1,63.0,W0,0.0,0.6,-31.828676824740654,True,23.26128771200761,0.0,94.82867682474065
30.0,2.1,63.0,W1,0.0,0.6,-31.828676824740654,True,23.26128771200761,0.0,94.82867682474065
30.0,2.1,63.0,W0,1.0,0.6,-31.828676824740654,True,23.26128771200761,0.0,94.82867682474065
30.0,2.1,63.0,W1,1.0,0.6,-27.45758858944224,True,21.605068989028904,0.0,90.45758858944224
30.0,2.1,63.0,W0,2.0,0.6,-31.828676824740654,True,23.26128771200761,0.0,94.82867682474065
30.0,2.1,63.0,W1,2.0,0.6,-23.20414741298177,True,19.861281580523595,0.0,86.20414741298177
30.0,2.1,63.0,W0,3.0,0.6,-31.828676824740654,True,23.26128771200761,0.0,94.82867682474065
30.0,2.1,63.0,W1,3.0,0.6,-19.068353295331022,True,18.00449960484203,0.0,82.06835329533102
30.0,2.1,63.0,W0,4.0,0.6,-31.828676824740654,True,23.26128771200761,0.0,94.82867682474065
30.0,2.1,63.0,W1,4.0,0.6,-15.050206236503882,True,15.995421408036401,0.0,78.05020623650388
30.0,2.1,63.0,W0,0.0,0.7,-33.28263515807471,True,23.786651670369306,0.0,96.28263515807471
30.0,2.1,63.0,W1,0.0,0.7,-33.28263515807471,True,23.786651670369306,0.0,96.28263515807471
30.0,2.1,63.0,W0,1.0,0.7,-33.28263515807471,True,23.786651670369306,0.0,96.28263515807471
30.0,2.1,63.0,W1,1.0,0.7,-28.8615469227761,True,22.15053718733209,0.0,91.8615469227761
30.0,2.1,63.0,W0,2.0,0.7,-33.28263515807471,True,23.786651670369306,0.0,96.28263515807471
30.0,2.1,63.0,W1,2.0,0.7,-24.558105746315704,True,20.43251814357522,0.0,87.5581057463157
30.0,2.1,63.0,W0,3.0,0.7,-33.28263515807471,True,23.786651670369306,0.0,96.28263515807471
30.0,2.1,63.0,W1,3.0,0.7,-20.372311628664875,True,18.60992470934372,0.0,83.37231162866487
30.0,2.1,63.0,W0,4.0,0.7,-33.28263515807471,True,23.786651670369306,0.0,96.28263515807471
30.0,2.1,63.0,W1,4.0,0.7,-16.304164569837596,True,16.64844730560036,0.0,79.3041645698376
30.0,2.2,66.0,W0,0.0,0.0,-19.941176470570483,True,18.411952639517445,0.0,85.94117647057048
30.0,2.2,66.0,W1,0.0,0.0,-19.941176470570483,True,18.411952639517445,0.0,85.94117647057048
30.0,2.2,66.0,W0,1.0,0.0,-19.941176470570483,True,18.411952639517445,0.0,85.94117647057048
30.0,2.2,66.0,W1,1.0,0.0,-15.870588235272564,True,16.42558979153392,0.0,81.87058823527256
30.0,2.2,66.0,W0,2.0,0.0,-19.941176470570483,True,18.411952639517445,0.0,85.94117647057048
30.0,2.2,66.0,W1,2.0,0.0,-11.91764705881144,True,14.233762678922533,0.0,77.91764705881144
30.0,2.2,66.0,W0,3.0,0.0,-19.941176470570483,True,18.411952639517445,0.0,85.94117647057048
30.0,2.2,66.0,W1,3.0,0.0,-8.082352941161233,True,11.721774609666367,0.0,74.08235294116123
30.0,2.2,66.0,W0,4.0,0.0,-19.941176470570483,True,18.411952639517445,0.0,85.94117647057048
30.0,2.2,66.0,W1,4.0,0.0,-4.36470588233459,True,8.613942186928474,0.0,70.36470588233459
30.0,2.2,66.0,W0,0.0,0.1,-21.45263515807109,True,19.096983994530486,0.0,87.45263515807109
30.0,2.2,66.0,W1,0.0,0.1,-21.45263515807109,True,19.096983994530486,0.0,87.45263515807109
30.0,2.2,66.0,W0,1.0,0.1,-21.45263515807109,True,19.096983994530486,0.0,87.45263515807109
30.0,2.2,66.0,W1,1.0,0.1,-17.331546922773086,True,17.16497298824736,0.0,83.33154692277309
30.0,2.2,66.0,W0,2.0,0.1,-21.45263515807109,True,19.096983994530486,0.0,87.45263515807109
30.0,2.2,66.0,W1,2.0,0.1,-13.328105746312076,True,15.052501376429225,0.0,79.32810574631208
30.0,2.2,66.0,W0,3.0,0.1,-21.45263515807109,True,19.096983994530486,0.0,87.45263515807109
30.0,2.2,66.0,W1,3.0,0.1,-9.442311628661628,True,12.669621055395927,0.0,75.44231162866163
30.0,2.2,66.0,W0,4.0,0.1,-21.45263515807109,True,19.096983994530486,0.0,87.45263515807109
30.0,2.2,66.0,W1,4.0,0.1,-5.674164569834886,True,9.821445804323297,0.0,71.67416456983489
30.0,2.2,66.0,W0,0.0,0.2,-22.942010158071724,True,19.748776485832565,0.0,88.94201015807172
30.0,2.2,66.0,W1,0.0,0.2,-22.942010158071724,True,19.748776485832565,0.0,88.94201015807172
30.0,2.2,66.0,W0,1.0,0.2,-22.942010158071724,True,19.748776485832565,0.0,88.94201015807172
30.0,2.2,66.0,W1,1.0,0.2,-18.77092192277361,True,17.86352912185272,0.0,84.77092192277361
30.0,2.2,66.0,W0,2.0,0.2,-22.942010158071724,True,19.748776485832565,0.0,88.94201015807172
30.0,2.2,66.0,W1,2.0,0.2,-14.717480746312688,True,15.817622219771799,0.0,80.71748074631269
30.0,2.2,66.0,W0,3.0,0.2,-22.942010158071724,True,19.748776485832565,0.0,88.94201015807172
30.0,2.2,66.0,W1,3.0,0.2,-10.781686628662229,True,13.538414703625664,0.0,76.78168662866223
30.0,2.2,66.0,W0,4.0,0.2,-22.942010158071724,True,19.748776485832565,0.0,88.94201015807172
30.0,2.2,66.0,W1,4.0,0.2,-6.963539569835348,True,10.880265285702988,0.0,72.96353956983535
30.0,2.2,66.0,W0,0.0,0.3,-24.42430182473892,True,20.37677921116889,0.0,90.42430182473892
30.0,2.2,66.0,W1,0.0,0.3,-24.42430182473892,True,20.37677921116889,0.0,90.42430182473892
30.0,2.2,66.0,W0,1.0,0.3,-24.42430182473892,True,20.37677921116889,0.0,90.42430182473892
30.0,2.2,66.0,W1,1.0,0.3,-20.203213589440722,True,18.53252899689164,0.0,86.20321358944072
30.0,2.2,66.0,W0,2.0,0.3,-24.42430182473892,True,20.37677921116889,0.0,90.42430182473892
30.0,2.2,66.0,W1,2.0,0.3,-16.09977241297993,True,16.543764112824196,0.0,82.09977241297993
30.0,2.2,66.0,W0,3.0,0.3,-24.42430182473892,True,20.37677921116889,0.0,90.42430182473892
30.0,2.2,66.0,W1,3.0,0.3,-12.113978295329431,True,14.350527203580183,0.0,78.11397829532943
30.0,2.2,66.0,W0,4.0,0.3,-24.42430182473892,True,20.37677921116889,0.0,90.42430182473892
30.0,2.2,66.0,W1,4.0,0.3,-8.245831236502426,True,11.83972681359752,0.0,74.24583123650243
30.0,2.2,66.0,W0,0.0,0.4,-25.899510158072843,True,20.983128286492697,0.0,91.89951015807284
30.0,2.2,66.0,W1,0.0,0.4,-25.899510158072843,True,20.983128286492697,0.0,91.89951015807284
30.0,2.2,66.0,W0,1.0,0.4,-25.899510158072843,True,20.983128286492697,0.0,91.89951015807284
30.0,2.2,66.0,W1,1.0,0.4,-21.628421922774677,True,19.17506643240944,0.0,87.62842192277468
30.0,2.2,66.0,W0,2.0,0.4,-25.899510158072843,True,20.983128286492697,0.0,91.89951015807284
30.0,2.2,66.0,W1,2.0,0.4,-17.47498074631396,True,17.235854277855154,0.0,83.47498074631396
30.0,2.2,66.0,W0,3.0,0.4,-25.899510158072843,True,20.983128286492697,0.0,91.89951015807284
30.0,2.2,66.0,W1,3.0,0.4,-13.439186628663265,True,15.115097508364748,0.0,79.43918662866326
30.0,2.2,66.0,W0,4.0,0.4,-25.899510158072843,True,20.983128286492697,0.0,91.89951015807284
30.0,2.2,66.0,W1,4.0,0.4,-9.521039569836304,True,12.722329687887429,0.0,75.5210395698363
30.0,2.2,66.0,W0,0.0,0.5,-27.367635158073384,True,21.56964992037257,0.0,93.36763515807338
30.0,2.2,66.0,W1,0.0,0.5,-27.367635158073384,True,21.56964992037257,0.0,93.36763515807338
30.0,2.2,66.0,W0,1.0,0.5,-27.367635158073384,True,21.56964992037257,0.0,93.36763515807338
30.0,2.2,66.0,W1,1.0,0.5,-23.04654692277522,True,19.793718642219137,0.0,89.04654692277522
30.0,2.2,66.0,W0,2.0,0.5,-27.367635158073384,True,21.56964992037257,0.0,93.36763515807338
30.0,2.2,66.0,W1,2.0,0.5,-18.843105746314677,True,17.89784338090704,0.0,84.84310574631468
30.0,2.2,66.0,W0,3.0,0.5,-27.367635158073384,True,21.56964992037257,0.0,93.36763515807338
30.0,2.2,66.0,W1,3.0,0.5,-14.757311628663786,True,15.839011891130946,0.0,80.75731162866379
30.0,2.2,66.0,W0,4.0,0.5,-27.367635158073384,True,21.56964992037257,0.0,93.36763515807338
30.0,2.2,66.0,W1,4.0,0.5,-10.789164569836856,True,13.543108863452137,0.0,76.78916456983686
30.0,2.2,66.0,W0,0.0,0.6,-28.828676824740654,True,22.13792009247435,0.0,94.82867682474065
30.0,2.2,66.0,W1,0.0,0.6,-28.828676824740654,True,22.13792009247435,0.0,94.82867682474065
30.0,2.2,66.0,W0,1.0,0.6,-28.828676824740654,True,22.13792009247435,0.0,94.82867682474065
30.0,2.2,66.0,W1,1.0,0.6,-24.45758858944224,True,20.390659774040685,0.0,90.45758858944224
30.0,2.2,66.0,W0,2.0,0.6,-28.828676824740654,True,22.13792009247435,0.0,94.82867682474065
30.0,2.2,66.0,W1,2.0,0.6,-20.20414741298177,True,18.532957292910048,0.0,86.20414741298177
30.0,2.2,66.0,W0,3.0,0.6,-28.828676824740654,True,22.13792009247435,0.0,94.82867682474065
30.0,2.2,66.0,W1,3.0,0.6,-16.068353295331022,True,16.527613439959755,0.0,82.06835329533102
30.0,2.2,66.0,W0,4.0,0.6,-28.828676824740654,True,22.13792009247435,0.0,94.82867682474065
30.0,2.2,66.0,W1,4.0,0.6,-12.050206236503882,True,14.312704357341417,0.0,78.05020623650388
30.0,2.2,66.0,W0,0.0,0.7,-30.28263515807471,True,22.689310207396492,0.0,96.28263515807471
30.0,2.2,66.0,W1,0.0,0.7,-30.28263515807471,True,22.689310207396492,0.0,96.28263515807471
30.0,2.2,66.0,W0,1.0,0.7,-30.28263515807471,True,22.689310207396492,0.0,96.28263515807471
30.0,2.2,66.0,W1,1.0,0.7,-25.8615469227761,True,20.967744220286658,0.0,91.8615469227761
30.0,2.2,66.0,W0,2.0,0.7,-30.28263515807471,True,22.689310207396492,0.0,96.28263515807471
30.0,2.2,66.0,W1,2.0,0.7,-21.558105746315704,True,19.143871021491766,0.0,87.5581057463157
30.0,2.2,66.0,W0,3.0,0.7,-30.28263515807471,True,22.689310207396492,0.0,96.28263515807471
30.0,2.2,66.0,W1,3.0,0.7,-17.372311628664875,True,17.185147589922586,0.0,83.37231162866487
30.0,2.2,66.0,W0,4.0,0.7,-30.28263515807471,True,22.689310207396492,0.0,96.28263515807471
30.0,2.2,66.0,W1,4.0,0.7,-13.304164569837596,True,15.038975952083213,0.0,79.3041645698376
30.0,2.3,69.0,W0,0.0,0.0,-16.941176470570483,True,16.97056274847166,0.0,85.94117647057048
30.0,2.3,69.0,W1,0.0,0.0,-16.941176470570483,True,16.97056274847166,0.0,85.94117647057048
30.0,2.3,69.0,W0,1.0,0.0,-16.941176470570483,True,16.97056274847166,0.0,85.94117647057048
30.0,2.3,69.0,W1,1.0,0.0,-12.870588235272564,True,14.791889669671361,0.0,81.87058823527256
30.0,2.3,69.0,W0,2.0,0.0,-16.941176470570483,True,16.97056274847166,0.0,85.94117647057048
30.0,2.3,69.0,W1,2.0,0.0,-8.91764705881144,True,12.312595177292073,0.0,77.91764705881144
30.0,2.3,69.0,W0,3.0,0.0,-16.941176470570483,True,16.97056274847166,0.0,85.94117647057048
30.0,2.3,69.0,W1,3.0,0.0,-5.082352941161233,True,9.29516003088723,0.0,74.08235294116123
30.0,2.3,69.0,W0,4.0,0.0,-16.941176470570483,True,16.97056274847166,0.0,85.94117647057048
30.0,2.3,69.0,W1,4.0,0.0,-1.3647058823345901,True,4.816637831487991,0.0,70.36470588233459
30.0,2.3,69.0,W0,0.0,0.1,-18.45263515807109,True,17.711431271563974,0.0,87.45263515807109
30.0,2.3,69.0,W1,0.0,0.1,-18.45263515807109,True,17.711431271563974,0.0,87.45263515807109
30.0,2.3,69.0,W0,1.0,0.1,-18.45263515807109,True,17.711431271563974,0.0,87.45263515807109
30.0,2.3,69.0,W1,1.0,0.1,-14.331546922773086,True,15.608853182961397,0.0,83.33154692277309
30.0,2.3,69.0,W0,2.0,0.1,-18.45263515807109,True,17.711431271563974,0.0,87.45263515807109
30.0,2.3,69.0,W1,2.0,0.1,-10.328105746312076,True,13.250577258647748,0.0,79.32810574631208
30.0,2.3,69.0,W0,3.0,0.1,-18.45263515807109,True,17.711431271563974,0.0,87.45263515807109
30.0,2.3,69.0,W1,3.0,0.1,-6.442311628661628,True,10.465146806773316,0.0,75.44231162866163
30.0,2.3,69.0,W0,4.0,0.1,-18.45263515807109,True,17.711431271563974,0.0,87.45263515807109
30.0,2.3,69.0,W1,4.0,0.1,-2.674164569834886,True,6.742462286675347,0.0,71.67416456983489
30.0,2.3,69.0,W0,0.0,0.2,-19.942010158071724,True,18.412337512856826,0.0,88.94201015807172
30.0,2.3,69.0,W1,0.0,0.2,-19.942010158071724,True,18.412337512856826,0.0,88.94201015807172
30.0,2.3,69.0,W0,1.0,0.2,-19.942010158071724,True,18.412337512856826,0.0,88.94201015807172
30.0,2.3,69.0,W1,1.0,0.2,-15.77092192277361,True,16.373932719028144,0.0,84.77092192277361
30.0,2.3,69.0,W0,2.0,0.2,-19.942010158071724,True,18.412337512856826,0.0,88.94201015807172
30.0,2.3,69.0,W1,2.0,0.2,-11.717480746312688,True,14.1137228500282,0.0,80.71748074631269
30.0,2.3,69.0,W0,3.0,0.2,-19.942010158071724,True,18.412337512856826,0.0,88.94201015807172
30.0,2.3,69.0,W1,3.0,0.2,-7.781686628662229,True,11.501681298285687,0.0,76.78168662866223
30.0,2.3,69.0,W0,4.0,0.2,-19.942010158071724,True,18.412337512856826,0.0,88.94201015807172
30.0,2.3,69.0,W1,4.0,0.2,-3.9635395698353477,True,8.208542665251658,0.0,72.96353956983535
30.0,2.3,69.0,W0,0.0,0.3,-21.42430182473892,True,19.0843687613897,0.0,90.42430182473892
30.0,2.3,69.0,W1,0.0,0.3,-21.42430182473892,True,19.0843687613897,0.0,90.42430182473892
30.0,2.3,69.0,W0,1.0,0.3,-21.42430182473892,True,19.0843687613897,0.0,90.42430182473892
30.0,2.3,69.0,W1,1.0,0.3,-17.203213589440722,True,17.101304950810356,0.0,86.20321358944072
30.0,2.3,69.0,W0,2.0,0.3,-21.42430182473892,True,19.0843687613897,0.0,90.42430182473892
30.0,2.3,69.0,W1,2.0,0.3,-13.099772412979931,True,14.923006768770032,0.0,82.09977241297993
30.0,2.3,69.0,W0,3.0,0.3,-21.42430182473892,True,19.0843687613897,0.0,90.42430182473892
30.0,2.3,69.0,W1,3.0,0.3,-9.113978295329431,True,12.447394547481927,0.0,78.11397829532943
30.0,2.3,69.0,W0,4.0,0.3,-21.42430182473892,True,19.0843687613897,0.0,90.42430182473892
30.0,2.3,69.0,W1,4.0,0.3,-5.2458312365024256,True,9.4434702848373,0.0,74.24583123650243
30.0,2.3,69.0,W0,0.0,0.4,-22.899510158072843,True,19.73047573393486,0.0,91.89951015807284
30.0,2.3,69.0,W1,0.0,0.4,-22.899510158072843,True,19.73047573393486,0.0,91.89951015807284
30.0,2.3,69.0,W0,1.0,0.4,-22.899510158072843,True,19.73047573393486,0.0,91.89951015807284
30.0,2.3,69.0,W1,1.0,0.4,-18.628421922774677,True,17.79559419315064,0.0,87.62842192277468
30.0,2.3,69.0,W0,2.0,0.4,-22.899510158072843,True,19.73047573393486,0.0,91.89951015807284
30.0,2.3,69.0,W1,2.0,0.4,-14.47498074631396,True,15.686767439069136,0.0,83.47498074631396
30.0,2.3,69.0,W0,3.0,0.4,-22.899510158072843,True,19.73047573393486,0.0,91.89951015807284
30.0,2.3,69.0,W1,3.0,0.4,-10.439186628663265,True,13.321643017562181,0.0,79.43918662866326
30.0,2.3,69.0,W0,4.0,0.4,-22.899510158072843,True,19.73047573393486,0.0,91.89951015807284
30.0,2.3,69.0,W1,4.0,0.4,-6.521039569836304,True,10.52889703089967,0.0,75.5210395698363
30.0,2.3,69.0,W0,0.0,0.5,-24.367635158073384,True,20.353127466986752,0.0,93.36763515807338
30.0,2.3,69.0,W1,0.0,0.5,-24.367635158073384,True,20.353127466986752,0.0,93.36763515807338
30.0,2.3,69.0,W0,1.0,0.5,-24.367635158073384,True,20.353127466986752,0.0,93.36763515807338
30.0,2.3,69.0,W1,1.0,0.5,-20.04654692277522,True,18.460533515782117,0.0,89.04654692277522
30.0,2.3,69.0,W0,2.0,0.5,-24.367635158073384,True,20.353127466986752,0.0,93.36763515807338
30.0,2.3,69.0,W1,2.0,0.5,-15.843105746314677,True,16.411361847435426,0.0,84.84310574631468
30.0,2.3,69.0,W0,3.0,0.5,-24.367635158073384,True,20.353127466986752,0.0,93.36763515807338
30.0,2.3,69.0,W1,3.0,0.5,-11.757311628663786,True,14.137690677312797,0.0,80.75731162866379
30.0,2.3,69.0,W0,4.0,0.5,-24.367635158073384,True,20.353127466986752,0.0,93.36763515807338
30.0,2.3,69.0,W1,4.0,0.5,-7.789164569836856,True,11.50720633721772,0.0,76.78916456983686
30.0,2.3,69.0,W0,0.0,0.6,-25.828676824740654,True,20.954414952958295,0.0,94.82867682474065
30.0,2.3,69.0,W1,0.0,0.6,-25.828676824740654,True,20.954414952958295,0.0,94.82867682474065
30.0,2.3,69.0,W0,1.0,0.6,-25.828676824740654,True,20.954414952958295,0.0,94.82867682474065
30.0,2.3,69.0,W1,1.0,0.6,-21.45758858944224,True,19.099188622050498,0.0,90.45758858944224
30.0,2.3,69.0,W0,2.0,0.6,-25.828676824740654,True,20.954414952958295,0.0,94.82867682474065
30.0,2.3,69.0,W1,2.0,0.6,-17.20414741298177,True,17.10176909038385,0.0,86.20414741298177
30.0,2.3,69.0,W0,3.0,0.6,-25.828676824740654,True,20.954414952958295,0.0,94.82867682474065
30.0,2.3,69.0,W1,3.0,0.6,-13.068353295331022,True,14.905100000359768,0.0,82.06835329533102
30.0,2.3,69.0,W0,4.0,0.6,-25.828676824740654,True,20.954414952958295,0.0,94.82867682474065
30.0,2.3,69.0,W1,4.0,0.6,-9.050206236503882,True,12.403769831008972,0.0,78.05020623650388
30.0,2.3,69.0,W0,0.0,0.7,-27.28263515807471,True,21.53612773196357,0.0,96.28263515807471
30.0,2.3,69.0,W1,0.0,0.7,-27.28263515807471,True,21.53612773196357,0.0,96.28263515807471
30.0,2.3,69.0,W0,1.0,0.7,-27.28263515807471,True,21.53612773196357,0.0,96.28263515807471
30.0,2.3,69.0,W1,1.0,0.7,-22.8615469227761,True,19.714114174553902,0.0,91.8615469227761
30.0,2.3,69.0,W0,2.0,0.7,-27.28263515807471,True,21.53612773196357,0.0,96.28263515807471
30.0,2.3,69.0,W1,2.0,0.7,-18.558105746315704,True,17.76197617630127,0.0,87.5581057463157
30.0,2.3,69.0,W0,3.0,0.7,-27.28263515807471,True,21.53612773196357,0.0,96.28263515807471
30.0,2.3,69.0,W1,3.0,0.7,-14.372311628664875,True,15.631036359992422,0.0,83.37231162866487
30.0,2.3,69.0,W0,4.0,0.7,-27.28263515807471,True,21.53612773196357,0.0,96.28263515807471
30.0,2.3,69.0,W1,4.0,0.7,-10.304164569837596,True,13.235210526747451,0.0,79.3041645698376
30.0,2.4,72.0,W0,0.0,0.0,-13.941176470570483,True,15.39480431833409,0.0,85.94117647057048
30.0,2.4,72.0,W1,0.0,0.0,-13.941176470570483,True,15.39480431833409,0.0,85.94117647057048
30.0,2.4,72.0,W0,1.0,0.0,-13.941176470570483,True,15.39480431833409,0.0,85.94117647057048
30.0,2.4,72.0,W1,1.0,0.0,-9.870588235272564,True,12.953763931758173,0.0,81.87058823527256
30.0,2.4,72.0,W0,2.0,0.0,-13.941176470570483,True,15.39480431833409,0.0,85.94117647057048
30.0,2.4,72.0,W1,2.0,0.0,-5.91764705881144,True,10.029955134488983,0.0,77.91764705881144
30.0,2.4,72.0,W0,3.0,0.0,-13.941176470570483,True,15.39480431833409,0.0,85.94117647057048
30.0,2.4,72.0,W1,3.0,0.0,-2.0823529411612327,True,5.949789912239053,0.0,74.08235294116123
30.0,2.4,72.0,W0,4.0,0.0,-13.941176470570483,True,15.39480431833409,0.0,85.94117647057048
30.0,2.4,72.0,W1,4.0,0.0,1.6352941176654099,False,,0.6203026003637122,70.36470588233459
30.0,2.4,72.0,W0,0.0,0.1,-15.45263515807109,True,16.207862218297493,0.0,87.45263515807109
30.0,2.4,72.0,W1,0.0,0.1,-15.45263515807109,True,16.207862218297493,0.0,87.45263515807109
30.0,2.4,72.0,W0,1.0,0.1,-15.45263515807109,True,16.207862218297493,0.0,87.45263515807109
30.0,2.4,72.0,W1,1.0,0.1,-11.331546922773086,True,13.87934788407703,0.0,83.33154692277309
30.0,2.4,72.0,W0,2.0,0.1,-15.45263515807109,True,16.207862218297493,0.0,87.45263515807109
30.0,2.4,72.0,W1,2.0,0.1,-7.328105746312076,True,11.161442455497397,0.0,79.32810574631208
30.0,2.4,72.0,W0,3.0,0.1,-15.45263515807109,True,16.207862218297493,0.0,87.45263515807109
30.0,2.4,72.0,W1,3.0,0.1,-3.4423116286616278,True,7.649790695653078,0.0,75.44231162866163
30.0,2.4,72.0,W0,4.0,0.1,-15.45263515807109,True,16.207862218297493,0.0,87.45263515807109
30.0,2.4,72.0,W1,4.0,0.1,0.32583543016511385,False,,0.2768886944605256,71.67416456983489
30.0,2.4,72.0,W0,0.0,0.2,-16.942010158071724,True,16.970980310145205,0.0,88.94201015807172
30.0,2.4,72.0,W1,0.0,0.2,-16.942010158071724,True,16.970980310145205,0.0,88.94201015807172
30.0,2.4,72.0,W0,1.0,0.2,-16.942010158071724,True,16.970980310145205,0.0,88.94201015807172
30.0,2.4,72.0,W1,1.0,0.2,-12.77092192277361,True,14.73450619081779,0.0,84.77092192277361
30.0,2.4,72.0,W0,2.0,0.2,-16.942010158071724,True,16.970980310145205,0.0,88.94201015807172
30.0,2.4,72.0,W1,2.0,0.2,-8.717480746312688,True,12.17362611087578,0.0,80.71748074631269
30.0,2.4,72.0,W0,3.0,0.2,-16.942010158071724,True,16.970980310145205,0.0,88.94201015807172
30.0,2.4,72.0,W1,3.0,0.2,-4.781686628662229,True,9.016023108184603,0.0,76.78168662866223
30.0,2.4,72.0,W0,4.0,0.2,-16.942010158071724,True,16.970980310145205,0.0,88.94201015807172
30.0,2.4,72.0,W1,4.0,0.2,-0.9635395698353477,True,4.047242602961839,0.0,72.96353956983535
30.0,2.4,72.0,W0,0.0,0.3,-18.42430182473892,True,17.6978284266937,0.0,90.42430182473892
30.0,2.4,72.0,W1,0.0,0.3,-18.42430182473892,True,17.6978284266937,0.0,90.42430182473892
30.0,2.4,72.0,W0,1.0,0.3,-18.42430182473892,True,17.6978284266937,0.0,90.42430182473892
30.0,2.4,72.0,W1,1.0,0.3,-14.203213589440722,True,15.538810476371522,0.0,86.20321358944072
30.0,2.4,72.0,W0,2.0,0.3,-18.42430182473892,True,17.6978284266937,0.0,90.42430182473892
30.0,2.4,72.0,W1,2.0,0.3,-10.099772412979931,True,13.1032870311516,0.0,82.09977241297993
30.0,2.4,72.0,W0,3.0,0.3,-18.42430182473892,True,17.6978284266937,0.0,90.42430182473892
30.0,2.4,72.0,W1,3.0,0.3,-6.1139782953294315,True,10.19498067779775,0.0,78.11397829532943
30.0,2.4,72.0,W0,4.0,0.3,-18.42430182473892,True,17.6978284266937,0.0,90.42430182473892
30.0,2.4,72.0,W1,4.0,0.3,-2.2458312365024256,True,6.178926364716085,0.0,74.24583123650243
30.0,2.4,72.0,W0,0.0,0.4,-19.899510158072843,True,18.39270705163799,0.0,91.89951015807284
30.0,2.4,72.0,W1,0.0,0.4,-19.899510158072843,True,18.39270705163799,0.0,91.89951015807284
30.0,2.4,72.0,W0,1.0,0.4,-19.899510158072843,True,18.39270705163799,0.0,91.89951015807284
30.0,2.4,72.0,W1,1.0,0.4,-15.628421922774677,True,16.29979057188396,0.0,87.62842192277468
30.0,2.4,72.0,W0,2.0,0.4,-19.899510158072843,True,18.39270705163799,0.0,91.89951015807284
30.0,2.4,72.0,W1,2.0,0.4,-11.47498074631396,True,13.966913498959943,0.0,83.47498074631396
30.0,2.4,72.0,W0,3.0,0.4,-19.899510158072843,True,18.39270705163799,0.0,91.89951015807284
30.0,2.4,72.0,W1,3.0,0.4,-7.439186628663265,True,11.245717971181314,0.0,79.43918662866326
30.0,2.4,72.0,W0,4.0,0.4,-19.899510158072843,True,18.39270705163799,0.0,91.89951015807284
30.0,2.4,72.0,W1,4.0,0.4,-3.5210395698363044,True,7.736774049128637,0.0,75.5210395698363
30.0,2.4,72.0,W0,0.0,0.5,-21.367635158073384,True,19.05911324504351,0.0,93.36763515807338
30.0,2.4,72.0,W1,0.0,0.5,-21.367635158073384,True,19.05911324504351,0.0,93.36763515807338
30.0,2.4,72.0,W0,1.0,0.5,-21.367635158073384,True,19.05911324504351,0.0,93.36763515807338
30.0,2.4,72.0,W1,1.0,0.5,-17.04654692277522,True,17.023257552163646,0.0,89.04654692277522
30.0,2.4,72.0,W0,2.0,0.5,-21.367635158073384,True,19.05911324504351,0.0,93.36763515807338
30.0,2.4,72.0,W1,2.0,0.5,-12.843105746314677,True,14.776088714116693,0.0,84.84310574631468
30.0,2.4,72.0,W0,3.0,0.5,-21.367635158073384,True,19.05911324504351,0.0,93.36763515807338
30.0,2.4,72.0,W1,3.0,0.5,-8.757311628663786,True,12.201405561957426,0.0,80.75731162866379
30.0,2.4,72.0,W0,4.0,0.5,-21.367635158073384,True,19.05911324504351,0.0,93.36763515807338
30.0,2.4,72.0,W1,4.0,0.5,-4.789164569836856,True,9.023070302690082,0.0,76.78916456983686
30.0,2.4,72.0,W0,0.0,0.6,-22.828676824740654,True,19.699936700932426,0.0,94.82867682474065
30.0,2.4,72.0,W1,0.0,0.6,-22.828676824740654,True,19.699936700932426,0.0,94.82867682474065
30.0,2.4,72.0,W0,1.0,0.6,-22.828676824740654,True,19.699936700932426,0.0,94.82867682474065
30.0,2.4,72.0,W1,1.0,0.6,-18.45758858944224,True,17.713808343228845,0.0,90.45758858944224
30.0,2.4,72.0,W0,2.0,0.6,-22.828676824740654,True,19.699936700932426,0.0,94.82867682474065
30.0,2.4,72.0,W1,2.0,0.6,-14.204147412981769,True,15.539321285718739,0.0,86.20414741298177
30.0,2.4,72.0,W0,3.0,0.6,-22.828676824740654,True,19.699936700932426,0.0,94.82867682474065
30.0,2.4,72.0,W1,3.0,0.6,-10.068353295331022,True,13.082889819176582,0.0,82.06835329533102
30.0,2.4,72.0,W0,4.0,0.6,-22.828676824740654,True,19.699936700932426,0.0,94.82867682474065
30.0,2.4,72.0,W1,4.0,0.6,-6.0502062365038825,True,10.1416717566994,0.0,78.05020623650388
30.0,2.4,72.0,W0,0.0,0.7,-24.28263515807471,True,20.31759822635128,0.0,96.28263515807471
30.0,2.4,72.0,W1,0.0,0.7,-24.28263515807471,True,20.31759822635128,0.0,96.28263515807471
30.0,2.4,72.0,W0,1.0,0.7,-24.28263515807471,True,20.31759822635128,0.0,96.28263515807471
30.0,2.4,72.0,W1,1.0,0.7,-19.8615469227761,True,18.375154358190542,0.0,91.8615469227761
30.0,2.4,72.0,W0,2.0,0.7,-24.28263515807471,True,20.31759822635128,0.0,96.28263515807471
30.0,2.4,72.0,W1,2.0,0.7,-15.558105746315704,True,16.263080817836276,0.0,87.5581057463157
30.0,2.4,72.0,W0,3.0,0.7,-24.28263515807471,True,20.31759822635128,0.0,96.28263515807471
30.0,2.4,72.0,W1,3.0,0.7,-11.372311628664875,True,13.904290621509409,0.0,83.37231162866487
30.0,2.4,72.0,W0,4.0,0.7,-24.28263515807471,True,20.31759822635128,0.0,96.28263515807471
30.0,2.4,72.0,W1,4.0,0.7,-7.304164569837596,True,11.143195129194929,0.0,79.3041645698376
30.0,2.5,75.0,W0,0.0,0.0,-10.941176470570483,True,13.638181696978057,0.0,85.94117647057048
30.0,2.5,75.0,W1,0.0,0.0,-10.941176470570483,True,13.638181696978057,0.0,85.94117647057048
30.0,2.5,75.0,W0,1.0,0.0,-10.941176470570483,True,13.638181696978057,0.0,85.94117647057048
30.0,2.5,75.0,W1,1.0,0.0,-6.870588235272564,True,10.80740486887141,0.0,81.87058823527256
30.0,2.5,75.0,W0,2.0,0.0,-10.941176470570483,True,13.638181696978057,0.0,85.94117647057048
30.0,2.5,75.0,W1,2.0,0.0,-2.91764705881144,True,7.042726744652458,0.0,77.91764705881144
30.0,2.5,75.0,W0,3.0,0.0,-10.941176470570483,True,13.638181696978057,0.0,85.94117647057048
30.0,2.5,75.0,W1,3.0,0.0,0.9176470588387673,False,,0.46466869301257113,74.08235294116123
30.0,2.5,75.0,W0,4.0,0.0,-10.941176470570483,True,13.638181696978057,0.0,85.94117647057048
30.0,2.5,75.0,W1,4.0,0.0,4.63529411766541,False,,1.0443455691943282,70.36470588233459
30.0,2.5,75.0,W0,0.0,0.1,-12.45263515807109,True,14.549735313307393,0.0,87.45263515807109
30.0,2.5,75.0,W1,0.0,0.1,-12.45263515807109,True,14.549735313307393,0.0,87.45263515807109
30.0,2.5,75.0,W0,1.0,0.1,-12.45263515807109,True,14.549735313307393,0.0,87.45263515807109
30.0,2.5,75.0,W1,1.0,0.1,-8.331546922773086,True,11.901104893547553,0.0,83.33154692277309
30.0,2.5,75.0,W0,2.0,0.1,-12.45263515807109,True,14.549735313307393,0.0,87.45263515807109
30.0,2.5,75.0,W1,2.0,0.1,-4.328105746312076,True,8.577750153004198,0.0,79.32810574631208
30.0,2.5,75.0,W0,3.0,0.1,-12.45263515807109,True,14.549735313307393,0.0,87.45263515807109
30.0,2.5,75.0,W1,3.0,0.1,-0.44231162866162776,True,2.742133783619394,0.0,75.44231162866163
30.0,2.5,75.0,W0,4.0,0.1,-12.45263515807109,True,14.549735313307393,0.0,87.45263515807109
30.0,2.5,75.0,W1,4.0,0.1,3.325835430165114,False,,0.8846183357189001,71.67416456983489
30.0,2.5,75.0,W0,0.0,0.2,-13.942010158071724,True,15.395264618944363,0.0,88.94201015807172
30.0,2.5,75.0,W1,0.0,0.2,-13.942010158071724,True,15.395264618944363,0.0,88.94201015807172
30.0,2.5,75.0,W0,1.0,0.2,-13.942010158071724,True,15.395264618944363,0.0,88.94201015807172
30.0,2.5,75.0,W1,1.0,0.2,-9.77092192277361,True,12.888198969880817,0.0,84.77092192277361
30.0,2.5,75.0,W0,2.0,0.2,-13.942010158071724,True,15.395264618944363,0.0,88.94201015807172
30.0,2.5,75.0,W1,2.0,0.2,-5.717480746312688,True,9.858862646744901,0.0,80.71748074631269
30.0,2.5,75.0,W0,3.0,0.2,-13.942010158071724,True,15.395264618944363,0.0,88.94201015807172
30.0,2.5,75.0,W1,3.0,0.2,-1.7816866286622286,True,5.503514575913838,0.0,76.78168662866223
30.0,2.5,75.0,W0,4.0,0.2,-13.942010158071724,True,15.395264618944363,0.0,88.94201015807172
30.0,2.5,75.0,W1,4.0,0.2,2.0364604301646523,False,,0.6922190195021388,72.96353956983535
30.0,2.5,75.0,W0,0.0,0.3,-15.424301824738919,True,16.192996357088102,0.0,90.42430182473892
30.0,2.5,75.0,W1,0.0,0.3,-15.424301824738919,True,16.192996357088102,0.0,90.42430182473892
30.0,2.5,75.0,W0,1.0,0.3,-15.424301824738919,True,16.192996357088102,0.0,90.42430182473892
30.0,2.5,75.0,W1,1.0,0.3,-11.203213589440722,True,13.800530099260065,0.0,86.20321358944072
30.0,2.5,75.0,W0,2.0,0.3,-15.424301824738919,True,16.192996357088102,0.0,90.42430182473892
30.0,2.5,75.0,W1,2.0,0.3,-7.099772412979931,True,10.986179091054927,0.0,82.09977241297993
30.0,2.5,75.0,W0,3.0,0.3,-15.424301824738919,True,16.192996357088102,0.0,90.42430182473892
30.0,2.5,75.0,W1,3.0,0.3,-3.1139782953294315,True,7.27582510926772,0.0,78.11397829532943
30.0,2.5,75.0,W0,4.0,0.3,-15.424301824738919,True,16.192996357088102,0.0,90.42430182473892
30.0,2.5,75.0,W1,4.0,0.3,0.7541687634975744,False,,0.42124990110967947,74.24583123650243
30.0,2.5,75.0,W0,0.0,0.4,-16.899510158072843,True,16.949680607237273,0.0,91.89951015807284
30.0,2.5,75.0,W1,0.0,0.4,-16.899510158072843,True,16.949680607237273,0.0,91.89951015807284
30.0,2.5,75.0,W0,1.0,0.4,-16.899510158072843,True,16.949680607237273,0.0,91.89951015807284
30.0,2.5,75.0,W1,1.0,0.4,-12.628421922774677,True,14.652070593853457,0.0,87.62842192277468
30.0,2.5,75.0,W0,2.0,0.4,-16.899510158072843,True,16.949680607237273,0.0,91.89951015807284
30.0,2.5,75.0,W1,2.0,0.4,-8.47498074631396,True,12.003110958723036,0.0,83.47498074631396
30.0,2.5,75.0,W0,3.0,0.4,-16.899510158072843,True,16.949680607237273,0.0,91.89951015807284
30.0,2.5,75.0,W1,3.0,0.4,-4.439186628663265,True,8.687126837299784,0.0,79.43918662866326
30.0,2.5,75.0,W0,4.0,0.4,-16.899510158072843,True,16.949680607237273,0.0,91.89951015807284
30.0,2.5,75.0,W1,4.0,0.4,-0.5210395698363044,True,2.976184249544715,0.0,75.5210395698363
30.0,2.5,75.0,W0,0.0,0.5,-18.367635158073384,True,17.67059132251588,0.0,93.36763515807338
30.0,2.5,75.0,W1,0.0,0.5,-18.367635158073384,True,17.67059132251588,0.0,93.36763515807338
30.0,2.5,75.0,W0,1.0,0.5,-18.367635158073384,True,17.67059132251588,0.0,93.36763515807338
30.0,2.5,75.0,W1,1.0,0.5,-14.04654692277522,True,15.452873444355902,0.0,89.04654692277522
30.0,2.5,75.0,W0,2.0,0.5,-18.367635158073384,True,17.67059132251588,0.0,93.36763515807338
30.0,2.5,75.0,W1,2.0,0.5,-9.843105746314677,True,12.935717903828715,0.0,84.84310574631468
30.0,2.5,75.0,W0,3.0,0.5,-18.367635158073384,True,17.67059132251588,0.0,93.36763515807338
30.0,2.5,75.0,W1,3.0,0.5,-5.7573116286637855,True,9.893143973851332,0.0,80.75731162866379
30.0,2.5,75.0,W0,4.0,0.5,-18.367635158073384,True,17.67059132251588,0.0,93.36763515807338
30.0,2.5,75.0,W1,4.0,0.5,-1.7891645698368563,True,5.515051920631827,0.0,76.78916456983686
30.0,2.5,75.0,W0,0.0,0.6,-19.828676824740654,True,18.35994297433209,0.0,94.82867682474065
30.0,2.5,75.0,W1,0.0,0.6,-19.828676824740654,True,18.35994297433209,0.0,94.82867682474065
30.0,2.5,75.0,W0,1.0,0.6,-19.828676824740654,True,18.35994297433209,0.0,94.82867682474065
30.0,2.5,75.0,W1,1.0,0.6,-15.457588589442238,True,16.210459772030678,0.0,90.45758858944224
30.0,2.5,75.0,W0,2.0,0.6,-19.828676824740654,True,18.35994297433209,0.0,94.82867682474065
30.0,2.5,75.0,W1,2.0,0.6,-11.204147412981769,True,13.80110524634824,0.0,86.20414741298177
30.0,2.5,75.0,W0,3.0,0.6,-19.828676824740654,True,18.35994297433209,0.0,94.82867682474065
30.0,2.5,75.0,W1,3.0,0.6,-7.068353295331022,True,10.96184318537265,0.0,82.06835329533102
30.0,2.5,75.0,W0,4.0,0.6,-19.828676824740654,True,18.35994297433209,0.0,94.82867682474065
30.0,2.5,75.0,W1,4.0,0.6,-3.0502062365038825,True,7.2009378570166325,0.0,78.05020623650388
30.0,2.5,75.0,W0,0.0,0.7,-21.28263515807471,True,19.02116709582812,0.0,96.28263515807471
30.0,2.5,75.0,W1,0.0,0.7,-21.28263515807471,True,19.02116709582812,0.0,96.28263515807471
30.0,2.5,75.0,W0,1.0,0.7,-21.28263515807471,True,19.02116709582812,0.0,96.28263515807471
30.0,2.5,75.0,W1,1.0,0.7,-16.8615469227761,True,16.930631934080598,0.0,91.8615469227761
30.0,2.5,75.0,W0,2.0,0.7,-21.28263515807471,True,19.02116709582812,0.0,96.28263515807471
30.0,2.5,75.0,W1,2.0,0.7,-12.558105746315704,True,14.611221635697088,0.0,87.5581057463157
30.0,2.5,75.0,W0,3.0,0.7,-21.28263515807471,True,19.02116709582812,0.0,96.28263515807471
30.0,2.5,75.0,W1,3.0,0.7,-8.372311628664875,True,11.930184310704606,0.0,83.37231162866487
30.0,2.5,75.0,W0,4.0,0.7,-21.28263515807471,True,19.02116709582812,0.0,96.28263515807471
30.0,2.5,75.0,W1,4.0,0.7,-4.304164569837596,True,8.553993084361105,0.0,79.3041645698376
30.0,2.6,78.0,W0,0.0,0.0,-7.941176470570483,True,11.618950038612565,0.0,85.94117647057048
30.0,2.6,78.0,W1,0.0,0.0,-7.941176470570483,True,11.618950038612565,0.0,85.94117647057048
30.0,2.6,78.0,W0,1.0,0.0,-7.941176470570483,True,11.618950038612565,0.0,85.94117647057048
30.0,2.6,78.0,W1,1.0,0.0,-3.870588235272564,True,8.111719916250093,0.0,81.87058823527256
30.0,2.6,78.0,W0,2.0,0.0,-7.941176470570483,True,11.618950038612565,0.0,85.94117647057048
30.0,2.6,78.0,W1,2.0,0.0,0.08235294118856018,False,,0.13920190275820848,77.91764705881144
30.0,2.6,78.0,W0,3.0,0.0,-7.941176470570483,True,11.618950038612565,0.0,85.94117647057048
30.0,2.6,78.0,W1,3.0,0.0,3.9176470588387673,False,,0.96010387065311,74.08235294116123
30.0,2.6,78.0,W0,4.0,0.0,-7.941176470570483,True,11.618950038612565,0.0,85.94117647057048
30.0,2.6,78.0,W1,4.0,0.0,7.63529411766541,False,,1.3403507063274422,70.36470588233459
30.0,2.6,78.0,W0,0.0,0.1,-9.45263515807109,True,12.676545179475854,0.0,87.45263515807109
30.0,2.6,78.0,W1,0.0,0.1,-9.45263515807109,True,12.676545179475854,0.0,87.45263515807109
30.0,2.6,78.0,W0,1.0,0.1,-9.45263515807109,True,12.676545179475854,0.0,87.45263515807109
30.0,2.6,78.0,W1,1.0,0.1,-5.331546922773086,True,9.520309747440303,0.0,83.33154692277309
30.0,2.6,78.0,W0,2.0,0.1,-9.45263515807109,True,12.676545179475854,0.0,87.45263515807109
30.0,2.6,78.0,W1,2.0,0.1,-1.328105746312076,True,4.751610010021749,0.0,79.32810574631208
30.0,2.6,78.0,W0,3.0,0.1,-9.45263515807109,True,12.676545179475854,0.0,87.45263515807109
30.0,2.6,78.0,W1,3.0,0.1,2.5576883713383722,False,,0.7757635409183485,75.44231162866163
30.0,2.6,78.0,W0,4.0,0.1,-9.45263515807109,True,12.676545179475854,0.0,87.45263515807109
30.0,2.6,78.0,W1,4.0,0.1,6.325835430165114,False,,1.2200130992276843,71.67416456983489
30.0,2.6,78.0,W0,0.0,0.2,-10.942010158071724,True,13.638701283014806,0.0,88.94201015807172
30.0,2.6,78.0,W1,0.0,0.2,-10.942010158071724,True,13.638701283014806,0.0,88.94201015807172
30.0,2.6,78.0,W0,1.0,0.2,-10.942010158071724,True,13.638701283014806,0.0,88.94201015807172
30.0,2.6,78.0,W1,1.0,0.2,-6.77092192277361,True,10.728731177880439,0.0,84.77092192277361
30.0,2.6,78.0,W0,2.0,0.2,-10.942010158071724,True,13.638701283014806,0.0,88.94201015807172
30.0,2.6,78.0,W1,2.0,0.2,-2.717480746312688,True,6.796850203392969,0.0,80.71748074631269
30.0,2.6,78.0,W0,3.0,0.2,-10.942010158071724,True,13.638701283014806,0.0,88.94201015807172
30.0,2.6,78.0,W1,3.0,0.2,1.2183133713377714,False,,0.5354084061822845,76.78168662866223
30.0,2.6,78.0,W0,4.0,0.2,-10.942010158071724,True,13.638701283014806,0.0,88.94201015807172
30.0,2.6,78.0,W1,4.0,0.2,5.036460430164652,False,,1.0885998297450392,72.96353956983535
30.0,2.6,78.0,W0,0.0,0.3,-12.424301824738919,True,14.533173466956805,0.0,90.42430182473892
30.0,2.6,78.0,W1,0.0,0.3,-12.424301824738919,True,14.533173466956805,0.0,90.42430182473892
30.0,2.6,78.0,W0,1.0,0.3,-12.424301824738919,True,14.533173466956805,0.0,90.42430182473892
30.0,2.6,78.0,W1,1.0,0.3,-8.203213589440722,True,11.809091032783625,0.0,86.20321358944072
30.0,2.6,78.0,W0,2.0,0.3,-12.424301824738919,True,14.533173466956805,0.0,90.42430182473892
30.0,2.6,78.0,W1,2.0,0.3,-4.099772412979931,True,8.348420869884022,0.0,82.09977241297993
30.0,2.6,78.0,W0,3.0,0.3,-12.424301824738919,True,14.533173466956805,0.0,90.42430182473892
30.0,2.6,78.0,W1,3.0,0.3,-0.11397829532943149,True,1.3919881539045058,0.0,78.11397829532943
30.0,2.6,78.0,W0,4.0,0.3,-12.424301824738919,True,14.533173466956805,0.0,90.42430182473892
30.0,2.6,78.0,W1,4.0,0.3,3.7541687634975744,False,,0.9398585228297308,74.24583123650243
30.0,2.6,78.0,W0,0.0,0.4,-13.899510158072843,True,15.371781701785231,0.0,91.89951015807284
30.0,2.6,78.0,W1,0.0,0.4,-13.899510158072843,True,15.371781701785231,0.0,91.89951015807284
30.0,2.6,78.0,W0,1.0,0.4,-13.899510158072843,True,15.371781701785231,0.0,91.89951015807284
30.0,2.6,78.0,W1,1.0,0.4,-9.628421922774677,True,12.793872466429162,0.0,87.62842192277468
30.0,2.6,78.0,W0,2.0,0.4,-13.899510158072843,True,15.371781701785231,0.0,91.89951015807284
30.0,2.6,78.0,W1,2.0,0.4,-5.47498074631396,True,9.64752158263471,0.0,83.47498074631396
30.0,2.6,78.0,W0,3.0,0.4,-13.899510158072843,True,15.371781701785231,0.0,91.89951015807284
30.0,2.6,78.0,W1,3.0,0.4,-1.4391866286632649,True,4.946329213397518,0.0,79.43918662866326
30.0,2.6,78.0,W0,4.0,0.4,-13.899510158072843,True,15.371781701785231,0.0,91.89951015807284
30.0,2.6,78.0,W1,4.0,0.4,2.4789604301636956,False,,0.7637309559610058,75.5210395698363
30.0,2.6,78.0,W0,0.0,0.5,-15.367635158073384,True,16.163223616820826,0.0,93.36763515807338
30.0,2.6,78.0,W1,0.0,0.5,-15.367635158073384,True,16.163223616820826,0.0,93.36763515807338
30.0,2.6,78.0,W0,1.0,0.5,-15.367635158073384,True,16.163223616820826,0.0,93.36763515807338
30.0,2.6,78.0,W1,1.0,0.5,-11.04654692277522,True,13.703696497196283,0.0,89.04654692277522
30.0,2.6,78.0,W0,2.0,0.5,-15.367635158073384,True,16.163223616820826,0.0,93.36763515807338
30.0,2.6,78.0,W1,2.0,0.5,-6.843105746314677,True,10.785768293794435,0.0,84.84310574631468
30.0,2.6,78.0,W0,3.0,0.5,-15.367635158073384,True,16.163223616820826,0.0,93.36763515807338
30.0,2.6,78.0,W1,3.0,0.5,-2.7573116286637855,True,6.846480678957034,0.0,80.75731162866379
30.0,2.6,78.0,W0,4.0,0.5,-15.367635158073384,True,16.163223616820826,0.0,93.36763515807338
30.0,2.6,78.0,W1,4.0,0.5,1.2108354301631437,False,,0.5337627254208883,76.78916456983686
30.0,2.6,78.0,W0,0.0,0.6,-16.828676824740654,True,16.914121497160505,0.0,94.82867682474065
30.0,2.6,78.0,W1,0.0,0.6,-16.828676824740654,True,16.914121497160505,0.0,94.82867682474065
30.0,2.6,78.0,W0,1.0,0.6,-16.828676824740654,True,16.914121497160505,0.0,94.82867682474065
30.0,2.6,78.0,W1,1.0,0.6,-12.457588589442238,True,14.552628835389632,0.0,90.45758858944224
30.0,2.6,78.0,W0,2.0,0.6,-16.828676824740654,True,16.914121497160505,0.0,94.82867682474065
30.0,2.6,78.0,W1,2.0,0.6,-8.204147412981769,True,11.809763165312381,0.0,86.20414741298177
30.0,2.6,78.0,W0,3.0,0.6,-16.828676824740654,True,16.914121497160505,0.0,94.82867682474065
30.0,2.6,78.0,W1,3.0,0.6,-4.068353295331022,True,8.316369762142834,0.0,82.06835329533102
30.0,2.6,78.0,W0,4.0,0.6,-16.828676824740654,True,16.914121497160505,0.0,94.82867682474065
30.0,2.6,78.0,W1,4.0,0.6,-0.05020623650388245,True,0.9238538956851198,0.0,78.05020623650388
30.0,2.6,78.0,W0,0.0,0.7,-18.28263515807471,True,17.629656766012076,0.0,96.28263515807471
30.0,2.6,78.0,W1,0.0,0.7,-18.28263515807471,True,17.629656766012076,0.0,96.28263515807471
30.0,2.6,78.0,W0,1.0,0.7,-18.28263515807471,True,17.629656766012076,0.0,96.28263515807471
30.0,2.6,78.0,W1,1.0,0.7,-13.8615469227761,True,15.350775149395378,0.0,91.8615469227761
30.0,2.6,78.0,W0,2.0,0.7,-18.28263515807471,True,17.629656766012076,0.0,96.28263515807471
30.0,2.6,78.0,W1,2.0,0.7,-9.558105746315704,True,12.74707016092135,0.0,87.5581057463157
30.0,2.6,78.0,W0,3.0,0.7,-18.28263515807471,True,17.629656766012076,0.0,96.28263515807471
30.0,2.6,78.0,W1,3.0,0.7,-5.372311628664875,True,9.55663631657955,0.0,83.37231162866487
30.0,2.6,78.0,W0,4.0,0.7,-18.28263515807471,True,17.629656766012076,0.0,96.28263515807471
30.0,2.6,78.0,W1,4.0,0.7,-1.3041645698375959,True,4.708587653136792,0.0,79.3041645698376
30.0,2.8,84.0,W0,0.0,0.0,-1.9411764705704826,True,5.744562646515162,0.0,85.94117647057048
30.0,2.8,84.0,W1,0.0,0.0,-1.9411764705704826,True,5.744562646515162,0.0,85.94117647057048
30.0,2.8,84.0,W0,1.0,0.0,-1.9411764705704826,True,5.744562646515162,0.0,85.94117647057048
30.0,2.8,84.0,W1,1.0,0.0,2.129411764727436,False,,0.7078404255350942,81.87058823527256
30.0,2.8,84.0,W0,2.0,0.0,-1.9411764705704826,True,5.744562646515162,0.0,85.94117647057048
30.0,2.8,84.0,W1,2.0,0.0,6.08235294118856,False,,1.1963034326751343,77.91764705881144
30.0,2.8,84.0,W0,3.0,0.0,-1.9411764705704826,True,5.744562646515162,0.0,85.94117647057048
30.0,2.8,84.0,W1,3.0,0.0,9.917647058838767,False,,1.5276007432518348,74.08235294116123
30.0,2.8,84.0,W0,4.0,0.0,-1.9411764705704826,True,5.744562646515162,0.0,85.94117647057048
30.0,2.8,84.0,W1,4.0,0.0,13.63529411766541,False,,1.7911740901335218,70.36470588233459
30.0,2.8,84.0,W0,0.0,0.1,-3.4526351580710894,True,7.661253010262801,0.0,87.45263515807109
30.0,2.8,84.0,W1,0.0,0.1,-3.4526351580710894,True,7.661253010262801,0.0,87.45263515807109
30.0,2.8,84.0,W0,1.0,0.1,-3.4526351580710894,True,7.661253010262801,0.0,87.45263515807109
30.0,2.8,84.0,W1,1.0,0.1,0.6684530772269142,False,,0.39658943814136643,83.33154692277309
30.0,2.8,84.0,W0,2.0,0.1,-3.4526351580710894,True,7.661253010262801,0.0,87.45263515807109
30.0,2.8,84.0,W1,2.0,0.1,4.671894253687924,False,,1.0484604240886182,79.32810574631208
30.0,2.8,84.0,W0,3.0,0.1,-3.4526351580710894,True,7.661253010262801,0.0,87.45263515807109
30.0,2.8,84.0,W1,3.0,0.1,8.557688371338372,False,,1.4190044875125005,75.44231162866163
30.0,2.8,84.0,W0,4.0,0.1,-3.4526351580710894,True,7.661253010262801,0.0,87.45263515807109
30.0,2.8,84.0,W1,4.0,0.1,12.325835430165114,False,,1.7029963825056516,71.67416456983489
30.0,2.8,84.0,W0,0.0,0.2,-4.942010158071724,True,9.165924540780443,0.0,88.94201015807172
30.0,2.8,84.0,W1,0.0,0.2,-4.942010158071724,True,9.165924540780443,0.0,88.94201015807172
30.0,2.8,84.0,W0,1.0,0.2,-4.942010158071724,True,9.165924540780443,0.0,88.94201015807172
30.0,2.8,84.0,W1,1.0,0.2,-0.7709219227736099,True,3.620175781253907,0.0,84.77092192277361
30.0,2.8,84.0,W0,2.0,0.2,-4.942010158071724,True,9.165924540780443,0.0,88.94201015807172
30.0,2.8,84.0,W1,2.0,0.2,3.282519253687312,False,,0.8788387339748733,80.71748074631269
30.0,2.8,84.0,W0,3.0,0.2,-4.942010158071724,True,9.165924540780443,0.0,88.94201015807172
30.0,2.8,84.0,W1,3.0,0.2,7.218313371337771,False,,1.3032370262531214,76.78168662866223
30.0,2.8,84.0,W0,4.0,0.2,-4.942010158071724,True,9.165924540780443,0.0,88.94201015807172
30.0,2.8,84.0,W1,4.0,0.2,11.036460430164652,False,,1.611463384138889,72.96353956983535
30.0,2.8,84.0,W0,0.0,0.3,-6.424301824738919,True,10.450508648895129,0.0,90.42430182473892
30.0,2.8,84.0,W1,0.0,0.3,-6.424301824738919,True,10.450508648895129,0.0,90.42430182473892
30.0,2.8,84.0,W0,1.0,0.3,-6.424301824738919,True,10.450508648895129,0.0,90.42430182473892
30.0,2.8,84.0,W1,1.0,0.3,-2.203213589440722,True,6.120018874197616,0.0,86.20321358944072
30.0,2.8,84.0,W0,2.0,0.3,-6.424301824738919,True,10.450508648895129,0.0,90.42430182473892
30.0,2.8,84.0,W1,2.0,0.3,1.900227587020069,False,,0.6686646211835313,82.09977241297993
30.0,2.8,84.0,W0,3.0,0.3,-6.424301824738919,True,10.450508648895129,0.0,90.42430182473892
30.0,2.8,84.0,W1,3.0,0.3,5.8860217046705685,False,,1.1768374149329623,78.11397829532943
30.0,2.8,84.0,W0,4.0,0.3,-6.424301824738919,True,10.450508648895129,0.0,90.42430182473892
30.0,2.8,84.0,W1,4.0,0.3,9.754168763497574,False,,1.5149583050286688,74.24583123650243
30.0,2.8,84.0,W0,0.0,0.4,-7.899510158072843,True,11.588428395917889,0.0,91.89951015807284
30.0,2.8,84.0,W1,0.0,0.4,-7.899510158072843,True,11.588428395917889,0.0,91.89951015807284
30.0,2.8,84.0,W0,1.0,0.4,-7.899510158072843,True,11.588428395917889,0.0,91.89951015807284
30.0,2.8,84.0,W1,1.0,0.4,-3.6284219227746775,True,7.853863551604598,0.0,87.62842192277468
30.0,2.8,84.0,W0,2.0,0.4,-7.899510158072843,True,11.588428395917889,0.0,91.89951015807284
30.0,2.8,84.0,W1,2.0,0.4,0.5250192536860396,False,,0.35147398578279027,83.47498074631396
30.0,2.8,84.0,W0,3.0,0.4,-7.899510158072843,True,11.588428395917889,0.0,91.89951015807284
30.0,2.8,84.0,W1,3.0,0.4,4.560813371336735,False,,1.0359211168849563,79.43918662866326
30.0,2.8,84.0,W0,4.0,0.4,-7.899510158072843,True,11.588428395917889,0.0,91.89951015807284
30.0,2.8,84.0,W1,4.0,0.4,8.478960430163696,False,,1.41246222328761,75.5210395698363
30.0,2.8,84.0,W0,0.0,0.5,-9.367635158073384,True,12.619421448201622,0.0,93.36763515807338
30.0,2.8,84.0,W1,0.0,0.5,-9.367635158073384,True,12.619421448201622,0.0,93.36763515807338
30.0,2.8,84.0,W0,1.0,0.5,-9.367635158073384,True,12.619421448201622,0.0,93.36763515807338
30.0,2.8,84.0,W1,1.0,0.5,-5.046546922775221,True,9.262359185825243,0.0,89.04654692277522
30.0,2.8,84.0,W0,2.0,0.5,-9.367635158073384,True,12.619421448201622,0.0,93.36763515807338
30.0,2.8,84.0,W1,2.0,0.5,-0.8431057463146772,True,3.785868155043993,0.0,84.84310574631468
30.0,2.8,84.0,W0,3.0,0.5,-9.367635158073384,True,12.619421448201622,0.0,93.36763515807338
30.0,2.8,84.0,W1,3.0,0.5,3.2426883713362145,False,,0.873490543497857,80.75731162866379
30.0,2.8,84.0,W0,4.0,0.5,-9.367635158073384,True,12.619421448201622,0.0,93.36763515807338
30.0,2.8,84.0,W1,4.0,0.5,7.210835430163144,False,,1.3025617900143824,76.78916456983686
30.0,2.8,84.0,W0,0.0,0.6,-10.828676824740654,True,13.567885097563316,0.0,94.82867682474065
30.0,2.8,84.0,W1,0.0,0.6,-10.828676824740654,True,13.567885097563316,0.0,94.82867682474065
30.0,2.8,84.0,W0,1.0,0.6,-10.828676824740654,True,13.567885097563316,0.0,94.82867682474065
30.0,2.8,84.0,W1,1.0,0.6,-6.4575885894422385,True,10.477547710251116,0.0,90.45758858944224
30.0,2.8,84.0,W0,2.0,0.6,-10.828676824740654,True,13.567885097563316,0.0,94.82867682474065
30.0,2.8,84.0,W1,2.0,0.6,-2.2041474129817686,True,6.121315709937861,0.0,86.20414741298177
30.0,2.8,84.0,W0,3.0,0.6,-10.828676824740654,True,13.567885097563316,0.0,94.82867682474065
30.0,2.8,84.0,W1,3.0,0.6,1.931646704668978,False,,0.6741699687267092,82.06835329533102
30.0,2.8,84.0,W0,4.0,0.6,-10.828676824740654,True,13.567885097563316,0.0,94.82867682474065
30.0,2.8,84.0,W1,4.0,0.6,5.9497937634961175,False,,1.1831954572957608,78.05020623650388
30.0,2.8,84.0,W0,0.0,0.7,-12.282635158074712,True,14.45007950453441,0.0,96.28263515807471
30.0,2.8,84.0,W1,0.0,0.7,-12.282635158074712,True,14.45007950453441,0.0,96.28263515807471
30.0,2.8,84.0,W0,1.0,0.7,-12.282635158074712,True,14.45007950453441,0.0,96.28263515807471
30.0,2.8,84.0,W1,1.0,0.7,-7.8615469227761,True,11.560549194881323,0.0,91.8615469227761
30.0,2.8,84.0,W0,2.0,0.7,-12.282635158074712,True,14.45007950453441,0.0,96.28263515807471
30.0,2.8,84.0,W1,2.0,0.7,-3.5581057463157038,True,7.777390159135633,0.0,87.5581057463157
30.0,2.8,84.0,W0,3.0,0.7,-12.282635158074712,True,14.45007950453441,0.0,96.28263515807471
30.0,2.8,84.0,W1,3.0,0.7,0.6276883713351253,False,,0.3843065109185052,83.37231162866487
30.0,2.8,84.0,W0,4.0,0.7,-12.282635158074712,True,14.45007950453441,0.0,96.28263515807471
30.0,2.8,84.0,W1,4.0,0.7,4.695835430162404,False,,1.0511434186612691,79.3041645698376
30.0,3.0,90.0,W0,0.0,0.0,4.058823529429517,False,,0.9772498796358293,85.94117647057048
30.0,3.0,90.0,W1,0.0,0.0,4.058823529429517,False,,0.9772498796358293,85.94117647057048
30.0,3.0,90.0,W0,1.0,0.0,4.058823529429517,False,,0.9772498796358293,85.94117647057048
30.0,3.0,90.0,W1,1.0,0.0,8.129411764727436,False,,1.3830411579543929,81.87058823527256
30.0,3.0,90.0,W0,2.0,0.0,4.058823529429517,False,,0.9772498796358293,85.94117647057048
30.0,3.0,90.0,W1,2.0,0.0,12.08235294118856,False,,1.6860921015913037,77.91764705881144
30.0,3.0,90.0,W0,3.0,0.0,4.058823529429517,False,,0.9772498796358293,85.94117647057048
30.0,3.0,90.0,W1,3.0,0.0,15.917647058838767,False,,1.9352851867616208,74.08235294116123
30.0,3.0,90.0,W0,4.0,0.0,4.058823529429517,False,,0.9772498796358293,85.94117647057048
30.0,3.0,90.0,W1,4.0,0.0,19.63529411766541,False,,2.149434659480147,70.36470588233459
30.0,3.0,90.0,W0,0.0,0.1,2.5473648419289106,False,,0.774196385819097,87.45263515807109
30.0,3.0,90.0,W1,0.0,0.1,2.5473648419289106,False,,0.774196385819097,87.45263515807109
30.0,3.0,90.0,W0,1.0,0.1,2.5473648419289106,False,,0.774196385819097,87.45263515807109
30.0,3.0,90.0,W1,1.0,0.1,6.668453077226914,False,,1.2526164243621543,83.33154692277309
30.0,3.0,90.0,W0,2.0,0.1,2.5473648419289106,False,,0.774196385819097,87.45263515807109
30.0,3.0,90.0,W1,2.0,0.1,10.671894253687924,False,,1.5846242274073319,79.32810574631208
30.0,3.0,90.0,W0,3.0,0.1,2.5473648419289106,False,,0.774196385819097,87.45263515807109
30.0,3.0,90.0,W1,3.0,0.1,14.557688371338372,False,,1.8507669982367778,75.44231162866163
30.0,3.0,90.0,W0,4.0,0.1,2.5473648419289106,False,,0.774196385819097,87.45263515807109
30.0,3.0,90.0,W1,4.0,0.1,18.325835430165114,False,,2.076526262483782,71.67416456983489
30.0,3.0,90.0,W0,0.0,0.2,1.0579898419282756,False,,0.49893765843654064,88.94201015807172
30.0,3.0,90.0,W1,0.0,0.2,1.0579898419282756,False,,0.49893765843654064,88.94201015807172
30.0,3.0,90.0,W0,1.0,0.2,1.0579898419282756,False,,0.49893765843654064,88.94201015807172
30.0,3.0,90.0,W1,1.0,0.2,5.22907807722639,False,,1.10922103937603,84.77092192277361
30.0,3.0,90.0,W0,2.0,0.2,1.0579898419282756,False,,0.49893765843654064,88.94201015807172
30.0,3.0,90.0,W1,2.0,0.2,9.282519253687312,False,,1.477877615000773,80.71748074631269
30.0,3.0,90.0,W0,3.0,0.2,1.0579898419282756,False,,0.49893765843654064,88.94201015807172
30.0,3.0,90.0,W1,3.0,0.2,13.218313371337771,False,,1.763573513964714,76.78168662866223
30.0,3.0,90.0,W0,4.0,0.2,1.0579898419282756,False,,0.49893765843654064,88.94201015807172
30.0,3.0,90.0,W1,4.0,0.2,17.036460430164652,False,,2.0021435905351535,72.96353956983535
30.0,3.0,90.0,W0,0.0,0.3,-0.42430182473891875,True,2.6857272796359566,0.0,90.42430182473892
30.0,3.0,90.0,W1,0.0,0.3,-0.42430182473891875,True,2.6857272796359566,0.0,90.42430182473892
30.0,3.0,90.0,W0,1.0,0.3,-0.42430182473891875,True,2.6857272796359566,0.0,90.42430182473892
30.0,3.0,90.0,W1,1.0,0.3,3.796786410559278,False,,0.9451780339587655,86.20321358944072
30.0,3.0,90.0,W0,2.0,0.3,-0.42430182473891875,True,2.6857272796359566,0.0,90.42430182473892
30.0,3.0,90.0,W1,2.0,0.3,7.900227587020069,False,,1.3634064412000153,82.09977241297993
30.0,3.0,90.0,W0,3.0,0.3,-0.42430182473891875,True,2.6857272796359566,0.0,90.42430182473892
30.0,3.0,90.0,W1,3.0,0.3,11.886021704670569,False,,1.6723370245284053,78.11397829532943
30.0,3.0,90.0,W0,4.0,0.3,-0.42430182473891875,True,2.6857272796359566,0.0,90.42430182473892
30.0,3.0,90.0,W1,4.0,0.3,15.754168763497574,False,,1.9253215935194434,74.24583123650243
30.0,3.0,90.0,W0,0.0,0.4,-1.899510158072843,True,5.68257623682063,0.0,91.89951015807284
30.0,3.0,90.0,W1,0.0,0.4,-1.899510158072843,True,5.68257623682063,0.0,91.89951015807284
30.0,3.0,90.0,W0,1.0,0.4,-1.899510158072843,True,5.68257623682063,0.0,91.89951015807284
30.0,3.0,90.0,W1,1.0,0.4,2.3715780772253225,False,,0.7470063171593475,87.62842192277468
30.0,3.0,90.0,W0,2.0,0.4,-1.899510158072843,True,5.68257623682063,0.0,91.89951015807284
30.0,3.0,90.0,W1,2.0,0.4,6.52501925368604,False,,1.2390717711875572,83.47498074631396
30.0,3.0,90.0,W0,3.0,0.4,-1.899510158072843,True,5.68257623682063,0.0,91.89951015807284
30.0,3.0,90.0,W1,3.0,0.4,10.560813371336735,False,,1.5763557378278945,79.43918662866326
30.0,3.0,90.0,W0,4.0,0.4,-1.899510158072843,True,5.68257623682063,0.0,91.89951015807284
30.0,3.0,90.0,W1,4.0,0.4,14.478960430163696,False,,1.8457557817064183,75.5210395698363
30.0,3.0,90.0,W0,0.0,0.5,-3.3676351580733836,True,7.566359605999387,0.0,93.36763515807338
30.0,3.0,90.0,W1,0.0,0.5,-3.3676351580733836,True,7.566359605999387,0.0,93.36763515807338
30.0,3.0,90.0,W0,1.0,0.5,-3.3676351580733836,True,7.566359605999387,0.0,93.36763515807338
30.0,3.0,90.0,W1,1.0,0.5,0.9534530772247791,False,,0.47364759804044276,89.04654692277522
30.0,3.0,90.0,W0,2.0,0.5,-3.3676351580733836,True,7.566359605999387,0.0,93.36763515807338
30.0,3.0,90.0,W1,2.0,0.5,5.156894253685323,False,,1.1015384194372053,84.84310574631468
30.0,3.0,90.0,W0,3.0,0.5,-3.3676351580733836,True,7.566359605999387,0.0,93.36763515807338
30.0,3.0,90.0,W1,3.0,0.5,9.242688371336214,False,,1.4747034537085721,80.75731162866379
30.0,3.0,90.0,W0,4.0,0.5,-3.3676351580733836,True,7.566359605999387,0.0,93.36763515807338
30.0,3.0,90.0,W1,4.0,0.5,13.210835430163144,False,,1.7630745667446377,76.78916456983686
30.0,3.0,90.0,W0,0.0,0.6,-4.828676824740654,True,9.06021556148929,0.0,94.82867682474065
30.0,3.0,90.0,W1,0.0,0.6,-4.828676824740654,True,9.06021556148929,0.0,94.82867682474065
30.0,3.0,90.0,W0,1.0,0.6,-4.828676824740654,True,9.06021556148929,0.0,94.82867682474065
30.0,3.0,90.0,W1,1.0,0.6,-0.45758858944223846,True,2.7890869510537035,0.0,90.45758858944224
30.0,3.0,90.0,W0,2.0,0.6,-4.828676824740654,True,9.06021556148929,0.0,94.82867682474065
30.0,3.0,90.0,W1,2.0,0.6,3.7958525870182314,False,,0.9450618934942271,86.20414741298177
30.0,3.0,90.0,W0,3.0,0.6,-4.828676824740654,True,9.06021556148929,0.0,94.82867682474065
30.0,3.0,90.0,W1,3.0,0.6,7.931646704668978,False,,1.366114868405651,82.06835329533102
30.0,3.0,90.0,W0,4.0,0.6,-4.828676824740654,True,9.06021556148929,0.0,94.82867682474065
30.0,3.0,90.0,W1,4.0,0.6,11.949793763496118,False,,1.6768173494758183,78.05020623650388
30.0,3.0,90.0,W0,0.0,0.7,-6.2826351580747115,True,10.334640665612891,0.0,96.28263515807471
30.0,3.0,90.0,W1,0.0,0.7,-6.2826351580747115,True,10.334640665612891,0.0,96.28263515807471
30.0,3.0,90.0,W0,1.0,0.7,-6.2826351580747115,True,10.334640665612891,0.0,96.28263515807471
30.0,3.0,90.0,W1,1.0,0.7,-1.8615469227760997,True,5.625504216266565,0.0,91.8615469227761
30.0,3.0,90.0,W0,2.0,0.7,-6.2826351580747115,True,10.334640665612891,0.0,96.28263515807471
30.0,3.0,90.0,W1,2.0,0.7,2.4418942536842962,False,,0.7579996700190557,87.5581057463157
30.0,3.0,90.0,W0,3.0,0.7,-6.2826351580747115,True,10.334640665612891,0.0,96.28263515807471
30.0,3.0,90.0,W1,3.0,0.7,6.627688371335125,False,,1.2487818556465216,83.37231162866487
30.0,3.0,90.0,W0,4.0,0.7,-6.2826351580747115,True,10.334640665612891,0.0,96.28263515807471
30.0,3.0,90.0,W1,4.0,0.7,10.695835430162404,False,,1.5864006952821073,79.3041645698376
30.0,3.5,105.0,W0,0.0,0.0,19.058823529429517,False,,2.1176470718974403,85.94117647057048
30.0,3.5,105.0,W1,0.0,0.0,19.058823529429517,False,,2.1176470718974403,85.94117647057048
30.0,3.5,105.0,W0,1.0,0.0,19.058823529429517,False,,2.1176470718974403,85.94117647057048
30.0,3.5,105.0,W1,1.0,0.0,23.129411764727436,False,,2.3328554479669403,81.87058823527256
30.0,3.5,105.0,W0,2.0,0.0,19.058823529429517,False,,2.1176470718974403,85.94117647057048
30.0,3.5,105.0,W1,2.0,0.0,27.08235294118856,False,,2.524345140992848,77.91764705881144
30.0,3.5,105.0,W0,3.0,0.0,19.058823529429517,False,,2.1176470718974403,85.94117647057048
30.0,3.5,105.0,W1,3.0,0.0,30.917647058838767,False,,2.697172699915107,74.08235294116123
30.0,3.5,105.0,W0,4.0,0.0,19.058823529429517,False,,2.1176470718974403,85.94117647057048
30.0,3.5,105.0,W1,4.0,0.0,34.63529411766541,False,,2.8547295804832014,70.36470588233459
30.0,3.5,105.0,W0,0.0,0.1,17.54736484192891,False,,2.0319428457702884,87.45263515807109
30.0,3.5,105.0,W1,0.0,0.1,17.54736484192891,False,,2.0319428457702884,87.45263515807109
30.0,3.5,105.0,W0,1.0,0.1,17.54736484192891,False,,2.0319428457702884,87.45263515807109
30.0,3.5,105.0,W1,1.0,0.1,21.668453077226914,False,,2.2579768888142873,83.33154692277309
30.0,3.5,105.0,W0,2.0,0.1,17.54736484192891,False,,2.0319428457702884,87.45263515807109
30.0,3.5,105.0,W1,2.0,0.1,25.671894253687924,False,,2.4577318242200814,79.32810574631208
30.0,3.5,105.0,W0,3.0,0.1,17.54736484192891,False,,2.0319428457702884,87.45263515807109
30.0,3.5,105.0,W1,3.0,0.1,29.557688371338372,False,,2.6371860479384095,75.44231162866163
30.0,3.5,105.0,W0,4.0,0.1,17.54736484192891,False,,2.0319428457702884,87.45263515807109
30.0,3.5,105.0,W1,4.0,0.1,33.325835430165114,False,,2.800245176502944,71.67416456983489
30.0,3.5,105.0,W0,0.0,0.2,16.057989841928276,False,,1.9437979740674496,88.94201015807172
30.0,3.5,105.0,W1,0.0,0.2,16.057989841928276,False,,1.9437979740674496,88.94201015807172
30.0,3.5,105.0,W0,1.0,0.2,16.057989841928276,False,,1.9437979740674496,88.94201015807172
30.0,3.5,105.0,W1,1.0,0.2,20.22907807722639,False,,2.1816927511029727,84.77092192277361
30.0,3.5,105.0,W0,2.0,0.2,16.057989841928276,False,,1.9437979740674496,88.94201015807172
30.0,3.5,105.0,W1,2.0,0.2,24.282519253687312,False,,2.390299990157664,80.71748074631269
30.0,3.5,105.0,W0,3.0,0.2,16.057989841928276,False,,1.9437979740674496,88.94201015807172
30.0,3.5,105.0,W1,3.0,0.2,28.21831337133777,False,,2.5767427496948474,76.78168662866223
30.0,3.5,105.0,W0,4.0,0.2,16.057989841928276,False,,1.9437979740674496,88.94201015807172
30.0,3.5,105.0,W1,4.0,0.2,32.03646043016465,False,,2.7455401538447375,72.96353956983535
30.0,3.5,105.0,W0,0.0,0.3,14.575698175261081,False,,1.8519114561005796,90.42430182473892
30.0,3.5,105.0,W1,0.0,0.3,14.575698175261081,False,,1.8519114561005796,90.42430182473892
30.0,3.5,105.0,W0,1.0,0.3,14.575698175261081,False,,1.8519114561005796,90.42430182473892
30.0,3.5,105.0,W1,1.0,0.3,18.796786410559278,False,,2.1030390685822216,86.20321358944072
30.0,3.5,105.0,W0,2.0,0.3,14.575698175261081,False,,1.8519114561005796,90.42430182473892
30.0,3.5,105.0,W1,2.0,0.3,22.90022758702007,False,,2.321268826671797,82.09977241297993
30.0,3.5,105.0,W0,3.0,0.3,14.575698175261081,False,,1.8519114561005796,90.42430182473892
30.0,3.5,105.0,W1,3.0,0.3,26.88602170467057,False,,2.5151784821872156,78.11397829532943
30.0,3.5,105.0,W0,4.0,0.3,14.575698175261081,False,,1.8519114561005796,90.42430182473892
30.0,3.5,105.0,W1,4.0,0.3,30.754168763497574,False,,2.6900325440123645,74.24583123650243
30.0,3.5,105.0,W0,0.0,0.4,13.100489841927157,False,,1.7556959431171741,91.89951015807284
30.0,3.5,105.0,W1,0.0,0.4,13.100489841927157,False,,1.7556959431171741,91.89951015807284
30.0,3.5,105.0,W0,1.0,0.4,13.100489841927157,False,,1.7556959431171741,91.89951015807284
30.0,3.5,105.0,W1,1.0,0.4,17.371578077225323,False,,2.0217394394896875,87.62842192277468
30.0,3.5,105.0,W0,2.0,0.4,13.100489841927157,False,,1.7556959431171741,91.89951015807284
30.0,3.5,105.0,W1,2.0,0.4,21.52501925368604,False,,2.250491152755505,83.47498074631396
30.0,3.5,105.0,W0,3.0,0.4,13.100489841927157,False,,1.7556959431171741,91.89951015807284
30.0,3.5,105.0,W1,3.0,0.4,25.560813371336735,False,,2.452408860820384,79.43918662866326
30.0,3.5,105.0,W0,4.0,0.4,13.100489841927157,False,,1.7556959431171741,91.89951015807284
30.0,3.5,105.0,W1,4.0,0.4,29.478960430163696,False,,2.633671601532633,75.5210395698363
30.0,3.5,105.0,W0,0.0,0.5,11.632364841926616,False,,1.6543963420062504,93.36763515807338
30.0,3.5,105.0,W1,0.0,0.5,11.632364841926616,False,,1.6543963420062504,93.36763515807338
30.0,3.5,105.0,W0,1.0,0.5,11.632364841926616,False,,1.6543963420062504,93.36763515807338
30.0,3.5,105.0,W1,1.0,0.5,15.95345307722478,False,,1.9374606327910742,89.04654692277522
30.0,3.5,105.0,W0,2.0,0.5,11.632364841926616,False,,1.6543963420062504,93.36763515807338
30.0,3.5,105.0,W1,2.0,0.5,20.156894253685323,False,,2.1777967490106986,84.84310574631468
30.0,3.5,105.0,W0,3.0,0.5,11.632364841926616,False,,1.6543963420062504,93.36763515807338
30.0,3.5,105.0,W1,3.0,0.5,24.242688371336214,False,,2.3883387752338625,80.75731162866379
30.0,3.5,105.0,W0,4.0,0.5,11.632364841926616,False,,1.6543963420062504,93.36763515807338
30.0,3.5,105.0,W1,4.0,0.5,28.210835430163144,False,,2.5764012957362974,76.78916456983686
30.0,3.5,105.0,W0,0.0,0.6,10.171323175259346,False,,1.547014066610322,94.82867682474065
30.0,3.5,105.0,W1,0.0,0.6,10.171323175259346,False,,1.547014066610322,94.82867682474065
30.0,3.5,105.0,W0,1.0,0.6,10.171323175259346,False,,1.547014066610322,94.82867682474065
30.0,3.5,105.0,W1,1.0,0.6,14.542411410557762,False,,1.8497956863625773,90.45758858944224
30.0,3.5,105.0,W0,2.0,0.6,10.171323175259346,False,,1.547014066610322,94.82867682474065
30.0,3.5,105.0,W1,2.0,0.6,18.79585258701823,False,,2.1029868487926375,86.20414741298177
30.0,3.5,105.0,W0,3.0,0.6,10.171323175259346,False,,1.547014066610322,94.82867682474065
30.0,3.5,105.0,W1,3.0,0.6,22.931646704668978,False,,2.3228606479196996,82.06835329533102
30.0,3.5,105.0,W0,4.0,0.6,10.171323175259346,False,,1.547014066610322,94.82867682474065
30.0,3.5,105.0,W1,4.0,0.6,26.949793763496118,False,,2.518159639738793,78.05020623650388
30.0,3.5,105.0,W0,0.0,0.7,8.717364841925288,False,,1.4321818116470182,96.28263515807471
30.0,3.5,105.0,W1,0.0,0.7,8.717364841925288,False,,1.4321818116470182,96.28263515807471
30.0,3.5,105.0,W0,1.0,0.7,8.717364841925288,False,,1.4321818116470182,96.28263515807471
30.0,3.5,105.0,W1,1.0,0.7,13.1384530772239,False,,1.7582379602222926,91.8615469227761
30.0,3.5,105.0,W0,2.0,0.7,8.717364841925288,False,,1.4321818116470182,96.28263515807471
30.0,3.5,105.0,W1,2.0,0.7,17.441894253684296,False,,2.0258270316969855,87.5581057463157
30.0,3.5,105.0,W0,3.0,0.7,8.717364841925288,False,,1.4321818116470182,96.28263515807471
30.0,3.5,105.0,W1,3.0,0.7,21.627688371335125,False,,2.2558519158313453,83.37231162866487
30.0,3.5,105.0,W0,4.0,0.7,8.717364841925288,False,,1.4321818116470182,96.28263515807471
30.0,3.5,105.0,W1,4.0,0.7,25.695835430162404,False,,2.458877614600155,79.3041645698376
30.0,4.0,120.0,W0,0.0,0.0,34.05882352942952,False,,2.830872841199782,85.94117647057048
30.0,4.0,120.0,W1,0.0,0.0,34.05882352942952,False,,2.830872841199782,85.94117647057048
30.0,4.0,120.0,W0,1.0,0.0,34.05882352942952,False,,2.830872841199782,85.94117647057048
30.0,4.0,120.0,W1,1.0,0.0,38.129411764727436,False,,2.9952673578388125,81.87058823527256
30.0,4.0,120.0,W0,2.0,0.0,34.05882352942952,False,,2.830872841199782,85.94117647057048
30.0,4.0,120.0,W1,2.0,0.0,42.08235294118856,False,,3.1467014915607834,77.91764705881144
30.0,4.0,120.0,W0,3.0,0.0,34.05882352942952,False,,2.830872841199782,85.94117647057048
30.0,4.0,120.0,W1,3.0,0.0,45.91764705883877,False,,3.2888888888888834,74.08235294116123
30.0,4.0,120.0,W0,4.0,0.0,34.05882352942952,False,,2.830872841199782,85.94117647057048
30.0,4.0,120.0,W1,4.0,0.0,49.63529411766541,False,,3.438461538461709,70.36470588233459
30.0,4.0,120.0,W0,0.0,0.1,32.54736484192891,False,,2.767345963327338,87.45263515807109
30.0,4.0,120.0,W1,0.0,0.1,32.54736484192891,False,,2.767345963327338,87.45263515807109
30.0,4.0,120.0,W0,1.0,0.1,32.54736484192891,False,,2.767345963327338,87.45263515807109
30.0,4.0,120.0,W1,1.0,0.1,36.668453077226914,False,,2.9373238357017812,83.33154692277309
30.0,4.0,120.0,W0,2.0,0.1,32.54736484192891,False,,2.767345963327338,87.45263515807109
30.0,4.0,120.0,W1,2.0,0.1,40.671894253687924,False,,3.093518624682566,79.32810574631208
30.0,4.0,120.0,W0,3.0,0.1,32.54736484192891,False,,2.767345963327338,87.45263515807109
30.0,4.0,120.0,W1,3.0,0.1,44.55768837133837,False,,3.239849372881904,75.44231162866163
30.0,4.0,120.0,W0,4.0,0.1,32.54736484192891,False,,2.767345963327338,87.45263515807109
30.0,4.0,120.0,W1,4.0,0.1,48.325835430165114,False,,3.393281034427847,71.67416456983489
30.0,4.0,120.0,W0,0.0,0.2,31.057989841928276,False,,2.7032873426263486,88.94201015807172
30.0,4.0,120.0,W1,0.0,0.2,31.057989841928276,False,,2.7032873426263486,88.94201015807172
30.0,4.0,120.0,W0,1.0,0.2,31.057989841928276,False,,2.7032873426263486,88.94201015807172
30.0,4.0,120.0,W1,1.0,0.2,35.22907807722639,False,,2.879096189795489,84.77092192277361
30.0,4.0,120.0,W0,2.0,0.2,31.057989841928276,False,,2.7032873426263486,88.94201015807172
30.0,4.0,120.0,W1,2.0,0.2,39.28251925368731,False,,3.0402213511185368,80.71748074631269
30.0,4.0,120.0,W0,3.0,0.2,31.057989841928276,False,,2.7032873426263486,88.94201015807172
30.0,4.0,120.0,W1,3.0,0.2,43.21831337133777,False,,3.1908173646787374,76.78168662866223
30.0,4.0,120.0,W0,4.0,0.2,31.057989841928276,False,,2.7032873426263486,88.94201015807172
30.0,4.0,120.0,W1,4.0,0.2,47.03646043016465,False,,3.348201598932445,72.96353956983535
30.0,4.0,120.0,W0,0.0,0.3,29.57569817526108,False,,2.6379893502363942,90.42430182473892
30.0,4.0,120.0,W1,0.0,0.3,29.57569817526108,False,,2.6379893502363942,90.42430182473892
30.0,4.0,120.0,W0,1.0,0.3,29.57569817526108,False,,2.6379893502363942,90.42430182473892
30.0,4.0,120.0,W1,1.0,0.3,33.79678641055928,False,,2.8199619021302,86.20321358944072
30.0,4.0,120.0,W0,2.0,0.3,29.57569817526108,False,,2.6379893502363942,90.42430182473892
30.0,4.0,120.0,W1,2.0,0.3,37.90022758702007,False,,2.9862519556188714,82.09977241297993
30.0,4.0,120.0,W0,3.0,0.3,29.57569817526108,False,,2.6379893502363942,90.42430182473892
30.0,4.0,120.0,W1,3.0,0.3,41.88602170467057,False,,3.141267726018477,78.11397829532943
30.0,4.0,120.0,W0,4.0,0.3,29.57569817526108,False,,2.6379893502363942,90.42430182473892
30.0,4.0,120.0,W1,4.0,0.3,45.754168763497574,False,,3.302706770059538,74.24583123650243
30.0,4.0,120.0,W0,0.0,0.4,28.100489841927157,False,,2.571357649495124,91.89951015807284
30.0,4.0,120.0,W1,0.0,0.4,28.100489841927157,False,,2.571357649495124,91.89951015807284
30.0,4.0,120.0,W0,1.0,0.4,28.100489841927157,False,,2.571357649495124,91.89951015807284
30.0,4.0,120.0,W1,1.0,0.4,32.37157807722532,False,,2.759862689000722,87.62842192277468
30.0,4.0,120.0,W0,2.0,0.4,28.100489841927157,False,,2.571357649495124,91.89951015807284
30.0,4.0,120.0,W1,2.0,0.4,36.52501925368604,False,,2.931573328316869,83.47498074631396
30.0,4.0,120.0,W0,3.0,0.4,28.100489841927157,False,,2.571357649495124,91.89951015807284
30.0,4.0,120.0,W1,3.0,0.4,40.560813371336735,False,,3.0911757831296764,79.43918662866326
30.0,4.0,120.0,W0,4.0,0.4,28.100489841927157,False,,2.571357649495124,91.89951015807284
30.0,4.0,120.0,W1,4.0,0.4,44.478960430163696,False,,3.2567795092710403,75.5210395698363
30.0,4.0,120.0,W0,0.0,0.5,26.632364841926616,False,,2.5032856261532803,93.36763515807338
30.0,4.0,120.0,W1,0.0,0.5,26.632364841926616,False,,2.5032856261532803,93.36763515807338
30.0,4.0,120.0,W0,1.0,0.5,26.632364841926616,False,,2.5032856261532803,93.36763515807338
30.0,4.0,120.0,W1,1.0,0.5,30.95345307722478,False,,2.698734082907625,89.04654692277522
30.0,4.0,120.0,W0,2.0,0.5,26.632364841926616,False,,2.5032856261532803,93.36763515807338
30.0,4.0,120.0,W1,2.0,0.5,35.15689425368532,False,,2.8761450999435905,84.84310574631468
30.0,4.0,120.0,W0,3.0,0.5,26.632364841926616,False,,2.5032856261532803,93.36763515807338
30.0,4.0,120.0,W1,3.0,0.5,39.242688371336214,False,,3.0405163983135104,80.75731162866379
30.0,4.0,120.0,W0,4.0,0.5,26.632364841926616,False,,2.5032856261532803,93.36763515807338
30.0,4.0,120.0,W1,4.0,0.5,43.210835430163144,False,,3.210401953913307,76.78916456983686
30.0,4.0,120.0,W0,0.0,0.6,25.171323175259346,False,,2.433652469799897,94.82867682474065
30.0,4.0,120.0,W1,0.0,0.6,25.171323175259346,False,,2.433652469799897,94.82867682474065
30.0,4.0,120.0,W0,1.0,0.6,25.171323175259346,False,,2.433652469799897,94.82867682474065
30.0,4.0,120.0,W1,1.0,0.6,29.54241141055776,False,,2.6365044440480885,90.45758858944224
30.0,4.0,120.0,W0,2.0,0.6,25.171323175259346,False,,2.433652469799897,94.82867682474065
30.0,4.0,120.0,W1,2.0,0.6,33.79585258701823,False,,2.819922943591812,86.20414741298177
30.0,4.0,120.0,W0,3.0,0.6,25.171323175259346,False,,2.433652469799897,94.82867682474065
30.0,4.0,120.0,W1,3.0,0.6,37.93164670466898,False,,2.9892615288435738,82.06835329533102
30.0,4.0,120.0,W0,4.0,0.6,25.171323175259346,False,,2.433652469799897,94.82867682474065
30.0,4.0,120.0,W1,4.0,0.6,41.94979376349612,False,,3.1635551367694226,78.05020623650388
30.0,4.0,120.0,W0,0.0,0.7,23.71736484192529,False,,2.362320173090304,96.28263515807471
30.0,4.0,120.0,W1,0.0,0.7,23.71736484192529,False,,2.362320173090304,96.28263515807471
30.0,4.0,120.0,W0,1.0,0.7,23.71736484192529,False,,2.362320173090304,96.28263515807471
30.0,4.0,120.0,W1,1.0,0.7,28.1384530772239,False,,2.5730939582360333,91.8615469227761
30.0,4.0,120.0,W0,2.0,0.7,23.71736484192529,False,,2.362320173090304,96.28263515807471
30.0,4.0,120.0,W1,2.0,0.7,32.441894253684296,False,,2.7628584728889085,87.5581057463157
30.0,4.0,120.0,W0,3.0,0.7,23.71736484192529,False,,2.362320173090304,96.28263515807471
30.0,4.0,120.0,W1,3.0,0.7,36.627688371335125,False,,2.9373811125164235,83.37231162866487
30.0,4.0,120.0,W0,4.0,0.7,23.71736484192529,False,,2.362320173090304,96.28263515807471
30.0,4.0,120.0,W1,4.0,0.7,40.695835430162404,False,,3.116217999093415,79.3041645698376
