trial_id,participant_id,cell,t_tor,t_ms,t_handback,t_lane_change,t_button_s,state_values,brake_active_pre_tor,brake_onset_tor_ms_rel_tor_s,brake_onset_after_ms_rel_ms_s,brake_active_at_ms,brake_peak_tor_ms,brake_peak_post_ms,brake_max_value_trial,brake_straddle_release_rel_ms_s,brake_straddle_release_rel_tor_s,brake_max_step_near_ms,brake_clean_onset_rel_ms_s,brake_decel_coupling_tor_ms,brake_decel_coupling_post_ms,ax_mean_tor_ms,accel_mean_pre_tor,accel_active_at_ms,accel_straddle_drop_rel_ms_s,accel_release_rel_tor_s,accel_mean_tor_ms,accel_onset_after_ms_rel_ms_s,accel_mean_manual,accel_mean_after_handback,steer_mean_pre_tor,steer_std_pre_tor,steer_mean_tor_ms,steer_std_tor_ms,steer_onset_after_ms_rel_ms_s,steer_onset_to_lane_crossing_s,steer_moved_tor_ms,torque_mean_pre_tor,torque_std_pre_tor,torque_mean_tor_ms,torque_std_tor_ms,torque_std_manual,torque_mean_after_handback,steer_mean_after_handback,indicator_left_onset_rel_ms_s,indicator_left_before_ms,indicator_before_lane_crossing,hazard_station_sd_m,hazard_station_sd_minus_m,d_construction_rate_per_abscissa,d_construction_at_tor_m,d_follow_zero_fraction,d_follow_missing_fraction,d_follow_min_nonzero,d_follow_value_before_zero_median,d_follow_n_negative,d_lead_next_zero_fraction,d_lead_next_missing_fraction,d_lead_next_min_nonzero,d_lead_next_value_before_zero_median,d_lead_next_n_negative,d_follow_next_zero_fraction,d_follow_next_missing_fraction,d_follow_next_min_nonzero,d_follow_next_value_before_zero_median,d_follow_next_n_negative
density_0_nback_0_id_10,10,d0_n0,29.4496212006,30.350107193,41.6502990723,34.749420166,0.9004859924000002,2.0,False,,0.29989290236743216,False,0.0,31.1331043243,74.2533416748,,,3.41022729874,0.29989290236743216,,0.8608567710682148,-0.0011806390615824733,0.11316886446198686,True,0.14989280700000052,1.0503787994000007,0.11186463268185264,0.04989290236743216,0.14042143861679007,0.24503161547864086,0.07469563490073552,1.7382778578640453e-05,0.07462822567474738,0.00014225289621286737,2.049892902367432,2.3494200706325685,False,-0.410625120919,0.001340224186452694,-0.41016957477526317,0.0018076748355297949,0.30706135076367413,0.14247679213781567,-0.0278770926059165,1.5498929023674322,False,True,79.12378209000846,0.22133489419280725,1.0055461253660773,196.888671875,0.9972144846796658,0.002785515320334262,,,0,0.23676880222841226,0.002785515320334262,0.170653998852,39.137145847076,0,0.9045961002785515,0.002785515320334262,0.0256350003183,,0
density_0_nback_0_id_11,11,d0_n0,29.4492549896,30.949426651,43.8493270874,34.6493492126,1.5001716613999996,2.0,False,1.2007451057674317,0.0005733966837162541,True,45.0990371704,66.9942321777,75.1641082764,1.9005732536325688,3.4007449150325684,6.804161071799999,,0.9958282664908756,0.9562111202153383,-0.30582679871699164,0.1131703333046579,False,,1.0507450104,0.07586299839121334,0.6505732536325688,0.21114956279539748,0.0228988163270233,0.07469206656280658,1.7028461774882387e-05,0.07351009349028,0.0018611014831847496,2.150573253632569,1.5493493079674323,False,-0.4108968984924079,0.0012227577603763425,-0.4066378901402667,0.00583586874499292,0.45053692479863566,0.05135645037520166,-0.010550909462221165,1.4005732536325688,False,True,87.90182510782505,0.24694284109483336,1.0053421754598912,195.949829102,0.9885135135135135,0.002702702702702703,50.5035400391,65.21875,0,0.11216216216216217,0.002702702702702703,0.0212399996817,44.80352771469085,0,0.9695945945945946,0.002702702702702703,0.177489995956,,0
density_0_nback_0_id_12,12,d0_n0,29.4500656128,30.0508518219,41.8500213623,33.8002815247,0.6007862091000007,2.0,False,,0.6991481780999997,False,0.0,18.3517913818,73.4826812744,,,0.0,0.6991481780999997,,0.7965393144465615,-0.0007597380608798334,0.11316768599575004,True,0.44914817809999974,1.0499343872000004,0.11316281246633335,0.0491480827325681,0.2063898311888265,0.0,0.07469385234932763,1.6935286281503504e-05,0.07468390216429167,1.18920276964603e-05,2.3991482257837156,1.3502814770162814,False,-0.4110838731652631,0.001115866704724984,-0.4102393711606667,0.001583444804096532,0.7381888929581181,0.011452708707634828,-0.001948485324102683,1.1491482257837156,False,True,73.53624884474903,0.21584345761788393,1.0048126750278932,196.830932617,0.9972222222222222,0.002777777777777778,,,0,0.16875,0.002777777777777778,0.142089992762,40.252502515931,0,0.9069444444444444,0.002777777777777778,0.256835997105,,0
density_0_nback_0_id_13,13,d0_n0,29.4501628876,30.900182724,45.1006660461,34.9001693726,1.4500198363999992,2.0,False,1.1998372077674304,0.04981732368371539,True,45.6496925354,36.6630210876,74.3689117432,0.9498171806325679,2.399837017032567,7.1508255004,,0.9962903106912945,0.9074858851518396,-0.3098436806789394,0.11316808313131581,False,,1.0498371123999988,0.07440393180427586,2.0998172759999996,0.13115126551818154,0.02307624164580433,0.07469644534744735,1.3838736890976866e-05,0.07344399803672069,0.0019056646089177995,2.249817371367431,1.7501692772325654,False,-0.4110737603745921,0.0012072587116652826,-0.40594447275689655,0.006275629746287094,0.37738967080295643,0.08434552388205556,-0.015670462336370834,1.1498172283162837,False,True,87.09716050903752,0.2338537049456707,1.0056300733557535,195.948120117,0.99734395750332,0.0026560424966799467,,,0,0.20783532536520585,0.0026560424966799467,0.123534999788,40.423583906144,0,0.8884462151394422,0.0026560424966799467,0.27539101243,,0
density_0_nback_0_id_15,15,d0_n0,29.4498729706,30.9498062134,45.6501655579,36.649772644,1.4999332427999974,2.0,False,1.2001271247674303,0.0001938342837171092,True,44.7229156494,214.925842285,214.925842285,3.3001937866000013,4.800127029399999,6.354290008500001,,0.9970419392672351,0.9504359195199578,-0.3091135280770765,0.11316886446196052,False,,1.0501270293999987,0.07601538306721999,0.5001938342837171,0.38075203341342306,0.06378714881623226,0.07469076329939738,1.6665242754427078e-05,0.07353681648770999,0.0018405107660074622,3.0501937866000013,2.6497726440000022,False,-0.4106675449170789,0.0013525835607172416,-0.40670849283540006,0.0059979121850339615,0.17271381804594657,-0.10023922853488834,0.028160622056311167,1.8001937866000013,False,True,87.89456150126897,0.24269555738325585,1.0058871442477821,196.130981445,0.9973614775725593,0.002638522427440633,,,0,0.10883905013192612,0.002638522427440633,33.7514648438,127.862182617,0,0.9973614775725593,0.002638522427440633,,,0
density_0_nback_0_id_16,16,d0_n0,29.4497737885,30.649274826,48.9492797852,35.3991279602,1.1995010374999993,2.0,False,,0.0007252693674324462,True,9.32917499542,42.3121032715,74.8068847656,0.900725126316285,2.1002261638162842,11.021595001200001,,0.9615467284783634,0.8176127820130128,-0.018058009717305,0.11317038967427631,False,,1.0502262115,0.094577366408525,7.5007252693674324,0.09149995450632162,0.0894092159966517,0.07468955983456448,1.888322899223373e-05,0.07434703161318751,0.0006275484562120878,3.350725174000001,1.3991279601999977,False,-0.4108315314117236,0.0011516574640166423,-0.40853522469587505,0.004193658655071469,0.5125741758929712,0.50507672345249,-0.10335620469022135,2.900725126316285,False,True,83.12977425870517,0.25676614633791167,1.0052500692206092,195.920288086,0.9974715549936789,0.0025284450063211127,,,0,0.2193426042983565,0.0025284450063211127,0.235596001148,39.564880520124,0,0.877370417193426,0.0025284450063211127,0.151611000299,,0
density_0_nback_0_id_17,17,d0_n0,29.450553894,30.6995410919,41.8502578735,33.2495613098,1.2489871979,2.0,False,1.199446201367433,0.00045895578371712986,True,16.2975311279,43.0267791748,74.7475891113,0.9004588127325697,2.1494460106325697,11.6880664826,,0.9651639615351387,0.5375868697011235,-0.007292323237074125,0.11316869407889477,False,,1.0994460583162855,0.0946672903374875,0.5004589557837171,0.1634298567812119,0.0,0.0746922611602092,2.0764045683011586e-05,0.0743551223228375,0.0006899158536889337,0.8004589081000013,1.7495613098000007,False,-0.4104867542261052,0.0013246649243513614,-0.4085305109621667,0.00563586094256786,0.31261107281979994,0.005810726589193163,2.287112873516674e-05,0.5504589081000013,False,True,83.13616896773367,0.4954714953567932,1.0057682337751848,196.658691406,0.9972241498959056,0.002775850104094379,,,0,0.1845940319222762,0.002775850104094379,0.114013999701,43.1823121756505,0,0.9077029840388618,0.002775850104094379,0.0888670012355,,0
density_0_nback_0_id_18,18,d0_n0,29.4499092102,30.4500293732,45.1002540588,34.0000190735,1.0001201629999983,2.0,False,,0.19997072216743206,False,0.0,41.7004928589,73.6590499878,,,9.138079643289998,0.19997072216743206,,0.9504676188880219,-0.007291734340557143,0.11317113228140789,True,0.04997062680000042,1.0500907897999987,0.10712734379227142,0.7499706744837162,0.16619489106199298,0.16419944321581717,0.07469109014460394,1.8950028934278272e-05,0.07456373778126665,0.00028662779378324076,1.6499705314325688,1.9000191688674306,False,-0.4108774446342237,0.001372046369018505,-0.4098648542448572,0.0026075574982843425,0.3470452868879255,-0.01980023638656483,0.0035432242322468326,,False,,80.71306151112391,0.23258852402526362,1.005480335575417,196.941772461,0.9973421926910299,0.0026578073089701,,,0,0.10963455149501661,0.0026578073089701,6.07226610184,85.2120361328,0,0.9973421926910299,0.0026578073089701,,,0
density_0_nback_0_id_19,19,d0_n0,29.4502487183,30.4502735138,47.0003662109,33.8002853394,1.0000247955,2.0,False,,0.1997265815674325,False,0.0,35.1311645508,76.0667572021,,,8.99038171766,0.1997265815674325,,0.6836973537025485,-0.0105148375907545,0.11316684947202629,True,0.09972643851628504,1.099751234016285,0.107794931344705,0.04972648620000086,0.11764917799183919,0.030802308279092003,0.07469410488479737,1.809667803292803e-05,0.07459091022611,0.0002410730336686169,1.349726438516285,2.0002853870837143,False,-0.41095797952848684,0.001117831603626896,-0.40923894792794996,0.0023622045335923345,0.19631784901939084,0.22379977218223004,-0.04462380055235005,0.599726438516285,False,True,79.9164512273195,0.2283402750265844,1.0053421754598912,196.134155273,0.9974076474400518,0.002592352559948153,,,0,0.22942320155541154,0.002592352559948153,0.138671994209,41.613708555704505,0,0.8852883992222942,0.002592352559948153,0.268065989017,,0
density_0_nback_0_id_1,1,d0_n0,29.4505939484,30.7497577667,44.30078125,34.4999809265,1.2991638182999985,2.0,False,1.19940614696743,0.0002422332999998389,True,29.2711315155,236.288803101,236.288803101,1.6002421379325682,2.8994059562325667,11.236810684199998,,0.9823956987789179,0.8933436271950308,-0.07627113923331404,0.1131707087748158,False,,1.0994060039162825,0.087679354548428,3.1502423286674315,0.25577761416704614,0.010643988566392334,0.07469123150957763,1.9670774614135645e-05,0.07416986703873199,0.000914016178948183,1.9002423286674315,1.8499808311325694,False,-0.41109854296638154,0.001309530509551476,-0.40725365400315994,0.004898683296792667,0.21499867269385944,0.016240927421828665,-0.0023362426242363333,2.850242137932568,False,True,83.91701493173197,0.24542134533604723,1.0056630167486202,196.691650391,0.9973154362416108,0.0026845637583892616,,,0,0.11342281879194631,0.0026845637583892616,0.0930180028081,46.436706755304044,0,0.9765100671140939,0.0026845637583892616,0.306396007538,,0
density_0_nback_0_id_20,20,d0_n0,29.4504070282,31.3003387451,43.3002891541,34.9002723694,1.8499317168999987,2.0,False,1.1995930671674309,0.04966115953256889,True,45.0447540283,29.7770366669,73.9480056763,0.9496612549000005,2.799592971799999,2.5735206604,,0.9926870590223614,0.9687836955232925,-0.591238353991451,0.11316918219003948,False,,1.0495929717999992,0.057703016715971896,0.34966135026743217,0.087625965066215,0.114571236756965,0.0746862034460421,2.0673965192307165e-05,0.07039822799127839,0.006225117098747035,1.0496611595325689,2.5502724647674313,False,-0.41093961541586843,0.0013118489112717772,-0.3932369601081892,0.02685302371531042,0.39161712619835554,0.0018845840046789986,0.0003660206372433335,,False,,93.44805740118588,0.2645206323255942,1.0030893171893107,196.235595703,0.9972770592239619,0.002722940776038121,,,0,0.14363512593601088,0.002722940776038121,0.131835997105,39.9536743462025,0,0.9244383934649422,0.002722940776038121,0.0708009973168,,0
density_0_nback_0_id_21,21,d0_n0,29.450220108,30.9003314972,46.1498985291,34.000087738,1.4501113892,2.0,False,1.1997799873674317,0.04966855048371599,True,45.5830383301,36.4990921021,74.9149932861,0.8996684551162843,2.3497798443162843,7.732950210600002,,0.9959900122830042,0.593587359861356,-0.311828198623808,0.1131695238383816,False,,1.049779892,0.07440621630643793,0.549668550483716,0.16290775478722141,0.0,0.07468850136195133,1.654769097105817e-05,0.07344557113688276,0.0019187125190481544,0.9496684074325685,2.1500878333674294,False,-0.41102026481375004,0.0012411962162051338,-0.4060998548721035,0.006547300517268046,0.2423194833178217,0.25843105008808337,-0.054950853192708,2.3496685028,False,True,87.09643196215382,0.2579593578773919,1.005676126095993,197.002319336,0.9973787680209698,0.002621231979030144,,,0,0.2575360419397117,0.002621231979030144,0.0185550004244,41.6092530861622,0,0.854521625163827,0.002621231979030144,0.180176004767,,0
density_0_nback_0_id_22,22,d0_n0,29.4501876831,29.9500217438,40.0501098633,33.9502906799,0.4998340606999996,2.0,False,,,False,0.0,13.7922363281,64.9747238159,,,0.0,,,0.40156610786092545,-0.0027252216998017993,0.11316646115951313,True,0.5499782561999993,1.0498123168999989,0.11316151916979997,0.049978256199999294,0.01684088716108784,0.35970344389015624,0.07469527197903947,1.4219480914424978e-05,0.07469384893774,1.5873191218266873e-05,2.449978351567431,1.5502905845325685,False,-0.4109438026422369,0.0014217485974271607,-0.41076581180099997,0.0014552373936320558,0.3784818567891147,0.265473155056445,-0.05599915189668166,0.6499781608325677,False,True,71.92701109460025,0.23519919956106103,1.005733759380689,196.440795898,0.9971509971509972,0.002849002849002849,,,0,0.21581196581196582,0.002849002849002849,0.221680000424,39.905456699412,0,0.9301994301994302,0.002849002849002849,0.153808996081,,0
density_0_nback_0_id_23,23,d0_n0,29.450220108,31.7503376007,41.7999725342,35.6000366211,2.3001174927,2.0,False,1.1997799873674317,0.049662351616284184,True,45.0698738098,35.493144989,75.2310562134,0.9996623993,3.299779892,1.8741035460999989,,0.9937309951351188,0.9348210602258868,-0.7722390635767894,0.11316901553228947,False,,1.049779892,0.04706054399515652,1.9496624469837158,0.2034393657698038,0.048022886439375335,0.07469498228869474,1.9016805031172524e-05,0.06740082508843695,0.008448870778146095,1.8996624946674316,1.9500365257325711,False,-0.41098562588817106,0.001391129140557171,-0.3767655971258043,0.04288625701392976,0.4304446063767082,-0.001756488314470333,0.002876901332631916,1.4496624469837158,False,True,100.49443015385602,0.27229489666955253,1.0055263894516386,196.171875,0.9958333333333333,0.002777777777777778,64.2856445312,65.7137451172,0,0.1,0.002777777777777778,0.145019993186,42.160278551293,0,0.9638888888888889,0.002777777777777778,0.25585898757,,0
density_0_nback_0_id_24,24,d0_n0,29.4498767853,30.5498561859,43.0003623962,33.1999397278,1.0999794006000023,2.0,False,,0.10014390946743035,False,0.0,37.1639823914,74.1612930298,,,10.5946292878,0.10014390946743035,,0.9149611164564931,0.0003068027726542272,0.11316909876309211,False,,1.050123214700001,0.10254186321987634,1.1501438617837145,0.18506446858604428,0.008127645511801,0.07469533070137895,1.5397523888657965e-05,0.0744851902127182,0.0003753224227703672,1.050143718732567,1.599939823167432,False,-0.41081337473892104,0.0014195260521233006,-0.4090304767543636,0.0028838760019185756,0.3602523218422835,0.03965418580923,-0.006082684736856667,,False,,81.51685218975823,0.2276312982089773,1.0057436098345085,196.889282227,0.9972677595628415,0.00273224043715847,,,0,0.20765027322404372,0.00273224043715847,0.164306998253,43.3297120928765,0,0.8872950819672131,0.00273224043715847,0.0388180017471,,0
density_0_nback_0_id_25,25,d0_n0,29.4498462677,30.699546814,45.7998580933,34.2500152588,1.2497005463000015,2.0,False,1.2001538276674317,0.00045323368371441575,True,15.4986724854,41.5633354187,64.8987350464,0.8504531383162828,2.1001536846162843,20.7029647827,,0.9594187438616926,0.8669100401460619,-0.02206910669335524,0.11316787049560524,False,,1.1001536846162843,0.09340681478374802,4.70045328136743,0.10010432528388691,0.052648483061535835,0.07469465201230789,2.140548661872321e-05,0.07430932998656399,0.0006919249964072485,1.6004531383162828,1.9500153064837136,False,-0.41101347498199997,0.00125585424402975,-0.40857399344448003,0.005238430468313442,0.26065424678396565,0.10822888368660917,-0.020410310409112134,1.4504532813674302,False,True,83.89729711542081,0.23733624670511755,1.0058537630289446,196.884277344,0.9973684210526316,0.002631578947368421,,,0,0.20657894736842106,0.002631578947368421,0.078368999064,40.716125417482,0,0.8947368421052632,0.002631578947368421,0.0910639986396,,0
density_0_nback_0_id_26,26,d0_n0,29.4503383636,31.7503471375,42.1004104614,35.0504837036,2.3000087739,2.0,False,1.1996617317674314,0.04965281481628381,True,45.1813392639,35.9050102234,74.6423950195,0.9996528624999996,3.2996616363999998,2.2179012299000007,,0.9937153167099053,0.8667355766291623,-0.7753123003434123,0.11317182283257897,False,,1.0496616363999998,0.04663338327945435,0.7996528148162838,0.2925726559882275,0.003703888896659705,0.07469354834603946,1.6389975934774626e-05,0.06722088279607391,0.008594136537851254,1.349652767132568,1.9504837989674328,False,-0.41101196721981575,0.001203184493633614,-0.37572756863160883,0.04354300107026856,0.33796982599160486,-0.02602966520935166,0.009804529199981666,5.6996529101837154,False,False,100.48589090073375,0.2620866067076159,1.0050029301307748,195.946044922,0.9972318339100346,0.002768166089965398,,,0,0.1847750865051903,0.002768166089965398,0.142333999276,41.529846198838,0,0.8996539792387543,0.002768166089965398,0.259521007538,,0
density_0_nback_0_id_27,27,d0_n0,29.4503288269,30.3997402191,55.7997436523,33.6000366211,0.9494113921999983,2.0,False,,0.25025987626743174,False,0.0,33.5156021118,75.1003646851,,,2.91625881195,0.25025987626743174,,0.2936439968995011,-0.003746291402621111,0.11316836076352633,True,0.1002597809000001,1.0496711730999984,0.11198561886942222,0.00025987626743173564,0.6021365992233364,0.0,0.07469201999667499,2.4091315021024146e-05,0.07463773546946667,0.00011573489002105975,1.0002598762674317,2.200036525732571,False,-0.4109909001150131,0.001459702245375283,-0.41062580380172226,0.001241819650009802,2.0195824192006233,-1.2550048096104134,0.0751923797807305,,False,,78.32194188242744,0.23961705411756148,1.0056184949322657,196.018920898,0.8766724840023269,0.002326934264107039,17.2768554688,249.298583984,0,0.6009307737056429,0.002326934264107039,1.12817394733,42.755188047865,0,0.8917975567190227,0.002326934264107039,0.122559003532,249.566894531,0
density_0_nback_0_id_28,28,d0_n0,29.4491634369,33.7991104126,44.5996589661,36.449546814,4.3499469757,2.0,False,1.2008366584674306,0.0008895397162831387,True,52.0707206726,52.8178749084,75.0889663696,1.0008895397162831,5.350836515416283,2.1246147156000035,,0.9963673495515921,0.9839455330108207,-1.3985693947358409,0.1131713979534474,False,,1.1008365154162831,0.026348315479102297,0.3508896827674306,0.13238151854078806,0.40504618414367,0.07468637216247367,1.620095655646661e-05,0.05549561793262758,0.015109803857686318,0.7508895397162831,1.8995468616837172,False,-0.4112093868223684,0.00132591020235097,-0.3012887883460575,0.09370055318218679,0.2746838377845333,0.02522133632254,0.0005955185818975001,,False,,130.53966471212138,0.28531401013733654,1.004708997717212,196.509033203,0.9959893048128342,0.00267379679144385,249.986816406,,0,0.0748663101604278,0.00267379679144385,41.5283203125,96.4487304688,0,0.9973262032085561,0.00267379679144385,,,0
density_0_nback_0_id_29,29,d0_n0,29.4509487152,31.7009849548,44.1002082825,34.2009773254,2.2500362396,2.0,False,1.1990513801674325,0.049015045200000884,True,46.3817825317,34.6415367126,75.5208740234,0.9490151405674325,3.1990513801674325,2.120244979899997,,0.99328579054375,0.995245587823334,-0.7559261047009291,0.11316952589705265,False,,1.099051237116285,0.04841610511970666,,0.0016902559078650482,0.4210543257804833,0.07469233635224869,2.0324284157142065e-05,0.06777484690149778,0.008254056067375516,0.5990149975162851,1.9009773730837125,False,-0.41077301612026307,0.0013806077095423284,-0.37863206068680005,0.0420279105206058,0.2190596383468609,-0.013545141570919994,0.010847349565796834,,False,,99.729428313664,0.26343809009821917,1.0048945961082563,197.007080078,0.9973063973063973,0.0026936026936026937,,,0,0.09966329966329966,0.0026936026936026937,15.5004882812,84.9809570312,0,0.9973063973063973,0.0026936026936026937,,,0
density_0_nback_0_id_2,2,d0_n0,29.4496879578,31.3002529144,36.7997779846,35.3997192383,1.850564956600003,2.0,False,1.2003121375674333,0.0497469902325669,True,46.3512458801,59.816280365,75.555847168,1.9497470855999985,3.8003120422000016,1.9978103637999993,1.9997470379162827,0.9941659048425658,0.9869126428683853,-0.5707054865165331,0.11316966088977631,False,,1.1003119945162858,0.06009439521126579,3.4997470379162827,0.06591887276724782,0.33515883054738604,0.07468358760601447,1.97716966530789e-05,0.07073082392545,0.005939700931637288,1.9997470379162827,2.099719285983717,False,-0.4106300598696711,0.0012703902421928165,-0.394940504118079,0.02584083467873645,0.3717793585333611,0.030778757063605496,-0.0011673975619219997,1.4497470855999985,False,True,94.24588277312704,0.27016236494918083,1.0054136960958813,196.243041992,0.9970149253731343,0.0029850746268656717,,,0,0.10970149253731343,0.0029850746268656717,41.9038085938,88.6931152344,0,0.9970149253731343,0.0029850746268656717,,,0
density_0_nback_0_id_30,30,d0_n0,29.450044632,30.7505912781,43.5505218506,35.5508613586,1.300546646099999,2.0,False,1.1999554633674308,0.049408674216284254,True,39.0165748596,44.5067138672,75.7914886475,0.8994088172674317,2.1999554633674308,11.2243862152,,0.989138960115038,0.8561587645234187,-0.12636410910436308,0.11316812479571052,False,,1.0999553203162833,0.08347299186366924,3.1494088172674317,0.1868249784241606,0.013013401670227333,0.07469020078056317,2.0848026550949042e-05,0.07398955695904615,0.0011760213283714483,2.4994087219,2.3008613586000024,False,-0.4109718270208026,0.0014884876294871362,-0.4068617167381538,0.00611581536286083,0.36943466390856255,-0.02261702245252667,0.004328931103609833,1.8994088172674317,False,True,84.71505733532793,0.24898984920692005,1.0055148349603729,196.228881836,0.9972862957937585,0.0027137042062415195,,,0,0.19402985074626866,0.0027137042062415195,0.130859002471,39.5872190520355,0,0.8839891451831751,0.0027137042062415195,0.0717770010233,,0
density_0_nback_0_id_31,31,d0_n0,29.4500331879,30.3501281738,48.9005203247,35.4002494812,0.9000949859000009,2.0,False,,0.2998719215674299,False,0.0,95.7412948608,95.7412948608,,,3.747423172,0.2998719215674299,,0.8882889805219002,-0.0014666669368249999,0.1131687348610263,True,0.14987182619999828,1.0499668120999992,0.1116569981805389,0.04987192156742992,0.27116903839735923,0.0022130394335048336,0.0746917716766684,2.1254517373720997e-05,0.07464272114966113,0.00013609092761498526,1.1998717785162825,3.8502495288837153,False,-0.410852871050921,0.0014088998705820927,-0.4106914533508889,0.0014272097987465837,0.3311419761277076,0.7844641946799437,-0.14557952248723435,2.04987192156743,False,True,78.32640450364683,0.2431118113707071,1.0058258684953991,196.665283203,0.9974715549936789,0.0025284450063211127,,,0,0.2579013906447535,0.0025284450063211127,0.0451660007238,45.0425414964619,0,0.843236409608091,0.0025284450063211127,0.154053002596,,0
density_0_nback_0_id_32,32,d0_n0,29.3999462128,30.4002075195,38.0501785278,33.0502853394,1.0002613067000006,2.0,False,,0.2497925758674313,False,0.0,34.4369926453,85.1161956787,,,9.21436905861,0.2497925758674313,,0.7054611471178843,-0.005316184149018333,0.11317187332001317,True,0.09979248049999967,1.1000537872000002,0.11002005104503335,0.04979252818371549,0.33793398883580106,0.24767556947969832,0.07469402459499343,1.5781799113597e-05,0.07460888510659049,0.00019445757997472557,0.8997924328162838,1.7502853870837143,False,-0.4109101232729079,0.0013133834975291865,-0.4103024871575714,0.00221145308458257,0.20049890714140653,0.19051323014625066,-0.038503338437313794,,False,,80.7282786241331,0.24477332627545645,1.0056467145374919,197.262084961,0.9970674486803519,0.002932551319648094,,,0,0.18328445747800587,0.002932551319648094,0.156737998128,43.109741069364,0,0.9567448680351907,0.002932551319648094,0.0390620008111,,0
density_0_nback_0_id_33,33,d0_n0,29.4507465363,31.000371933,46.550491333,35.6501808167,1.5496253967000015,2.0,False,1.199253559067433,0.04962801931628391,True,44.9533843994,26.8751525879,74.3978729248,0.9496281146837156,2.499253511383717,6.090106964099995,,0.9967036392597352,0.887505661362084,-0.43075596689203166,0.11317067524710528,False,,1.0492534637000013,0.06916158991829517,0.19962811468371555,0.17592068206230185,0.0010995807417208334,0.07469322071655396,1.6078017025921825e-05,0.07288383764605484,0.0028256626758200076,4.899628162367431,-0.24981927866743092,False,-0.41085797548298686,0.0013079897162961416,-0.4048559906020967,0.008396209593461674,0.2531968903456703,0.27568076235855216,-0.06010747308026117,1.2496280669999997,False,True,88.69499576780606,0.2541314396158446,1.0054574350587946,196.542236328,0.9973941368078176,0.0026058631921824105,,,0,0.2260586319218241,0.0026058631921824105,0.19140599668,38.15759264679,0,0.8527687296416938,0.0026058631921824105,0.0048830001615,,0
density_0_nback_0_id_34,34,d0_n0,29.4497585297,32.0500068665,42.1001167297,34.5503959656,2.6002483368,2.0,False,0.950241565667433,0.04999303813256972,True,44.8251113892,40.4535903931,77.0177764893,0.9999930858162855,3.6002414226162855,1.9810943604000002,,0.9953058535005086,0.8121211507362474,-1.0663401927978262,0.11316758139352634,False,,0.8502414226162855,0.033653266095326415,3.9499931335000014,0.19238845576961122,0.15001096775131667,0.0746929782785842,1.980458659197769e-05,0.06484481333843019,0.00975471357199225,0.7999930381325697,1.7003960609674351,False,-0.41071964604292105,0.0013216603525934177,-0.3619247596218679,0.056041921426915955,0.2227879361005185,0.00041909939611966727,0.0018883026864541669,,False,,105.68125221216867,0.27018950190158275,1.004340562461149,195.916503906,0.9702627939142462,0.0027662517289073307,20.3004150391,65.3850097656,0,0.08921161825726141,0.0027662517289073307,5.08276414871,82.7747802734,0,0.9972337482710927,0.0027662517289073307,,,0
density_0_nback_0_id_35,35,d0_n0,29.4501094818,30.7992343903,43.5995597839,34.6998100281,1.349124908500002,2.0,False,1.1998906135674332,0.0007655620162836385,True,38.367149353,46.23412323,76.5527572632,0.9007656573837153,2.2498905658837174,11.249320983899999,,0.9878459860717594,0.8577937688065687,-0.12804171750559837,0.11316933080947371,False,,1.0998904705162857,0.08420931275647307,0.7007656096999995,0.23861660094524398,0.0,0.07469334972924342,1.615678508134627e-05,0.0740450738141,0.0010980092805296328,2.300765514332568,1.5998101234674351,False,-0.4108539992257369,0.0013566127261734956,-0.407435971957,0.005309024856733211,0.37085242527062934,0.006852393566278327,-0.005296179958778168,1.600765705067431,False,True,84.70914206285383,0.25972625198533483,1.005815847378496,196.649902344,0.997289972899729,0.0027100271002710027,,,0,0.19037940379403795,0.0027100271002710027,0.173339992762,39.839965894830996,0,0.8861788617886179,0.0027100271002710027,0.0178219992667,,0
density_0_nback_0_id_36,36,d0_n0,29.4503383636,30.5500888824,75.2002487183,35.7503089905,1.0997505188000005,2.0,False,,0.09991121296743088,False,2.69836640358,38.7356872559,75.2637710571,,,10.38588237764,0.09991121296743088,0.8772064851272258,0.9076626354348633,-0.012397424643348226,0.11316843419096052,False,,1.099661588716284,0.09858503929256363,1.149911165283715,0.13196802102969743,0.10024593031265999,0.07468982148719211,1.9146001319903214e-05,0.07443761317566362,0.0004629796946081711,3.0499110222325676,2.150309085867434,False,-0.41086564958092103,0.0013223094090250645,-0.40885340625595457,0.0025510253932044223,0.657321960918384,-1.0089832492013917,0.20231523001574114,2.599911212967431,False,True,81.51685018595117,0.2428976533510817,1.0057337593806461,195.937255859,0.6010436432637571,0.0018975332068311196,21.1401367188,,0,0.5284629981024668,0.0018975332068311196,0.236328005791,37.7491454481955,0,0.8074003795066413,0.0018975332068311196,0.101318001747,143.81866455075,0
density_0_nback_0_id_37,37,d0_n0,29.4001121521,30.7004852295,48.8501167297,37.0500946045,1.3003730773999997,2.0,False,1.2498879432674315,0.04951477050000008,True,30.3261699677,118.813285828,118.813285828,2.4495148658674317,3.7498879432674315,11.2113494874,,0.9856659433973597,0.8596031746992916,-0.0706194491022549,0.11316788176955263,False,,1.149887800216284,0.08782064599491154,0.6995148658674317,0.18655526616402893,0.12135761442282168,0.07468861929680395,1.8556208306724917e-05,0.07414480298757307,0.0009464484935244112,1.4495148658674317,4.900094509132572,False,-0.4109635568762895,0.0012231095756666025,-0.4082961884829231,0.005849028153333482,0.36145440536713436,0.3864767280717484,-0.07745766105750501,2.0495147705,False,True,84.70978579955079,0.24126426287811212,1.0054342816991733,197.019287109,0.9974683544303797,0.002531645569620253,,,0,0.1550632911392405,0.002531645569620253,0.117675997317,51.569885362158495,0,0.9411392405063291,0.002531645569620253,0.077881000936,,0
density_0_nback_0_id_38,38,d0_n0,29.4506034851,30.2000713348,44.1499023438,34.7004699707,0.7494678497000002,2.0,False,,0.4999287128837153,False,0.0,27.6563873291,72.9222640991,,,0.0,0.4999287128837153,,0.6335986584269164,0.0012900723066853333,0.11316809224844737,True,0.3499286175162837,1.099396467216284,0.11316684087126667,0.0499286651999995,0.1975700104288238,0.0,0.07469367461377105,2.009419533365936e-05,0.07467232197524,2.1574282604334232e-05,3.699928760567431,0.800469875332567,False,-0.41095771836611844,0.0012028750926007536,-0.41082993149746666,0.0011507808293163395,0.3227083799703889,0.012273754694499074,-0.007542682330483667,1.4999287128837153,False,True,75.93181662154251,0.23887385751281637,1.0054919115006582,196.245483398,0.9973082099596231,0.0026917900403768506,,,0,0.21870794078061911,0.0026917900403768506,0.083984002471,38.3238523527855,0,0.8802153432032301,0.0026917900403768506,0.31762701273,,0
density_0_nback_0_id_39,39,d0_n0,29.4500293732,30.7505722046,42.4009132385,35.1503486633,1.3005428314000014,2.0,False,1.199970722167432,0.04942774771628322,True,36.3943481445,259.482849121,259.482849121,0.7994277477162832,2.0999705791162846,11.4380455018,1.1494278907674307,0.9845423856153074,0.8829949273508257,-0.116678309382909,0.11316952187761843,False,,1.0499706268000004,0.08392368695842,3.3994278907674307,0.6817655632986946,0.0,0.07468984217235394,1.6679823155639226e-05,0.07403320102737308,0.0010815948570440707,0.9494278430837149,3.450348615616285,False,-0.41105390379309215,0.001362180442909613,-0.40760476772592313,0.005376774929209529,0.5206217246766439,0.060847938906723006,-0.0002511384213003672,,False,,84.7089497232077,0.23519723495996994,1.0055709679661484,195.745849609,0.9820813232253618,0.0027567195037904893,47.7009277344,154.2156372068,0,0.17711922811853895,0.0027567195037904893,0.0119629995897,51.01934819879485,0,0.8993797381116472,0.0027567195037904893,0.189941003919,,0
density_0_nback_0_id_3,3,d0_n0,29.4497470856,30.050037384,38.4494438171,34.3491439819,0.6002902984000009,2.0,False,,0.6999626160000005,False,0.0,16.8775901794,76.7798233032,,,0.0,0.6999626160000005,,0.8075355443727436,0.00042985865954469206,0.11316814283393425,True,0.4999625683162847,1.1002528667162856,0.11317629137853845,0.049962520632568896,0.0,0.38425855152313826,0.07469291622309472,1.870844654478418e-05,0.07470772530024615,9.721783776055324e-06,2.099962711367432,2.1991438865325676,False,-0.4109376653244869,0.0011779874021654768,-0.41032694624015387,0.0015174486568463057,0.39704860908193,0.23262421893109617,-0.04767406433626948,0.09996271136743218,False,True,74.33470643480737,0.2291040514514861,1.0052155888447623,196.524658203,0.9970845481049563,0.0029154518950437317,,,0,0.17784256559766765,0.0029154518950437317,0.127441003919,40.0950925722595,0,0.9518950437317785,0.0029154518950437317,0.0747070014477,,0
density_0_nback_0_id_40,40,d0_n0,29.4499263763,30.5496635437,43.449848175,33.4503517151,1.0997371674000007,2.0,False,,0.10033655166743216,False,0.0,37.3040504456,74.7124557495,,,10.6234788895,0.10033655166743216,,0.8714276772741414,0.0007260023637390915,0.11316888161794736,False,,1.0500736237000012,0.1026183059227709,6.500336408616285,0.03574676921913771,0.26363146887551336,0.07469539128636185,1.3615974892582168e-05,0.07449508255178182,0.00038879086664814655,1.0003364086162847,1.900351762783714,False,-0.41088588104435525,0.0014077118080011303,-0.4093251214785454,0.0033216229345798534,0.2644500592229331,-0.010351798310865334,0.0013844013951420007,,False,,81.51975650018503,0.2437840026624488,1.005526388692962,196.667480469,0.9932065217391305,0.002717391304347826,58.6002197266,64.8203125,0,0.140625,0.002717391304347826,0.140380993485,42.542602606142495,0,0.9490489130434783,0.002717391304347826,0.261718988419,,0
density_0_nback_0_id_41,41,d0_n0,29.4499855042,30.5002918243,46.7502784729,34.2993965149,1.050306320099999,2.0,False,,0.149708271067432,False,0.0,36.9183082581,75.1119918823,,,9.63030385974,0.149708271067432,,0.976015441298589,-0.016160845919259727,0.11316979294146054,True,0.04970812801628455,1.1000144481162835,0.10427832459521363,,0.0,0.44349042909839326,0.07468181770098815,2.2210833365238656e-05,0.07452659308910455,0.00033149141404637905,1.8497080803325687,1.949396610267435,False,-0.41079807752059216,0.0012299314228298092,-0.4094307260079546,0.0028178524486689926,0.33786377243915244,-0.030889176115429528,0.002130820935932668,1.0997080803325687,False,True,81.51915144868478,0.22438310719107804,1.0056184949322657,196.009277344,0.9974009096816114,0.002599090318388564,,,0,0.10266406757634827,0.002599090318388564,20.3659667969,81.7803955078,0,0.9974009096816114,0.002599090318388564,,,0
density_0_nback_0_id_42,42,d0_n0,29.4498310089,30.5006771088,45.5998001099,34.550693512,1.0508460999000029,2.0,False,,0.14932298656743015,False,0.0,36.1975593567,73.431350708,,,10.106027364700001,0.14932298656743015,,0.5297325858852258,0.0028664274802827714,0.113168330275,False,,1.0501689911000014,0.10253962266930318,9.099322795832567,0.15721365090073758,0.0076105413827505675,0.0746864575500592,2.1366691926937626e-05,0.07450338893316365,0.0003675523528024441,2.2493228911999985,1.8006935120000023,False,-0.4106086198436579,0.0013751735710960831,-0.40954161367631825,0.002935930361594908,0.44302891191169397,0.13049936076076465,-0.025171443408663004,1.1993229388837143,False,True,81.51510899085883,0.24320159420663184,1.0054574343042275,196.418701172,0.9973597359735974,0.0026402640264026403,,,0,0.21848184818481847,0.0026402640264026403,0.078368999064,39.592285085482,0,0.8825082508250826,0.0026402640264026403,0.119629003108,,0
density_0_nback_0_id_43,43,d0_n0,29.4506912231,30.2498836517,56.9005393982,35.1504898071,0.7991924285999978,2.0,False,,0.40011644366743226,False,0.0,68.3614578247,73.6093139648,,,0.0,0.40011644366743226,,0.8470614301953148,-0.0005007111156973332,0.11316624852386842,True,0.2501163483000006,1.0493087768999985,0.11316628555453331,0.0001163483000006238,0.15312416864902556,0.025976617438334033,0.07469010304071184,1.9007520635206906e-05,0.07469030916690667,1.744351570524549e-05,3.0001163483000006,1.9004898071000014,False,-0.41080719703118423,0.0014160729511480735,-0.41077529589333345,0.0013025722607980475,0.4578495671250583,1.1030429239079,-0.22638182987771333,1.4501163959837164,False,True,75.91842631902462,0.2290510982490248,1.0056531559252475,196.151855469,0.9977037887485649,0.002296211251435132,,,0,0.2606199770378875,0.002296211251435132,0.17456099391,39.193969950055006,0,0.8283582089552238,0.002296211251435132,0.0224610008299,,0
density_0_nback_0_id_44,44,d0_n0,29.4507846832,30.5505027771,45.1005210876,34.4501876831,1.0997180939000017,2.0,False,,0.09949731826743147,False,3.98588132858,37.6221160889,74.2850723267,,,11.040436744600001,0.09949731826743147,0.8547804552350933,0.8816785149086195,0.011347096023460375,0.11316770785735526,False,,1.0492153168000016,0.09724173572080819,2.049497127532568,0.14702188793518528,0.013252580169738,0.07469048282426317,1.4806170573451092e-05,0.07441387088460455,0.0005221895662726698,2.299497127532568,1.6001877784674292,False,-0.4107377286020131,0.00142812651113378,-0.4084544303742273,0.0036574252679716602,0.37867033773551156,0.10620884015538447,-0.020167923068701334,1.7994971275325682,False,True,81.51565186668162,0.23236084126242335,1.005802707410787,196.181762695,0.99734395750332,0.0026560424966799467,,,0,0.24634794156706508,0.0026560424966799467,0.087890997529,40.0684816315645,0,0.8592297476759628,0.0026560424966799467,0.115234002471,,0
density_0_nback_0_id_45,45,d0_n0,29.4498577118,30.9492797852,89.7990951538,34.349571228,1.4994220734000017,2.0,False,1.2001423835674316,0.0007202624837141514,True,44.0727958679,34.4242515564,73.8497695923,1.1507201194325667,2.6501421928325684,6.386388778700002,,0.9955297342295333,0.5050616683129641,-0.3090985485772898,0.11316735571935527,False,,1.0501422882,0.07518062430122067,4.800720214799998,0.14582304903690604,0.042815403911905095,0.07469079731717763,2.016690193525675e-05,0.07348853250343668,0.0018962492055515008,1.2507202624837142,2.1495711803162862,False,-0.41104620655901314,0.001227963697351134,-0.40640189647673336,0.005847096266783241,0.8043590109258844,-0.9577420900270501,0.19688287600873336,31.45072031016743,False,False,87.90550641182274,0.25801930007664825,1.0057337593806674,196.57019043,0.58274280950396,0.0016673614005835765,19.7443847656,,0,0.6294289287203001,0.0016673614005835765,0.0964360013604,41.5823976881802,0,0.8641100458524386,0.0016673614005835765,0.25585898757,152.23236083995,0
density_0_nback_0_id_46,46,d0_n0,29.450838089,30.0998783112,43.3005065918,33.0498847961,0.6490402222,2.0,False,,0.6501216887999988,False,0.0,44.7767562866,75.6067657471,,,0.0,0.6501216887999988,,0.8769137269476658,0.0010794922369854166,0.11316877564311839,True,0.40012168879999876,1.0491619109999988,0.11317283598083333,0.00012159343256712418,0.1676522171104376,0.01981552210248083,0.07469441153501447,1.5795183066437976e-05,0.07472206714253334,2.0327922688080102e-05,0.8501217364837146,2.0998847484162866,False,-0.4106219457952763,0.001464142609463364,-0.4108314042288333,0.0009143167612256093,0.2786321533069249,0.05606904653053701,-0.009969016612254734,0.10012173648371459,False,True,73.53205981947453,0.22787345749302898,1.00554954341905,196.796875,0.9972789115646259,0.0027210884353741495,,,0,0.18503401360544217,0.0027210884353741495,0.0375979989767,43.48785417528835,0,0.9224489795918367,0.0027210884353741495,0.383056998253,,0
density_0_nback_0_id_47,47,d0_n0,29.3999328613,30.650308609,48.050201416,34.9499168396,1.250375747699998,2.0,False,1.25006723406743,0.04969143868371617,True,25.8730792999,42.4965019226,130.891098022,3.6496913433162845,4.9000670910162825,11.4061927795,,0.9700917902124311,0.9110254473402257,-0.016187814607199227,0.11316972843509214,False,,1.1000671386999983,0.09096583749099346,6.299691438683716,0.09774895050933824,0.3240241822165701,0.07469581253826581,2.2338795078661544e-05,0.07425652100489999,0.0008117319019551668,2.4496912956325687,1.8499169349674318,False,-0.41085198992175,0.0013898605839470775,-0.40804169384330763,0.005488056889096802,0.30835871973063994,0.13773774191116767,-0.029918822133902647,1.8496913910000004,False,True,84.70877847989385,0.25342751883901105,1.005641651779284,197.054931641,0.997444089456869,0.0025559105431309905,,,0,0.13035143769968052,0.0025559105431309905,5.27954101562,85.7409667969,0,0.997444089456869,0.0025559105431309905,,,0
density_0_nback_0_id_48,48,d0_n0,29.4003543854,30.0502052307,63.3997573853,34.4004096985,0.6498508453000014,2.0,False,,0.6997947692999986,False,0.0,134.707321167,230.795471191,,,0.0,0.6997947692999986,,0.8341675667623565,0.00466203379227653,0.11316876348700002,True,0.4497947692999986,1.0996456146,0.11315935678199998,0.04979467393256698,0.14788508143564066,0.025465914661394994,0.07469259810290396,1.3969619162610823e-05,0.0746908818299923,6.26826585579793e-06,4.049794673932567,0.3004097938674306,False,-0.4106778898521711,0.001456819072880489,-0.4105764421133076,0.0014556419311484148,0.4483635045737511,0.5136897017868016,-0.10350759272502516,3.6497948169837144,False,True,74.31649522512727,0.2288146359189447,1.0056700005055244,197.24987793,0.9978621058257616,0.002137894174238375,,,0,0.13094601817210047,0.002137894174238375,17.484375,87.6683349609,0,0.9978621058257616,0.002137894174238375,,,0
density_0_nback_0_id_49,49,d0_n0,29.4496250153,30.899728775,57.2493972778,35.4992752075,1.4501037596999993,2.0,False,1.200375080067431,0.0002713203674318265,True,45.4148368835,42.745059967,73.7926025391,0.9002711773162844,2.3503749370162836,8.7342262268,11.850271225,0.9961716545242874,0.8875579921368975,-0.24208156101138378,0.11316716984696056,False,,1.0503749846999995,0.07845889211725518,19.400271177316284,0.012214970585616441,0.44176415620990067,0.07469419448783027,1.8254984191456504e-05,0.07368495880530344,0.0016065909093062657,2.350271225,2.2492752074999984,False,-0.4106475769689079,0.0014110081561970406,-0.406654817277,0.006293139490865819,0.2662938741284073,0.5653116822782871,-0.18783958493738828,1.6002712250000002,False,True,87.11297663743609,0.24209690993536764,1.005825868120303,196.143310547,0.9977116704805492,0.002288329519450801,,,0,0.17162471395881007,0.002288329519450801,39.2614746094,80.2578125,0,0.9977116704805492,0.002288329519450801,,,0
density_0_nback_0_id_4,4,d0_n0,29.449836731,30.3494987488,41.7004318237,33.5498657227,0.8996620177999972,2.0,False,,0.3505012988837173,False,0.0,31.7688827515,74.9346923828,,,0.0,0.3505012988837173,,0.9711172310363355,0.0009245661525034944,0.11317148579184212,True,0.20050120351628564,1.1001632213162829,0.11295136436822222,0.0005011558325698218,0.0,0.3322287108128,0.07468912995567895,1.7635121923057774e-05,0.07467562912238888,7.046866104510959e-05,1.1505012512000015,2.049865722699998,False,-0.4109907252223684,0.001331321377639763,-0.4104950543906111,0.0012295652282684555,0.28435875596799637,0.06132554644720834,-0.006422120712998168,,False,,78.31766743387503,0.24205415867607358,1.0050523280481423,196.481567383,0.9972183588317107,0.0027816411682892906,,,0,0.2677329624478442,0.0027816411682892906,0.00952100008726,42.29809546099363,0,0.9346314325452016,0.0027816411682892906,0.192138999701,,0
density_0_nback_0_id_50,50,d0_n0,29.4498386383,31.8005847931,51.9501800537,36.6501464844,2.3507461547999995,2.0,False,1.2001614570674306,0.049415111532567835,True,43.8227996826,85.999786377,85.999786377,3.6494152545837153,6.000161409383715,1.608551025399997,,0.993601510589021,0.9688910403193575,-0.7737711946665522,0.11316885142343422,False,,1.1001613140162831,0.047936792524227084,4.549415111532568,0.15255627104853486,0.34408608706045335,0.07469564352772631,2.152257935409619e-05,0.06737284191573333,0.0085400892790543,1.9494152068999995,2.900146484399997,False,-0.410989820957171,0.0012970074887212022,-0.37612850839893747,0.04407639705597679,0.19094384941138753,0.20991516914230662,-0.04451125776001816,2.8994152545837153,False,True,102.07169454532892,0.2831961805410269,1.0055495426644614,196.579956055,0.9975654290931223,0.002434570906877663,,,0,0.11868533171028606,0.002434570906877663,53.6396484375,103.219848633,0,0.9975654290931223,0.002434570906877663,,,0
density_0_nback_0_id_51,51,d0_n0,29.4506378174,30.5504226685,48.8006668091,35.2508087158,1.0997848511000008,2.0,False,,0.09957742686743032,False,2.02503943443,89.0760498047,125.991241455,,,9.755016803710003,0.09957742686743032,0.8468463980384586,0.9028842078964172,-0.007435575593231275,0.11317039526214474,False,,1.0993621349162837,0.09915339514957272,2.499577283816283,0.2775544027582629,0.005101646325784999,0.07469371470965921,1.9268606304577452e-05,0.0744490366090409,0.000463974740196828,3.999577283816283,0.7008087634837139,False,-0.41085560227696044,0.0014840068525105237,-0.4092088544911363,0.002779243211986836,0.20861221982479525,0.23578909044946317,-0.04841387184957682,,False,,81.56800391092945,0.7318346347549413,1.0057877228510999,195.787719727,0.9974667511082964,0.00253324889170361,,,0,0.1798606713109563,0.00253324889170361,45.5688476562,72.3433227539,0,0.9974667511082964,0.00253324889170361,,,0
density_0_nback_0_id_52,52,d0_n0,29.4491081238,30.6491603851,43.9493522644,33.5492019653,1.2000522613000015,2.0,False,,0.0008397102674315704,True,8.46088695526,40.7332992554,75.4954376221,0.8508396148999999,2.0508918762000015,11.2608394622,,0.9479528809923012,0.9965787963740044,-0.013053202341918334,0.11317059034976318,False,,1.1008918285162856,0.09523714062138751,,0.0,0.34282552632504504,0.07469431506960131,1.5593012047611587e-05,0.07439272105695,0.000599695336280781,1.5508396625837158,1.3492019176162842,False,-0.4110599979758947,0.0013948586334465022,-0.40886696303887504,0.004091929110865048,0.7379460787998434,-0.013091446134300633,0.0032913837353811823,1.1008396149,False,True,83.10981161540666,0.24323550065872335,1.0050083469911681,196.506469727,0.9973027646662171,0.0026972353337828725,,,0,0.1112609575185435,0.0026972353337828725,0.113036997616,42.058837834758,0,0.9790964261631827,0.0026972353337828725,0.104248002172,,0
density_0_nback_0_id_53,53,d0_n0,29.4490642548,30.1996383667,48.6991767883,33.7996482849,0.7505741119000007,2.0,False,,0.5003616809837155,False,0.0,24.0997562408,76.5369338989,,,0.0,0.5003616809837155,,0.7091890859090596,0.0027766059307966673,0.11316694760399998,True,0.35036158561628383,1.1009356975162845,0.11317105640973332,0.0003616809837154733,0.13333776420491375,0.0019555723721456668,0.0746963188836421,1.614185276562575e-05,0.07471251587073333,1.8580598004041378e-05,2.0503616332999997,1.5496482849000017,False,-0.4110633326988815,0.0014121713675638334,-0.4110959112643334,0.0015523510575698753,0.46242406422642274,0.7721351129313284,-0.1592028111451562,0.900361537932568,False,True,75.91210521163491,0.2382537951916979,1.005382763335803,196.900390625,0.9974635383639823,0.0025364616360177552,,,0,0.32403297400126824,0.0025364616360177552,0.0546879991889,41.00695825739445,0,0.8268864933417882,0.0025364616360177552,0.134520992637,,0
density_0_nback_0_id_54,54,d0_n0,29.4504299164,30.8504810333,43.200050354,34.2005157471,1.4000511168999985,2.0,False,1.1995701789674307,0.049519062067432174,True,45.5327911377,42.9532966614,75.077835083,0.9495189190162847,2.349570035916283,8.914960861199997,,0.9960419731461482,0.893079114587929,-0.24630546361899963,0.11316822567264477,False,,1.049570083599999,0.07717547944882856,0.5995190143837164,0.030867629473038213,0.28212628812368284,0.07468988844438816,1.4752058743453658e-05,0.073654591771125,0.0016258894242660135,0.9495189190162847,2.400515794783715,False,-0.4108384635887237,0.0014746747170593128,-0.40600136348178567,0.00625044830699835,0.31881003584953105,0.01630998806409167,-0.0039117826900844825,10.699518919016285,False,False,86.30597654107726,0.2552620821786441,1.005457435058773,195.94909668,0.9972733469665985,0.0027266530334014998,,,0,0.12678936605316973,0.0027266530334014998,0.150390997529,41.4320070222145,0,0.9516019086571234,0.0027266530334014998,0.053467001766,,0
density_0_nback_0_id_55,55,d0_n0,29.4500293732,31.0504245758,45.9500656128,36.5001487732,1.6003952026000015,2.0,False,1.199970722167432,0.04957532883256732,True,46.5762290955,135.73274231,135.73274231,3.449575424199999,5.0499706268,6.926549911499997,,0.9959293498743287,0.9132223968858822,-0.4561232055000394,0.11317026742586837,False,,1.0999705791162846,0.06788228632645626,4.499575376516283,0.2932801969175922,0.011241665100292335,0.07469369284808423,1.7545536552733744e-05,0.072693872265525,0.0031371610024247955,3.449575424199999,2.000148773200003,False,-0.4106983448329869,0.0015382016825881062,-0.40412724949425,0.00967029850454614,0.2954089156489557,0.02356232998815933,-0.00411383236762978,2.8495755195674306,False,True,89.49112129917081,0.25802254697560756,1.0055971029895094,196.215454102,0.9835742444152431,0.002628120893561104,43.9819335938,64.9193115234,0,0.08344283837056504,0.002628120893561104,28.2912597656,106.145751953,0,0.9973718791064389,0.002628120893561104,,,0
density_0_nback_0_id_56,56,d0_n0,29.4505233765,30.1008453369,43.2502059937,34.9000396729,0.6503219603999995,2.0,False,,0.599154710783715,False,0.0,41.5822067261,74.0198669434,,,0.0,0.599154710783715,,0.8836275581109589,0.0009161935209181157,0.11316750277023684,True,0.39915466309999914,1.0494766234999986,0.11317345786553848,0.04915475846743078,0.20963621880409736,0.012271965023443335,0.07468721623483159,1.7259301694208924e-05,0.07468931434246154,1.7542610316536505e-05,2.599154710783715,2.2000396252162844,False,-0.4109508261868816,0.0013165790846424413,-0.41109984425400004,0.0008983089584998073,0.5186237592477465,0.06921232109884833,-0.011468390670293501,2.149154663099999,False,True,74.32545192909863,0.22049017399861898,1.0056360781234766,195.892944336,0.997275204359673,0.0027247956403269754,,,0,0.18528610354223432,0.0027247956403269754,0.131835997105,41.5969848931025,0,0.8998637602179836,0.0027247956403269754,0.0673829987645,,0
density_0_nback_0_id_57,57,d0_n0,29.4502639771,30.8500270844,41.9501266479,33.0500183105,1.3997631073,2.0,False,1.199736118267431,0.04997301096743101,True,46.8197593689,44.1666984558,76.1806869507,0.8499729632837152,2.2497360705837153,8.609086990300003,,0.9951143731855692,0.9973513187625895,-0.2612328832469308,0.11316724925452626,False,,1.0997359752162836,0.07776369347364644,,0.0,0.327302359044575,0.07469842955470264,2.0270381037276663e-05,0.07370422993386785,0.0015493855196781578,0.8999729155999994,1.3000183105000005,False,-0.41097073060906575,0.0015127095177538859,-0.40716561249321426,0.005646096085119933,0.7225682865893482,0.04949531601774634,-0.017838692230455415,,False,,86.3029237471309,0.2721706303744801,1.0056184941777375,196.812988281,0.9875086745315753,0.002775850104094379,49.5207519531,64.6866455078,0,0.10201249132546843,0.002775850104094379,0.142089992762,87.9533691406,0,0.9972241498959056,0.002775850104094379,,,0
density_0_nback_0_id_5,5,d0_n0,29.4498996735,31.3998680115,35.7499809265,34.1999778748,1.9499683380000015,2.0,False,1.2001004218674325,0.00013208386743102096,True,45.8815994263,28.0727310181,76.8097610474,0.9501318931325677,2.900100231132569,1.9473609924000002,,0.9921424765770721,0.9299569839182186,-0.5930089122100582,0.11316804450590792,False,,1.100100278816285,0.05916330901284871,1.5501320361837152,0.20830212026194886,0.250533752391745,0.07470255933310395,1.9091016482087234e-05,0.0704792916583641,0.006223466867935738,1.1001319884999994,1.6999778747999983,False,-0.4109935760498026,0.0011531336793123184,-0.3937529745773333,0.028305772383706004,0.4939716121106006,0.0053868989926336664,0.0010534266126276672,0.40013194081628356,False,True,95.0313432100809,0.27256472769769924,1.0055955975991564,196.567749023,0.9969650986342944,0.0030349013657056147,,,0,0.17450682852807284,0.0030349013657056147,0.0522460006177,70.2036132812,0,0.9871016691957512,0.0030349013657056147,0.147460997105,,0
density_0_nback_0_id_6,6,d0_n0,29.4499454498,31.6499767303,42.1501617432,36.7500419617,2.2000312804999993,2.0,False,1.2000546455674304,2.336506743105815e-05,True,46.8386688232,34.6196937561,75.7100830078,1.000023365067431,3.2000546455674304,2.1993637085000017,,0.9929687849172009,0.8934026711258087,-0.6985701092720951,0.11316715778878945,False,,1.100054502516283,0.05197845708413864,0.20002317433256778,0.3037137642763432,0.03572188947971001,0.07468676233762236,1.746904233695514e-05,0.06856052010236363,0.007780119265807366,1.000023365067431,4.1000418663325675,False,-0.41076489655601317,0.0013281881024325398,-0.38290750641713633,0.038461886708334114,0.7240058155525039,-0.05921829814318984,0.008491684555578216,4.100023269699999,False,True,98.95104142986354,0.27238438613866733,1.0055495419057499,196.229492188,0.9930891499654457,0.0027643400138217,58.552734375,65.6232910156,0,0.13683483068417415,0.0027643400138217,0.155762001872,39.082519672836,0,0.9032480995162405,0.0027643400138217,0.244873002172,,0
density_0_nback_0_id_7,7,d0_n0,29.4009151459,30.3007507324,46.2506828308,34.3508758545,0.8998355865000001,2.0,False,,0.3492493629674307,False,0.0,31.6274929047,74.2908325195,,,0.0,0.3492493629674307,,0.9130491286726037,-0.0009287817596882225,0.1131704380049737,True,0.19924926759999906,1.0990848540999991,0.11283208802344442,0.04924917223256742,0.12934357105457991,0.0028235020470076502,0.07468748308326184,1.530105347838158e-05,0.07466687386234999,8.924149574596268e-05,2.4992492199162832,1.5508759021837193,False,-0.41078833176900004,0.0013919466486583235,-0.4101953440243333,0.0016280168468578897,0.40435842249028286,0.2513994315018318,-0.05095368230444666,1.3492493629674307,False,True,78.34713682758094,0.2755677404762921,1.0057337601395395,197.221435547,0.9973839110529757,0.002616088947024199,,,0,0.22171353826030085,0.002616088947024199,0.0808110013604,39.6522219069302,0,0.854153041203401,0.002616088947024199,0.118652001023,,0
density_0_nback_0_id_8,8,d0_n0,29.4497642517,31.0503063202,53.650592804,33.4005775452,1.6005420685000011,2.0,False,1.200235843667432,0.04969358443256766,True,44.2671432495,24.3513183594,76.0819396973,0.9496936797999993,2.5502357483000004,6.347375869699999,,0.9953113267801884,0.87208638683736,-0.4291039862790179,0.11316790010189473,False,,1.1002357006162846,0.0696324301375909,0.6996936797999993,0.11582392692800042,0.03957732534909177,0.07468749945493029,1.8491138077818483e-05,0.07279740499728182,0.00303568311457614,0.6496937274837151,1.700577497516285,False,-0.41107224359325,0.001092692935041764,-0.40424301046309086,0.009709245887857501,0.3924156884126968,0.9644843972599884,-0.20613651135936603,,False,,90.29096067334582,0.26667900732400474,1.0050313728056146,196.453857422,0.9976147883124628,0.002385211687537269,,,0,0.32140727489564697,0.002385211687537269,0.328857004642,43.796508580421005,0,0.789505068574836,0.002385211687537269,0.0693359971046,,0
density_0_nback_0_id_9,9,d0_n0,29.4500198364,31.7499485016,44.2500495911,35.1502151489,2.2999286651999995,2.0,False,1.1999802589674324,5.149840000129302e-05,True,46.900188446,35.8897666931,75.7279663086,0.9500515460837171,3.2499802112837166,2.0797843933000024,1.3500514030325697,0.9933157967086667,0.9571296476341281,-0.7546285923887129,0.1131691596421842,False,,1.099980115916285,0.04827975283071111,3.200051546083717,0.11596145171016567,0.2896117210077866,0.07469405831866842,2.4259457204619077e-05,0.06774267868862888,0.00826819492196451,1.7000515460837171,1.700215101216287,False,-0.4107347711136184,0.0013184837260048791,-0.3785684367020666,0.04193052674787894,0.49165523219898205,0.05787862224192716,-0.015480562383898715,9.500051498400001,False,False,99.71052111667491,0.26780512213641583,1.0052002700735168,196.839477539,0.9919354838709677,0.002688172043010753,57.3854980469,65.3424072266,0,0.0793010752688172,0.002688172043010753,3.91821289062,85.0146484375,0,0.9973118279569892,0.002688172043010753,,,0
density_0_nback_1_id_10,10,d0_n1,34.2493057251,35.9499168396,63.4492340088,43.5499000549,1.7006111144999991,2.0,False,,,False,5.09167051315,2.44569301605,260.992462158,,,0.23778057099000005,,0.9874550236968916,0.21470713041403233,-0.5001635954660295,0.03535830542195989,False,,0.000694274899998959,0.0,1.2500832080837156,0.10856148204834276,0.3045942036434616,0.15853984026528947,0.011571292305421603,0.11267305691461471,0.008220935543236501,1.100083112716284,6.499900102583716,False,-0.5386435565979869,0.04256921333845594,-0.3700080435065,0.03438731323612568,0.396379714717129,0.21186576594286166,-0.05065832801240313,4.100083112716284,False,True,56.01862850912858,7.427341087053886,0.7652519894620614,135.748779297,0.980224478888295,0.002137894174238375,214.337890625,249.270507812,0,0.16568679850347406,0.002137894174238375,0.125,24.0847167969,0,0.792089791555318,0.002137894174238375,0.266357004642,15.9953613281,0
density_0_nback_1_id_11,11,d0_n1,34.2008247375,35.8000335693,58.9009590149,41.1509399414,1.5992088317999986,2.0,False,,,False,5.14170265198,2.89212346077,262.852416992,,,0.3021912574800001,,0.9624399710084245,0.26729830257973874,-0.5084391999989687,0.03477622451454774,False,,0.04917526250000037,0.0,2.04996633533257,0.18483730872771897,0.24839168786227417,0.15859420009349998,0.011828091099596882,0.11336607206609375,0.007765314263417318,2.29996633533257,3.050940036767429,False,-0.5390192783977236,0.04345756367980514,-0.3728386713192813,0.032573074951844846,0.4587690077709056,0.6054252066620986,-0.13832409909815238,2.8999664783837176,False,True,55.05390199407076,7.312863760852659,0.7602047512285868,135.666259766,0.9062850729517397,0.002244668911335578,55.5922851562,249.364746094,0,0.14085297418630752,0.002244668911335578,0.0247799996287,39.435546875,0,0.6902356902356902,0.002244668911335578,0.0585939995944,75.5744628906,0
density_0_nback_1_id_12,12,d0_n1,34.1494140625,35.4995117188,62.4999198914,39.999458313,1.350097656300001,2.0,False,,,False,5.35390233994,4.04976892471,228.907806396,,,0.38582181929999937,,0.9549234367169596,0.43388472092524216,-0.5171561042467778,0.036786798789096055,False,,0.0005860328674316406,0.0,0.9004883765674307,0.2114463973716518,0.010913577555522,0.1587526906085921,0.0109539305727511,0.11663599864207407,0.00684349941189494,2.4004883765674307,2.0994582176325665,False,-0.5392838889046974,0.04043357780504245,-0.38668216820122225,0.028032115543430984,0.49971368643829395,0.3583241530073383,-0.07247397268073644,1.8004882335162833,False,True,52.84335989446006,6.85115919253349,0.7712546254847643,135.959716797,0.9088457389428263,0.002157497303128371,67.6586914062,249.578857422,0,0.13052858683926646,0.002157497303128371,0.0644529983401,45.4985351562,0,0.7103559870550162,0.002157497303128371,0.238037005067,60.5170898438,0
density_0_nback_1_id_13,13,d0_n1,34.199546814,35.9995765686,55.3491973877,41.7990989685,1.800029754599997,2.0,False,,,False,5.01218509674,2.19512295723,178.210159302,,,0.5088889598800002,,0.9808432036659204,0.38425739315691815,-0.4986039640175,0.03792690997828372,False,,0.00045323368371441575,0.0,1.35042333603257,0.143329698710492,0.38889245484029333,0.15935122692275,0.01150664195612299,0.11270748823876112,0.008738427575763145,1.1504235267674332,4.649098873132566,False,-0.5425417325214209,0.042776758897560135,-0.37036344740130556,0.036998505559875,0.29921926397782356,0.7801074072718,-0.19548042491076664,2.4504234790837174,False,True,56.942246354921146,7.598170927606751,0.7695066077262616,135.744140625,0.9087719298245615,0.0023391812865497076,88.4655761719,249.054199219,0,0.1543859649122807,0.0023391812865497076,0.154053002596,75.34338378905,0,0.8368421052631579,0.0023391812865497076,0.0449220016599,28.6208496094,0
density_0_nback_1_id_14,14,d0_n1,34.2001571655,36.6003036499,45.25025177,39.5503044128,2.400146484399997,2.0,False,,,False,5.2061624527,0.274271786213,182.26914978,,,0.27986168861400007,,0.9914792854389415,0.1279360379242356,-0.4769890792668541,0.04392107737887342,False,,0.049842834499997934,0.0,,0.0,0.44398600781953335,0.15770183366380264,0.01114325471180172,0.10646517140167083,0.011263908891019738,0.899696350100001,2.0503044128000028,False,-0.5347383924220527,0.040820579821608645,-0.3443826027215208,0.04651575617011028,0.261985224108666,0.06030735730487066,-0.015322250997018333,,False,,62.1458712211575,8.709478526915277,0.7552555445554634,135.29296875,0.9051724137931034,0.001989389920424403,76.8737792969,249.729003906,0,0.19960212201591512,0.001989389920424403,0.15625,65.38061523435,0,0.8952254641909815,0.001989389920424403,0.0451660007238,,0
density_0_nback_1_id_15,15,d0_n1,34.199962616,36.999786377,51.5498466492,42.6002006531,2.799823760999999,2.0,False,,0.3002135753162847,False,5.05175924301,58.7908554077,261.979949951,,,4.21034622192,0.3002135753162847,0.9950349717857941,0.6925236123434014,-0.45342647603578573,0.035261322609732706,False,,3.743168371528327e-05,8.328982637192856e-05,0.3002135753162847,0.2940079162997939,0.24651846246172668,0.15922765002442105,0.01176145170570402,0.10458986820387858,0.013041846673374054,2.5502135753162847,3.0502007007837193,False,-0.5413729175925264,0.04346272999327168,-0.33698193569264284,0.05317897375388861,0.22722464028934788,0.8331088578405953,-0.18771590818457465,1.3002135753162847,False,True,65.7977328324704,9.345315730828808,0.7475556139607168,135.616943359,0.9192660550458716,0.0024464831804281344,95.8642578125,248.888671875,0,0.11926605504587157,0.0024464831804281344,0.105224996805,55.62426757815,0,0.7798165137614679,0.0024464831804281344,0.0751949995756,67.9279785156,0
density_0_nback_1_id_16,16,d0_n1,34.1993942261,35.5495834351,55.1501274109,40.0495223999,1.3501892089999998,2.0,False,,18.55041646953257,False,5.08683013916,41.0168762207,212.436828613,,,0.44254660606000007,18.55041646953257,0.9472899923491931,0.8294407568683418,-0.5135755682433705,0.036141247905968746,False,,0.0006058215837185799,0.0,0.8504166602674346,0.18590270023975583,0.2862685508094566,0.15936274297148684,0.011693864608316564,0.11630271927074075,0.006735119008562932,2.700416564900003,1.799522399899999,False,-0.542455275984171,0.04361756086450156,-0.3852058108204815,0.02762813622136574,0.4735592444773598,0.7557609221274252,-0.18112978160009877,2.0504164695325713,False,True,52.83886646759524,6.8553417475764284,0.7689410294690138,135.715332031,0.9173989455184535,0.0023432923257176333,90.06640625,249.018798828,0,0.13766842413591096,0.0023432923257176333,0.0434570014477,49.0560302734,0,0.7510251903925015,0.0023432923257176333,0.125244006515,64.8393554688,0
density_0_nback_1_id_17,17,d0_n1,34.2004699707,35.7005691528,49.6505622864,40.0506820679,1.5000991821000014,2.0,False,,12.0494308472,False,5.09218168259,36.9151878357,261.591339111,,,0.5493133068099998,12.0494308472,0.9649649352687278,0.5457384134468165,-0.5117932597795333,0.03465656826493407,False,,0.04953002930000139,0.0,1.1494307518325684,0.19111630226638102,0.16030098514167895,0.15861294046040786,0.011832683221097495,0.11414800956829999,0.007363102323924843,2.349430799516284,2.0006821155837144,False,-0.5385656470530789,0.04357536484504109,-0.37583783268933324,0.03085350394655196,0.3115309351906782,0.63466717116543,-0.17345725550936733,1.8494307995162842,False,True,54.13760893860463,7.1467315423654085,0.7630922683346777,135.679199219,0.8885410144020037,0.002504696305572949,68.7492675781,249.527099609,0,0.11458985597996243,0.002504696305572949,0.120849996805,40.77758789065,0,0.7777082028804008,0.002504696305572949,0.0646969974041,75.6733398438,0
density_0_nback_1_id_18,18,d0_n1,34.2000198364,35.8498535156,53.4000358582,40.7002983093,1.6498336792000003,2.0,False,,,False,5.06026315689,4.32639026642,212.571350098,,,0.3363873958600001,,0.9646452353481781,0.8466568753687939,-0.5065010413527813,0.03479792939029769,False,,0.04998016359999724,0.0,0.5001463890325653,0.1105309984863,0.42531508636116694,0.1586913482138816,0.011697146896389309,0.11349151073953125,0.007783715450343461,2.200146436716281,2.6502983569837184,False,-0.5396602804723551,0.0433672552787336,-0.37344310991465623,0.03274969271206692,0.21108977659557443,0.6906293133894666,-0.18633714914325,1.950146436716281,False,True,55.065944889939345,7.303157112814386,0.762042263129056,135.869384766,0.9006582884500299,0.0023937761819269898,80.8806152344,249.827392578,0,0.1526032315978456,0.0023937761819269898,0.0969239994884,65.39270019534999,0,0.829443447037702,0.0023937761819269898,0.301270008087,39.8913574219,0
density_0_nback_1_id_19,19,d0_n1,34.2001533508,35.7000694275,52.15076828,41.2001686096,1.4999160766999964,2.0,False,,,False,5.02685689926,3.12881398201,252.946929932,,,0.29662370682000017,,0.9438169576603596,0.2594036038181785,-0.5114389946063335,0.034274367829456906,False,,0.04984664919999915,0.0,1.2499306201837186,0.16206721795859438,0.2803704213040317,0.15866186273723681,0.011854859615822916,0.11415383070703333,0.007310473796731823,4.499930620183719,1.0001685619162828,False,-0.5396761219752501,0.044218706262844173,-0.37661688824496664,0.03077703490595461,0.24599500383962455,0.8206042534049462,-0.198954184027375,0.9499306678674344,False,True,54.135756828937595,7.154616997910521,0.760154865881496,135.59765625,0.9162112932604736,0.0024286581663630845,100.430419922,249.29296875,0,0.12629022465088038,0.0024286581663630845,0.116210997105,43.97290039065,0,0.76381299332119,0.0024286581663630845,0.277588009834,72.2534179688,0
density_0_nback_1_id_1,1,d0_n1,34.1994094849,35.8501243591,55.1498794556,45.0000305176,1.6507148741999984,2.0,False,,1.3498756885837153,False,5.08551502228,232.626571655,232.626571655,,,0.2955586910300001,1.3498756885837153,0.9744311261727548,0.8447340851691344,-0.5038102470776764,0.0360267591521896,False,,0.0005905627837137217,0.0,4.3998756408999995,0.26340634025954934,0.4116786765089767,0.15935283232681577,0.011705456081437391,0.11340778671642353,0.008297439207890306,0.7998757362674311,8.350030422232571,False,-0.5423725757160133,0.04363754801823324,-0.3731936558205,0.03473032712131973,0.14224629028702124,0.5888095130670198,-0.14911003827971314,4.849875688583715,False,True,56.03763174832161,7.437592192216062,0.7646672795222843,135.672851562,0.8963093145869947,0.0023432923257176333,59.859375,249.325927734,0,0.11072056239015818,0.0023432923257176333,0.137328997254,71.8748779298,0,0.9923842999414177,0.0023432923257176333,0.0859379991889,,0
density_0_nback_1_id_20,20,d0_n1,34.1999053955,36.0497627258,59.700378418,41.0000267029,1.8498573303000043,2.0,False,,,False,5.01001882553,3.01582551003,254.083526611,,,0.2701551914199998,,0.9782301300112636,0.2080376039618419,-0.49905327687386486,0.034931206886159714,False,,9.46521837192904e-05,0.0,0.650237321883715,0.21689146876866328,0.02131133663934,0.15917107639347366,0.011487448372893342,0.11226365654853512,0.008959077224267165,2.100237369567431,2.8500266075325698,False,-0.5414128656450395,0.04320797687067428,-0.3675552469653784,0.037689833041299206,0.5412199851513851,0.3374864049100783,-0.06862671263176215,,False,,57.40989720676136,7.67000763224312,0.7730684606232403,136.062011719,0.9154616240266963,0.002224694104560623,64.0988769531,249.465087891,0,0.26807563959955505,0.002224694104560623,0.062743999064,4.22485399246,0,0.6084538375973304,0.002224694104560623,0.0782470032573,103.672607422,0
density_0_nback_1_id_21,21,d0_n1,34.2507896423,36.2506561279,52.4506187439,40.7501068115,1.999866485600002,2.0,False,,,False,5.73788118362,1.44240224361,234.983413696,,,0.2230963707000002,,0.9827222089700466,0.27056806625485624,-0.48382986485952495,0.03416717798129838,False,,0.049210310016285064,0.0,0.7993438244162832,0.17743554365045106,0.28804338421908754,0.15807557125626315,0.01183949070661349,0.10942844729874501,0.00948431849128254,1.999343872099999,2.5001068114999967,False,-0.5373912747753421,0.043906876864785456,-0.3562208354474,0.03986646038303564,0.2932974484997253,0.900764122946745,-0.22361954860586583,1.999343872099999,False,True,58.63394389220245,7.983767982279516,0.7567852436397118,135.640380859,0.9079903147699758,0.002421307506053269,84.2641601562,249.121337891,0,0.13196125907990314,0.002421307506053269,0.0876460000873,49.86682128905,0,0.7796610169491526,0.002421307506053269,0.314940989017,64.994140625,0
density_0_nback_1_id_22,22,d0_n1,34.1999359131,35.8997383118,46.4996604919,41.3997459412,1.699802398700001,2.0,False,,,False,5.12085294724,2.8122177124,234.052215576,,,0.29020524025000016,,0.9605122753336592,0.7884063004108074,-0.5038766492816471,0.04266066221814395,False,,6.413458371667957e-05,0.0,1.5502617358837156,0.18759231416648256,0.3107019507015699,0.15919231721440788,0.010930274948887054,0.11392413780963528,0.008372177088166313,5.1002616882,0.3997459412000026,False,-0.5393463659443158,0.0389332901831121,-0.37539030699173526,0.035045050840727565,0.2574435115520648,0.30718740347463236,-0.09017192062843717,1.2502617835674315,False,True,56.029987533475804,7.419059863717202,0.7664805730190983,136.015136719,0.918460534898891,0.002609262883235486,101.914794922,249.568603516,0,0.15003261578604044,0.002609262883235486,0.319579988718,48.662719726549994,0,0.822570123939987,0.002609262883235486,0.0874020010233,67.1164550781,0
density_0_nback_1_id_23,23,d0_n1,34.2498550415,37.199760437,49.4996299744,41.349811554,2.9499053955000036,2.0,False,,,False,4.97723817825,0.0,265.678985596,,,0.0,,0.9902208622850193,,-0.4438558407758983,0.035495049451418945,False,,0.00014495850000173505,0.00031441455841101697,1.300239562999998,0.20208268185841985,0.39597616771543453,0.1584838571909737,0.011451239409749164,0.10288960499283559,0.013600011471986329,1.500239610683714,2.649811506316283,False,-0.5382331143084736,0.04167017486201997,-0.33027262556352543,0.05546690784176382,0.23810120828653497,0.5309198790617716,-0.12560836318105315,0.9502396583674297,False,True,67.0965524299428,9.584403318182238,0.7448616693509126,135.759765625,0.8844221105527639,0.002512562814070352,44.2194824219,249.880371094,0,0.11180904522613065,0.002512562814070352,0.0947270020843,51.79296875,0,0.8109296482412061,0.002512562814070352,0.113770000637,64.2766113281,0
density_0_nback_1_id_24,24,d0_n1,34.250125885,37.0492706299,56.4996757507,40.1997566223,2.7991447448999978,2.0,False,,,False,4.98078536987,5.09881162643,261.609924316,,,4.06838607788,,0.9949947500679095,0.1595207227225066,-0.44991029555147266,0.03443336475940209,False,,0.04987406731628141,0.00012706217490965636,0.30072927473256783,0.2176156369996285,0.2531993947069557,0.15799008349056579,0.011967803266269294,0.1033669225194327,0.01269531554272449,0.9507293700999995,2.1997566223000007,False,-0.5371462408648814,0.04392469289954226,-0.3320031881332363,0.05191365313967965,0.4122543560220696,0.9086573543650002,-0.20569504797454338,,False,,65.23786185450602,9.294714215538255,0.7502789127961091,135.465332031,0.9238754325259516,0.002306805074971165,90.0617675781,249.380859375,0,0.2041522491349481,0.002306805074971165,0.16918900609,24.44921875,0,0.6851211072664359,0.002306805074971165,0.0153810000047,87.4729003906,0
density_0_nback_1_id_25,25,d0_n1,34.2008247375,35.9507980347,54.7008171082,40.0499954224,1.7499732972000004,2.0,False,,,False,5.30352544785,2.50407361984,171.256698608,,,0.3527040481600001,,0.9808385599390085,0.25144014906134116,-0.5064821728638856,0.036941978772551703,False,,0.04917526250000037,0.0,1.9492020606674316,0.1833668217145916,0.36273768569035997,0.15819308377407895,0.01119785213297339,0.11204742001628858,0.008440361916239612,1.2492020129837158,2.8499953747162863,False,-0.5382231085708685,0.041752696002397505,-0.36733066439625706,0.0357398888279798,0.2683656208758051,0.8083194136620169,-0.20599951023854332,1.4492020606674316,False,True,56.43449080488737,7.546531001843565,0.7592389608780322,135.979003906,0.9093050647820966,0.002355712603062426,80.3562011719,249.425537109,0,0.13015312131919907,0.002355712603062426,0.0356450006366,47.36975097655,0,0.7502944640753828,0.002355712603062426,0.357421994209,68.2712402344,0
density_0_nback_1_id_26,26,d0_n1,34.2500190735,36.2000770569,48.8000640869,41.0003356934,1.9500579834000007,2.0,False,,,False,5.08369731903,11.321308136,267.598297119,,,0.35101830960000013,,0.9892166187282488,0.3121207400965611,-0.4923086281006154,0.035046223397857235,False,,0.04998087881628521,0.0,0.19992303846743198,0.19778255527875446,0.15720358965143819,0.15776345016144736,0.011887933199794844,0.10957965923426408,0.009254050969213123,2.3499228954162845,2.4503357410837125,False,-0.5355732472319605,0.04360176107914006,-0.3568463019835897,0.038828422742787916,0.25593936337601186,0.6320314115535834,-0.16112472851914367,1.5499229431000003,False,True,58.20861234097318,7.896273742872268,0.758697822225592,135.692871094,0.8922686945500634,0.0025348542458808617,66.1044921875,249.932861328,0,0.09632446134347275,0.0025348542458808617,0.324707001448,32.41235351565,0,0.7572877059569075,0.0025348542458808617,0.0195310004056,87.1325683594,0
density_0_nback_1_id_27,27,d0_n1,34.1997756958,36.9000167847,59.3503570557,42.0499343872,2.7002410889000004,2.0,False,,,False,5.10859012604,0.0,182.348709106,,,0.0981080755594,,0.9952339675671578,,-0.4554268809882728,0.03973671654239355,False,,0.00022435188371616732,3.3999305874527276e-05,3.0999832153,0.6292753301078855,0.0,0.15941065255748685,0.011520196032430655,0.10513504269451635,0.012843790758193693,1.0499832629837158,4.099934339516281,False,-0.542536258305342,0.0427572948988437,-0.339319004253891,0.05235519261291438,1.178204402923597,0.11255442282802,-0.010294409686080634,2.049983262983716,False,True,65.37459264994715,9.248487050621547,0.7392706128501108,135.796630859,0.9363484087102177,0.002233389168062535,58.5498046875,249.991943359,0,0.4360692350642099,0.002233389168062535,0.153808996081,27.386108577263997,0,0.7079843662758235,0.002233389168062535,0.466553002596,249.91818237299998,0
density_0_nback_1_id_28,28,d0_n1,34.1998672485,36.1497268677,49.9996833801,39.6500740051,1.949859619199998,2.0,False,,,False,5.01508188248,1.91705572605,263.139709473,,,0.3547075986900001,,0.9788285964641801,0.30199163014878966,-0.49429332904325646,0.03543282645191009,False,,0.00013279918371722488,0.0,2.500273227667435,0.2594737285426405,0.19281738121053998,0.15910468426972368,0.011486576024536314,0.11145086127981539,0.009396525892111096,0.6002731323000035,2.9000740051000022,False,-0.5405006926311315,0.04240927668428507,-0.3646972462153077,0.03906027496080979,0.31853482220283036,0.8465520992877,-0.18139601393293334,,False,,58.29011074434554,7.860458995484199,0.7583672396099104,135.737792969,0.8951965065502183,0.002495321272613849,48.3059082031,249.674072266,0,0.12289457267623206,0.002495321272613849,0.207763999701,40.8751220703,0,0.7685589519650655,0.002495321272613849,0.00439500017092,79.3122558594,0
density_0_nback_1_id_29,29,d0_n1,34.1999816895,38.4000358582,52.5507888794,41.8499450684,4.2000541686999995,2.0,False,,,False,5.55666685104,0.0,232.961730957,,,0.0,,0.893239213347906,,-0.371901256033417,0.034828184923082366,False,,1.8358183716316034e-05,0.005995619953060095,,0.0,0.3261236408725083,0.1585346742680263,0.011550612716263906,0.09320218102896705,0.018779234128052633,0.5499641894837168,2.899945020716281,True,-0.5390074456993683,0.04237782717122951,-0.2939661804368,0.07265354262909268,0.15299818535791812,0.165494898737755,-0.06469700154448348,,False,,78.1140952782627,11.96623405832059,0.7324731807916346,135.562011719,0.8524788391777509,0.0024183796856106408,49.3315429688,249.270263672,0,0.1336154776299879,0.0024183796856106408,16.7495117188,55.3171386719,0,0.9975816203143894,0.0024183796856106408,,,0
density_0_nback_1_id_2,2,d0_n1,34.1507377625,35.7000198364,41.1505966187,40.45054245,1.5492820739000024,2.0,False,,,False,5.18519163132,3.08437919617,315.477386475,,,0.4796104431099999,,0.9766428228490197,0.9137600553279184,-0.5138378700902904,0.0383370655686829,False,,0.04926228518371545,0.0,1.1999802589674289,0.15604246807278552,0.08673049795133998,0.1585159395869737,0.01113465469894892,0.11415378220616129,0.007630536986342668,0.8499801159162814,3.900542497683716,False,-0.5388303693187633,0.04175604788660757,-0.3756384349638388,0.03173312492529551,0.33552453500707535,-0.023311419226215005,0.010455219106083834,1.0999801159162814,False,True,54.630744361951876,7.214273567432052,0.7646112744882252,135.983886719,0.8479327259985985,0.002803083391730904,32.0368652344,249.493408203,0,0.12824106517168885,0.002803083391730904,17.2724609375,45.7983398438,0,0.9971969166082691,0.002803083391730904,,,0
density_0_nback_1_id_30,30,d0_n1,34.149269104,36.0993804932,55.8995361328,42.0997047424,1.9501113892000035,2.0,False,,,False,5.1923995018,2.12679123878,233.817749023,,,0.2435635328300001,,0.9864328277784551,0.19839034105667816,-0.4984183701184871,0.03551584196975776,False,,0.0007309913674333757,0.0,3.600619554483714,0.1769501328928481,0.18051300966179185,0.1591755894845921,0.01146875982188993,0.11168479881221799,0.009464803356129982,1.05061960216743,4.9497046470325685,False,-0.5414447713839078,0.042116202695722665,-0.3660162121821795,0.03941181573260831,0.33629233672177816,0.8867902969320833,-0.19432922403021666,1.80061960216743,False,True,58.31866229804184,7.849044925141972,0.7649123700699522,135.951416016,0.9023823358512493,0.002324230098779779,70.66015625,249.322265625,0,0.14235909355026147,0.002324230098779779,0.0529789999127,74.91455078125,0,0.8280069726902963,0.002324230098779779,0.348388999701,30.3024902344,0
density_0_nback_1_id_31,31,d0_n1,34.2501792908,36.6503181458,59.0002326965,42.3003311157,2.4001388550000016,2.0,False,,1.0496819018837158,False,5.02968740463,37.5988044739,263.24105835,,,0.165965080261,1.0496819018837158,0.995259660446854,0.6128492441943701,-0.4711867167304167,0.03486510840134829,False,,0.049820661516285725,0.0,2.299681901883716,0.15365344991894941,0.3881390745906723,0.15786572977117105,0.011921828028635888,0.10601783295474376,0.01121099488042449,2.4496817588325683,3.2003312110674287,False,-0.5359858568561711,0.04365707232535124,-0.34271918671824997,0.04633096068656226,0.3767326392557022,0.770399040884135,-0.19002753128693808,1.7496819495674316,False,True,62.17349773607736,8.688753833563158,0.7525922037851676,135.403320312,0.9293325855300056,0.002243409983174425,121.100830078,249.921630859,0,0.14862591138530568,0.002243409983174425,0.0349120013416,73.5656738281,0,0.7930454290521592,0.002243409983174425,0.362549006939,33.27734375,0
density_0_nback_1_id_32,32,d0_n1,34.1998214722,35.7498970032,47.3498725891,39.2498931885,1.5500755309999974,2.0,False,,,False,4.96185541153,3.13381719589,234.488540649,,,0.2843523025499999,,0.9543751658050971,0.31789982198866873,-0.5084364606487743,0.03519684365260747,False,,0.00017857548371580378,0.0,0.7001030444837184,0.18216037127422627,0.15849546624037666,0.1592610807795263,0.011497178262908416,0.11478406238954839,0.007645194227302047,1.0001029968000026,2.4998931885000033,False,-0.5415900569212894,0.042630526960054156,-0.37881328598138714,0.03198265004726713,0.3090084793888306,0.35051946720734173,-0.09597284031092214,,False,,54.67831815748395,7.178010714867886,0.7696904402956821,135.881347656,0.8813668600902643,0.0025789813023855577,54.0046386719,248.931152344,0,0.11218568665377177,0.0025789813023855577,0.109862998128,33.887817382799994,0,0.7762733720180529,0.0025789813023855577,0.0773930028081,85.6818847656,0
density_0_nback_1_id_33,33,d0_n1,34.2500305176,35.4500656128,50.3996887207,42.5000724792,1.2000350952000005,2.0,False,,,False,5.61098337173,3.65635418892,209.800689697,,,0.38687276839999996,,0.9270492221786546,0.5161744663879225,-0.5196861612300417,0.03419163635618766,False,,0.04996943471628157,0.0,1.099934339516281,0.21106560210619998,0.15874646195031775,0.15818670548890792,0.012051902824685098,0.11584042819845834,0.005926657563924268,1.1499342918325652,5.900072574567432,False,-0.5383446836157894,0.04444446162087017,-0.3834740134577084,0.025282577183916626,0.25505181546090977,0.6844596478911387,-0.16702923566729702,3.4499344825674285,False,True,51.36290815436761,6.665791868006166,0.7741173380470151,135.3515625,0.8981366459627329,0.002484472049689441,68.8103027344,249.295654297,0,0.09503105590062112,0.002484472049689441,0.0864259973168,42.1693115234,0,0.7763975155279503,0.002484472049689441,0.11206100136,74.4558105469,0
density_0_nback_1_id_34,34,d0_n1,34.1994819641,35.749458313,53.6497879028,39.4494934082,1.549976348899996,2.0,False,,,False,5.15683269501,3.20170235634,275.703582764,,,0.31477713585,,0.9401024917130492,0.2500954940626815,-0.5089696559214517,0.03527769799295092,False,,0.0005180835837137465,0.0,3.9505417346837177,0.31043790488166784,0.0011715212371216166,0.1595236690420658,0.011845511799926066,0.11492339786019352,0.007645446052645422,1.3505415916325703,2.3494935035674303,False,-0.5423799976706579,0.043436620213724096,-0.37919141977061294,0.031656907320396804,0.5614009118822574,1.1614912100133667,-0.2197475390664237,,False,,54.68147045165007,7.1755059308931965,0.7668733360501029,135.865722656,0.9272076372315036,0.002386634844868735,74.0661621094,249.544433594,0,0.2852028639618138,0.002386634844868735,0.197998002172,22.855834938586,0,0.6229116945107399,0.002386634844868735,0.17578099668,12.2856445312,0
density_0_nback_1_id_35,35,d0_n1,34.2003173828,36.9006309509,52.2500495911,41.050201416,2.7003135681000003,2.0,False,,,False,5.21423530579,4.90617370605,169.52835083,,,0.2599706947801,,0.9927970272851664,0.2510516416880282,-0.4603578961557593,0.03733164850181803,False,,0.04968261719999845,4.9955910071851855e-05,0.29936909678371393,0.16035022861446793,0.34325926415618835,0.1582484235497763,0.011155632952190256,0.1046158616189074,0.012549510728235524,1.8993690014162823,2.250201463683716,False,-0.5381593366986973,0.041107674106523634,-0.3374342305792407,0.05167031372373169,0.293290492910785,0.7887944946688168,-0.19158682599663332,1.8993690014162823,False,True,64.87114087058453,9.178065570509391,0.7471113444033628,136.004638672,0.9077669902912622,0.0024271844660194173,81.9626464844,248.805908203,0,0.1104368932038835,0.0024271844660194173,0.062256000936,39.03747558595,0,0.7445388349514563,0.0024271844660194173,0.321532994509,80.35546875,0
density_0_nback_1_id_36,36,d0_n1,34.2502593994,36.1502952576,60.4501571655,42.2501831055,1.900035858199999,2.0,False,,,False,5.10874414444,1.91160881519,267.930175781,,,0.46065533160999994,,0.9778803359017523,0.3573278980991251,-0.49757809544865783,0.035047150998591105,False,,0.04974055291628332,0.0,3.299704790083716,0.14392310437728992,0.38758843714990004,0.15781926657815792,0.01181677740567699,0.11016836036966053,0.009059406770532028,3.549704790083716,2.550183057816284,False,-0.5358947319419343,0.043308053875287696,-0.35937545958326317,0.03763096868252318,0.3044028260213182,0.8293992804520143,-0.2015462261391798,1.8997046947162843,False,True,57.73018850705941,7.827545143043077,0.7668598516579305,135.444091797,0.9238410596026491,0.002207505518763797,110.716552734,249.589599609,0,0.1467991169977925,0.002207505518763797,0.0830079987645,26.91149911658225,0,0.8189845474613686,0.002207505518763797,0.114257998765,15.4929199219,0
density_0_nback_1_id_37,37,d0_n1,34.2006187439,37.4002876282,64.6998443604,43.7501564026,3.199668884299996,2.0,False,,,False,5.14372014999,4.0182261467,267.940155029,,,0.0,,0.984749665908726,0.16224595931316563,-0.43433718057348436,0.03533300212706645,False,,0.04938125609999844,0.0007481328525498562,0.4997124671674342,0.1314652510448624,0.37110731219872,0.15856953475036845,0.011704994935811529,0.10090298380247188,0.014677608195081458,1.1497123241162868,5.200156450283714,True,-0.5385063263146579,0.04275225744378643,-0.32255045464264065,0.05905435012534516,0.6067556819607117,0.0022109875688396683,-0.0024451769223831337,1.8997123241162868,False,True,69.20564161543022,10.07299904883038,0.7375156670716829,136.017578125,0.9978914074855034,0.0021085925144965737,,,0,0.16447021613073273,0.0021085925144965737,0.0601809993386,49.9873046875,0,0.6447021613073274,0.0021085925144965737,0.031493999064,55.4284667969,0
density_0_nback_1_id_38,38,d0_n1,34.1990203857,36.349281311,53.3493156433,42.2496681213,2.150260925299996,2.0,False,,5.050718784367433,False,5.25952339172,51.2710952759,199.989059448,,,0.37962853909000005,5.050718784367433,0.9907127566525378,0.5861489950452926,-0.48752682222886046,0.043723319522346184,False,,0.0009796619837132425,0.0,7.050718784367433,0.13483507110736193,0.42308708730466,0.15818377133260525,0.010773269306740255,0.10940954453032327,0.010262805153299472,5.800718784367433,0.09966802593256574,False,-0.5361483128446711,0.03882089860397271,-0.35651113820634883,0.04277025454191012,0.1827571783275016,0.5490160822868166,-0.14691432910036667,1.4007186890000014,False,True,60.05874770807974,8.187273317208652,0.7567604198405325,135.852539062,0.895808383233533,0.0023952095808383233,70.8684082031,248.969482422,0,0.11796407185628742,0.0023952095808383233,0.125976994634,27.712158419217,0,0.9209580838323354,0.0023952095808383233,0.0766599997878,2.04223608971,0
density_0_nback_1_id_39,39,d0_n1,34.2003326416,35.5998878479,49.6001777649,41.3001289368,1.3995552063000005,2.0,False,,1.850112199783716,False,5.23445892334,240.561386108,265.810028076,,,0.4521782398199998,1.850112199783716,0.9576696511156535,0.7599770994654718,-0.5148530249242222,0.03525954138144434,False,,0.049667358400000694,0.0,3.600112199783716,0.4190567992472659,0.08679279679004683,0.15839787337340788,0.011701084208971922,0.11534465739018519,0.006657317657414552,1.100112199783716,4.600128889116284,False,-0.5380018592665395,0.04294170454962381,-0.38072094100492593,0.02732021277480859,0.4348793793096686,1.0665882349958435,-0.21452331050920834,,False,,52.7697252741755,6.892151331329455,0.769109798361894,135.757568359,0.9078369905956113,0.0025078369905956114,58.5102539062,249.555908203,0,0.17115987460815046,0.0025078369905956114,0.0161129999906,1.696228027344,0,0.6545454545454545,0.0025078369905956114,0.328491002321,0.769286990166,0
density_0_nback_1_id_3,3,d0_n1,34.1989974976,36.4500350952,48.7999954224,41.099861145,2.2510375976000034,2.0,False,,,False,5.23154163361,0.704890012741,220.18901062,,,0.44607275724100015,,0.9855135587466092,0.12977543915009346,-0.4841896010482392,0.03817822797971934,False,,0.001002550083718745,0.0,0.4999649524837153,0.0,0.41276586502793333,0.15832706442785524,0.01087137907643065,0.10852932087750651,0.01100249063172675,1.4499650001674311,3.199861049632567,False,-0.5380095910085262,0.040009768214388,-0.3530435775932826,0.04527551003984117,0.17846543208960405,0.178699422224295,-0.0835206734637255,0.09996485711628367,False,True,61.423670488829465,8.438738871897877,0.7612357718372994,135.924560547,0.896136795440152,0.00253324889170361,73.314453125,249.216552734,0,0.14249525015832806,0.00253324889170361,0.0230710003525,25.610351413513502,0,0.981000633312223,0.00253324889170361,0.192260995507,,0
density_0_nback_1_id_40,40,d0_n1,34.2001571655,35.849697113,73.4998703003,42.3994598389,1.6495399474999957,2.0,False,,3.300302982367434,False,5.19294309616,54.6891708374,176.361801147,,,0.2013216018699997,3.300302982367434,0.9869382585473231,0.8526853618245017,-0.5050808638333437,0.03713876888267683,False,,0.049842834499997934,0.0,8.900302887000002,0.1929584436822174,0.077835432191675,0.15884785393355264,0.011889080866555594,0.11337482999071875,0.0077789840001042335,1.4003028870000023,5.1494598389,False,-0.5405644868549736,0.04375830824821435,-0.3731311839073125,0.03289289358996482,0.47148521634699464,0.036604233179283324,-0.006228867153798717,,False,,55.0410308480883,7.327222644691322,0.7608695658237574,135.486572266,0.8939247830279653,0.0019286403085824494,41.2561035156,249.647705078,0,0.16923818707810992,0.0019286403085824494,5.46093797684,100.77868652345,0,0.9980713596914176,0.0019286403085824494,,,0
density_0_nback_1_id_41,41,d0_n1,34.200756073,38.6500930786,76.4999542236,43.0006752014,4.4493370056,2.0,False,,3.0499069690837146,False,5.64585018158,16.4067516327,178.428771973,,,0.0,3.0499069690837146,0.9019705434015775,0.7304869851648378,-0.3578708494772609,0.037132519385762806,False,,0.04924392699999913,0.006433145424972619,9.799906969083715,0.1385248669965885,0.2688689845614283,0.1588435855350921,0.011884955649961355,0.09147731830065954,0.019559498550535372,2.099906921399999,2.2506752014,True,-0.5404091669540657,0.04356879722872846,-0.2878908710868202,0.07486451484777855,0.2908917039223505,0.01748932236806167,-0.004414595113493734,1.4499068260325672,False,True,79.6701272300456,12.418525508039629,0.725878019717304,135.483398438,0.9770276605719643,0.001875293014533521,208.507324219,249.093994141,0,0.2372245663384904,0.001875293014533521,10.1518554688,105.7896728515,0,0.9981247069854665,0.001875293014533521,,,0
density_0_nback_1_id_42,42,d0_n1,34.2000999451,36.7503509521,53.9001541138,41.8506126404,2.550251007,2.0,False,,0.949649095583716,False,5.07921457291,22.9630680084,267.988220215,,,0.417059183121,0.949649095583716,0.9953620405008196,0.20823046071533644,-0.4633742284541569,0.03513849280946079,False,,0.04990005490000016,0.0,0.19964909558371602,0.1917049220759952,0.282276844947275,0.15846872329710526,0.011687037326928513,0.10584575346877059,0.011919589080507774,1.2496490479000002,3.8506126404000014,False,-0.5383157832058159,0.04262591658559824,-0.3419518710352549,0.04907769306973339,0.4535162689781206,0.8725173420584984,-0.2026995555285002,3.0496490002162844,False,True,63.547040109107826,8.935233593539705,0.7501656900425342,135.852294922,0.9078478002378121,0.0023781212841854932,77.8774414062,249.022460938,0,0.10820451843043995,0.0023781212841854932,0.193604007363,49.3918457031,0,0.753269916765755,0.0023781212841854932,0.191894993186,69.3276367188,0
density_0_nback_1_id_43,43,d0_n1,34.1995582581,37.3495559692,63.2496070862,42.1995925903,3.1499977110999993,2.0,False,,5.900444030800003,False,5.04060792923,92.1523208618,250.65864563,,,0.0,5.900444030800003,0.9887616117128158,0.6148855947577975,-0.43558542501353964,0.03503310301427066,False,,0.0004417895837178776,0.0005725617728392857,5.700443983116287,0.29559830133120385,0.06702139414845099,0.15927633662760526,0.01169495522886733,0.10193094149940475,0.0144841971714216,2.5504441261674344,2.2995924949325683,True,-0.5421647892186447,0.04335213527225333,-0.32669079611223817,0.05836804984583333,0.46736456110629443,0.7784720085562034,-0.1591318951735524,2.5504441261674344,False,True,68.85410088824291,9.938877951907735,0.7436720767523209,135.94921875,0.907972177635099,0.002140181915462814,59.1318359375,249.913818359,0,0.12038523274478331,0.002140181915462814,0.34729000926,33.86315870285,0,0.8576779026217228,0.002140181915462814,0.0614009983838,,0
density_0_nback_1_id_44,44,d0_n1,34.2003211975,35.6505088806,54.7501487732,41.150554657,1.4501876830999976,2.0,False,,1.3994910717162838,False,5.27451848984,33.4971160889,228.656341553,,,0.5518996715500002,1.3994910717162838,0.9772399296343547,0.8465344334073154,-0.5157986581325172,0.03457706892789131,False,,0.04967880249999723,0.0,3.0994911193999997,0.20043559895821025,0.28953546404377534,0.15799345527042108,0.011569240943002254,0.11414666139872415,0.0070817935795007385,3.2994911670837155,2.200554609316285,False,-0.5374850932705658,0.04282287318264304,-0.3766174840515861,0.029710594989250532,0.2918619972014567,0.9813197503488166,-0.22227608164150997,2.0994911193999997,False,True,53.67707038982378,7.063040654961232,0.7690136606593343,135.520507812,0.9311359623307828,0.002354326074161271,119.184082031,249.801269531,0,0.16303708063566805,0.002354326074161271,0.0563960000873,62.7956542969,0,0.7922307239552678,0.002354326074161271,0.148438006639,50.302734375,0
density_0_nback_1_id_45,45,d0_n1,34.2007217407,35.0500564575,50.5500526428,42.3501281738,0.8493347168000014,2.0,False,,,False,5.18414735794,13.8684692383,234.065689087,,,0.45289731025000046,,0.92048242387871,0.6010866030538301,-0.5252737402915294,0.03604062450559066,False,,0.04927825930000296,0.0,2.6999435425000016,0.30981131314679594,0.02191034480929583,0.15774993559248685,0.01128551379710832,0.11921789146523529,0.004427423019942852,0.6499435901837174,6.650128126116286,False,-0.5361535251140659,0.041599450235089847,-0.3975322527044117,0.0178338542066149,0.3004248902509394,0.98989895284175,-0.19917278711996664,,False,,48.122247194061465,6.074035781407928,0.7762937758129471,135.757080078,0.9182156133828996,0.0024783147459727386,83.6242675781,249.479248047,0,0.17224287484510534,0.0024783147459727386,0.134887993336,6.07470703125,0,0.661090458488228,0.0024783147459727386,0.0148930000141,102.273193359,0
density_0_nback_1_id_46,46,d0_n1,34.2001571655,36.1000785828,55.0502700806,42.0502929688,1.8999214172999999,2.0,False,,1.4999213218325664,False,5.19398880005,139.834442139,187.143585205,,,0.33070802688,1.4999213218325664,0.9788462479899226,0.5943852764841107,-0.4964143429932105,0.03585134172144972,False,,0.049842834499997934,0.0,4.499921321832566,0.19955576695693014,0.33950152527543165,0.15880799038632895,0.01189056665738671,0.11094166769795791,0.009100611375556004,2.6999213695162823,3.2502930164837167,False,-0.5404697531147895,0.04382329809090639,-0.3631309419870526,0.038098238803249404,0.33018815013583797,0.7942255089679667,-0.19125771957144833,2.099921464883714,False,True,57.745969865700054,7.844820369086665,0.7536382531060347,135.304931641,0.9336854460093896,0.0017605633802816902,125.699951172,249.013183594,0,0.15082159624413147,0.0017605633802816902,0.157226994634,71.2071533203,0,0.7887323943661971,0.0017605633802816902,0.0410160012543,50.5153808594,0
density_0_nback_1_id_47,47,d0_n1,34.200302124,36.500289917,57.3003616333,39.9502830505,2.2999877930000068,2.0,False,,0.9497101306837124,False,4.98199462891,26.3191623688,239.340896606,,,0.969443857665,0.9497101306837124,0.9899687350027392,0.6515672572818727,-0.47605121459652183,0.03446698082150799,False,,0.049697876000003305,0.0,2.7997100353162807,0.22843488592630054,0.08718664372960834,0.15874335522715788,0.011861077581610688,0.10775912504482607,0.010844880067665721,1.099709987632565,2.3502831458674294,False,-0.5398592196012896,0.04395373235294342,-0.35009696690928255,0.04514297189177108,0.4393220474286853,0.8992189188799334,-0.19093549499903337,1.0497100353162807,False,True,61.33881491639102,8.50165776876319,0.7475863899334876,135.736083984,0.9422857142857143,0.002285714285714286,127.014892578,248.578125,0,0.1657142857142857,0.002285714285714286,0.0632319971919,52.3132324219,0,0.74,0.002285714285714286,0.122069999576,63.1071777344,0
density_0_nback_1_id_48,48,d0_n1,34.1504135132,36.2003974915,66.550239563,48.5500869751,2.0499839782999985,2.0,False,,1.5996024608162855,False,5.31344223022,119.83870697,235.026794434,,,0.3919622898099999,1.5996024608162855,0.9918544915946214,0.7551428063206117,-0.4914276127407805,0.034965918697322663,False,,0.04958653448371564,0.0,8.949602603867433,0.17906306629155758,0.33912604100377497,0.1585191174556842,0.011419535002275603,0.11007029962971951,0.009810835634957396,0.949602603867433,11.40008687973257,False,-0.5389407877075,0.042021854613922605,-0.35925976096136586,0.04087640703859443,0.3006460101530851,0.5774796350549699,-0.14916340171672168,6.549602508500001,False,True,59.13500512652549,8.058054173360924,0.7547242264288474,135.971191406,0.9426356589147287,0.0020671834625322996,137.426513672,249.990234375,0,0.1813953488372093,0.0020671834625322996,17.2995605469,150.661376953,0,0.9979328165374677,0.0020671834625322996,,,0
density_0_nback_1_id_49,49,d0_n1,34.1999282837,36.7999038696,78.9998855591,42.4998512268,2.5999755859000047,2.0,False,,,False,5.28638744354,0.0,263.574371338,,,0.17455251514910003,,0.9929211497309597,,-0.46571681820425,0.03529768998697842,False,,7.176398371910864e-05,0.0,5.800096035032567,0.09975482859944386,0.43075295138794994,0.1592417096621579,0.011693232778430538,0.10619739915891727,0.012198316837274575,0.9500961303999986,4.749851226799997,False,-0.5415061296601315,0.0432553608071174,-0.3431999454130962,0.05017118091810072,0.398326255017314,-0.02819421705012801,0.007275061765302001,2.250096082716283,False,True,64.05461565875044,8.989210594135047,0.757609623711058,135.743652344,0.9981676591846084,0.0018323408153916628,,,0,0.26431516262024735,0.0018323408153916628,0.313721001148,69.60998535155,0,0.9152542372881356,0.0018323408153916628,0.110412999988,,0
density_0_nback_1_id_4,4,d0_n1,34.1995201111,37.2995643616,49.5995483398,41.1491508484,3.100044250499998,2.0,False,,,False,5.02023506165,4.16906261444,260.992553711,,,0.0,,0.9110456145150149,0.5283659018805885,-0.4115992994423049,0.03525595019738071,False,,0.00047993658371581205,0.004213088817309839,,0.0,0.3574722955624184,0.15924505183576318,0.011698087363696858,0.10232525414995,0.01424546857188616,1.0504355430325703,2.7991509437674296,False,-0.5413442693258553,0.0434542032816181,-0.32771987828516125,0.057725548854721795,0.18576656947790673,0.22559921441130001,-0.08324621884771784,,False,,68.3988761878565,9.873131883886005,0.7449699063158282,135.718994141,0.9210031347962383,0.0025078369905956114,113.423095703,248.634765625,0,0.17993730407523512,0.0025078369905956114,7.6341547966,34.3778076172,0,0.9974921630094044,0.0025078369905956114,,,0
density_0_nback_1_id_50,50,d0_n1,34.1997947693,36.8997154236,60.2499275208,43.7498092651,2.6999206543000014,2.0,False,,,False,4.9921746254,1.02783310413,235.099258423,,,0.19133798778090003,,0.9925801478224147,0.11221464716631217,-0.457350444462685,0.03513196082578711,False,,0.00020527838371720009,1.280138342364815e-05,0.05028462408371581,0.09699197050698424,0.4438039639343817,0.15925718941969738,0.011490957685100334,0.10555000934330926,0.012635771558609076,1.1002845764,5.749809265099998,False,-0.5421106634955264,0.042809951823504847,-0.34065443387744443,0.05188466604297523,0.24423581873309302,0.6380361840129,-0.1837501078843667,2.8502845764,False,True,64.94726914045403,9.153581118328932,0.7448858396470978,135.824951172,0.8977335544499724,0.002211166390270868,89.5979003906,249.532226562,0,0.1271420674405749,0.002211166390270868,0.340698003769,59.34130859375,0,0.9845218352681039,0.002211166390270868,0.111694000661,,0
density_0_nback_1_id_51,51,d0_n1,34.1993293762,36.0993461609,54.6494140625,43.0002174377,1.9000167847,2.0,False,,,False,5.03119087219,2.09229755402,265.737579346,,,0.24210834503000012,,0.9877036955636265,0.24968517098967757,-0.49779991099713145,0.03513489369499053,False,,0.0006706714837179106,0.0,4.850653886783718,0.1434646171666371,0.4205659720425816,0.15911068453597368,0.01169922016215292,0.1117420565141421,0.009170745860205099,1.2006537914162863,5.7002174853837175,False,-0.5402660895335131,0.04296653413651748,-0.3656879506613947,0.038373930159288895,0.2233734660791948,0.7059645960728501,-0.18949600607158332,15.300653934467434,False,False,57.86943409233778,7.755969302820448,0.7595782971996625,135.999511719,0.8985849056603774,0.0023584905660377358,73.5915527344,249.821044922,0,0.13502358490566038,0.0023584905660377358,0.0966800004244,78.30432128905,0,0.8472877358490566,0.0023584905660377358,0.0966800004244,27.2702636719,0
density_0_nback_1_id_52,52,d0_n1,34.2490653992,36.600025177,66.4999389648,44.7491226196,2.3509597778,2.0,False,,1.0999748706837167,False,5.02450084686,74.2074356079,267.790252686,,,0.44203832745499994,1.0999748706837167,0.9929607201868988,0.7819912846599805,-0.4732862835129584,0.035760155255521134,False,,0.000934600800000851,0.0,7.849974870683717,0.035709709903857356,0.2451381273256633,0.15881036712147367,0.011660635906593522,0.107483504960875,0.01138908026469855,6.449974775316285,1.6991226672837172,False,-0.5399194120576447,0.04262639800600089,-0.3496487711866876,0.04735239571257478,0.1395226282647232,0.10704813270519217,-0.13600025270137503,2.9999747276325692,False,True,62.265875295042015,8.69156463513869,0.7547407549914678,134.989746094,0.8168649767201241,0.0015519917227108122,68.3112792969,249.559082031,0,0.5364718054837041,0.0015519917227108122,17.0236816406,101.526123047,0,0.8385928608380755,0.0015519917227108122,213.749267578,249.4034423825,0
density_0_nback_1_id_53,53,d0_n1,34.1498222351,35.8503456116,50.6503448486,39.8996315002,1.7005233765000014,2.0,False,,,False,5.28713846207,2.89215087891,240.351531982,,,0.3102898597700001,,0.9841683155061234,0.4242850321103739,-0.500902995892943,0.03830172152772974,False,,0.00017786026743493721,0.0,1.7496542930325703,0.28955487837447663,0.111857367710525,0.15866677482657898,0.010680492431175323,0.11354655453132285,0.008684285866242534,1.9996542930325703,2.0496315955674334,False,-0.5388620276200394,0.03984984686405039,-0.37414858085762853,0.036047282125666595,0.41367742584683015,0.8447193016300283,-0.2010340451117432,1.2496542930325703,False,True,56.55174115173828,7.498379267536457,0.7730481979588227,136.173828125,0.9078540507111935,0.0024737167594310453,76.5463867188,248.977294922,0,0.1261595547309833,0.0024737167594310453,0.0036619999446,13.954101324069,0,0.7247990105132962,0.0024737167594310453,0.0283199995756,0.930663973093,0
density_0_nback_1_id_54,54,d0_n1,34.2505226135,36.050163269,51.900177002,43.0003547668,1.7996406554999993,2.0,False,,,False,4.96921253204,2.04035329819,266.178771973,,,0.3398277759599999,,0.9890802234893781,0.3019235897918529,-0.49675680945316664,0.035439015915178965,False,,0.04947733881628125,0.0,3.8498368263674294,0.11709197513785737,0.4470836367458517,0.1579105497190658,0.011640440415871443,0.11121606909565,0.008671403050883859,1.3498368263674294,5.600354671432569,False,-0.5365607758102238,0.04281234268744122,-0.3640219875507222,0.03634187185041995,0.2739559008840761,0.5419775921230167,-0.14751402385686418,3.1998367309999978,False,True,56.8526088649409,7.643332110693903,0.7549547178786369,135.758300781,0.8848964677222899,0.00243605359317905,54.3403320312,249.367431641,0,0.12728380024360536,0.00243605359317905,0.32299798727,76.7607421875,0,0.8696711327649208,0.00243605359317905,0.0776370018721,29.4309082031,0
density_0_nback_1_id_55,55,d0_n1,34.1993598938,37.2493057251,62.2993011475,44.6492080688,3.0499458313000005,2.0,False,,0.7006943225837148,False,4.98713779449,37.5988044739,253.542953491,,,1.276583895085,0.7006943225837148,0.9915716473115526,0.5344978605436209,-0.43950859298468853,0.034962416060524,False,,0.0006401538837152998,0.00040547531976022945,0.4006943702674306,0.18470670007536313,0.22804538458588713,0.15916934746660527,0.01149014163895841,0.10276224500819345,0.01407824991857534,2.1006941795325673,5.299208164167432,False,-0.5411950326279474,0.042847224284665385,-0.3295079735948032,0.05689401088976348,0.47406375982239224,0.5855681511264166,-0.1276252888764133,2.6006941795325673,False,True,67.98523974989033,9.786269573053746,0.7527480820390426,135.733154297,0.9221621621621622,0.002162162162162162,89.4624023438,249.899169922,0,0.11135135135135135,0.002162162162162162,0.0717770010233,36.69116193801165,0,0.8097297297297297,0.002162162162162162,0.327636986971,11.9624023438,0
density_0_nback_1_id_56,56,d0_n1,34.1994018555,35.6995353699,52.249256134,40.9999351501,1.500133514399998,2.0,False,,,False,5.09409713745,3.29067063332,251.563217163,,,0.28461194038000004,,0.9675983172079012,0.25221451635755643,-0.5088880936305,0.034986619673107,False,,0.0005981921837161508,0.0,1.6004645824162864,0.16051693344359838,0.2511231154185022,0.15927765832134214,0.011685073162061842,0.11506510401763334,0.007423989335231746,1.7004647254674339,3.599935054732569,False,-0.5421155126471183,0.04386251613682908,-0.3799222767352333,0.030738487946958545,0.4364579690291288,0.7692747127881783,-0.2070253997731,2.5504646301000022,False,True,54.200362495034895,7.111446091628503,0.7704928796665127,135.648925781,0.9156553398058253,0.0024271844660194173,101.615234375,249.185058594,0,0.13470873786407767,0.0024271844660194173,0.0437010005116,50.0789794922,0,0.779126213592233,0.0024271844660194173,0.158446997404,65.279296875,0
density_0_nback_1_id_57,57,d0_n1,34.2000465393,36.9502029419,56.1502342224,40.2500991821,2.7501564026000054,2.0,False,,,False,5.18880939484,6.83614635468,206.74130249,,,0.0,,0.993557401358335,0.30018240771440746,-0.4575531628998909,0.04251721741839486,False,,0.04995346070000295,9.31977680673091e-05,12.499797105783713,0.002791279645334302,0.3128196405246183,0.15769992004100003,0.011191891723238725,0.10372479557994908,0.012724710394801766,1.399796962732566,1.900099277467433,False,-0.5345853206358947,0.04028721720418759,-0.3335074801336545,0.052352401905403315,0.2994125109103247,0.1623300391637935,-0.11431371079719366,,False,,65.23782694940185,9.290829511894536,0.7588092257848891,135.605712891,0.8627678054429647,0.0023161551823972205,80.5402832031,249.585205078,0,0.20613781123335265,0.0023161551823972205,16.6267089844,83.98803710945,0,0.9976838448176027,0.0023161551823972205,,,0
density_0_nback_1_id_5,5,d0_n1,34.1992645264,36.5993156433,54.5498008728,41.7497711182,2.400051116900002,2.0,False,,,False,5.14518547058,0.495109498501,251.343490601,,,0.218245863915,,0.9938529676140727,0.1504786896661805,-0.4725174804528958,0.035004889443559326,False,,0.0007355212837154568,0.0,0.3506844043837134,0.30595456789239905,0.004106674528640484,0.15928067325764472,0.011705044798580188,0.1077598398551229,0.011357445450949182,1.1506843566999976,3.9997711182000018,False,-0.5419801277549474,0.04403707295639087,-0.34945796926810413,0.04698519234586392,0.49653535898284473,0.9982077393560921,-0.19781972759471397,1.0506844520674292,False,True,62.292617512200735,8.64939037509788,0.7560047249787051,135.584960938,0.928023598820059,0.002359882005899705,85.7058105469,248.614013672,0,0.24424778761061947,0.002359882005899705,0.189453005791,25.3364257216455,0,0.6241887905604719,0.002359882005899705,0.00805700011551,3.01293897629,0
density_0_nback_1_id_6,6,d0_n1,34.1993103027,37.3001098633,56.3001213074,43.7001075745,3.1007995606000023,2.0,False,,0.29989004133256714,False,4.94883966446,328.983062744,328.983062744,,,1.089730650187,0.29989004133256714,0.9089372683167415,0.8494267609782272,-0.4045526210499746,0.03960102319903351,False,,0.0006897449837168779,0.0043720448119890475,0.4498901366999988,0.2877585570464705,0.3267472439445484,0.15944103053525002,0.011479129026647121,0.10213251411914127,0.014433329458880439,0.6498901843837146,5.7501075268162865,False,-0.5427305098426974,0.04238051823474731,-0.3275359544962063,0.058609443791960245,0.3269619170855758,0.90434014399805,-0.2098326660692833,,False,,68.84082374505272,9.94413683914477,0.7488512051424838,135.859619141,0.9086705202312139,0.0023121387283236996,69.7243652344,249.748779297,0,0.13815028901734103,0.0023121387283236996,0.372559010983,57.3731691539915,0,0.8456647398843931,0.0023121387283236996,0.0168459992856,20.3950195312,0
density_0_nback_1_id_7,7,d0_n1,34.1997146606,37.100402832,55.4003067017,41.5503845215,2.900688171399999,2.0,False,,,False,5.04069042206,2.40181040764,177.2996521,,,0.0,,0.9129507809255173,0.18772968396700865,-0.4247447955540755,0.03880714012560895,True,0.14959716799999967,0.00028538708371428356,0.003101939653633153,0.04959726336743131,0.1556050241324685,0.35438802788652163,0.15939483419064474,0.011661584366265097,0.10345171480362035,0.01365783266182891,2.7995972633674313,1.6503844261325682,False,-0.5426455481272632,0.04315058657849591,-0.33251709200564405,0.05586375642844907,0.33058903890514063,0.83937902795153,-0.20551143981674885,1.2995972633674313,False,True,67.10330155403969,9.59946466746444,0.7445490529032796,135.699707031,0.9077102803738317,0.002336448598130841,80.708984375,249.884277344,0,0.1302570093457944,0.002336448598130841,0.182128995657,61.152954101599995,0,0.7850467289719626,0.002336448598130841,0.0207519996911,50.3212890625,0
density_0_nback_1_id_8,8,d0_n1,34.2006416321,36.0007667542,58.2508926392,39.0498657227,1.800125122099999,2.0,False,,,False,12.3536081314,1.60569036007,188.244598389,,,0.9126405715899999,,0.9617129105006783,0.23675934208544117,-0.4990625791250832,0.03768496680085921,False,,0.04935836789999826,0.0005342368450430555,0.8992333411674309,0.13299763856014857,0.36330191249335997,0.1583726172776842,0.011651622608163771,0.11143946357894723,0.008733751817743135,1.0992331504325676,1.9498658180674298,False,-0.5383587318815656,0.04272558274346734,-0.3652702661023611,0.03666366103609701,0.3709947297485071,0.7076272909840667,-0.17562128662437665,,False,,56.8300403614943,7.658967614860687,0.766220415188863,135.452148438,0.9236856981345393,0.0022611644997173543,107.231445312,249.110839844,0,0.15488976823063877,0.0022611644997173543,0.133301004767,53.4725341797,0,0.7439231204070096,0.0022611644997173543,0.0346679985523,56.3112792969,0
density_0_nback_1_id_9,9,d0_n1,34.2001113892,35.8999900818,51.9004173279,41.5500793457,1.6998786925999951,2.0,False,,,False,5.04768562317,2.70922613144,258.760620117,,,0.2845768928500001,,0.9436128563279739,0.25583091886629383,-0.5082563893361818,0.034751926805834686,False,,0.04988861079999651,0.0,11.45000982283257,0.011044007788995338,0.44590633263195,0.1586179845035395,0.011816046401914885,0.11294795617906363,0.007999983697054463,1.000010013567433,4.650079250332567,False,-0.5390575410503946,0.04354661879606927,-0.37123588901572724,0.0329862222527881,0.32436885983685615,0.2654098181985584,-0.08642602592402134,2.9000098705162856,False,True,55.52220018520153,7.37258326561937,0.7700939946006662,135.998779297,0.8526187576126675,0.00243605359317905,31.0751953125,248.91796875,0,0.10962241169305725,0.00243605359317905,6.76147508621,40.07727050785,0,0.997563946406821,0.00243605359317905,,,0
density_0_nback_2_id_10,10,d0_n2,31.7995815277,34.0494766235,54.7506217957,39.3995361328,2.2498950957999995,2.0,True,1.8004183769325692,0.0005233288162855843,True,18.1375827789,304.301574707,304.301574707,1.8005232811325698,4.050418376932569,1.8155174255000013,,0.9803162200970031,0.9378282932453061,-0.3853653560081332,0.02415604565880263,False,,0.00041842461628505134,0.01495487234723149,0.9005234241837172,0.3729446512957235,0.0034146453215123333,9.297813191628421e-07,1.8276342541041605e-05,5.086540047870443e-06,1.7598656927155384e-05,2.5505232811325698,2.799536228167433,False,-0.00014433032509616315,0.0010274770543338212,-0.00020281070679193993,0.0009895228549349987,0.23945206631426277,0.4420735334356834,-0.07319826645155833,2.5005233288162856,False,True,0.07967052448376602,49.76942652945701,-1.0002205639222685,172.452941895,0.9470276633313714,0.002354326074161271,132.674194336,249.36138916,0,0.2007062978222484,0.002354326074161271,56.863822937,119.183349609,0,0.9976456739258387,0.002354326074161271,,,0
density_0_nback_2_id_11,11,d0_n2,31.8001747131,33.1502952576,52.050163269,37.1000175476,1.350120544500001,2.0,True,,0.6497046947162843,False,1.94019174576,27.0069141388,92.9315185547,,,3.2077999114899995,0.6497046947162843,0.8394612439269574,0.7478432784740658,-0.2628195694199259,0.0211942893404,True,0.09970474240000016,0.04982519153256959,0.01258667375185852,0.04970479008371598,0.2255484455887758,0.2520392434283343,2.6130508896768683e-06,1.4915310010752897e-05,1.7881294293467033e-06,1.402964903137855e-05,1.9997048377674318,1.950017452232565,False,1.8815928085056325e-05,0.0009426483358472567,0.00028230882937198146,0.0013603707455381445,0.4113427549887811,0.369657927099705,-0.06851515788580517,1.5997047424000002,False,True,0.08627434897611164,38.05774700525083,-1.0003044065103306,172.515441895,0.8723404255319149,0.0024316109422492403,12.2867431641,249.717407227,0,0.2553191489361702,0.0024316109422492403,55.834815979,75.1303100586,0,0.9975683890577508,0.0024316109422492403,,,0
density_0_nback_2_id_12,12,d0_n2,31.7492523193,32.4492111206,45.5492744446,36.699306488,0.6999588012999993,2.0,True,,,False,4.14915132523,0.183645009995,73.3395233154,,,0.36542505025899996,,0.9898021943751582,0.142331912044779,-0.39844720065578576,0.031501509298225,False,,0.0007476807000017516,0.0,0.9507889747674341,0.18097641292195943,0.38770560373866164,1.4992423078276324e-07,1.4355508360291094e-05,-4.6619686031614285e-06,7.983629715663802e-06,2.2507889270837182,1.999306440316282,False,-0.0002412591470254542,0.0009342488767755915,-9.233428032275718e-05,0.0010752187215989735,0.48421649925980237,0.3521861933559516,-0.06985152456833063,1.6507887840325708,False,True,0.11527506151666965,27.756480615681166,-1.0011923206307418,172.997619629,0.8950495049504951,0.0026402640264026403,52.0560302734,249.399169922,0,0.2316831683168317,0.0026402640264026403,55.3973007202,70.3790283203,0,0.9973597359735974,0.0026402640264026403,,,0
density_0_nback_2_id_13,13,d0_n2,31.7993583679,33.699256897,46.8494987488,37.6493377686,1.8998985290999997,2.0,True,,0.30074310300000207,False,12.0239515305,17.8025131226,73.6564407349,,,1.8208069801299995,0.30074310300000207,0.9520868174388799,0.8096639875942406,-0.3310159146786317,0.025978210749813158,False,,0.000641584416285923,0.006801186514307158,2.9007430076325704,0.1164029142150932,0.4209412833675516,-6.668191097677772e-06,1.101964463137971e-05,-3.7285228655184996e-06,1.0207805989653381e-05,1.7507431506837179,2.199337720916283,False,3.9957205902140394e-05,0.0011738326018913882,-0.0002445615150222921,0.0010651161523994239,0.3221516600530378,0.33996371598142316,-0.07839318168507951,1.4507431983674337,False,True,0.10148883885466418,45.00975145275287,-1.00073147018219,172.221374512,0.9123945489941596,0.0025957170668397143,97.0444335938,248.846130371,0,0.1654769630110318,0.0025957170668397143,55.6816864014,77.8017578125,0,0.9974042829331603,0.0025957170668397143,,,0
density_0_nback_2_id_14,14,d0_n2,31.7500171661,32.5009155273,39.7501945496,35.1001853943,0.7508983612000009,2.0,True,,,False,2.27192568779,0.495619565248,74.5509872437,,,0.0,,0.9763238902521864,0.14079987734683896,-0.3365413377682,0.024147245640809212,False,,0.04998278621628316,0.002168011521765267,0.39908456806742976,0.0,0.4260259511259467,-2.1525046521807895e-06,1.3384054112409612e-05,-1.5162126214815334e-05,7.179739627587323e-06,0.7490844726999981,1.8501853942999986,False,5.7819834888903945e-05,0.0010410453466722907,-0.0003552365412663,0.0005077753302143953,0.30447291244050045,0.0792716583855967,-0.013316981991076332,,False,,0.06589085388179972,29.044527537748344,-1.000136696592925,172.758850098,0.9127324749642346,0.002861230329041488,91.7869873047,249.836547852,0,0.19814020028612303,0.002861230329041488,56.1678848267,67.7886962891,0,0.9971387696709585,0.002861230329041488,,,0
density_0_nback_2_id_15,15,d0_n2,31.8005638123,32.5001525879,48.0500869751,38.0500526428,0.6995887755999988,2.0,True,,0.6498475074674346,False,1.64770770073,100.355690002,100.355690002,,,0.0,0.6498475074674346,0.8795671641723253,0.9531826324609909,-0.2927527172225,0.021204063227682896,False,,0.04943609233257007,0.005291909981413642,0.0998473167325713,0.2939307819571354,0.31375240841875335,-2.3634663880227496e-06,1.587751826188493e-05,7.963749672910714e-06,1.1661749997871615e-05,2.749847412100003,2.800052642799997,False,-3.467252056417197e-05,0.0008941102936697624,0.00022122534392114284,0.0013396035049662543,0.19072757880002297,0.28849697038530664,-0.058278610898820006,2.1498475074674346,False,True,0.09661938759808195,28.99495619774633,-1.0003127705731503,171.957885742,0.91629392971246,0.0025559105431309905,85.3660888672,249.132568359,0,0.134185303514377,0.0025559105431309905,56.3991508484,87.1173400879,0,0.997444089456869,0.0025559105431309905,,,0
density_0_nback_2_id_16,16,d0_n2,31.8001308441,33.0000953674,50.0508804321,37.6000442505,1.1999645233000003,2.0,True,,,False,1.58704435825,7.81462621689,76.7194824219,,,0.0,,0.9094875407434422,0.6891893499393202,-0.236449518551375,0.021207233449767104,True,0.3499045372325682,0.049869060532568454,0.015906532523028333,0.04990458491628402,0.08604556861717907,0.43069919434689324,-5.434712915721143e-06,1.766679838803181e-05,2.903006248426958e-06,9.863482696113083e-06,1.9499046802837157,2.6500442028162823,False,0.00014657981017456855,0.0009516803107784549,0.00012459934926766248,0.0012336105880080893,0.3077207839198286,0.2546641292669833,-0.055728565334952504,2.9999046326,False,True,0.060127192960608686,35.98111207485744,-1.0003030969338707,172.421936035,0.9277258566978193,0.0024922118380062306,121.168334961,249.171386719,0,0.19190031152647974,0.0024922118380062306,56.8905181885,76.4854736328,0,0.9975077881619938,0.0024922118380062306,,,0
density_0_nback_2_id_17,17,d0_n2,31.8001346588,33.5002365112,44.5003395081,36.6501617432,1.7001018523999996,2.0,True,,0.5997633934325677,False,9.64109420776,15.6125745773,76.7187042236,,,3.6850161552400005,0.5997633934325677,0.9310608489233527,0.338137262874676,-0.2547119443907353,0.025867104836691843,False,,0.04986524583256724,0.015446827301804708,0.4997634887999993,0.15790479417579695,0.423744403229295,1.8067831462958964e-06,1.577970446043466e-05,1.5803795001504387e-06,1.5281547750227433e-05,0.899763584167431,2.25016164783257,False,-0.0001810212228469559,0.0009041545007489175,-8.543079555952646e-05,0.0012423552458157687,0.3174162191165452,0.4279347110538033,-0.0880261117903,0.8497633934325677,False,True,0.34895111620703934,43.130963018249155,-1.000376430429749,172.491821289,0.9123159303882196,0.002677376171352075,86.5407714844,249.19152832,0,0.23962516733601072,0.002677376171352075,57.1568908691,69.9774780273,0,0.9973226238286479,0.002677376171352075,,,0
density_0_nback_2_id_18,18,d0_n2,31.8001861572,32.7999458313,46.2497444153,36.65001297,0.9997596741000017,2.0,True,,,False,2.17642116547,3.62057304382,73.5903015137,,,0.0,,0.9310525909943753,0.19191981603171454,-0.3114802727574211,0.02303533817299342,True,0.3500542640674311,0.0498137474325695,0.0047957966269628425,5.4121016283659173e-05,0.027102569012376426,0.4413899508615334,-3.826394413112987e-06,1.1820587594000908e-05,-5.596686477055368e-06,1.4549531538511566e-05,1.5500540733325678,2.3000130653674304,False,0.0001402320129175908,0.0008381878590522016,0.00018370107777929465,0.0010220512974213106,0.2465985465177155,0.16089994814247993,-0.031146811166146995,1.2500541210162837,False,True,0.09744862068265067,32.53520533181397,-1.00000977005429,171.35357666,0.9083769633507853,0.001963350785340314,100.318969727,249.819396973,0,0.14201570680628273,0.001963350785340314,55.9697685242,72.28515625,0,0.9980366492146597,0.001963350785340314,,,0
density_0_nback_2_id_19,19,d0_n2,31.7500152588,33.5005683899,46.9501075745,37.4498901367,1.750553131100002,2.0,True,,,False,9.30802822113,14.9065189362,74.110458374,,,3.3767328262400005,,0.9127308514528055,0.8003924807815779,-0.2773140217576286,0.024149186860193423,False,,0.049984693516282874,0.012041708268224286,2.549431562416281,0.1446292065185832,0.4247982745369333,4.592040300661184e-06,1.2729376379473987e-05,-2.2181796208971384e-07,1.2253286327953412e-05,1.4994316100999967,2.4498901366999988,False,-3.570127519870617e-05,0.0010152868070887745,-7.966443655667428e-05,0.0011196626650546908,0.19253377575302452,0.6821794051467325,-0.14762502346397702,1.2994315624162809,False,True,0.05553739384545,42.91194479296869,-1.0001301976192485,172.95880127,0.9396887159533074,0.0025940337224383916,108.337402344,212.4375,0,0.23994811932555124,0.0025940337224383916,56.1687469482,88.83859252914999,0,0.9974059662775616,0.0025940337224383916,,,0
density_0_nback_2_id_20,20,d0_n2,31.7494239807,33.6494560242,64.5995864868,36.8994865417,1.9000320434999978,2.0,True,,0.35054397580000085,False,10.0599308014,17.3209667206,116.258529663,,,3.14195060731,0.35054397580000085,0.9399304832799164,0.6160618685733542,-0.31568148183199995,0.02479678375253421,False,,0.0005760192999986202,0.007959162657100264,0.650543928116285,0.19336457784565658,0.15021618025690167,1.4680134579767632e-06,1.211726994038793e-05,1.1225637966794733e-06,1.9822319788529805e-05,1.900543928116285,1.3494865893837158,False,0.00011092760987089866,0.000837081665183773,8.162809054816156e-05,0.0013040584905295062,0.44029699833480274,-0.22477051801986334,0.05069878341937117,17.70054388043257,False,False,0.08821042193878977,44.29246583713735,-1.0005083600044204,172.845703125,0.864451476793249,0.002109704641350211,24.7536621094,248.849975586,0,0.3517932489451477,0.002109704641350211,54.888092041,66.5766601562,0,0.9978902953586498,0.002109704641350211,,,0
density_0_nback_2_id_21,21,d0_n2,31.7500324249,33.0500526428,47.3500175476,36.5498809814,1.3000202178999984,2.0,True,,,False,2.67676234245,8.00815582275,93.3545455933,,,0.0,,0.8867488780326125,0.4009244185134191,-0.29168583223446154,0.024809001038148686,True,0.09994745256743442,0.04996752741628541,0.008347098138001923,0.049947261832571144,0.26231532546545144,0.13209713264367468,-2.3432696997044883e-06,1.3207448109328473e-05,8.94869611136577e-06,1.761096299440976e-05,1.3499474525674344,2.1498808860325695,False,-0.00016236603937616213,0.0008015606705514612,-0.0001469635563595577,0.0007727593740286399,0.2041337384276668,0.4428058286661017,-0.08069647137699734,1.3999474048837186,False,True,0.09551071148809526,36.73195135490835,-1.0006589812053417,173.372497559,0.9251612903225807,0.0025806451612903226,99.1988525391,249.716918945,0,0.28,0.0025806451612903226,55.4887771606,70.8786010742,0,0.9974193548387097,0.0025806451612903226,,,0
density_0_nback_2_id_22,22,d0_n2,31.7495994568,33.7994766235,42.1494483948,37.299785614,2.0498771667,2.0,True,,0.050523281132569764,False,12.7278242111,18.8097686768,75.0073852539,,,1.388527870199999,0.050523281132569764,0.967044588340154,0.9316736553999718,-0.3375835080699268,0.02562634146919342,False,,0.0004005432000013798,0.011098870337463658,1.7005233765000014,0.07522748182087542,0.4164872638880833,-3.18181725084346e-06,1.980813732520228e-05,-1.0844427846419172e-05,1.570793524210524e-05,1.2005233765000014,2.299785614000001,False,-2.1072361577240938e-05,0.0010360646484413724,7.416931386991705e-05,0.0008285945365970077,0.3409710596525778,0.20972475413389197,-0.0512501765799414,1.0005233288162856,False,True,0.07530747548198641,46.34491291270737,-1.000104569941982,172.87713623,0.9308437067773168,0.0027662517289073307,123.576049805,249.534545898,0,0.17911479944674966,0.0027662517289073307,56.1115646362,77.1267089844,0,0.9972337482710927,0.0027662517289073307,,,0
density_0_nback_2_id_23,23,d0_n2,31.7500705719,34.0000953674,43.550075531,37.3997650146,2.2500247955,2.0,True,2.049929380416284,0.04990458491628402,True,19.00522995,21.1032390594,76.0771408081,0.8999047279674315,3.1499295234674314,0.9684104920000003,,0.9823031808617328,0.5426942990170713,-0.42918161484951106,0.02710041207702105,False,,0.04992938041628392,0.0070370701743146,1.549904584916284,0.3556065111550653,0.135167151720563,2.3692981677028926e-07,1.3518111487883414e-05,1.4640912733490446e-06,1.955661102513009e-05,1.0999045372325682,2.2997651099674314,False,7.376133723817646e-05,0.0010350250188858327,-0.00010468625144603887,0.0010748847569485387,0.32332813318089987,0.28530545253270834,-0.05089921799564,1.0999045372325682,False,True,0.08347074522794427,50.56715723819177,-1.0008540779396657,173.093200684,0.9057627118644068,0.002711864406779661,61.3883056641,249.627441406,0,0.19728813559322034,0.002711864406779661,56.5677947998,70.3562011719,0,0.9972881355932204,0.002711864406779661,,,0
density_0_nback_2_id_24,24,d0_n2,31.7501678467,33.5007781982,51.0002174377,36.3501853943,1.7506103515000042,2.0,True,,0.5992217064325658,False,7.99701309204,15.1260671616,75.8254013062,,,2.8111472129799995,0.5992217064325658,0.9117594846893246,0.636178542350006,-0.2875687135118,0.024835150933975002,False,,0.049832105616285816,0.010181037251771257,0.9492218494837132,0.11355248461335114,0.42410268522795497,3.1942577251331713e-06,1.6231007616418094e-05,-1.0613418240673744e-05,2.2451660060183498e-05,0.9492218494837132,1.9001853466162828,False,-0.00022956004774029248,0.0009118399782968539,-2.9250866750248542e-05,0.0010323873921351152,0.3101230546316042,0.2729092472543416,-0.06251884369803,,False,,0.09775511216385717,42.94509506071394,-1.0000741291063726,172.47064209,0.9309919901417129,0.0024645717806531116,121.155395508,249.961425781,0,0.226124460874923,0.0024645717806531116,55.9516983032,72.0910644531,0,0.9975354282193469,0.0024645717806531116,,,0
density_0_nback_2_id_25,25,d0_n2,31.7499465942,32.7999305725,45.6498184204,36.2497215271,1.049983978300002,2.0,True,,,False,2.79374289513,4.16286897659,73.8550491333,,,0.0,,0.9650060927737558,0.3821831364923247,-0.31780416482952384,0.02481762425189079,True,0.40006947518371305,5.340579999923989e-05,0.005011560073832381,6.937981628141188e-05,0.18666824982562397,0.39941763480498504,-4.117670500431382e-06,1.4879489232407115e-05,4.903442567457619e-06,2.4587920662847486e-05,1.150069475183713,2.2997214794162844,False,-0.00018380204588323815,0.0008923327674780481,0.0004334486832144476,0.0011673605172667207,0.25024852977989637,0.13663365129990535,-0.04814699332930099,1.0500693321325656,False,True,0.08988696767432412,32.52991202816228,-1.0001414149890544,172.784362793,0.9076517150395779,0.002638522427440633,78.1689453125,249.267700195,0,0.23614775725593667,0.002638522427440633,56.0412406921,71.0709228516,0,0.9973614775725593,0.002638522427440633,,,0
density_0_nback_2_id_26,26,d0_n2,31.800151825,33.4000167847,42.9006271362,37.3003044128,1.5998649596999996,2.0,True,,0.44998311993256834,False,3.75221371651,15.884762764,87.0030288696,,,1.5333092212599997,0.44998311993256834,0.8537171176707016,0.8864709372056385,-0.28565306030209375,0.025610334239910524,False,,0.04984807963256799,0.008250904238591938,0.24998331066743162,0.29406413947536464,0.057975510011140007,5.259949857473091e-06,1.962543750716041e-05,-6.391011422302781e-06,1.3837493068448482e-05,1.3499832153,2.5503044128000028,False,1.3706378204565798e-05,0.0008498768826585365,-7.762377443285186e-05,0.0013082948194307036,0.20009007788373298,0.23117794431763317,0.14381009503259332,2.049983262983716,False,True,0.1850146506473116,41.57787960857054,-0.9999902033954436,171.153625488,0.9438356164383561,0.002054794520547945,95.3305664062,192.81744384799998,0,0.2095890410958904,0.002054794520547945,55.8497428894,73.0352783203,0,0.9664383561643836,0.002054794520547945,137.659057617,194.167358398,0
density_0_nback_2_id_27,27,d0_n2,31.7499504089,33.4998245239,45.4502563477,37.4495048523,1.7498741150000043,2.0,True,,0.5501754284162814,False,5.4132399559,89.0760498047,89.0760498047,,,1.87082862854,0.5501754284162814,0.9071787105738236,0.7377028511554,-0.31321340543877146,0.03004538022766184,False,,4.959110000157807e-05,0.006811676946069715,1.200175523783713,0.5106345238909316,0.0,3.124606459741259e-06,1.5747491283239642e-05,-3.0322416340136e-06,1.4205545208639778e-05,1.6501755714674289,2.2995047569325706,False,-7.932265426500792e-05,0.0009814348799654419,0.0002723978527159608,0.0012283459567030335,0.25353497018341586,0.6369803521783575,-0.09827398039439035,0.1001753807325656,False,True,0.0368107379611762,42.31481191380092,-1.0002516447724132,172.523620605,0.9834765366820886,0.0026437541308658294,219.809387207,248.504638672,0,0.29477858559153997,0.0026437541308658294,56.1524276733,77.5542602539,0,0.9973562458691342,0.0026437541308658294,,,0
density_0_nback_2_id_28,28,d0_n2,31.7500476837,33.4504966736,45.0506095886,35.4501647949,1.7004489899,2.0,True,,,False,5.67129707336,13.8748216629,75.3535461426,,,1.956237196919,,0.8967959282531512,0.6499783436217452,-0.29281426922361764,0.027100658387343424,False,,0.0499522686162841,0.009059073273360882,0.8495032787162842,0.2882178565583971,0.21868547170891234,8.733624609037497e-07,1.4766926290512902e-05,1.7691585069091177e-06,1.706929143234423e-05,0.4995033740837158,1.5001647472162816,False,7.954766177093289e-06,0.0010792057022453768,5.9237584601283834e-05,0.000993843946024142,0.4204901069624247,0.19895068463110502,-0.06427636186899449,,False,,0.06435176398815146,42.30749331797303,-1.000328229094894,172.989379883,0.9129568106312292,0.0026578073089701,74.4514160156,249.424926758,0,0.24518272425249169,0.0026578073089701,56.4468231201,69.2469482422,0,0.9973421926910299,0.0026578073089701,,,0
density_0_nback_2_id_29,29,d0_n2,31.7497844696,34.8006858826,36.3497390747,39.9497909546,3.0509014129999983,2.0,True,2.0502154827162826,0.049314022032568516,True,32.8733444214,160.05708313,160.05708313,,,13.2459526062,,0.9972801877390706,0.9924555222378159,-0.6941334554744516,0.03003478609024737,False,,0.0002155303999984426,0.002858571784129045,0.49931406971628434,,0.07789653024324,5.645968550835655e-06,1.5159120461882189e-05,-5.860458226115484e-06,1.0458291330076705e-05,0.49931406971628434,4.649791002283713,False,-5.114650440990038e-05,0.000847646167840604,-0.00018564248556142903,0.0009829472259470832,,-0.16420410188540496,0.14659277809155166,,False,,0.031781750083159484,58.04006601072158,-1.0005527743367717,172.627502441,0.9240601503759398,0.0030075187969924814,94.3966064453,213.399414062,0,0.23082706766917294,0.0030075187969924814,55.0109100342,133.125854492,0,0.9969924812030075,0.0030075187969924814,,,0
density_0_nback_2_id_2,2,d0_n2,31.7504806519,33.7009391785,48.549987793,37.5504341125,1.950458526600002,2.0,True,,0.09906077381628364,False,13.5492916107,19.3869056702,109.011962891,,,1.7853279113599996,0.09906077381628364,0.9657961293280982,0.700568526177373,-0.35601431971935893,0.026279604454575,False,,0.049519300416285716,0.005953772820367333,0.5490608214999995,0.17529589469624052,0.4098908186579418,-1.5169980318482633e-06,1.595724853780843e-05,-7.697790876789724e-08,1.1703625344329207e-05,1.4990608691837153,2.350434064816284,False,-2.675523974548788e-05,0.0009395300355627238,0.00012154578116009486,0.0011395818733956806,0.2927260462848854,0.32823390443817035,-0.07064196224480415,1.0490608214999995,False,True,0.0849955526696392,45.73087287454824,-1.0001003439113063,172.393676758,0.8907242693773825,0.0025412960609911056,40.8980712891,249.359130859,0,0.20648030495552733,0.0025412960609911056,55.9373168945,76.7634277344,0,0.9974587039390089,0.0025412960609911056,,,0
density_0_nback_2_id_30,30,d0_n2,31.7491226196,33.449131012,47.1992607117,37.8996925354,1.700008392400001,2.0,True,,,False,4.03531360626,13.5945148468,76.7592544556,,,1.5504860877900002,,0.8951512670575851,0.7938964835795748,-0.29341570726208827,0.030052554793659213,False,,0.0008773803999986285,0.00878899423269088,2.850868940316282,0.1353281619938736,0.4557187293966834,9.026950740560526e-07,1.6893122718863624e-05,4.361827423586059e-06,1.4085963447763906e-05,2.5508689879999977,1.8996925353999998,False,3.825942492658684e-05,0.0009035935132882845,-3.2338933204629445e-05,0.0010407011197594044,0.26467202902829196,0.3216198991285738,-0.06900873392395,2.100868940316282,False,True,0.09290421002114531,41.64724920393974,-0.9955624983853291,173.115783691,0.925016160310278,0.002585649644473174,116.058105469,249.556213379,0,0.19844861021331608,0.002585649644473174,56.676864624,78.7205810547,0,0.9974143503555268,0.002585649644473174,,,0
density_0_nback_2_id_31,31,d0_n2,31.8001327515,33.000289917,49.3501625061,38.0502510071,1.200157165500002,2.0,True,,0.9497101306837124,False,1.67845511436,18.5495471954,76.3628082275,,,0.0,0.9497101306837124,0.8860965750602052,0.49944480441459943,-0.2428496815265,0.02159708429519605,True,0.2997100353162807,0.049867153132566955,0.014877363728983748,0.04971003531628071,0.09570642905186869,0.4284024126672333,-4.768646354144368e-06,1.555117373061254e-05,1.035516800129675e-05,1.1784661217167451e-05,2.7997100353162807,2.2502510547837176,False,-3.674324084634605e-05,0.0008761708245034056,-1.1960890806885012e-05,0.0008085937325099614,0.22701418557535805,0.3583971279439853,-0.08309607942742434,1.9497101306837124,False,True,0.08171467350908153,35.96332692383115,-1.000306036030635,171.97644043,0.9314465408805032,0.0025157232704402514,130.330566406,249.418273926,0,0.16855345911949685,0.0025157232704402514,56.3795547485,79.1116943359,0,0.9974842767295597,0.0025157232704402514,,,0
density_0_nback_2_id_32,32,d0_n2,31.8007316589,33.2009277344,42.9004936218,36.1005744934,1.4001960754999985,2.0,True,,,False,1.8025393486,10.1726350784,75.9169387817,,,1.50178980827,,0.8428626612203808,0.8081792270084177,-0.23433658267767857,0.02268030685617105,True,0.14907217023257147,0.04926824573256994,0.018175917170346074,0.04907226560000311,0.4156500046901883,0.028532625907495165,4.8518178940655525e-06,1.3479916028753706e-05,-1.2841381985949824e-05,1.7157237889946286e-05,0.7990722656000031,2.1005744934000035,False,-3.172306411996184e-05,0.0006415896667929391,0.00029534926657796433,0.0008495711498230754,0.23474154629391414,0.30220480935335825,-0.05148424554692816,,False,,0.09798616301695412,38.738157056344754,-1.0004268142931907,172.26373291,0.9117647058823529,0.0027359781121751026,71.7333984375,249.842163086,0,0.1997264021887825,0.0027359781121751026,52.3793945312,70.7618408203,0,0.9972640218878249,0.0027359781121751026,,,0
density_0_nback_2_id_33,33,d0_n2,31.7504024506,33.050327301,48.5503158569,36.5002059937,1.2999248504000036,2.0,True,,,False,2.55421304703,8.4218006134,107.000953674,,,0.0,,0.8681570741660083,0.5598139460555657,-0.29920899122965383,0.02708466135355132,True,0.09967279436742871,0.04959750171628485,0.007310347162834653,0.049672603632565426,0.1666140885816433,0.41831813814740004,-6.1410495609871105e-06,1.8551103197253246e-05,-8.372115677929308e-06,1.4177844437885646e-05,1.0496726036325654,2.4002060890674315,False,0.00017219327653629208,0.000907552647918419,-0.00021990064012155386,0.0012098589934217113,0.1928563641403214,4.97427767614216,-0.0921175488305416,0.7496726513162812,False,True,0.09224264168207998,36.72081005582847,-1.000331198890075,172.780334473,0.9117460317460317,0.0025396825396825397,83.1398925781,249.396850586,0,0.23492063492063492,0.0025396825396825397,54.9825057983,70.9918212891,0,0.9974603174603175,0.0025396825396825397,,,0
density_0_nback_2_id_34,34,d0_n2,31.8000926971,33.4505577087,46.5004272461,36.3005599976,1.650465011600005,2.0,True,,,False,7.46852684021,13.7758083344,75.1268157959,,,3.03491592407,,0.8880121852452268,0.6408789571703077,-0.2625989972642122,0.023054888275903948,False,,0.04990720753256994,0.012238157920142424,5.2994422912999966,0.0929147529898277,0.42825969615948833,2.3648839695861843e-06,1.567475694763363e-05,-5.354503911397927e-06,2.0980508188219556e-05,1.0494422912999966,1.800559997599997,False,-0.00013352030828466346,0.000997416937112659,0.00035938034206482814,0.0009828304794010415,0.36577621641128333,0.31115335485296663,-0.0699671119985403,,False,,0.11344053282846171,42.23034260234732,-1.0006497728715458,172.217224121,0.8988910632746249,0.002609262883235486,77.0960693359,249.390625,0,0.1578604044357469,0.002609262883235486,55.5914230347,71.6436767578,0,0.9973907371167645,0.002609262883235486,,,0
density_0_nback_2_id_35,35,d0_n2,31.750535965,33.7001571655,47.1008338928,37.1003036499,1.949621200500001,2.0,True,,0.24984288218371375,False,13.0009288788,17.1677474976,108.217063904,,,1.8137769698699984,0.24984288218371375,0.9588153246204776,0.7674579027245267,-0.34715025088720514,0.027480516166073686,False,,0.04946398731628321,0.007729527886767,0.6998429298674296,0.185696977468468,0.41800437023243664,3.1579100939838944e-06,1.4641164686154651e-05,2.659905998116795e-06,1.2588641530409652e-05,1.299842834499998,2.100303649899999,False,-1.749520257181763e-05,0.0009007814651739791,0.0001292787268397102,0.0012811003365896792,0.3009640149166437,0.3626956218231983,-0.07816470901013382,1.4998428821837138,False,True,0.07094223398785059,45.73897637026852,-1.0004991374337866,172.874267578,0.9217335058214747,0.00258732212160414,103.795043945,248.947753906,0,0.23609314359637776,0.00258732212160414,56.4634094238,75.9145507812,0,0.9974126778783958,0.00258732212160414,,,0
density_0_nback_2_id_36,36,d0_n2,31.7500743866,34.1503410339,55.8501663208,37.2500953674,2.400266647299997,2.0,True,2.099925518032567,0.0496590137837174,True,21.5840587616,23.5418243408,75.1229782104,0.9496588707325699,3.349925518032567,0.8803997039999985,,0.9867343563702995,0.851026910044256,-0.4588253858187708,0.02561992421551184,False,,0.049925565716282705,0.008390782679874375,4.649658918416286,0.07800649927636717,0.49059612266713,-5.197556745881461e-06,1.6596354470520256e-05,-1.5798297922430895e-06,2.133169964891072e-05,0.8496589661000016,2.2500953674,False,-1.2363445111754294e-05,0.0009765328720169877,-6.898649625558977e-06,0.0010684568118611505,0.14006408300127351,0.2596754025497594,-0.058638468485745325,,False,,0.08247628469112642,51.820142750236585,-1.0001603154765264,172.669677734,0.9837209302325581,0.002325581395348837,225.206176758,249.160644531,0,0.23953488372093024,0.002325581395348837,56.0655174255,78.2182617188,0,0.9976744186046511,0.002325581395348837,,,0
density_0_nback_2_id_37,37,d0_n2,31.800201416,34.4504699707,49.6001586914,38.550151825,2.6502685546999984,2.0,True,2.049798488632568,0.04953002930000139,True,26.7198963165,28.0019340515,75.2708892822,0.8995299339325697,3.549798488632568,1.3224182129000006,,0.99242807729517,0.5683825414059414,-0.5544346596272076,0.023057631118918422,False,,0.049798488632568194,0.007920527452920944,4.699530124667433,0.1947435769588764,0.4283931953211833,-7.64865893573421e-07,1.3843155853664068e-05,-7.202298016882472e-06,1.5336763486399255e-05,1.199530124667433,2.9001517296325687,False,-9.4737318249092e-05,0.0009260849235869202,6.514081452973562e-06,0.0009685639393565504,0.28216267929192657,-2.740815250601447,0.06010059677081669,2.199530124667433,False,True,0.07485568375434971,55.89034102960327,-1.0005947422099049,172.56628418,0.9285266457680251,0.0025078369905956114,109.315795898,248.985534668,0,0.23824451410658307,0.0025078369905956114,55.8746414185,99.38812255865,0,0.9974921630094044,0.0025078369905956114,,,0
density_0_nback_2_id_38,38,d0_n2,31.7501010895,32.4002113342,48.5002555847,36.2496833801,0.6501102447000022,2.0,True,,,False,2.89636325836,0.0506921261549,75.5760726929,,,0.0955807864666,,0.99644712064835,0.06081914957022639,-0.3587638070949231,0.028578100137785528,False,,0.04989886281628486,0.0008718312646338461,5.549788713483714,0.10061392565555385,0.4204978985711517,3.815660556636315e-06,1.6603440000021874e-05,1.221650056601777e-05,6.347090467147054e-06,1.3997886181162826,2.449683427783718,False,2.842519856481957e-05,0.0008424702089210888,0.00035795579606177696,0.0008302727351722089,0.14257007245370215,0.3020215618114,-0.06525618949284333,1.24978876116743,False,True,0.008123195678767835,27.715594161743113,-1.0003414522499816,172.729675293,0.9307056579783852,0.0025429116338207248,127.485839844,249.202880859,0,0.21678321678321677,0.0025429116338207248,56.1945571899,70.7827148438,0,0.9974570883661793,0.0025429116338207248,,,0
density_0_nback_2_id_39,39,d0_n2,31.8002967834,32.90026474,45.500087738,37.8502120972,1.099967956599997,2.0,True,,1.2497353553674344,False,2.23098945618,311.13772583,311.13772583,,,0.0,1.2497353553674344,0.908206197791368,0.88816015102996,-0.2660352140664091,0.02415557083134079,True,0.34973526000000277,0.04970312123256804,0.01043441871561909,0.04973530768371859,0.5834526430006721,0.0,2.959922331468395e-06,1.28171636892587e-05,9.914649218312228e-06,8.26722010822441e-06,2.5497353076837186,2.400212049516284,False,2.3493116490122107e-05,0.0007817068348982826,0.00015877724746859545,0.0009227965332691604,0.431884742462571,0.47383870485150525,-0.07141944693093451,,False,,0.08986287455037362,34.64079041387985,-1.000838492764895,172.515625,0.9120951751487112,0.0026437541308658294,50.5083007812,249.532470703,0,0.2048909451421018,0.0026437541308658294,55.9213485718,81.8485107422,0,0.9973562458691342,0.0026437541308658294,,,0
density_0_nback_2_id_40,40,d0_n2,31.8006496429,33.7505569458,45.2000617981,37.7004547119,1.949907302899998,2.0,True,,0.0994429588325687,False,13.6624851227,23.5847034454,74.2083969116,,,1.4161090850000004,0.0994429588325687,0.9636542629873016,0.8730670345331941,-0.3392509722556666,0.022667558422598683,False,,0.049350261732566736,0.008870643488945128,9.449443101883716,0.005940936505793068,0.3187914572345766,-5.321768437669658e-06,1.3943873533808456e-05,8.068732642805076e-06,1.394163608676699e-05,2.3494429588325687,1.6004548072674325,False,0.00012728880249965273,0.0009567921976299178,0.00013465928536916154,0.0009101398108706647,0.7101900312027399,-0.02706872202294849,0.006902237614827834,,False,,0.09864646060017765,46.35889319508231,-1.000557328271909,172.193786621,0.8234903782349038,0.0026542800265428003,35.1661376953,249.453735352,0,0.1366954213669542,0.0026542800265428003,55.5683059692,79.2583007812,0,0.9973457199734572,0.0026542800265428003,,,0
density_0_nback_2_id_41,41,d0_n2,31.7503643036,33.3004341125,66.1000900269,36.7997741699,1.5500698088999982,2.0,True,,6.899565935183716,False,2.87287259102,16.0649433136,72.950553894,,,2.62177371979,6.899565935183716,0.8447510755932142,0.8030205403674341,-0.28752848986651613,0.02763437117010263,False,,0.04963564871628279,0.00761726226248558,13.6995658875,0.09915170618249144,0.46146378827591494,4.607428049186612e-06,1.692933724133881e-05,2.404647091221838e-06,1.2704889389496155e-05,1.5495657921325687,1.949774265267429,False,-0.00019477884866064601,0.0010180834285372607,-0.0003785252497879387,0.0010970762090774637,0.22277127316799586,-0.05778526545227634,0.012005600010157132,1.2995657921325687,False,True,0.048528269327909,40.19342781523375,-1.0004535841720146,172.980651855,0.8971428571428571,0.002077922077922078,95.0056152344,249.58026123,0,0.5038961038961038,0.002077922077922078,55.1360549927,73.2574462891,0,0.9979220779220779,0.002077922077922078,,,0
density_0_nback_2_id_42,42,d0_n2,31.6994171143,33.8993873596,51.8997650146,40.0502510071,2.1999702452999976,2.0,True,2.050582885699999,0.0006127357674330369,True,17.0828838348,334.331787109,334.331787109,3.050612688083717,5.250582933383715,1.1106643677,,0.9918135716727791,0.8540032313785482,-0.43704387647186366,0.033623532196009207,False,,0.0005829333837148454,0.002368908509609136,3.3506126404000014,0.28745372560878935,0.419101315705725,6.702214414806288e-06,1.574601833717586e-05,-2.8136073653609084e-06,1.810761428677733e-05,2.4006125927162856,3.7502510547837176,False,-1.5706791840022383e-05,0.0008755914029430755,1.0497327221677502e-05,0.0009347646154353062,0.34418877825309285,1.6343088172674514,-0.11569645957368667,,False,,0.06261031405399223,48.62991841405795,-1.000362376470183,173.284545898,0.9287454323995128,0.00243605359317905,120.814208984,249.405334473,0,0.13276492082825822,0.00243605359317905,54.6078033447,144.841918945,0,0.997563946406821,0.00243605359317905,,,0
density_0_nback_2_id_43,43,d0_n2,31.7493095398,33.0998268127,56.5997886658,36.4996147156,1.350517272900003,2.0,True,,,False,3.03395628929,9.21224784851,114.577484131,,,0.0,,0.8463941243842354,0.3016664121887129,-0.2952448963015556,0.025715027935796053,True,0.10017323498371411,0.0006904602000012972,0.007997497756685555,0.00017309193256664912,0.17820680961014915,0.14521370313978765,2.546559411902473e-06,2.0351585968685133e-05,-9.56584905769259e-07,1.5218248402454075e-05,1.2501730919325666,2.149614810967435,False,0.00017654247780677396,0.0008633164813675095,8.505000941639263e-05,0.001151200268298139,0.22950404736846808,0.3775109919952391,-0.07009863798349952,2.7001731396162825,False,True,0.09272035277394541,36.70179382576527,-1.00016940713181,172.856689453,0.9654377880184332,0.002304147465437788,182.690185547,249.003540039,0,0.29838709677419356,0.002304147465437788,54.8606796265,71.2020263672,0,0.9976958525345622,0.002304147465437788,,,0
density_0_nback_2_id_44,44,d0_n2,31.7993106842,33.1495628357,49.1995697021,37.6493988037,1.3502521515000012,2.0,True,,1.0504372119837129,False,2.04431295395,36.9151878357,73.8677825928,,,0.0,1.0504372119837129,0.9015069861715732,0.7970186382061616,-0.2681500806852222,0.024141198318251317,True,0.10043716429999705,0.0006892681162824488,0.012230016981018518,0.00043725966742869105,0.1819680467823214,0.3560723361248934,-3.4274994160757627e-06,1.5158062918731216e-05,1.042754780866374e-05,1.224867590623515e-05,2.100437164299997,2.3993988037000022,False,6.410116372343426e-06,0.0008712376490233529,-0.00013241745195740742,0.001101658165258322,0.2314093935206797,0.3991756064334064,-0.05922643087878702,2.2004370689325654,False,True,0.09409414730129466,37.34541835063314,-1.0002495535598381,171.876647949,0.9363579080025205,0.002520478890989288,128.709350586,249.657470703,0,0.22873345935727787,0.002520478890989288,55.1261978149,79.1823730469,0,0.9974795211090107,0.002520478890989288,,,0
density_0_nback_2_id_45,45,d0_n2,31.7498531342,32.3991317749,47.7997055054,35.6493682861,0.6492786407000004,2.0,True,,,False,2.71148967743,3.93440890312,94.6127853394,,,1.8469006121159999,,0.9709803688002147,0.15663408435225715,-0.36952392413061536,0.025978360104539473,False,,0.00014686580000145,0.00019750226503923075,0.30086827278371686,0.22298131151113904,0.00444049616344,-5.9824442273960795e-06,1.3673398189166916e-05,2.2055400292556153e-05,1.1951038222449243e-05,0.9008681774162852,2.3493683337837155,False,-0.000137017726011213,0.0010249333750995107,0.0004925130358000462,0.0012195491275816782,0.17387438079371415,0.25666073494006664,-0.051788457708108165,,False,,0.08832439332187697,26.958673455346158,-1.000235941111102,172.989807129,0.9711538461538461,0.002564102564102564,193.120605469,248.887023926,0,0.3467948717948718,0.002564102564102564,55.0446853638,67.0954589844,0,0.9974358974358974,0.002564102564102564,,,0
density_0_nback_2_id_46,46,d0_n2,32.0999221802,33.0997543335,47.9998054504,35.6497116089,0.9998321533000052,2.0,False,,0.050245761867429906,False,3.93167567253,27.0027770996,71.4942855835,,,8.0537643433,0.050245761867429906,0.8987908920388119,0.8143421172871278,-0.0130045118741895,0.11204262381717105,False,,0.8500778674837193,0.086826016660645,3.600245714183714,0.0376503277757538,0.41727253990244567,3.3846412965013025e-06,1.5361244818098652e-05,-5.992699161084301e-06,2.220223171422696e-05,0.8002457618674299,1.7497115135325672,False,-5.6076621140459206e-05,0.0012781547163862718,0.0005132646584344785,0.0015599886463417056,0.26341720721413175,0.3089498882298215,-0.0707909354842655,,False,,0.11935883679568213,20.021085404752974,-1.0002104342843403,197.104675293,0.927063339731286,0.0025591810620601407,123.497558594,249.562438965,0,0.22072936660268713,0.0025591810620601407,88.4592285156,106.775146484,0,0.9974408189379399,0.0025591810620601407,,,0
density_0_nback_2_id_47,47,d0_n2,31.8004894257,33.3505783081,49.6504364014,36.5504646301,1.5500888823999972,2.0,True,,0.6494216919000024,False,1.78188431263,21.3362255096,76.3889007568,,,3.4357185363799996,0.6494216919000024,0.7705016161837097,0.7139349257196905,-0.22623496478599997,0.022683428502380264,False,,0.04951047893256799,0.019657149460289645,4.849421739583718,0.10887434811108562,0.44758821353312334,2.007885756795711e-06,1.6627081945421235e-05,9.340203214677486e-06,2.0878850542678083e-05,0.8994216919000024,2.3004646301000022,False,5.9393549595069736e-05,0.0008643835378040332,0.00019711653130244516,0.0010878320544945549,0.20673554139981537,-0.06513782826882995,-0.05271178290504011,1.049421787267434,False,True,0.0958968838207793,40.80983187169497,-1.0003609093963488,172.355163574,0.918546365914787,0.002506265664160401,108.973632812,249.964172363,0,0.17167919799498746,0.002506265664160401,56.791217804,74.5529785156,0,0.9974937343358395,0.002506265664160401,,,0
density_0_nback_2_id_48,48,d0_n2,31.8001613617,32.6001319885,59.2496948242,41.2501220703,0.799970626800004,2.0,True,,1.399868011499997,False,1.83614361286,211.263626099,211.263626099,,,0.0,1.399868011499997,0.9615119381011232,0.9391683183284312,-0.31839201785631255,0.02156764114470921,False,,0.049838542932569396,0.0038510490521721247,0.19986796381628125,0.20215264640043315,0.42398444488646664,-1.7562823840478943e-07,1.6202422203701452e-05,1.988227268157625e-05,1.5223199917581955e-05,4.849868059183713,3.8001220226162857,False,-5.7643183424126064e-05,0.0008415998652519867,0.00038924991440562504,0.001050237674803422,0.15249998438459839,-0.44981566984390514,0.07850905819806835,0.09986805918371289,False,True,0.1763984291248762,30.47233890431875,-1.0009824406262156,172.640930176,0.9910464465584778,0.0016787912702853946,234.684997559,248.690673828,0,0.5640738668158926,0.0016787912702853946,55.937664032,113.3456726073,0,0.9983212087297146,0.0016787912702853946,,,0
density_0_nback_2_id_49,49,d0_n2,31.8000564575,33.8499717712,58.3501091003,37.7000236511,2.049915313700005,2.0,True,1.9999434948162857,2.8133432564914074e-05,True,15.162648201,19.726556778,72.1980743408,0.8500282764837124,2.8999435901837174,1.3350019455000002,,0.968218930926802,0.5667624905962311,-0.361560317128925,0.025060914554881582,False,,0.04994344713256993,0.007662172106215175,9.050028324167428,0.07928958981444141,0.444901674597885,4.173140870385952e-06,1.730103311018316e-05,9.344221666642497e-07,1.6515676775979954e-05,1.7000281811162807,2.1500236987837127,False,-2.0932791875025905e-05,0.0008367886164281944,-0.00011178001677707003,0.0014335330308335112,0.28383587003532984,6.080677864749658,-0.1301888062310617,1.750028133432565,False,True,0.0819236791415141,47.03730581644587,-1.0008534693605562,172.541137695,0.9242509892594686,0.0022611644997173543,122.588256836,249.998291016,0,0.26286037309214244,0.0022611644997173543,55.740398407,139.4152832034,0,0.9977388355002826,0.0022611644997173543,,,0
density_0_nback_2_id_4,4,d0_n2,31.7500667572,32.1499061584,49.0496368408,35.650062561,0.3998394012000013,2.0,True,,,False,2.87601661682,0.736571967602,76.1140975952,,,0.38470113278000007,,,0.059999048863252455,-0.4027388010705714,0.028572257657201318,False,,0.049933195116285134,0.0,,0.0,0.44071607490377673,-8.169511715559632e-07,1.8477839836659234e-05,5.429283874048569e-06,2.1582611995070365e-05,1.1500937939162839,2.3500626086837144,False,-0.0001288262159276671,0.0007228644719155565,-1.3724134727285703e-05,0.0008207679253486093,0.1264661500483996,0.2499749210197315,-0.07214157434372923,,False,,0.10410716575914554,23.553510178583267,-1.0007253277602641,173.282104492,0.9532828282828283,0.0025252525252525255,182.623901367,249.057861328,0,0.19633838383838384,0.0025252525252525255,56.7594718933,69.05285644535,0,0.9974747474747475,0.0025252525252525255,,,0
density_0_nback_2_id_50,50,d0_n2,31.8003520966,33.6996574402,56.3004608154,38.8004837036,1.8993053435999983,2.0,True,,0.3003425598000007,False,14.3920030594,205.770294189,205.770294189,,,4.06979942323,0.3003425598000007,0.9590977772449695,0.9625221814744085,-0.28997500401897297,0.02267962439278421,False,,0.0496478080325673,0.015703107878518377,4.300342559800001,0.1982289806683315,0.45770472117385164,-6.830654092776461e-06,1.3592027758230486e-05,-1.3143908802251867e-05,1.631611925386779e-05,2.7503426074837165,2.3504836559162854,False,3.7557030665089486e-05,0.0009010039865576925,4.2277712116209745e-05,0.0008316772070345415,0.23651163993923144,0.28446481294038933,-0.06324858791190133,2.150342464432569,False,True,0.09109757071627624,44.949723767231696,-1.0009851893280792,172.197631836,0.9196531791907514,0.0023121387283236996,108.408081055,248.892211914,0,0.5289017341040463,0.0023121387283236996,56.7214393616,179.9685058595,0,0.9976878612716763,0.0023121387283236996,,,0
density_0_nback_2_id_51,51,d0_n2,31.749174118,33.8495559692,46.5497207642,38.049697876,2.100381851199998,2.0,True,,0.05044412616743443,False,13.6812362671,19.3586845398,76.0631942749,,,1.555110931399998,0.05044412616743443,0.9686842435308956,0.7109724300280499,-0.3473132873575238,0.027105074522930265,False,,0.0008258820000008882,0.011894865844319048,4.200443983116287,0.15028049651683736,0.41089484741290166,-5.082949352176314e-07,1.3760086360921502e-05,1.9254649525159997e-06,1.287354948316774e-05,1.5504441261674344,2.6496977806325717,False,9.60931890976042e-05,0.0008571915200522295,-1.884315514897375e-05,0.0009177119025651033,0.27460679996198334,-3.0461069698912038,0.13537547575448436,,False,,0.1257626768026463,47.01489724470628,-0.9999955095871821,172.647949219,0.923127035830619,0.0026058631921824105,93.6276855469,227.50567627,0,0.20195439739413681,0.0026058631921824105,56.0127334595,93.8669128418,0,0.9973941368078176,0.0026058631921824105,,,0
density_0_nback_2_id_52,52,d0_n2,31.8000011444,33.4496994019,62.0996322632,39.2492713928,1.649698257499999,2.0,True,,0.5003006457837174,False,4.33832406998,82.9235229492,82.9235229492,,,2.9483370780900007,0.5003006457837174,0.885332180890063,0.9688281682686084,-0.25221647229046873,0.023063515631576315,False,,0.049998760232568884,0.012624534669151874,28.350300550416286,0.0003238496729689306,0.31931349510945,1.1716824626104633e-06,1.2711119749484516e-05,-3.880353460758747e-07,1.4402311881124805e-05,4.000300645783717,1.7992713451162814,False,-0.0001442082346833263,0.0008412529373964567,-0.00024371565555758156,0.0013053945420170572,0.44975806224123094,0.027827487404771676,-0.009361133530436001,3.65030050273257,False,True,0.12492481007947001,41.5396113048379,-1.000240768738823,172.061218262,0.890032502708559,0.0021668472372697724,128.823974609,249.543212891,0,0.5655471289274107,0.0021668472372697724,55.3207817078,98.2249755859,0,0.9978331527627302,0.0021668472372697724,,,0
density_0_nback_2_id_53,53,d0_n2,31.7498092651,33.1490631104,46.9991569519,36.6498298645,1.3992538452999987,2.0,True,,,False,3.29195451736,9.1283454895,76.3267059326,,,0.143404498696,,0.9214848181740609,0.39719760391551207,-0.28201881689685715,0.030046889313344736,True,0.05093693728371562,0.00019073489999854587,0.010403539715165357,0.0009369849674314423,0.09547415222057057,0.4264294792586716,-7.587470170850093e-06,1.3945852466614926e-05,-2.767693107083571e-06,2.4275412179944277e-05,1.4509367942325682,2.0498299598674308,False,-1.42398971667184e-05,0.0007330400905106028,-0.00014177681090892747,0.0012726547431178487,0.3183536964943944,-3.1027643561376785,0.08853803891676172,1.0509369372837156,False,True,0.10072623828731307,37.42844069803633,-1.0052808877853878,173.476135254,0.9144523655217109,0.002592352559948153,100.667602539,248.291442871,0,0.254698639014906,0.002592352559948153,55.649887085,84.80206298830001,0,0.9974076474400518,0.002592352559948153,,,0
density_0_nback_2_id_54,54,d0_n2,31.8002281189,32.800819397,44.1003990173,36.7002067566,1.0005912780999964,2.0,True,,,False,1.60002243519,4.73516321182,77.0412597656,,,0.0,,0.9205166439538331,0.41528338936209536,-0.2537679597736,0.021597676346768423,True,0.5991806983674337,0.0497717857325668,0.011596960749008,0.049180507632570425,0.023493345546468654,0.43050985727461993,-1.1040353888615657e-06,1.5545100345337794e-05,2.2908849245995e-06,1.160287866932524e-05,1.6491806506837179,2.2502067089162807,False,-4.051802450638159e-05,0.0007252106366609683,4.997346059066499e-05,0.001208399464380156,0.333149388356911,0.12140554607225333,-0.026544949751161253,,False,,0.09693879628873357,33.19696597061594,-1.0004280028630057,172.507568359,0.8896366083445492,0.0026917900403768506,62.4217529297,248.829528809,0,0.1500672947510094,0.0026917900403768506,56.9588470459,72.75,0,0.9973082099596231,0.0026917900403768506,,,0
density_0_nback_2_id_55,55,d0_n2,31.7501049042,33.7500762939,52.100227356,39.7002220154,1.9999713897000007,2.0,True,,0.09992361073256717,False,13.7352571487,159.830169678,159.830169678,,,2.114564895600001,0.09992361073256717,0.9641300416252617,0.9090809029036131,-0.350402155891075,0.024833095235481578,False,,0.04989504811628365,0.0086800376913715,6.449923753783715,0.2916205736726323,0.18603307018836704,-2.2093538825332896e-06,1.4696542756628952e-05,-1.083842235516625e-06,1.4462539547479846e-05,3.9499237537837146,2.0002219677162856,False,-0.0001868286111810363,0.000880866126347115,-0.00025595957604329753,0.0010302856584142057,0.22858741546681052,0.9801550609516384,-0.08991823045166056,2.499923706099999,False,True,0.043187738655957666,46.39272980598058,-1.000426412733688,172.856994629,0.9070473876063183,0.002430133657351154,68.8825683594,249.138427734,0,0.1172539489671932,0.002430133657351154,56.369972229,118.748046875,0,0.9975698663426489,0.002430133657351154,,,0
density_0_nback_2_id_56,56,d0_n2,31.7991924286,32.7494621277,47.0488319397,36.8993186951,0.9502696990999979,2.0,True,,1.4505379199837165,False,2.38151502609,34.1807289124,93.4664306641,,,0.0,1.4505379199837165,0.95932796123112,0.7891538065380485,-0.28603762858778947,0.024545574119582893,True,0.5005378723000007,0.0008075237162827875,0.007299610188440106,0.0005378723000006858,0.2847259703917126,0.134584287509388,3.441042164517356e-08,1.2472118874923894e-05,3.466320848884737e-06,1.67728370365445e-05,2.2505378723000007,1.8993186950999998,False,0.00011589228206854432,0.0009071828318208927,6.936317616832633e-05,0.0006204867748407706,0.44679198581015067,0.4183719814990184,-0.07871842303430317,1.8005378246162849,False,True,0.09815540372937878,31.841468254085704,-1.0006801222388124,172.072631836,0.9255181347150259,0.0025906735751295338,95.6687011719,249.188537598,0,0.2661917098445596,0.0025906735751295338,56.6784591675,70.068359375,0,0.9974093264248705,0.0025906735751295338,,,0
density_0_nback_2_id_57,57,d0_n2,31.8001346588,33.3501014709,45.3997001648,36.0497817993,1.5499668120999992,2.0,True,,,False,1.95601642132,11.5691614151,76.1124267578,,,3.2218623161300006,,0.8120110346530824,0.8773207813670315,-0.23178594295064517,0.024158174662219735,False,,0.04986524583256724,0.016868271260343133,,0.0,0.4481128352073685,-2.785528331037052e-06,2.0221804346585365e-05,-1.0413020960188838e-06,2.116245624869139e-05,0.999898433732568,1.6997818946674315,False,-1.7191111031680278e-05,0.0009909932974232478,0.00012123713062350968,0.0009536705684835637,0.6423079002004686,0.14442658871384997,-0.06214578663929667,,False,,0.16662991553306805,40.86630708718329,-1.0000016049108875,171.44152832,0.8781456953642384,0.001986754966887417,56.9289550781,249.699829102,0,0.1205298013245033,0.001986754966887417,55.9834289551,69.28063964845,0,0.9980132450331126,0.001986754966887417,,,0
density_0_nback_2_id_5,5,d0_n2,31.7998714447,33.5998802185,56.8498802185,38.4500389099,1.8000087737999984,2.0,True,,0.3501198291837184,False,11.5097560883,121.889556885,121.889556885,,,3.49916434288,0.3501198291837184,0.9408275112614419,0.9476735905858136,-0.27873016852475,0.024153767104586842,False,,0.00012850761628513396,0.013238052588548611,1.000119686132571,0.3663318680796562,0.0038337259306020833,4.181762408072316e-06,2.1250422585982305e-05,3.7003091632738884e-06,1.8644312588560355e-05,2.3501198291837184,2.500038862216286,False,-0.0001965476163891724,0.0009098281447161017,0.0002608604136184083,0.001314664863156228,0.3842100859178801,0.5107014899221822,-0.08778702020546726,2.200119733816287,False,True,0.09656529039222153,43.61241882930798,-1.00009233268866,171.823547363,0.9517241379310345,0.0022988505747126436,140.881225586,249.758789062,0,0.2149425287356322,0.0022988505747126436,56.4151878357,110.750976562,0,0.9977011494252873,0.0022988505747126436,,,0
density_0_nback_2_id_6,6,d0_n2,31.6995048523,32.8003044128,43.4493789673,35.8503227234,1.100799560500004,2.0,True,,,False,3.84120154381,10.9916086197,74.5367889404,,,0.0,,0.9554320468113054,0.37264347810390025,-0.3548507288745217,0.03187986161854606,False,,0.0004951953837171175,0.002317121423242652,0.14969563488371307,0.34338575600504656,0.08732506285109333,-1.3413875558853686e-06,1.5244858457047015e-05,-4.870813531086086e-07,8.557209372906383e-06,0.8496956825674289,2.2003226280325663,False,4.381817868679184e-05,0.0009145960108480785,-0.00031294428175574347,0.0007506421356319556,0.17048405739430078,0.37730514332673465,-0.0658472707157068,0.14969563488371307,False,True,0.09747379097423421,34.05678396004725,-1.0000098104363029,173.465881348,0.9171195652173914,0.002717391304347826,78.3308105469,249.399414062,0,0.20176630434782608,0.002717391304347826,40.5650634766,67.6115112305,0,0.9972826086956522,0.002717391304347826,,,0
density_0_nback_2_id_7,7,d0_n2,31.7496109009,34.1500968933,48.0998954773,38.2501907349,2.4004859924000037,2.0,True,2.0503890514162855,0.0499031543837134,True,21.7959747314,23.0701999664,76.5938339233,0.8999030590162818,3.3003890514162855,0.9817638398000028,,0.9866355199026654,0.6139794651980715,-0.47521765317234704,0.02779755510977368,False,,0.0003890991000012889,0.006827382867377796,6.399903059016282,0.1267055798040089,0.41901107629139994,-6.194513206483974e-07,1.5708704502451483e-05,1.6811435182754697e-06,1.3176589983542283e-05,1.949903011332566,2.1501908302674337,False,0.00017201327238787148,0.0009752641993380175,-2.21226671655692e-05,0.0011391089345936776,0.30396358741822366,0.17738749956735902,-0.03253652167814499,1.699903011332566,False,True,0.09729614999343288,51.90191948403833,-1.0006698292082181,173.102783203,0.9028753993610223,0.0025559105431309905,85.4378662109,249.452392578,0,0.11309904153354633,0.0025559105431309905,56.578125,83.4324951172,0,0.997444089456869,0.0025559105431309905,,,0
density_0_nback_2_id_8,8,d0_n2,31.7995948792,33.3004722595,53.0502586365,35.8503761292,1.5008773802999968,2.0,True,,,False,2.33915376663,10.9570989609,76.5537719727,,,3.0982967615200003,,0.8118765550517401,0.5532264867353751,-0.2355404731728064,0.025629364983414477,False,,0.0004050731162834609,0.017705903001760778,2.9995276928162866,0.14777744070846985,0.42622614055870006,9.255515095375944e-07,1.5644834102511796e-05,-8.16653965533096e-06,1.8062719928861725e-05,0.6995277405000024,1.8503761292000007,False,6.614788656288653e-05,0.0009034499019583596,-3.238090240025818e-06,0.0010542270797469005,0.19349829993880283,0.3301076800892083,-0.06896730095032867,,False,,0.0978100995050155,40.204583188008044,-1.0006324396577972,172.595031738,0.9261261261261261,0.0024024024024024023,111.711303711,249.055419922,0,0.23663663663663664,0.0024024024024024023,57.3031463623,71.2777099609,0,0.9975975975975976,0.0024024024024024023,,,0
density_10_nback_0_id_10,10,d10_n0,21.1004562378,22.500202179,45.9496269226,30.650396347,1.399745941199999,2.0,True,0.2495436668325688,0.04979777331628554,True,21.4402618408,98.3048477173,278.2371521,0.7997977733162855,2.1995437145162846,0.6954822540000016,1.149797916367433,0.9985292553932352,0.6490858209330552,-1.0193447130067501,0.08513613814780263,False,,0.04954385756743207,0.0,6.7997977733162855,0.24367215073119106,0.011554136872281667,0.04927106071753553,0.015462907614906493,-0.0010901599741506428,0.0017133737181545426,6.09979772563257,2.0503964423674326,False,-0.2691987855850645,0.08670066134051595,0.006282463549203751,0.009017188696372247,0.5989166815079261,0.8683821367719702,-0.3248573455958517,14.799797773316286,False,False,0.10150849475114064,85.45689092757301,-1.001186709063289,190.978515625,0.1464215364412344,0.0026263952724885093,32.5378417969,161.20227050789998,0,0.13000656598818122,0.0026263952724885093,0.224364995956,50.73211669925,0,0.170059093893631,0.0026263952724885093,0.23828099668,90.1275634765,0
density_10_nback_0_id_11,11,d10_n0,21.1001262665,22.8506965637,38.1001701355,27.550245285,1.750570297200003,2.0,True,0.14987373350000155,0.04930353166743018,True,23.6000938416,30.0790424347,308.121185303,1.0493035316674302,2.799873828867433,0.9023990632000007,1.2993035316674302,0.9993817155721604,0.8501620938209786,-1.0512453011101144,0.0796711105196883,False,,0.04987382886743319,0.0,2.4493033886162827,0.2786450847631463,0.0,0.048943329038780264,0.015820229921156354,-0.0007724340298275943,0.0015929170149454575,2.8993034362999985,1.800245284999999,False,-0.2679748780731526,0.08809288160780043,0.004446986725088084,0.008703517188095426,0.39334346733192876,0.09536220707617617,-0.015872586161521332,1.749303340932567,False,True,0.09112043145538028,90.54840026649073,-1.000323372244194,190.659667969,0.1281112737920937,0.0029282576866764276,21.9783935547,170.81573486305,0,0.08345534407027819,0.0029282576866764276,8.89892578125,43.9664306641,0,0.14202049780380674,0.0029282576866764276,21.8031005859,38.9602050781,0
density_10_nback_0_id_12,12,d10_n0,21.099521637,21.6993141174,40.6491088867,25.899061203,0.5997924804000014,2.0,True,0.20047831531628546,0.0006859302837156633,True,16.1399154663,15.5694246292,257.753601074,0.1506857872325682,0.7504782676325696,0.4270343781000001,,0.9978452456705259,0.5986604269898251,-0.9410732487838332,0.08523330202711447,False,,0.00047826763256964,0.0,2.600685834916284,0.1703663910354878,0.043293999182045,0.0498219378120987,0.014966870315624036,-0.0014514501453959166,0.0024522225133351496,1.2006859779674315,2.999061107632567,False,-0.27251881914899734,0.08391512658973758,0.011219486109139169,0.010224060803931283,0.3449527226475876,0.30739882898836834,-0.03048388301152687,1.4006857872325682,False,True,0.1140136578350426,73.2247937404635,-1.0004127490641832,190.962524414,0.10310734463276836,0.002824858757062147,28.7152099609,170.81686401349998,0,0.10098870056497175,0.002824858757062147,0.556640982628,45.4644775391,0,0.1673728813559322,0.002824858757062147,28.6690673828,37.170776367200006,0
density_10_nback_0_id_13,13,d10_n0,21.1491680145,22.9496307373,36.5498847961,27.0998306274,1.8004627228000025,2.0,True,0.7008318901325694,0.00036931038371434965,True,24.1897106171,25.9514389038,73.9541549683,0.9503693580674302,2.7508320808674327,1.0389652251999983,,0.9993726446623121,0.9468787714318383,-1.0400498261056665,0.07678310112342394,False,,0.000832080867432694,0.0,0.8003692626999985,0.07642048456835267,0.02342685793214833,0.048789266582674996,0.015966943159873306,-0.0007432721979263611,0.0015569596453071481,2.3503692150162827,1.7998306750837152,False,-0.26709353732629476,0.08908218991728425,0.004073030901461527,0.008129579128766289,0.38569929048620366,0.02712663483501583,-0.004114838238944916,1.8003692626999985,False,True,0.08812114743365002,91.2153262650659,-1.0001436854592438,189.212768555,0.1258426966292135,0.00299625468164794,23.69921875,144.4779663084,0,0.10337078651685393,0.00299625468164794,44.0366210938,44.0418701172,0,0.1707865168539326,0.00299625468164794,23.7637939453,23.7940673828,0
density_10_nback_0_id_16,16,d10_n0,21.1497879028,22.4498920441,49.9503746033,27.3003253937,1.3001041413000003,2.0,True,0.4002120495162842,0.00010800358371554353,True,19.870639801,376.540130615,376.540130615,0.8501079082162839,2.150212049516284,0.7591457367000025,12.250108003583716,0.9970035344179444,0.8476533169748491,-0.9809317909749615,0.07922089742619946,False,,0.00021219256743165715,0.0,1.3001079558999997,0.2457171632581582,0.0,0.04892337570996448,0.01582880764997407,-0.0012083520142863076,0.001613030054113759,3.400107860532568,1.4503254890674313,False,-0.2679176779562198,0.0883928085363177,0.006708354655598885,0.008495768803280804,0.7806437462323422,0.7477947503329666,-0.161904270326065,3.0001080035837155,False,True,0.06922044998803004,83.81026112048666,-1.0002365551426131,189.363037109,0.15346225826575172,0.002495321272613849,26.5986328125,70.4932861328,0,0.18714909544603867,0.002495321272613849,0.0969239994884,39.9283447266,0,0.18714909544603867,0.002495321272613849,0.246337994933,26.6820068359,0
density_10_nback_0_id_17,17,d10_n0,21.1001434326,21.6501579285,36.3002891541,24.6998519897,0.5500144959000011,2.0,True,0.1998565197162847,0.04984211918371528,True,15.6646842957,140.859863281,188.148040771,0.19984197613256782,0.7498564720325689,1.0954561234,0.6498420238162836,0.9879799532680476,0.8653629932917154,-0.9453347975556364,0.08135302742868658,False,,0.04985666276743217,0.0,0.4998421668674311,0.20796112448578785,0.16206423044206503,0.04903592481768684,0.015726656886772356,-0.0019304090475824544,0.0018242456533009669,0.9998421668674311,2.049851894332569,False,-0.26833405188825266,0.08798033158452048,0.012458974199197274,0.007423684522155722,0.21561352938810696,0.08547445258474935,0.02472796185569433,0.5998420714999995,False,True,0.0664312573181153,72.40577255481367,-1.0003961348270445,190.960327148,0.09473684210526316,0.0030075187969924814,32.8688964844,170.6302185058,0,0.12105263157894737,0.0030075187969924814,13.5422363281,39.05651855465,0,0.18571428571428572,0.0030075187969924814,32.9315185547,48.2066650391,0
density_10_nback_0_id_18,18,d10_n0,21.1005496979,22.0002174377,35.8001365662,25.5505199432,0.8996677398000017,2.0,True,0.19945025441628417,0.04978251461628247,True,16.7583637238,17.0903644562,75.8802261353,0.6997826099837141,1.5994503497837158,0.6692743301999986,5.7997825146162825,0.9952159444663792,0.8843553093725455,-0.9691365460548889,0.08409537830829737,False,,0.04945039746743163,0.0,11.549782514616282,0.020169617439485248,0.13631478858492765,0.04919956503190527,0.015543464268139951,-0.0019004760720738331,0.0015826342858535599,1.64978265766743,1.9005198478325696,False,-0.2690373128280658,0.08692090492875437,0.011421664773175001,0.007172862189635568,0.35516136173308277,-0.021418142244991167,0.006876102051072834,1.2997825146162825,False,True,0.11866228991759767,77.83191305393002,-1.0006439740996005,191.156738281,0.10227272727272728,0.0030303030303030303,27.6733398438,170.51156616235,0,0.125,0.0030303030303030303,45.6552734375,48.7075195312,0,0.18257575757575759,0.0030303030303030303,27.92578125,34.39501953125,0
density_10_nback_0_id_19,19,d10_n0,21.2001686096,24.200012207,40.6505317688,28.4006404877,2.9998435974000017,2.0,True,0.7498314380837172,0.04998779299999967,True,35.1461410522,35.6242294312,72.8415756226,0.7999877929999997,3.7998313904000014,1.8328933716000009,,0.999924132899446,0.6502062172175714,-1.2481024612980332,0.07066873670555013,False,,0.049831390400001396,0.0,2.599987745316284,0.2338939733918609,0.016033138825636332,0.04723201795039789,0.017288968353701313,-0.0005055186786866959,0.0012155711273406622,1.8499877453162838,2.3506405353837145,False,-0.25806487194798544,0.09700556416988143,0.0026532095115575434,0.006378136051752016,0.20029527384315643,0.21457342003702876,-0.041024251591229,1.399987697632568,False,True,0.102336264547547,108.07031723232453,-1.000301485524646,188.871704102,0.1559633027522936,0.0028228652081863093,16.0274658203,141.1730957033,0,0.12350035285815103,0.0028228652081863093,0.00341799994931,49.4971923828,0,0.14255469301340862,0.0028228652081863093,0.0747070014477,15.8509521484,0
density_10_nback_0_id_1,1,d10_n0,21.1491756439,22.0001220703,45.750213623,25.5491752625,0.8509464264000002,2.0,True,0.450824260732567,0.049877882016282626,True,15.7184076309,307.719665527,307.719665527,0.6998779773837143,1.5508244037837144,0.5752429963000001,3.099877834332567,0.973395814139391,0.9076729900795227,-0.9350415401989444,0.07695588886148816,False,,0.000824451467430265,0.0,7.9998779296999984,0.1570176842290206,0.44514232538637166,0.0487895883178658,0.01595603735894928,-0.001885915556664,0.001457616896394535,1.0498778820162826,2.499175310183716,False,-0.2671279278829302,0.08882386635825966,0.010685675986875443,0.007214305797301885,0.17562511809463205,-0.0020448956793538346,-3.913216449766596e-05,6.2498779296999984,False,False,0.10122624750856281,77.6950383192026,-1.0001383576397918,189.385864258,0.11784068466096116,0.0026333113890717576,11.6934814453,170.80810546875,0,0.250164581961817,0.0026333113890717576,49.2293701172,149.5808715821,0,0.37129690585911784,0.0026333113890717576,27.4967041016,67.4754638672,0
density_10_nback_0_id_20,20,d10_n0,21.1501674652,22.5002746582,41.8502578735,27.1001377106,1.3501071929999995,2.0,True,0.899832487116285,0.04972529411628557,True,20.3345146179,22.8294754028,72.412902832,0.7497253418000014,2.099832534800001,0.7746143341000007,,0.9946391297791146,0.6521120893462752,-0.9572787969197408,0.07172945494716317,False,,0.04983258248371669,0.0,0.2497253418000014,0.08581886342817668,0.006692435526447165,0.048003832221421974,0.016658568612420706,-0.001159650638025737,0.0016143892846384603,2.149725437167433,2.450137615232567,False,-0.2626122327423789,0.0933380157330203,0.005925860157458344,0.008743249550137283,0.3055355249440741,7.042976083906714,-0.08445675366473648,3.5497252941162856,False,True,0.09396300634725163,84.35089769158348,-1.0011927112323407,189.545410156,0.12144344205412907,0.002775850104094379,29.1730957031,170.39462280269998,0,0.08188757807078417,0.002775850104094379,15.4929199219,38.6606445312,0,0.14642609299097847,0.002775850104094379,28.9702148438,42.9505615234,0
density_10_nback_0_id_21,21,d10_n0,21.1998977661,23.5508308411,36.2504920959,26.9001350403,2.3509330750000004,2.0,True,0.7001023292674304,0.04916906353256678,True,29.6808509827,29.888168335,66.2935256958,0.9491691588999984,3.300102233899999,1.2778873443999998,,0.9989648581722564,0.7041802328596356,-1.1271322878697292,0.07173918999004474,False,,0.00010228158371461404,0.0,1.4991691112162826,0.17653128611377455,0.018799102123973566,0.04798281957444448,0.01660634276126936,-0.0006419507272239897,0.0013386344395843368,1.4491691588999984,1.9001350403000004,False,-0.26257501978815134,0.0926400154241729,0.003577724052625606,0.00746412425987133,0.3665277476840399,-0.4979080015491285,0.02548801153894399,1.4991691112162826,False,True,0.09823436076100266,99.7244007792957,-1.000782004197262,188.567504883,0.12641083521444696,0.0030097817908201654,22.1256103516,170.5507202146,0,0.1038374717832957,0.0030097817908201654,41.7670898438,47.5104980469,0,0.17005267118133935,0.0030097817908201654,22.0607910156,31.7068481445,0
density_10_nback_0_id_22,22,d10_n0,21.1496982574,21.6497306824,32.5999031067,26.9998664856,0.5000324250000006,2.0,True,0.4003016949162834,0.00026941296743032694,True,15.0522823334,15.0797472,74.4177093506,0.05026936528371451,0.5503017902837151,0.8248376846000003,,0.9150878914640299,0.6670741044283721,-0.9316030144691,0.07920146288921141,False,,0.00030183796743088465,0.0,1.950269222232567,0.04205648109899218,0.178651608053304,0.048918230348801314,0.015832783068266385,-0.0018045459117266003,0.0018518997470966232,3.3502693175999987,1.9998664855999984,False,-0.26779272872949345,0.0884030777473566,0.012534709041921699,0.008111905806772136,0.32023178360983523,0.17601855924971416,-0.040611891910264084,5.600269317599999,False,False,0.09757939105595761,71.58026309176803,-1.0004701018788078,189.028320312,0.17848605577689244,0.002390438247011952,29.7659912109,145.7690429687,0,0.1752988047808765,0.002390438247011952,0.355224996805,38.2775878906,0,0.18087649402390438,0.002390438247011952,0.0207519996911,30.0760498047,0
density_10_nback_0_id_23,23,d10_n0,21.0999946594,23.6500205994,35.9999809265,29.9502162933,2.550025940000001,2.0,True,0.2000052929162841,0.04997944828371459,True,31.0046577454,296.105072021,296.105072021,0.9499793052325671,3.5000052452325683,1.3523330688000001,1.7999794482837146,0.9998229143045325,0.8258733935584611,-1.1853482322049422,0.08511024039534343,False,,5.245232568285019e-06,0.0,1.899979352916283,0.4286080277219642,0.1374822017969965,0.04980954024205395,0.014985476407906404,-0.00046783978328092884,0.0015140857153626542,4.549979448283715,1.7502162456162829,False,-0.2723530490735671,0.08373452592951126,0.002949766186177154,0.007762587552308224,0.4429031209629416,-0.6803132500132353,-0.019694664391484002,1.0499794482837146,False,True,0.10928738980989286,103.10175247448916,-1.0000000000000429,191.112304688,0.290785498489426,0.0030211480362537764,54.8542480469,170.31497192395,0,0.0634441087613293,0.0030211480362537764,0.099609002471,20.5005493164,0,0.1042296072507553,0.0030211480362537764,0.463257014751,85.37512207035,0
density_10_nback_0_id_24,24,d10_n0,21.0995349884,23.1498165131,39.9999580383,26.2496433258,2.050281524700001,2.0,True,0.25046491623256983,0.00018358226743231398,True,26.4139060974,27.3633651733,76.743309021,0.950183391532569,3.00046491623257,0.6619224547999991,,0.9996968074384158,0.8761485755322633,-1.1060664610172681,0.08694376441104999,False,,0.00046491623256983416,0.0,0.6501834392162849,0.07053002283628923,0.2629391758702215,0.049919934894303956,0.014844795845963382,-0.0005596096919961146,0.001719685141416278,0.950183391532569,2.1496434211674327,False,-0.27312479923040006,0.08317613547411366,0.0036551233774291467,0.008757843728386524,0.3207455095618166,0.037376406649130334,-0.0062033806859553,,False,,0.09259057116999406,95.18520434237548,-1.000185963905244,190.647583008,0.10897435897435898,0.002849002849002849,24.3664550781,145.75885009774998,0,0.12179487179487179,0.002849002849002849,47.6041259766,47.6041259766,0,0.1787749287749288,0.002849002849002849,24.4847412109,24.4895019531,0
density_10_nback_0_id_25,25,d10_n0,21.1003818512,23.249961853,38.7995529175,26.6002826691,2.149580001799997,2.0,True,0.14961814879999835,3.8147000001487186e-05,True,26.9463825226,28.011384964,75.8908615112,0.9000382423674331,3.04961824416743,1.1248550415000018,,0.999601877300052,0.9086507086004151,-1.1091955942766667,0.08097053393473783,False,,0.04961824416742999,0.0,2.3000380993162857,0.12665245342467749,0.010530352144267334,0.04903466816942237,0.01572221973115449,-0.0006340952946374309,0.0014810706723907762,1.0500380993162857,2.300282716783716,False,-0.2684615048040645,0.08745443456642209,0.0037517065883566425,0.007959774929132633,0.1745206690664322,0.012449585207897164,-0.002041474902459433,0.10003805163256985,False,True,0.08566787642604798,95.72088114099532,-1.0000807432888479,190.82409668,0.11521739130434783,0.002898550724637681,22.5593261719,145.53256225590002,0,0.11231884057971014,0.002898550724637681,48.0493164062,48.0493164062,0,0.17753623188405798,0.002898550724637681,22.6025390625,22.7091064453,0
density_10_nback_0_id_26,26,d10_n0,21.149723053,22.6999511719,34.6999816895,27.3999233246,1.5502281189000016,2.0,True,0.4002768993162853,4.8875783715374155e-05,True,21.9427604675,41.3586845398,80.937210083,1.2500488757837154,2.800276994683717,0.8463077544999997,,0.9978322929713882,0.8627642828274428,-1.015516629141742,0.07896527148266756,False,,0.000277042367432756,0.0,2.200048923467431,0.17465328741819713,0.07033152983834165,0.048910166516797374,0.01584231170428743,-0.0009150121679278033,0.0016463221865420118,2.3500487804162837,2.3499233722837154,False,-0.2677695226217855,0.08814535622760244,0.005276718797470292,0.008707063276611943,0.34261488380201366,0.002834576606957471,-0.0018781411839794324,2.400048732732568,False,True,0.11384460063000902,87.5579848577355,-1.000183992922951,189.342651367,0.1325115562403698,0.0030816640986132513,22.4455566406,170.66674804695,0,0.09322033898305085,0.0030816640986132513,35.0217285156,44.2087402344,0,0.15331278890600925,0.0030816640986132513,22.4002685547,30.608215332,0
density_10_nback_0_id_27,27,d10_n0,21.2003498077,23.9499320984,40.7003288269,31.2497501373,2.749582290700001,2.0,True,0.39965009693256803,6.794928371434139e-05,True,32.8711357117,283.28729248,283.28729248,0.9000678062325669,3.649650096932568,1.4932270049999978,1.4000678062325669,0.9998423769538951,0.8839178993814327,-1.200926325939037,0.07134561399974079,False,,0.049650192299999674,0.0,4.600067853916283,0.4768524160482791,0.19974248937793412,0.04728235000450448,0.017248052057186318,-0.0005667124955148456,0.0012498044153757932,2.1000678539162827,5.199750184983717,False,-0.2585169548953592,0.09635310312026785,0.0031505781304337517,0.006906680161370631,0.3974813067842524,0.0003521188744013336,-0.0014929734594852082,4.150067806232567,False,True,0.09065829168353197,103.91861701044547,-1.0009158450935889,189.030029297,0.2464689265536723,0.002824858757062147,35.1707763672,154.75234985355002,0,0.0847457627118644,0.002824858757062147,0.61022901535,62.4699707031,0,0.11087570621468927,0.002824858757062147,0.254761010408,43.4284667969,0
density_10_nback_0_id_28,28,d10_n0,21.1998329163,22.4502277374,39.1496429443,26.6997051239,1.2503948210999987,2.0,True,0.7501671313837157,0.04977226260000123,True,19.2863311768,20.4462108612,73.1348571777,0.749772310283717,2.0001671313837157,1.1598796843999999,,0.9954902176695049,0.8054705008587946,-0.9455876006528462,0.07069004608596106,False,,0.0001671313837157129,0.0,4.249772310283717,0.048141078667484606,0.15956096097264436,0.048163277611721046,0.016510672366282602,-0.0012037507605359653,0.0015834689363548203,0.999772310283717,3.2497050762162836,False,-0.2636766606255513,0.0925122628631748,0.006672868732350345,0.00820521482677819,0.3135825730631534,1.3151468106392852,0.04054825718069199,2.5497722626000012,False,True,0.11751337796440836,83.58542772226805,-1.0001839921692608,188.880126953,0.11768953068592057,0.002888086642599278,25.5599365234,145.7745361328,0,0.1263537906137184,0.002888086642599278,44.0662841797,44.0662841797,0,0.17184115523465704,0.002888086642599278,25.6489257812,25.6489257812,0
density_10_nback_0_id_29,29,d10_n0,21.1997032166,22.4495983124,44.8497924805,36.0496635437,1.2498950957999995,2.0,True,0.8002967834000003,0.00040173528371667544,True,18.8216724396,400.0,400.0,0.850401639916285,2.1002967357162845,1.0244941710999989,2.0004017352837167,0.9932869279403075,0.9030586103562198,-0.9396208238603201,0.07090491485343565,False,,0.00029683108371614253,0.0,0.5004017352837167,0.44016632143071516,0.19776137373409533,0.04814170824216448,0.01648332712821577,-0.00131202948861672,0.0015500191266569856,1.2504017352837167,12.349663496016284,False,-0.26380033506771844,0.0920135353270532,0.00736101207323504,0.008354656426646017,0.8945582305376598,-0.002660556634361664,-0.016539370699343497,5.850401639916285,False,True,0.10145037669708455,82.83256499160639,-1.0006076358049345,188.308349609,0.15066666666666667,0.0026666666666666666,29.4366455078,170.64782714825,0,0.07266666666666667,0.0026666666666666666,0.132811993361,56.4750976562,0,0.258,0.0026666666666666666,0.00805700011551,110.195678711,0
density_10_nback_0_id_2,2,d10_n0,21.1500549316,22.8507518768,33.0001487732,26.3504753113,1.7006969452000007,2.0,True,0.39994502071628446,0.04924821856743122,True,23.9938144684,24.950881958,341.641357422,0.8992481231999996,2.5999450684000003,0.7323780060000011,,0.9987922389931448,0.9056116818381457,-1.0425646497921768,0.07614097664573842,False,,0.0499451160837161,0.0,0.9992480278325679,0.16421130171580367,0.1331873628001217,0.048165932934925125,0.0165169277201513,-0.0008404505670648148,0.0015338935840661077,1.2992482185674312,2.200475215932567,False,-0.2636496225175934,0.0922394109522539,0.004654039449040941,0.008265424214162332,0.35755447157089015,0.00606055590708192,-0.0002352205347689833,0.9492480755162838,False,True,0.10025822456302866,89.6775530549432,-1.0001839929228868,189.372924805,0.1227236737925574,0.003167062549485352,24.8487548828,170.4281616211,0,0.10688836104513064,0.003167062549485352,14.5014648438,41.7465209961,0,0.16072842438638163,0.003167062549485352,24.884765625,33.76287841795,0
density_10_nback_0_id_30,30,d10_n0,21.1505622864,22.9505138397,41.5507850647,26.5005168915,1.7999515533000014,2.0,True,0.7494378089674321,0.04948616029999897,True,24.4390735626,25.4135246277,73.2870025635,0.9494862556674306,2.749437808967432,1.0151576995999996,,0.9997632867844793,0.6699672388350738,-1.0403789513636665,0.07353301435147723,False,,0.04943776128371624,0.0,2.1994862556674306,0.15130033524398478,0.041249257791789666,0.04800737228881711,0.016647070992071338,-0.0007859727080961944,0.0015082458064503972,1.4994862079837148,2.0505168438162826,False,-0.2625283766046921,0.09339749846833491,0.004168257798788221,0.008241676774953202,0.25243816986427225,0.32429819756100264,-0.06429821963535368,1.2494862079837148,False,True,0.10942016932289512,91.08180183545991,-0.9999059887712849,189.041259766,0.1108786610878661,0.002789400278940028,23.8735351562,145.52575683595,0,0.1101813110181311,0.002789400278940028,0.00537100015208,47.0328369141,0,0.1701534170153417,0.002789400278940028,0.0910639986396,23.9753417969,0
density_10_nback_0_id_32,32,d10_n0,21.1492099762,22.2500896454,32.5497322083,25.0997829437,1.1008796691999976,2.0,True,0.50079011916743,0.04991030691628495,True,17.8654232025,21.0663585663,250.726013184,0.5999102592325691,1.7007899284325667,0.7221069335999992,0.799910306916285,0.991322215101612,0.33460723849387436,-0.9539981251180432,0.07727511707493159,False,,0.0007901191674299923,0.0,0.1999104022837166,0.14106340187065516,0.15358201333632665,0.048802371357422374,0.015952787838116708,-0.0014741714074492606,0.0015347241621360423,0.8999104499674324,1.9497828483325677,False,-0.2671325472919079,0.08920381469168534,0.008159971908120074,0.00792664536910484,0.2442637095674824,-0.007924684214723332,0.0035565529833585007,,False,,0.0902123563927337,81.49960929194481,-1.0002465559179363,189.311401367,0.1076555023923445,0.003189792663476874,30.2496337891,170.9712829588,0,0.11881977671451356,0.003189792663476874,13.0219726562,50.2581787109,0,0.19457735247208932,0.003189792663476874,30.2019042969,48.1868896484,0
density_10_nback_0_id_33,33,d10_n0,21.1002655029,22.1497554779,60.9501686096,26.600276947,1.0494899750000002,2.0,True,0.24973440173256733,0.0002446174674304302,True,17.8794231415,47.1694068909,149.519500732,0.8502445220999988,1.899734497099999,1.1578998565999967,19.00024461746743,0.9737409567342562,0.8716736720556854,-0.9802952200184499,0.08520737849173947,False,,0.049734592467430616,0.0,0.3002445697837146,0.09917553660322659,0.1011597529518755,0.049095719243940794,0.01561283309551087,-0.0017793106773741,0.0015918736858880074,5.600244522099999,-1.1497230529999989,False,-0.2686164255596803,0.08749220535501935,0.010632941703080451,0.007999646810348612,0.29640552941463993,1.9347742513924175,-0.001159809778013333,1.8502445220999988,False,True,0.08937752583382955,79.37175693150286,-1.0010912061336232,190.487915039,0.12239297475301866,0.0021953896816684962,28.6302490234,147.20227050785,0,0.3419319429198683,0.0021953896816684962,8.57885742188,41.1711425781,0,0.3419319429198683,0.0021953896816684962,28.6953125,28.7170410156,0
density_10_nback_0_id_34,34,d10_n0,21.1505126953,23.4005355835,36.5005264282,26.500459671,2.2500228882,2.0,True,0.09948730469999845,0.049464464183714085,True,28.6118812561,65.9688110352,340.861785889,1.049464464183714,3.2994873523837143,1.2745437621999969,1.1494643688162824,0.9997331152341845,0.7656330925074614,-1.149968228075578,0.07975193267797986,False,,0.04948735238371427,0.0,3.299464464183714,0.5522589503896524,0.0,0.04838556086791448,0.016297012247960423,-0.0006614509715491911,0.001383823515045367,0.9994645118674299,2.10045957563257,False,-0.26456144854028285,0.0910459229074963,0.003579443436559345,0.007696229267397964,0.3092267574326043,-0.03396864578437,-0.0009426696744993672,,False,,0.05963595140119188,97.843194219757,-1.0012144599843231,190.211181641,0.12378094523630907,0.003000750187546887,20.8814697266,170.3878479004,0,0.11177794448612154,0.003000750187546887,0.0241700001061,50.4322509766,0,0.17854463615903976,0.003000750187546887,0.0495610013604,35.6119995117,0
density_10_nback_0_id_35,35,d10_n0,21.1496276855,23.1002883911,35.6996459961,26.4001178741,1.9506607056000007,2.0,True,0.4003722668162837,0.049711704267430434,True,25.9470481873,26.8201141357,75.3213729858,0.8497116565837146,2.8003723621837153,1.3521938324000011,,0.9994853319108372,0.7534880339901586,-1.078189028799925,0.07805204318873328,False,,0.0003724098674311449,0.0,0.449711561216283,0.1367032091834795,0.02316166081777,0.04885940143446711,0.015885004140211698,-0.0006704519720641993,0.0015045756116523906,1.199711561216283,2.100117921783717,False,-0.2674330283740513,0.08845133797534346,0.00393680465790075,0.007941090823009155,0.3125157533591396,-0.0029588771188443336,0.00020493174863809994,1.949711561216283,False,True,0.054077771720099,94.17650891760005,-0.9997211117866727,189.361083984,0.11769172361427487,0.0030372057706909645,25.2950439453,170.78039550795,0,0.10554290053151101,0.0030372057706909645,33.6086425781,46.1955566406,0,0.17843583902809415,0.0030372057706909645,25.2268066406,33.6557006836,0
density_10_nback_0_id_37,37,d10_n0,21.0997962952,21.1998462677,40.9498023987,27.2999305725,0.10004997249999903,2.0,True,,0.10015368461628427,False,13.4889392853,15.0882520676,288.190643311,,,1.1800041198999995,0.10015368461628427,,0.47215058045757924,-0.857395261526,0.08254470302626812,False,,0.00020360943256747532,0.0,3.9501538276674317,0.1352130819688786,0.000646088027861,0.049678907938009206,0.01513056254570725,0.002966913511045,0.0008265486685549999,3.6501536369325684,2.449930667867431,False,-0.27182217520713686,0.08424001704846969,-0.00977959972807,0.004482951713729999,0.24084914320349532,0.5035855951564951,-0.09131731834689646,1.750153779983716,False,True,0.10142591543201161,65.37109792084172,-1.0005700713562484,190.282348633,0.12517580872011252,0.0028129395218002813,24.7458496094,44.2492675781,0,0.10970464135021098,0.0028129395218002813,14.1853027344,115.716674805,0,0.15260196905766527,0.0028129395218002813,24.8425292969,24.8425292969,0
density_10_nback_0_id_38,38,d10_n0,21.0993556976,21.3993186951,66.0497741699,27.0491886139,0.2999629974999998,2.0,True,,5.900681257216284,False,14.9669361115,175.251785278,175.251785278,,,0.4226627350000012,5.900681257216284,,0.8546273973770017,-0.9152106444041667,0.08080178946345698,False,,0.0006442070325682892,0.0,0.7006812095325685,0.12718602696244613,0.15156593167529434,0.04958856045758947,0.015237730027779322,0.0003590333993388332,0.0020505848560072285,4.500681400267432,1.1491885185325685,False,-0.2717481297195566,0.08474520090988763,0.0035161321478283333,0.009635578244378797,0.32357692756318734,-0.002522907910595166,0.0034750935854303334,3.8506813049,False,True,0.09973144679021834,68.48820197448627,-1.0003725086562993,190.223388672,0.08935064935064935,0.002077922077922078,38.6081542969,147.14285278345,0,0.0638961038961039,0.002077922077922078,10.3837890625,25.5185546875,0,0.11428571428571428,0.002077922077922078,33.7358398438,45.05615234375,0
density_10_nback_0_id_39,39,d10_n0,21.1499214172,22.5494995117,43.0495834351,36.649597168,1.3995780944999971,2.0,True,0.45007848743256673,0.0005004406162854025,True,20.6029834747,164.957275391,164.957275391,0.8505005836674329,2.25007867816743,1.020814895600001,2.4505004883000012,0.9977947822074569,0.828871596464242,-0.9849612074241786,0.07683013659578,False,,7.867816743001299e-05,0.0,7.200500488300001,0.35151306459224596,0.0,0.04880278226674079,0.015950476087360218,-0.0010589095930172608,0.0016262713345270516,3.850500583667433,10.249597072632568,False,-0.2670643103651934,0.08902810017381065,0.006072827087074393,0.00858409229102816,0.38031838969744436,0.033230572861353,-0.005489325174146835,10.600500583667433,False,True,0.09356664896344437,85.24926334156129,-1.0007485734163817,189.628295898,0.16530054644808742,0.00273224043715847,40.4565429688,170.55639648455,0,0.07923497267759563,0.00273224043715847,0.0505370013416,91.5827636719,0,0.16188524590163936,0.00273224043715847,0.185546994209,99.8234863281,0
density_10_nback_0_id_3,3,d10_n0,21.1001586914,23.0999031067,31.4999065399,26.4501438141,1.9997444153000004,2.0,True,0.24984121323256758,9.679793256722746e-05,True,26.137424469,26.9884395599,77.8017807007,0.9000968932999989,2.8998413085999992,0.9662570952999978,,0.9996453335462074,0.9988539184740216,-1.1046211459695126,0.08594676017716185,False,,0.049841403967430864,0.0,,0.0,0.23927140956135998,0.04930374707634605,0.015426319331680394,-0.0006865381759757738,0.001619874575517402,0.950096845616283,2.4001438617837145,False,-0.26944221100328947,0.08641179111978604,0.00429558859729782,0.008513476351322885,0.2641258221441289,0.02670369398942767,-0.004715420100786566,0.10009694098371469,False,True,0.046428393173473,93.66539256099263,-1.0004159979364795,191.167358398,0.15085158150851583,0.0032441200324412004,23.4350585938,144.4274291993,0,0.18329278183292783,0.0032441200324412004,0.00292999995872,47.447265625,0,0.20275750202757503,0.0032441200324412004,0.168457001448,23.6044921875,0
density_10_nback_0_id_40,40,d10_n0,21.0991516113,22.5494117737,34.349395752,25.599363327,1.4502601623999993,2.0,True,0.25084829333256664,0.0005881786162831304,True,21.3462963104,28.0281982422,76.4058761597,2.700588226299999,4.150848388699998,1.4703769683000019,3.1505882739837148,0.9988238335396281,0.9309243858701752,-1.015644879176862,0.08688268614440395,False,,0.0008482933325666409,0.0,7.600588321667431,0.03775901999327531,0.44049189488093676,0.049928146855606585,0.014845252579763848,-0.0009058500923098277,0.001920579634798078,1.4005882739837148,1.6493632793162831,False,-0.2731728750820249,0.08325282982599456,0.005867497831910275,0.009615115787289647,0.5045652270527626,0.014486618809572499,-0.0021516487070325,,False,,0.11411881820122957,86.25696126625358,-1.00020869108992,190.730957031,0.1062015503875969,0.0031007751937984496,24.2525634766,170.9237060548,0,0.15426356589147286,0.0031007751937984496,51.8422851562,51.8422851562,0,0.17519379844961241,0.0031007751937984496,24.9600830078,29.576171875,0
density_10_nback_0_id_41,41,d10_n0,21.1493988037,22.8498783112,48.2997093201,31.1499404907,1.7004795075000025,2.0,True,0.750601291667433,0.00012159343256712418,True,22.7560310364,83.9489440918,83.9489440918,5.80012178416743,7.500601291667433,1.2189903260000001,21.950121641116283,0.9993518572314269,0.9063178881384673,-1.0106476650516472,0.07424595898117764,False,,0.000601291667432946,0.0,6.350121736483715,0.23822709997056057,0.3747381448125283,0.04866425000670395,0.016072060427959826,-0.0007895066510710706,0.001580189933594788,5.250121593432567,3.0499405860674322,False,-0.2662858227758211,0.08997788376435621,0.004358701180212029,0.00814855120480703,0.2506039362243756,0.28043114403268665,-0.08822831358993,1.3001217841674304,False,True,0.10953628875599786,89.67013577914163,-1.0002759890074528,189.901123047,0.1822817080943276,0.0025493945188017845,24.6435546875,150.8787841795,0,0.1077119184193754,0.0025493945188017845,0.0234379991889,62.9285888672,0,0.1338432122370937,0.0025493945188017845,0.703125,43.1489257812,0
density_10_nback_0_id_42,42,d10_n0,21.1497745514,23.2004451752,39.0005531311,27.6003704071,2.0506706237999985,2.0,True,0.150225400916284,0.049554824800001285,True,26.9863071442,96.2540054321,96.2540054321,1.5495548248000013,3.6002254486,0.7545280455999972,,0.9996407365946128,0.8515712131422511,-1.1115690171714285,0.08180350251499868,False,,0.000225543967431463,0.0,1.8495547771162855,0.3492302240540826,0.0,0.049081457607247365,0.015675748421968953,-0.0006425764929098049,0.0015061910358747336,1.5995547771162855,2.8003704547837174,False,-0.2685952011594092,0.08778650899268253,0.003967255061331793,0.008048818538560678,0.45739386353088674,0.24484193876074664,-0.044645143746558834,13.89955472943257,False,False,0.13923424289339958,95.75644563410607,-1.0004010884707786,190.067993164,0.13955169920462762,0.0028922631959508315,15.8529052734,48.9431152344,0,0.1279826464208243,0.0028922631959508315,0.0866699963808,52.2668457031,0,0.15835140997830802,0.0028922631959508315,0.0598139986396,16.1693115234,0
density_10_nback_0_id_43,43,d10_n0,21.1498622894,22.7495155334,43.2504272461,30.7997207642,1.5996532439999989,2.0,True,0.6501376629162827,0.0004844665999996778,True,22.4753570557,192.952514648,192.952514648,0.9004845619674313,2.50013780596743,0.846994400099998,1.5004844665999997,0.999101191507902,0.9094272904329638,-1.0139177758244375,0.07755745381065593,False,,0.00013780596743018236,0.0,6.0004844666,0.16983967673063313,0.443277360995625,0.048836564142752635,0.015921540124641982,-0.0008580145804440906,0.0015940598265846006,2.5004844665999997,5.5497207642,False,-0.26756790814626585,0.0887363229028273,0.005216249487599562,0.008507381217488697,0.24181174369579772,-0.028791096100276494,0.007685198367106983,5.550484418916284,False,True,0.10700837797080083,88.28707714234602,-1.0007437013946123,189.814697266,0.22600408441116407,0.002722940776038121,44.0281982422,151.92904663065,0,0.11300204220558203,0.002722940776038121,0.129883006215,41.4735107422,0,0.13274336283185842,0.002722940776038121,0.609375,65.9383544922,0
density_10_nback_0_id_44,44,d10_n0,21.1503067017,22.2998714447,40.7504234314,26.9502811432,1.1495647429999991,2.0,True,0.39969325061628425,0.00012850761628513396,True,17.7783985138,93.1777420044,93.1777420044,0.8001284599325693,1.9496932029325684,0.8014297485000021,1.450128555300001,0.9913788350043699,0.930812355227305,-0.9747923964801365,0.07859931271032763,False,,0.049693345983715886,0.0,4.050128459932569,0.24432299318652514,0.029348034209896835,0.048293161205950126,0.0163727533158695,-0.0016386293500549544,0.0014047501953826829,2.6501286029837168,2.0002810955162857,False,-0.2638543437872566,0.09158390312700404,0.00894196461012632,0.007933827059931831,0.44915526026775204,0.3184070824024549,-0.06232533891013387,2.1001286506674326,False,True,0.10943634697577567,80.76261587190724,-1.0003679858458163,189.91394043,0.1331923890063425,0.0028188865398167725,20.7619628906,146.2528381349,0,0.14094432699083861,0.0028188865398167725,0.164794996381,48.5947265625,0,0.16842847075405215,0.0028188865398167725,0.055907998234,20.8870849609,0
density_10_nback_0_id_45,45,d10_n0,21.1502075195,21.750164032,49.8500061035,25.8008384705,0.5999565125000004,2.0,True,0.14979243281628385,0.04983592031628348,True,15.4510822296,39.9914550781,75.9804840088,0.09983587263256766,0.699792385132568,0.8105182646999989,1.2998359203162835,0.9723452640452184,0.6519398807975189,-0.9523063997426667,0.08034861038785526,False,,0.04979252818371549,0.0,3.5498359203162835,0.17705797068374426,0.0,0.048403387215286586,0.016281696998453266,-0.00240263046483425,0.0013068686888362505,1.149836063367431,2.900838375132569,False,-0.26480317674579207,0.09089240155760278,0.015025627925439168,0.005985883808938999,0.47493396691717626,0.8477904264193932,-0.17943595572528417,1.6998360156837151,False,True,0.10515551194163814,73.1492179193717,-1.0009401153678392,190.188232422,0.09943714821763602,0.0025015634771732333,26.4506835938,148.4421997068,0,0.133833646028768,0.0025015634771732333,0.107909999788,48.8298339844,0,0.16385240775484677,0.0025015634771732333,0.00683599989861,26.7038574219,0
density_10_nback_0_id_46,46,d10_n0,21.1496601105,22.3997631073,31.0495834351,25.7996234894,1.250102996799999,2.0,True,0.10033988949999895,0.00023698806743155387,True,19.6328163147,30.7626571655,75.888168335,0.8002369403837157,2.0503399371837148,0.7513217925999989,3.8502368927,0.9932223466475703,0.9287437711470271,-0.99052522897788,0.08105017334733126,False,,0.0003399848674305872,0.0,0.9502367973325683,0.01653598422618421,0.16339617980028004,0.04903470985836447,0.015715306612303758,-0.0013035640853921598,0.0016190914622166148,1.150236845016284,2.249623537083714,False,-0.2682570045029763,0.08768391327466571,0.0072273559449243605,0.00876627722222202,0.2656782052136997,0.031303317658648334,-0.005337585462238668,1.5502369403837157,False,True,0.04673013896192676,83.11653337897184,-1.0007912357200963,190.18762207,0.14460784313725492,0.0032679738562091504,27.8575439453,144.91009521505,0,0.19281045751633988,0.0032679738562091504,20.4221191406,47.2559814453,0,0.21241830065359477,0.0032679738562091504,27.9418945312,27.9418945312,0
density_10_nback_0_id_47,47,d10_n0,21.2001514435,22.150144577,41.2500953674,25.9001159668,0.9499931334999978,2.0,True,0.7498486041837147,0.049855470683716874,True,16.0720691681,21.1920528412,72.8945388794,0.6498553753162852,1.599848508816283,0.7176418304999999,0.6998553276325694,0.9803621458886799,0.8272918001941446,-0.9130142142898422,0.06908541522756137,False,,0.049848556499998864,0.0,6.199855327632569,0.11306516610543609,0.017281572295651002,0.04738859197517736,0.017149958223127072,-0.0019444269220042104,0.001166774982844685,1.6998553276325694,2.050116062167433,False,-0.25901198416555793,0.09623227160825158,0.010437407110380053,0.007005118956480455,0.28272035934246786,1.9528929080337256,-0.0023334396891155867,1.1998553276325694,False,True,0.117055933603247,78.26209991991861,-1.0006978071130734,188.898193359,0.11484593837535013,0.0028011204481792717,25.2690429688,146.9688720703,0,0.15336134453781514,0.0028011204481792717,48.9645996094,48.9645996094,0,0.18207282913165265,0.0028011204481792717,25.6428222656,25.703125,0
density_10_nback_0_id_48,48,d10_n0,21.1499385834,21.7502613068,43.0003128052,24.9997463226,0.6003227233999979,2.0,True,0.5000615119674308,0.049738645516285374,True,15.3062295914,15.4243440628,74.5970611572,0.14973878856743283,0.7500615119674308,0.9478416442999986,,0.8924950265581892,0.559124537947453,-0.9245630319303075,0.07711671961859737,False,,6.15119674307607e-05,0.0,7.199738740883717,0.06882181887500267,0.00047998610340616667,0.04879936158019342,0.01596101866549833,-0.002081104809453231,0.0016335176002459128,1.1497387885674328,2.0997462272325684,False,-0.2670599089346658,0.08887913341828572,0.013144608248962618,0.006943436316710994,0.28773702669415163,0.5744653628496514,-0.09024723481910168,,False,,0.1114101232595958,73.85293488970157,-1.0009679643127045,189.356323242,0.12363387978142076,0.00273224043715847,28.935546875,46.9475097656,0,0.17759562841530055,0.00273224043715847,33.3540039062,52.0438232422,0,0.1830601092896175,0.00273224043715847,29.5677490234,29.5677490234,0
density_10_nback_0_id_49,49,d10_n0,21.0999755859,24.1506195068,58.1506881714,33.1004333496,3.050643920899997,2.0,True,0.25002431873256725,0.04938054088371757,True,35.3268585205,235.068054199,235.068054199,0.8493804932000018,3.900024414099999,1.5001354216999978,0.9993805885674334,0.9998738454230668,0.6167891782581263,-1.2720365726178713,0.08678596113856842,False,,2.4318732567252255e-05,0.0,7.94938039783257,0.1883487626261259,0.00027076358286033333,0.04991864003731315,0.014850127172528017,-0.0003905356592176726,0.001424006508495011,2.7493805885674334,6.200433254232571,False,-0.2731662989643342,0.08341691328353194,0.002800789770610939,0.007420303763237293,0.4265882399637578,0.6199037710822918,-0.1848772939993338,2.4993805885674334,False,True,0.1044309435409471,110.18677031110914,-1.0014257455806306,191.191650391,0.16355404640633842,0.0022637238256932655,17.2163085938,158.4811401366,0,0.11714770797962648,0.0022637238256932655,0.142821997404,55.4796142578,0,0.12054329371816638,0.0022637238256932655,0.254761010408,22.5941162109,0
density_10_nback_0_id_4,4,d10_n0,21.1507015228,23.4501590729,31.1996212006,26.5001392365,2.2994575501000014,2.0,True,0.3992984295162856,0.04984092709999999,True,28.91264534,29.75481987,75.3095550537,0.9498410224674316,3.249298572567433,1.038892746000002,,0.9996538926369263,0.9798306767555675,-1.1464639046922824,0.07763380870316527,False,,0.04929852488371722,0.0,,0.0,0.3969545813122719,0.04823992115837118,0.016434166151010718,-0.0006468288129323909,0.001370433906162002,0.8998408317325683,2.1501393318674324,False,-0.26392474829366325,0.09205342295567988,0.0037719238835454867,0.0074360741396615445,0.20976419980049132,-0.05044571709202667,0.01511220129740275,,False,,0.11556520996812554,98.46351432992222,-0.999695023925139,189.487915039,0.15403422982885084,0.0032599837000814994,22.5394287109,144.2714538574,0,0.18663406682966585,0.0032599837000814994,0.194335997105,48.8448486328,0,0.20619396903015486,0.0032599837000814994,0.0236820001155,22.5795898438,0
density_10_nback_0_id_50,50,d10_n0,21.100233078,22.5502643585,39.1002464294,26.0499763489,1.4500312805000029,2.0,True,0.19976687431628548,0.04973554613256681,True,21.7294807434,53.6637458801,400.0,2.1497356891837143,3.599766969683717,0.7702636719000004,,0.9983714892369521,0.8648708568626475,-1.0178628522774482,0.08295019171938553,False,,0.04976701736743294,0.0,3.4997355938162826,0.18642694472987031,0.16552310138941304,0.049143443864425,0.015613956850871124,-0.0010161048066323448,0.0016686152013904794,1.5497355461325668,1.9499764442674312,False,-0.2687621632786894,0.08725325740069116,0.006030110384639179,0.008875582642913394,0.329032232696086,-0.34305956108893293,0.01798020883004833,1.3997356891837143,False,True,0.09106205478998373,86.15334310362745,-1.0013247181481162,190.935668945,0.10606060606060606,0.002886002886002886,21.3538818359,170.89254760735,0,0.12554112554112554,0.002886002886002886,52.6923828125,52.6923828125,0,0.18831168831168832,0.002886002886002886,21.6212158203,31.142578125,0
density_10_nback_0_id_51,51,d10_n0,21.1003036499,22.5006103516,38.0502319336,27.6501464844,1.4003067017,2.0,True,0.19969630241628522,0.04938960071628529,True,21.2147407532,60.4998931885,182.176086426,0.8493895530325695,2.2496962547325694,0.6732254028,2.3993897437674327,0.9981628034027685,0.8756063501036874,-1.0176745993751073,0.08403723353617763,False,,0.04969644546743268,0.0,1.0493896007162853,0.24008168866410318,0.0307047589546195,0.04918446817043026,0.015563136142314802,-0.0010771117413237393,0.0017268020647944512,1.8493895530325695,3.300146579767432,False,-0.2691021947876842,0.08673863333289918,0.006140743134119342,0.009115209028192075,0.18469949445874942,-0.022437498908636663,0.004517324720892668,0.09938955303256947,False,True,0.06375503283382161,85.4120273708911,-1.0001998316293848,190.456787109,0.1348973607038123,0.002932551319648094,18.2470703125,145.6549377443,0,0.20967741935483872,0.002932551319648094,31.6237792969,57.85369873045,0,0.2668621700879765,0.002932551319648094,18.5860595703,76.56158447265,0
density_10_nback_0_id_52,52,d10_n0,21.1496944427,22.3999481201,49.0997695923,26.6995544434,1.2502536774,2.0,True,0.15030550961628464,5.19752674321694e-05,True,19.5394039154,118.813285828,118.813285828,0.8000519275837163,2.0503056049837163,1.1979351044000026,2.500051975267432,0.9941706035581468,0.9618125902724426,-0.99350572109192,0.08214632539372105,False,,0.0003056526674320992,0.0,9.400051832216285,0.032946993732596824,0.22833920810367664,0.04910247157768815,0.015640239948320697,-0.0013014861813285203,0.0016475478780725486,1.7000517845325689,2.599554538767432,False,-0.2684541447088131,0.08721300927109656,0.007648083005337192,0.008889885115194042,0.2443538289529366,0.042138013600761665,-0.03230132985235834,0.9500517845325689,False,True,0.07741770562881241,83.12956252663655,-1.0009748083903944,189.993652344,0.1085173501577287,0.002523659305993691,13.0343017578,134.36480712905,0,0.38170347003154576,0.002523659305993691,0.0480960011482,24.492431789624103,0,0.3488958990536278,0.002523659305993691,0.152587994933,19.0676269531,0
density_10_nback_0_id_53,53,d10_n0,21.1491603851,22.5491161346,35.4991874695,25.4992389679,1.3999557494999983,2.0,True,0.05083966258371575,0.0008838177162857619,True,20.9861545563,21.9980621338,105.366073608,0.8508839607674332,2.2508397102674316,1.1816864014000004,,0.9959423701528307,0.6511323899234966,-0.9982235303946428,0.07950581163841684,False,,0.0008397102674315704,0.0,1.2008838654000016,0.1692280735040024,0.011090946868838499,0.0489617322056921,0.01579487733303774,-0.0010665060742342859,0.0016412664043151568,1.30088377003257,1.64923906326743,False,-0.2679604664445039,0.0884355072403501,0.00591897022449682,0.00884660173646769,0.4418379730643902,0.036492101072028334,-0.007471471084863301,0.9508838654000016,False,True,0.11902489768116488,85.32942646572343,-0.9998648225871807,189.721801758,0.10891089108910891,0.0030464584920030465,27.9248046875,170.76907348614998,0,0.11957349581111958,0.0030464584920030465,25.9919433594,49.3914794922,0,0.19116527037319117,0.0030464584920030465,28.1649169922,37.3486328125,0
density_10_nback_0_id_54,54,d10_n0,21.0997638702,22.0498695374,34.8498382568,26.3993148804,0.950105667199999,2.0,True,0.20023608211628385,0.00013041491628484891,True,16.5211925507,17.0741939545,101.576042175,0.7501304149162848,1.7002360821162839,0.693593978900001,,0.9947519399362675,0.5711245764098178,-0.9513802214671581,0.0831511305694092,False,,0.00023603443256803303,0.0,1.6001305579674323,0.10681603433289763,0.11495268667737833,0.0496973291554171,0.015099347056505468,-0.001607409010544737,0.001957244141687048,2.000130414916285,2.3493149280837144,False,-0.27206325099660916,0.08429037430336894,0.009958452572678684,0.008783263470576681,0.37662831930537366,0.0018222991997895,-0.0010115499598536664,,False,,0.0778692134480658,78.58316307510579,-1.0001619736637597,190.93359375,0.1191391237509608,0.0030745580322828594,28.4963378906,170.6031494143,0,0.09377401998462721,0.0030745580322828594,28.2583007812,36.82727050785,0,0.15142198308993082,0.0030745580322828594,28.2235107422,35.6676635742,0
density_10_nback_0_id_55,55,d10_n0,21.2001552582,23.5504226685,37.750213623,26.9999980927,2.3502674103000025,2.0,True,0.749844789483717,0.04957723613256704,True,29.6464347839,30.047794342,72.9092178345,0.8995773791837145,3.249844789483717,1.164127349800001,,0.9992925489543175,0.8092901815033515,-1.1324510929428084,0.06999688232465552,False,,0.0498447418000012,0.0,1.0995774268674303,0.11637937871462836,0.07593647019823237,0.04730440154180737,0.017210660800800623,-0.0006301942947638478,0.0013438957724371359,1.1495773791837145,2.2999980450162845,False,-0.25900583361326973,0.09632706978836479,0.003301585556943134,0.007440227508514519,0.22535551508420962,0.17547562175113163,-0.0310432473100375,0.7495772838162829,False,True,0.05292736880912485,98.93121627819473,-1.0008607076263427,189.062133789,0.12362030905077263,0.0029433406916850625,21.3951416016,170.4020690919,0,0.10301692420897719,0.0029433406916850625,47.5384521484,47.5384521484,0,0.15746872700515085,0.0029433406916850625,21.4011230469,30.26251220705,0
density_10_nback_0_id_56,56,d10_n0,21.2003097534,22.1506843567,39.3004875183,26.8999652863,0.950374603300002,2.0,True,0.7996902466000009,0.04931569098371469,True,16.2107849121,16.7036685944,65.1250686646,0.649315595616283,1.599690198916285,0.5894155502,0.6993155479325672,0.9948821781206059,0.5510859502028517,-0.9106522014266843,0.0689858506237579,False,,0.049690246600000876,0.0,3.9993157386674305,0.12085208114968551,0.012762604157133334,0.04774838075728302,0.016833039152055307,-0.0019799327844681157,0.0011172593976548236,2.099315643299999,2.6499652862999987,False,-0.2613149624023237,0.09471351474973654,0.010861493837032632,0.006465670785825401,0.29224794797143994,0.06716713194425332,-0.013041676732257002,3.149315595616283,False,True,0.1129641929409757,78.24413443472187,-1.000613384242408,188.677856445,0.12023038156947444,0.0028797696184305254,26.4456787109,145.4718933107,0,0.10943124550035997,0.0028797696184305254,41.9616699219,41.9616699219,0,0.16846652267818574,0.0028797696184305254,26.6085205078,26.6085205078,0
density_10_nback_0_id_57,57,d10_n0,21.1500587463,22.8501396179,35.0504226685,26.3501491547,1.7000808715999973,2.0,True,0.09994125369999907,0.049860477467433384,True,24.1592884064,24.6501846313,77.777961731,0.8498604297837176,2.549941301383715,1.1646881102999984,,0.9995007231742157,0.8484890102208756,-1.0598520636552353,0.07930196155061316,False,,0.04994130138371489,0.0,4.349860429783718,0.030292445684180012,0.216462874117595,0.04834627251042711,0.016340548734143562,-0.0008528514567040913,0.001549666562794533,1.8498604297837176,1.6501491070162828,False,-0.26467914202885917,0.09136343261229297,0.004861448653494382,0.00833565545851131,0.5941464373467706,0.02154598237678331,-0.016218153484268166,,False,,0.06784828013346306,89.78346921618619,-1.0004356893344364,190.044311523,0.12030651340996168,0.0030651340996168583,25.2429199219,170.56271362294999,0,0.11724137931034483,0.0030651340996168583,46.4447021484,46.4447021484,0,0.1632183908045977,0.0030651340996168583,25.3087158203,33.18450927735,0
density_10_nback_0_id_5,5,d10_n0,21.100194931,23.3003635406,42.7002258301,27.1997432709,2.2001686095999986,2.0,True,0.19980502131628342,0.04963636403256899,True,28.1638240814,28.6279659271,92.3087539673,0.8996365070837165,3.099805116683715,1.0146045685000011,,0.9997609560943707,0.766277510369355,-1.1363250220362497,0.08357989792958027,False,,0.049805164367430876,0.0,3.4496364594000006,0.15161296077324096,0.007965110768178999,0.04918027269703026,0.015552169497400776,-0.00062287718274291,0.0014894113168983994,1.5996365547674323,2.2997431755325692,False,-0.26896742966609605,0.08699129180908007,0.0037660715379381755,0.008092089266396256,0.2736862158042335,0.38343265272396193,-0.06674034988584264,0.9996364117162848,False,True,0.10589010083859995,97.25798716688091,-1.0000940546696508,190.950073242,0.11599176389842142,0.002745367192862045,21.240234375,144.10461425795,0,0.10981468771448182,0.002745367192862045,43.3977050781,46.4088134766,0,0.15923129718599863,0.002745367192862045,21.3649902344,21.3950195312,0
density_10_nback_0_id_6,6,d10_n0,21.199848175,23.1498718262,35.9498939514,27.2498836517,1.9500236511999987,2.0,True,0.8001518250000004,0.00012826916743335914,True,25.3484954834,65.9688110352,83.5775527954,0.9001281261162859,2.8501517773162846,0.9973869322999995,3.150128126116286,0.9988390309792331,0.8260543702078492,-1.0472249373411795,0.07138590088208815,False,,0.00015187268371619211,0.0,6.0501282214837175,0.2246684902089102,0.31096010574442173,0.0483040269096579,0.016343116712873553,-0.0007252778294715436,0.0014678636347748406,0.9001281261162859,3.199883699383715,False,-0.26464998374055665,0.09113985622296711,0.004252774310516677,0.0077232388520728085,0.20760961848651535,7.152357886239781,-0.03947966885744185,,False,,0.10635551765712095,93.19969998019971,-1.0004198883355118,188.996704102,0.1330309901738473,0.0030234315948601664,22.0614013672,170.57296752935002,0,0.1836734693877551,0.0030234315948601664,22.9050292969,48.1527099609,0,0.25547996976568405,0.0030234315948601664,22.1802978516,41.8354492188,0
density_10_nback_0_id_7,7,d10_n0,21.1498985291,22.7002353668,37.00025177,27.0002231598,1.5503368377000015,2.0,True,0.4501013755325687,0.0497646331999988,True,22.3684444427,23.156961441,73.5521850586,0.8997645378325672,2.4501013755325687,0.7174587248999984,,0.9988467396313652,0.9019514487374005,-1.0067237224430001,0.07605777113960828,False,,0.00010156626743196284,0.0,1.1997647285674304,0.08262427496474657,0.014734848604225,0.04873472187472106,0.01601247076053579,-0.0008553352049601532,0.0016117451466438114,1.7997646331999988,2.500223159800001,False,-0.2668330596368263,0.08967729378179264,0.004758961546031094,0.008722705293733158,0.2904214246807122,0.4067450329027171,-0.004316382824138337,2.1997647285674304,False,True,0.0578701365333034,88.21617374422266,-1.0000000007536687,189.110229492,0.12434847356664185,0.0029784065524944155,24.9720458984,170.618499756,0,0.0975428145941921,0.0029784065524944155,40.2160644531,42.7692871094,0,0.16679076693968728,0.0029784065524944155,25.0460205078,32.56109619145,0
density_10_nback_0_id_8,8,d10_n0,21.1500682831,22.5997028351,36.8490524292,25.8492107391,1.4496345519999991,2.0,True,0.699931621532567,0.00029706953256791735,True,21.0495910645,22.3091869354,73.6847763062,0.9002971648999996,2.3499317168999987,0.5814151764000002,,0.998103731168488,0.8401204151233107,-0.9974130455941784,0.07627037956723184,False,,0.04993176458371451,0.0,0.5002970695325679,0.12757883184424826,0.017161969317632184,0.0481685321214425,0.016501336408510238,-0.0011138677444770039,0.001562133089023148,1.0502972602674312,2.1992106437325667,False,-0.2634008320440553,0.09243677201232352,0.00607562363490507,0.008457473706878632,0.23596869275928334,-0.042728717190630316,0.0058029119623875,1.9002971648999996,False,True,0.08819946624465898,85.23718034454743,-1.0001837555015551,189.286987305,0.10895522388059702,0.0029850746268656717,27.2033691406,170.7395629881,0,0.11119402985074626,0.0029850746268656717,32.3435058594,47.5490722656,0,0.1843283582089552,0.0029850746268656717,27.2153320312,35.8239135742,0
density_10_nback_0_id_9,9,d10_n0,21.1500816345,22.6501502991,43.0501556396,32.0003128052,1.5000686646000005,2.0,True,0.14991831781628306,0.04984974858371416,True,22.0973930359,144.44883728,144.44883728,0.8498497008999983,2.349918365499999,0.8734836577999978,1.8998496532162825,0.9990261014983827,0.8880576286715394,-1.0422840257489,0.08202829993771842,False,,0.049918413183714705,0.0,6.599849700899998,0.24031929867138746,0.46239073524873336,0.04848071696285763,0.01619314189663223,-0.0010038986110886832,0.0016006189800636397,5.949849605532567,3.400312900567428,False,-0.2654467785338619,0.0904680003008173,0.005741613856902967,0.008937925475773448,0.22093140193744762,0.03667479539279,-0.011174096601760664,2.8498497008999983,False,True,0.20806716772777464,86.8833953453219,-1.0003935045120937,190.238037109,0.20437457279562543,0.002734107997265892,23.5932617188,170.89871215845,0,0.09979494190020506,0.002734107997265892,0.110596001148,72.7861328125,0,0.11688311688311688,0.002734107997265892,0.749390006065,40.53173828125,0
density_10_nback_1_id_10,10,d10_n1,26.0500030518,27.4995384216,42.5492782593,33.1497993469,1.4495353697999995,2.0,False,1.3499970435674307,0.000461578399999496,True,27.9872760773,143.423416138,143.423416138,2.850461483032568,4.299996852832567,11.235874176099998,,0.9804645202492094,0.8519918348249669,-0.05216938175519015,0.11073384316340787,False,,1.2499969005162832,0.09173641992460715,4.300461530716284,0.31090145082246484,0.05756807211631568,3.227543094913039e-06,2.16578295868443e-05,-1.0744715406675678e-05,1.7356065971213e-05,3.2004616260837153,2.4497992992162807,False,-3.9311454307022507e-05,0.0013022767954351904,0.00033560919970569643,0.001161719901790413,0.17128670211532487,0.007694966400330337,-0.0023059294200154516,3.600461483032568,False,True,86.59063168789235,0.09601180101452698,1.0000000000000426,197.030029297,0.6451169188445667,0.002751031636863824,109.334724426,160.54548645,0,0.3033012379642366,0.002751031636863824,0.195556998253,49.48712921145,0,0.2826685006877579,0.002751031636863824,0.0100100003183,87.25038147,0
density_10_nback_1_id_11,11,d10_n1,26.0499591827,27.4500141144,42.1505393982,33.3499259949,1.400054931699998,2.0,False,1.3500409126674313,0.04998588560000172,True,26.5939331055,73.6947250366,76.3351669312,4.099985837916286,5.500040769616284,11.2710113526,,0.9750238079841779,0.8722519416906552,-0.04324359916640832,0.11080719324710528,False,,1.2500407696162839,0.09322890086943104,4.4999859332837175,0.2650115734628876,0.08531437520870115,7.156805256401209e-06,1.231905985441958e-05,4.150010653351585e-06,1.514301779847169e-05,4.14998579023257,1.7499260902674294,False,0.00023362445946123947,0.0013538749331868198,-0.0003589335324718345,0.0013370083106613079,0.3532538825768052,-0.04496292947638549,0.0077397948742119835,1.2999858856000017,False,True,87.39385090697427,0.10471848893387539,1.0000057222123078,197.183563232,0.8002764340013822,0.0027643400138217,49.2983398438,207.071380615,0,0.0912232204561161,0.0027643400138217,0.155028998852,39.93172836305,0,0.15065653075328264,0.0027643400138217,0.0260620005429,138.515563965,0
density_10_nback_1_id_12,12,d10_n1,26.0502262115,27.1500854492,50.0008926392,34.1001434326,1.0998592376999987,2.0,False,,0.24991464616743286,False,0.0,258.872497559,258.872497559,,,9.00701284405,0.24991464616743286,,0.8373178913588463,0.00026116342898090843,0.11072559125326316,True,0.09991455080000122,1.1997737885,0.11111567508082273,0.04991459848371704,0.4320310438387038,0.0,9.01533822341132e-06,1.940345579599635e-05,-5.968462294891818e-06,3.4761217938076794e-05,2.0999145508000012,4.8501434325999995,False,-5.433816012014324e-06,0.001291118788525632,-0.00013850390678299998,0.0012865397472311376,0.8702339313340616,-0.05554951023081067,0.0038813479324710668,5.299914598483717,False,True,81.78161242206637,0.07659819272658375,0.9999999992500137,196.929977417,0.8091079226450405,0.002495321272613849,41.7483520508,207.460418701,0,0.09357454772301933,0.002495321272613849,0.0917970016599,39.576423645,0,0.1260137242669994,0.002495321272613849,0.0370480008423,103.735473633,0
density_10_nback_1_id_13,13,d10_n1,26.0502758026,29.0002346039,42.6502418518,33.150177002,2.9499588012999993,2.0,False,1.2997241020325667,1.5497653484162832,True,263.9269104,32.1298866272,263.9269104,0.04976534841628322,2.9997241497162825,43.67589569079999,1.5497653484162832,0.9873513305833671,0.5916475548615714,-2.3356791945857855,0.11071680633251314,False,,1.1997241973999984,0.04094614991444915,0.04976534841628322,0.2030998800727331,0.4170453223244592,1.565548692974197e-06,1.3750125587024985e-05,3.917813279099835e-06,1.849664909155615e-05,2.0997653007325674,2.050177097367431,False,1.0255155817086822e-05,0.0013389454627322776,0.0001531246515063746,0.0008459062991242022,0.416891287752971,0.006000476392728323,0.0006560257830628344,2.699765443783715,False,True,110.70111607754706,0.061880017814754024,1.0000000000000315,196.580032349,0.7850274725274725,0.0027472527472527475,106.500915527,207.622970581,0,0.1407967032967033,0.0027472527472527475,0.0854490026832,42.59943771365,0,0.15796703296703296,0.0027472527472527475,0.049377001822,108.65132904065,0
density_10_nback_1_id_14,14,d10_n1,26.0495891571,27.9996700287,34.7998771667,31.2495994568,1.9500808715999973,2.0,False,1.2504107952162826,0.0003299713000011195,True,41.3774032593,162.150970459,162.150970459,1.1003298759325695,3.050410747532567,2.8162288665999995,,0.9950850530142585,0.9955861329590489,-0.5307456297527321,0.11078736764426315,False,,1.1504108905837143,0.06285819353963076,,0.0,0.43357184265428833,-2.1332915765736825e-07,1.6429264903394167e-05,6.020170857456539e-06,1.6470183345011526e-05,1.5003299713000011,1.7495994567999986,False,-3.6952229786363556e-05,0.0012145817026958312,0.00017530573005868715,0.0009727059915037123,0.697158755913744,0.018602237943593333,-0.005944716651029833,,False,,95.37280269104764,0.1087099312425672,0.9999999999999896,196.550186157,0.7376923076923076,0.003076923076923077,118.215454102,207.866317749,0,0.19692307692307692,0.003076923076923077,0.00824000034481,36.7232363224,0,0.2053846153846154,0.003076923076923077,0.136657997966,117.36046600350001,0
density_10_nback_1_id_15,15,d10_n1,26.0996589661,27.9503726959,43.8997192383,35.1994132996,1.850713729799999,2.0,False,1.1503410338999984,0.04962730409999949,True,39.1128044128,197.835479736,197.835479736,1.0496273040999995,2.9003410338999984,1.5396251678000006,1.9996273517837153,0.9881766087059585,0.9570035950922586,-0.5719030455556849,0.1107286514811974,False,,1.0003409385325668,0.057442731836705264,4.849627256416284,0.2956202505089716,0.2798719267322141,-3.450954129276578e-07,1.941890101693527e-05,-4.265591863725035e-06,1.4440472959117162e-05,5.249627351783715,1.9994132519162875,False,2.934729700662448e-05,0.0012594007083563117,0.00025409002362122314,0.0010734619686885599,0.22033697875552816,-0.0007681797103298268,0.0015467538343390008,4.5496273040999995,False,True,94.55792786628314,0.10070662188399677,1.000022895435827,196.002822876,0.766531713900135,0.002699055330634278,80.7817993164,207.992218018,0,0.5344129554655871,0.002699055330634278,0.136107996106,65.3029556274,0,0.13900134952766532,0.002699055330634278,0.0360109992325,90.51399612435,0
density_10_nback_1_id_16,16,d10_n1,26.0494499207,28.1993045807,52.1493034363,33.9990615845,2.1498546600000026,2.0,False,1.3005499839325694,0.0006954669837142546,True,42.3545722961,189.156555176,189.156555176,1.0006954669837143,3.150550126983717,36.729690551999994,,0.9954078403391327,0.9270917610586468,-0.6135977135409568,0.11079599963210525,False,,1.200550079300001,0.060090392825612536,4.400695323932567,0.21916091298695173,0.07214415477358302,-1.8404559781209074e-06,1.633006066254032e-05,5.746290666204418e-06,2.635683731920483e-05,1.0006954669837143,4.799061536816282,False,-9.290940879725263e-05,0.0013555759992442185,0.00021418042448473115,0.001114321844011239,0.3115233558425969,-0.012096458603626997,0.00193042568243984,3.8006954192999984,False,True,98.5492901814502,0.10658157737463918,1.000022888099253,196.790390015,0.7752126366950183,0.002430133657351154,81.0617141724,157.6952819825,0,0.1767922235722965,0.002430133657351154,0.12109400332,44.762714386,0,0.17375455650060753,0.002430133657351154,0.0126339998096,104.6992836,0
density_10_nback_1_id_17,17,d10_n1,26.1005077362,27.4003715515,40.9502944946,32.4003944397,1.2998638153000002,2.0,False,1.2994923591674308,0.04962849618371479,True,25.5710353851,98.8175582886,98.8175582886,2.549628496183715,3.849492311483715,11.2088432312,,0.9732364039811222,0.6884510071548336,-0.015166622149801032,0.11070196742293423,False,,1.1494922637999991,0.09190472018408848,4.049628496183715,0.25165337657162984,0.19336651153864617,3.8325436887710517e-07,1.9367128513602384e-05,5.978836406066538e-06,1.5025467248475186e-05,3.299628496183715,1.7003943920162854,False,-0.00011555801079594344,0.0013540679131486889,-0.00026655487055466537,0.0011584396480426855,0.2892392315124374,-0.03054394776891333,0.005082103888953017,2.399628400816283,False,True,84.84795626462461,0.32378242039592975,1.0,197.057922363,0.7890295358649789,0.0028129395218002813,147.338134766,207.794494629,0,0.12869198312236288,0.0028129395218002813,0.0648190006614,39.9089927673,0,0.1729957805907173,0.0028129395218002813,0.121521003544,112.4356079099,0
density_10_nback_1_id_18,18,d10_n1,26.1000576019,27.6501598358,47.3001327515,33.9002304077,1.5501022338999988,2.0,False,1.1499423980999985,0.04984021188371557,True,41.6618843079,100.868400574,100.868400574,5.299840211883716,6.849942445783714,5.013732910200002,,0.993776123331531,0.952153788724473,-0.4143277620673415,0.11065133317914473,False,,0.9999423027325669,0.06682044093403226,5.649840116516284,0.34608638517244295,0.10204287680484232,2.784935681834518e-06,2.028693931165327e-05,5.225410471518742e-06,1.5715189862681852e-05,3.5998401641999997,2.6502304077000005,False,-0.0001331284883670487,0.0014738988856390564,-6.561581302508001e-05,0.0010789394796583214,0.28886457480565997,-0.018409585518145,0.003293697075426401,3.149840116516284,False,True,88.94373646323943,0.2627516307120987,1.0,194.726104736,0.7430600387346675,0.0025823111684958036,61.5387573242,136.70429229755,0,0.591994835377663,0.0025823111684958036,0.00744599988684,56.969646453900005,0,0.17301484828921884,0.0025823111684958036,0.112732000649,91.97952651995,0
density_10_nback_1_id_19,19,d10_n1,26.0495491028,27.7002906799,46.6998825073,33.4997367859,1.6507415770999998,2.0,False,1.3504509925674313,0.04970932009999984,True,43.8041610718,129.067504883,129.067504883,1.0497093200999998,2.7004508971999996,5.354496002200001,1.349709272416284,0.9956082368283724,0.8825739938787325,-0.3296866437425508,0.1108048073947763,False,,1.2004508971999996,0.07776615029088528,0.3997092247325682,0.2577892389851651,0.4058692919711084,-4.546667019516083e-06,2.2971359677861704e-05,-1.0384119034985881e-06,1.5238436976856155e-05,3.4997093677837157,2.299736738216282,False,0.00010215006785811998,0.0009885366519728144,-0.00019850878550874119,0.001232256723562122,0.1884217954867032,0.0063653891091091696,-0.0015487949208631661,3.4997093677837157,False,True,91.38547084256702,0.10828587112941064,1.0000000000000218,196.848007202,0.7990897269180754,0.002600780234070221,105.513076782,160.6352539065,0,0.14954486345903772,0.002600780234070221,0.0390009991825,26.4475097656,0,0.14629388816644995,0.002600780234070221,0.145568996668,143.452026367,0
density_10_nback_1_id_1,1,d10_n1,26.0495834351,27.5499267578,48.5500221252,32.949131012,1.500343322700001,2.0,False,1.3004164695325677,7.319451628262641e-05,True,40.8374481201,395.678588867,395.678588867,1.10007333756743,2.600416660267431,9.060642242500002,1.5000731945162826,0.993058712113132,0.9173638087220737,-0.17680221598156035,0.11079466058627632,False,,1.1504166125837152,0.08320733079834433,4.000073194516283,0.14814164313355363,0.4454659448004967,1.2805622817100134e-06,2.0634672010546666e-05,-5.694559015978233e-06,1.6841739180895794e-05,2.85007333756743,2.5491309166325706,False,8.535034826827765e-05,0.001190244914294045,5.2481866592855324e-05,0.001061311765506341,0.2663297160204229,-0.014260615032015665,0.002747454918191851,3.800073146832567,False,True,88.1964364512051,0.023284923114634593,1.000000000000021,196.773605347,0.76,0.0025396825396825397,73.5585327148,207.549530029,0,0.2679365079365079,0.0025396825396825397,0.0565190017223,52.83040618895,0,0.16126984126984126,0.0025396825396825397,0.050391998142,97.8015594481,0
density_10_nback_1_id_20,20,d10_n1,26.0504207611,28.4002914429,53.1003684998,31.0504817963,2.349870681799999,2.0,False,1.2495791912162844,0.04970860478371719,True,41.1601600647,155.430130005,155.430130005,1.0997085571000014,3.4495792389,25.504642486600005,,0.9909571287021229,0.9293717677063345,-0.7899251092199311,0.11069919492460527,False,,1.0995793342674318,0.047346987305789366,0.2997086047837172,0.23993120294904868,0.15220113083099,-6.485402178706698e-06,1.9533567053587118e-05,1.3037761018889364e-06,1.2671401995760301e-05,0.9497084617325697,1.7004818916674331,False,0.00011887397557233419,0.0013158895552218774,2.4185548070661512e-06,0.0009330609742982673,0.20570934001042598,-0.011243195583439999,0.0006114584529573332,,False,,101.62699706673021,0.08043644524721778,1.0,196.683380127,0.8025210084033614,0.0024009603841536613,128.611999512,208.828109741,0,0.11944777911164466,0.0024009603841536613,0.0970460027456,41.48876571655,0,0.148859543817527,0.0024009603841536613,0.102173000574,100.3475608827,0
density_10_nback_1_id_21,21,d10_n1,26.0499992371,28.5499572754,45.4499969482,32.6000442505,2.499958038300001,2.0,False,1.3000006675325686,4.267691628356829e-05,True,220.923782349,263.562652588,263.562652588,0.5000426769162836,3.0000007152162844,21.132171631000006,,0.9937709667454636,0.9108931100503996,-1.353769826357335,0.11079289097532893,False,,1.2000007629000002,0.050845733955524004,0.5500426292325677,0.2705875191253399,0.082409116781025,-4.187181077641053e-07,1.6729290660275134e-05,-1.6420030181016804e-06,1.888155134652302e-05,1.2500426769162836,2.800044298183714,False,-0.00018939134824759354,0.00128835915751997,-0.00011335581926204898,0.0010664917042177173,0.23465833115257262,0.009415949485265997,-0.0016825690422851438,2.100042819967431,False,True,104.01398171987472,0.1009204044639359,0.9999999999999574,196.372436523,0.7976190476190477,0.0026455026455026454,126.098144531,207.86114502,0,0.15145502645502645,0.0026455026455026454,0.00134299998172,39.70809936525,0,0.1593915343915344,0.0026455026455026454,0.10546900332,111.65847015365,0
density_10_nback_1_id_22,22,d10_n1,26.1005687714,28.1001777649,37.9501075745,33.5001373291,1.9996089935000008,2.0,False,1.1994311809162852,0.0498223304674319,True,41.25050354,173.252883911,173.252883911,0.9998221397325686,2.9994311332325694,31.384346008299993,,0.9956605112995821,0.9748011153503544,-0.6378934408480698,0.11065666799089473,False,,1.0994312762837168,0.055846874788367494,2.049822330467432,0.08644728576109785,0.4456918529544534,7.721635400880146e-06,2.0752621543681906e-05,5.0555508266837255e-06,1.3151654734436552e-05,3.2498221397325686,2.150137424467431,False,4.519804364445132e-05,0.0009536838100965047,0.000139384599572161,0.0012056132123167416,0.31612009281593245,0.19827559102750947,-0.05235467805398104,2.7498221397325686,False,True,96.14604842856905,0.10731973508967867,1.0000228888492309,196.161331177,0.7842993396918562,0.00293470286133529,116.369995117,207.942092896,0,0.15700660308143802,0.00293470286133529,0.100830003619,40.450325012200004,0,0.1636096845194424,0.00293470286133529,0.0295410007238,109.02140808105,0
density_10_nback_1_id_23,23,d10_n1,26.0494689941,27.7000675201,40.6496353149,33.0494232178,1.6505985259999996,2.0,False,1.3005309105325686,0.049932479900000715,True,41.2587013245,106.508224487,106.508224487,1.399932384532569,3.0505309105325686,4.887908935500004,2.1999325752674324,0.9962773899298348,0.9299243709056083,-0.373628861644843,0.11079304871198682,False,,1.150531053583716,0.07353093717521852,4.049932479900001,0.25856759207785296,0.3688725456595567,-1.2359080750080789e-06,1.898153219088345e-05,5.193566465747645e-07,1.1550369805344188e-05,3.7999324799000007,1.5494232177999976,False,-4.1905297621175005e-05,0.0013203725753299855,-0.00014937035891402682,0.0011186292327759885,0.3053872013445459,-0.014122889728353499,0.0027949523219545336,1.5499324799000007,False,True,91.39427636053017,0.11068892762898523,1.0000000000000213,196.787689209,0.7904022582921666,0.0028228652081863093,131.484375,207.536605835,0,0.10515172900494002,0.0028228652081863093,0.119750998914,39.73019409175,0,0.16302046577275936,0.0028228652081863093,0.0749510005116,110.74540710455,0
density_10_nback_1_id_24,24,d10_n1,32.1505584717,33.950214386,50.6001396179,39.2002754211,1.799655914299997,2.0,False,1.049441575983714,0.04978561400000103,True,28.3119888306,217.367324829,217.367324829,3.299785614000001,5.099441528299998,1.5173397064000014,,0.9763250006780446,0.8508685668263618,-0.4532359708941709,0.294495093407183,False,,0.8494415282999981,0.07678194188818889,0.5997855663162852,0.4474745167645482,0.0013846854320332168,-0.0002276299784819057,0.0013123678009030226,1.9468490353689437e-06,2.330966948398532e-05,2.6497855186325694,2.600275516467434,False,0.0005901567568388236,0.005406869721071257,0.00018567704137218614,0.0012151899532657422,0.46933353733716576,-4.026720572063274e-06,-0.00013978193747200013,,False,,90.09777416484413,0.07558679289281614,0.9997567188582313,193.302307129,0.518266253869969,0.002476780185758514,0.422423988581,151.7640686033,170,0.20247678018575851,0.002476780185758514,0.239318996668,73.2567749023,0,0.25510835913312696,0.002476780185758514,0.408080995083,67.2501220703,125
density_10_nback_1_id_25,25,d10_n1,26.0999851227,27.7496509552,42.199382782,33.9000663757,1.6496658324999984,2.0,False,1.1500148772999985,0.00034904480000008675,True,41.0629997253,95.8470077515,95.8470077515,1.0503489971162843,2.7000148296162827,5.206882476899999,1.3003489971162843,0.9927680664309664,0.9484863091637835,-0.4232235172358664,0.11071932433464475,False,,1.0500149726674302,0.06662198613313333,4.800348997116284,0.24976198136975086,0.38153734294076674,4.587203252013513e-06,1.9671588039861527e-05,-1.2793045782744879e-05,1.7474847908095674e-05,3.7503490448,2.4000663757,False,4.867880858533816e-05,0.0014324258388886462,-3.5598392363133324e-05,0.0012923435057282668,0.3042084584614806,0.029432343963256835,-0.004644117966137834,3.700349092483716,False,True,90.5850190110305,0.1004740612240727,1.0000286166948018,196.114990234,0.8023496890117484,0.0027643400138217,118.901977539,207.884536743,0,0.11195577055977886,0.0027643400138217,0.0908199995756,41.332908630400006,0,0.1492743607463718,0.0027643400138217,0.0934450030327,108.1766929626,0
density_10_nback_1_id_26,26,d10_n1,26.099937439,27.5494918823,41.3496131897,33.100063324,1.4495544432999985,2.0,False,1.1500625609999986,0.0005080700162842788,True,41.1140022278,146.499679565,146.499679565,2.1005082130674317,3.5500626563674302,5.1358127594,,0.9932204421700012,0.965182742260596,-0.24998219580838785,0.11070777289571054,False,,1.1000626086837144,0.07725113861522759,2.2505080700162843,0.286029514225239,0.04553715715496,1.3287406853837502e-06,2.008171799868034e-05,-2.2131366402726205e-06,1.3503123027865545e-05,2.9505081177,2.600063323999997,False,-0.00014513207549118824,0.0013959849069822704,3.307838201662416e-05,0.0009025346293269005,0.25027547582701454,0.0079264579001282,-0.0011693527000360166,4.500508070016284,False,True,87.38772110064751,0.06106629632134126,1.0000000003749931,196.226013184,0.7970608817354794,0.0027991602519244225,135.840454102,207.878204346,0,0.12106368089573127,0.0027991602519244225,0.0409549996257,39.0577888489,0,0.16165150454863542,0.0027991602519244225,0.161133006215,110.95313644395,0
density_10_nback_1_id_27,27,d10_n1,26.0992183685,28.6500148773,56.1496696472,32.4498786926,2.5507965087999978,2.0,False,1.1507816314999992,0.0499851703837173,True,68.3310165405,189.725570679,189.725570679,1.0499851703837173,3.600781679183715,73.3884963985,,0.9746953790141362,0.8850595583754932,-0.9228962503980447,0.11071883083173682,False,,1.0007815361325676,0.04223918214513847,6.149985075016286,0.21091669035272073,0.068576783671352,5.316154963074832e-06,1.7312210811926604e-05,-9.244219418526346e-06,2.185958721940452e-05,1.5999851227000015,2.1998786926000022,False,1.799491273193289e-05,0.0011906923238356498,3.0773444607964437e-05,0.0008440073887284237,0.23078577096896916,-0.05402657951539333,0.010245585963517666,,False,,105.50238259027627,0.03788884560221131,1.0000000000000209,195.877471924,0.8071800810654314,0.0023161551823972205,51.0134887695,208.086425781,0,0.5952518818760857,0.0023161551823972205,0.000609999988228,65.4368362427,0,0.12565141864504922,0.0023161551823972205,0.202575996518,95.0877685547,0
density_10_nback_1_id_28,28,d10_n1,26.049823761,27.3998718262,41.9499015808,34.3498535156,1.3500480651999993,2.0,False,1.3001761436325694,0.00012826916743335914,True,16.5760383606,99.3302688599,99.3302688599,1.1001281738000017,2.450176239000001,11.294277191200003,1.900128126116286,0.9565079050518172,0.9036289413736299,-0.015267743474667961,0.11079778218346055,False,,1.200176239000001,0.09532225518318148,1.7501282691674334,0.2562801717145958,0.31285440406454323,5.931311663616341e-07,2.1905249725722012e-05,7.345399559979999e-06,1.673087521216603e-05,1.2501282691674334,5.6998534202325715,False,-4.2113801579097404e-05,0.001193070137232468,0.00022367265922141854,0.001254979510553511,0.7513310638218792,-0.017669774886829994,0.0044097481353859835,5.500128269167433,False,True,85.78755812657815,0.04256343188820698,1.0,196.51222229,0.8065187239944521,0.0027739251040221915,119.134460449,207.744354248,0,0.10818307905686546,0.0027739251040221915,0.031493999064,42.03634262085,0,0.14285714285714285,0.0027739251040221915,0.0238039996475,107.96789550805,0
density_10_nback_1_id_29,29,d10_n1,26.0495738983,28.85014534,42.549697876,32.0495567322,2.8005714417000007,2.0,False,1.3504261970674314,0.04985475536743067,True,272.526397705,103.40789032,272.526397705,0.1998546123162832,3.000426054016284,57.014465331999986,,0.9935945535196048,0.9404114386768117,-2.2399614269683124,0.11080527933026314,False,,1.250426054016284,0.04650251449720701,0.2498545646325674,0.0040520197779831115,0.4368751717731767,-1.112501172073964e-05,1.4771456559577348e-05,-3.991344669882807e-06,1.9893108777729545e-05,1.1998546123162832,1.9995567798837186,False,-2.53261995966702e-05,0.0013356314356126264,0.00012378620743998947,0.00098897184267749,0.17053369170474098,-0.020708747146116653,0.014611293425939835,,False,,109.32911218259329,0.10952354637587483,1.0,196.320571899,0.7711340206185567,0.0027491408934707906,104.559936523,207.638458252,0,0.5175257731958763,0.0027491408934707906,0.0249019991606,65.6683654785,0,0.17457044673539518,0.0027491408934707906,0.0599370002747,113.06988525375,0
density_10_nback_1_id_2,2,d10_n1,26.0996818542,27.9505653381,39.6497344971,32.199672699,1.8508834838999988,2.0,False,1.3503181934837158,0.04943466190000123,True,44.9749755859,155.967025757,155.967025757,2.7994346619000012,4.6503181458,3.6103439330999976,,0.9946795007029122,0.9346878723351891,-0.479128961250165,0.11073581452825,False,,1.2003180981162842,0.06925743656528423,4.099434614216285,0.25252606150808604,0.40819247526426,-1.839337769042917e-06,1.9382416003346078e-05,3.2230375327184395e-06,1.3226800886017535e-05,1.2994346619000012,2.949672698999997,False,5.718256781678603e-05,0.0013479674267534993,2.776372754239473e-05,0.0007705684141598545,0.3434514432207515,0.007814140792465497,0.0010929860320136656,1.0994346142162854,False,True,94.5896457851519,0.023253327553377348,1.0000000006428924,196.03237915,0.7585959885386819,0.0028653295128939827,36.1224365234,206.893692017,0,0.12750716332378223,0.0028653295128939827,0.0178219992667,41.3226852417,0,0.16332378223495703,0.0028653295128939827,0.168944999576,105.733886719,0
density_10_nback_1_id_30,30,d10_n1,26.1007328033,28.0503234863,45.5004882812,33.649810791,1.9495906830000003,2.0,False,1.1492671966999986,0.04967641833256664,True,40.9937896729,98.8175582886,98.8175582886,1.0496764183325666,2.999267101332567,1.1277580261999987,1.399676561383714,0.9917263297567892,0.8635027427108095,-0.6243835743243198,0.11064442119713158,False,,1.0492672920674302,0.05421243273679999,1.34967660906743,0.3832487779124066,0.0011822843705883166,8.81860616605438e-06,1.786417347257439e-05,-2.590702878567333e-06,1.7267647274427967e-05,3.2996764183325666,2.299810886367432,False,-1.772239046473276e-05,0.0014049713319138847,0.00019996824192267183,0.0010931168829203363,0.2917857562847442,0.03880181258233799,-0.006654777824111667,3.59967660906743,False,True,95.34167541698228,0.0860418065535352,1.0012375816087737,196.337875366,0.7996031746031746,0.0026455026455026454,102.71673584,207.87046814,0,0.1402116402116402,0.0026455026455026454,0.0497439987957,46.6745109558,0,0.1302910052910053,0.0026455026455026454,0.0932620018721,87.84632873519999,0
density_10_nback_1_id_31,31,d10_n1,26.0496006012,27.6996173859,48.5503425598,33.7003555298,1.6500167847,2.0,False,1.35039949416743,0.0003826617837141555,True,43.244228363,87.6673660278,87.6673660278,4.550382614099998,6.200399398799998,5.038177490199999,,0.9948416676399181,0.8332072377965772,-0.2744567062238585,0.1108100080960658,False,,1.2503993511162825,0.08094598872191515,6.95038270946743,0.1996614367075369,0.35435492520528833,3.187688464160026e-06,2.115675892678207e-05,4.658295433106514e-06,1.635605599807368e-05,3.500382661783714,2.5003554821162837,False,0.0001048473227213895,0.0012233099832956382,-1.5248401640648505e-05,0.0012228172293154843,0.25198139829343935,0.010790631299179993,-0.0033113486677011678,2.4003825187325667,False,True,90.5955023783438,0.09705482623453417,0.9999999999999893,196.751754761,0.7803174603174603,0.0025396825396825397,80.8228988647,152.10831451439998,0,0.1657142857142857,0.0025396825396825397,0.0649409964681,44.02422714235,0,0.16253968253968254,0.0025396825396825397,0.0936890020967,105.81516265885,0
density_10_nback_1_id_32,32,d10_n1,26.0503940582,27.600227356,39.2503738403,33.1005249023,1.549833297800003,2.0,False,1.1996059418000016,0.04977273936743032,True,40.9438323975,161.881011963,161.881011963,1.0997726916837145,2.6496059894837174,5.154363632200003,1.5997726916837145,0.9917464727770533,0.9188271555875603,-0.34694237325493454,0.11070191870003948,False,,1.0996060371674332,0.07173848765034194,3.6497726439999987,0.48694705634042385,0.078138175948191,-7.258958290859215e-08,1.4751898789628496e-05,-2.3976571495251607e-06,1.9154800506732346e-05,3.6497726439999987,1.8505249023000019,False,-7.623861658541052e-05,0.001041786408143027,-0.00013668695288690646,0.0013576599370177106,0.35140252895942087,-0.0015083718424350116,0.006036784585196667,,False,,88.98461970080216,0.10950190790244178,1.0,196.33682251,0.7917867435158501,0.0036023054755043226,135.441101074,207.72694397,0,0.11023054755043228,0.0036023054755043226,0.160521999002,41.151599884,0,0.16714697406340057,0.0036023054755043226,0.00891099963337,109.963542938,0
density_10_nback_1_id_33,33,d10_n1,26.0501346588,27.8007507324,45.7007713318,32.3007545471,1.7506160735999998,2.0,False,1.3498654365674305,0.04924917223256742,True,42.7804412842,128.049179077,128.049179077,1.1492493152837149,2.8998653888837147,4.927818298300004,2.8492493629674307,0.9945342030289761,0.8531701667970489,-0.3996689934167586,0.11073176974527632,False,,1.249865293516283,0.07343430189146287,1.6492493152837149,0.27020795295397765,0.2603800363450783,1.6762318533922239e-06,1.658196912873614e-05,7.567872411788855e-06,1.9498228101465388e-05,1.8992493152837149,2.600754499416283,False,-0.00012657958400028157,0.0012069097231223614,-0.000228278969815728,0.001031857872853484,0.19368211638890173,0.00260003434962733,-0.0029997130419371675,1.7492492199162832,False,True,92.18312642234832,0.061937268263317774,1.0000000000000429,196.404846191,0.8017127799736495,0.002635046113306983,145.820373535,207.917098999,0,0.116600790513834,0.002635046113306983,0.0636600032449,36.850437164325,0,0.1627140974967062,0.002635046113306983,0.0440060012043,115.70032882715,0
density_10_nback_1_id_34,34,d10_n1,26.1003341675,27.7002906799,44.5002822876,32.4503707886,1.5999565123999986,2.0,False,1.1996657848162826,0.04970932009999984,True,41.7629966736,210.653244019,210.653244019,3.349709272416284,4.949665784816283,5.162912368800001,,0.9945305730721411,0.9319028194869113,-0.41422632057243064,0.11065862376827633,False,,1.0996658801837143,0.06869779177944063,5.099709272416284,0.3852458127075452,0.017984138390361167,-4.7493114593788945e-06,1.883003955743981e-05,-3.755708913642688e-06,2.3025450439046563e-05,2.849709272416284,1.900370836283713,False,0.0001953992762642758,0.001148182697273461,-2.893185887862499e-05,0.0010368465374419648,0.3168316013396399,0.009200546114256665,-0.0019601812450290015,,False,,89.78067919375192,0.09670381955962123,1.0,195.729949951,0.7756195579370395,0.0026791694574681848,93.0415649414,208.426300049,0,0.14936369725385132,0.0026791694574681848,0.0626830011606,43.2304458618,0,0.16744809109176156,0.0026791694574681848,0.0256960000843,108.407444,0
density_10_nback_1_id_35,35,d10_n1,26.0495147705,27.899520874,42.7997169495,32.7494544983,1.8500061035000002,2.0,False,1.3004851341325683,0.00047922136743139276,True,42.7176704407,140.193527222,140.193527222,1.9504790306325681,3.8004851341325683,3.152799606299997,,0.9948666299882153,0.957955666602774,-0.4599732359380864,0.11079871046693422,False,,1.1504852771837157,0.06796372392393243,2.5504791736837156,0.29001181617080696,0.16390118088262365,4.8315251907409865e-06,1.9938825418632412e-05,-5.181417644489919e-06,1.239653202441677e-05,2.650479078316284,2.1994545459837127,False,0.00016280583991171442,0.0013373807997289113,-4.3709935911308086e-05,0.0012258012514389895,0.31399531666751823,0.015333951749620172,-0.0034079207941708333,2.8504791259999998,False,True,93.78580291514152,0.10351390507262369,1.0,196.69052124,0.7863013698630137,0.0027397260273972603,119.543395996,207.509063721,0,0.12808219178082192,0.0027397260273972603,0.0228269994259,40.74446105955,0,0.16232876712328767,0.0027397260273972603,0.126099005342,110.28956985455,0
density_10_nback_1_id_36,36,d10_n1,26.0497150421,27.699754715,45.4496841431,33.2997283936,1.6500396729000002,2.0,False,1.3502850532674309,0.0002453326837148495,True,43.7390708923,96.9929962158,96.9929962158,1.1002452373162832,2.7502849102162834,5.264873504700006,1.4502453803674307,0.9952920240069312,0.9285811127447853,-0.2850376051008438,0.11080270740942105,False,,1.2002849578999992,0.07971332137556364,5.700245380367431,0.2807416775840341,0.125305751641243,8.393923273602474e-06,1.5860455635459274e-05,8.364224279596668e-06,1.229708463254509e-05,3.4502453803674307,2.149728298232567,False,2.2916202492926302e-05,0.0011120087184372136,0.00028895891062497876,0.0012165680155599519,0.19938127921998425,-0.01422503756281583,0.00233079957251545,3.2002453803674307,False,True,90.59534014949516,0.09774586355346902,1.0,196.791778564,0.7883597883597884,0.0026455026455026454,98.0509643555,207.509689331,0,0.13756613756613756,0.0026455026455026454,0.124145999551,43.8255615234,0,0.15211640211640212,0.0026455026455026454,0.0529789999127,107.2634887696,0
density_10_nback_1_id_37,37,d10_n1,26.0998268127,30.6000919342,47.6499252319,34.5498085022,4.5002651215,2.0,False,1.2001731396162825,,False,268.479248047,3.36171984673,268.479248047,,,0.0,,0.9932374961804384,0.21479999563601732,-2.2390368246608308,0.11070829443631579,True,0.19990801811628245,1.05017328266743,0.0261181150486367,0.04990816116742991,0.24644581769915666,0.39157006368041664,-4.011020138998473e-06,1.9258604952192023e-05,1.1376359690977612e-06,1.5099813877033824e-05,1.4499080181162824,2.499808549883717,False,-0.00027239381857278947,0.0012353942811605253,-8.574477788761673e-05,0.000869645891473178,0.30398219554823364,-0.010672300464104995,0.0019333515622049007,0.09990811348371409,False,True,131.84771886660693,0.15654243502707677,1.0014845250558304,195.839645386,0.7911311053984575,0.002570694087403599,92.1919555664,208.276870728,0,0.5122107969151671,0.002570694087403599,0.132995992899,65.2496566772,0,0.11760925449871465,0.002570694087403599,0.0582889989018,79.37752532949999,0
density_10_nback_1_id_38,38,d10_n1,26.0997180939,27.6494293213,43.9993515015,34.1491622925,1.5497112273999996,2.0,False,1.2002818584162824,0.0005707740674303352,True,41.9456825256,305.0340271,305.0340271,1.0005707740674303,2.55028200146743,5.566793441799998,1.450570583332567,0.994135016828751,0.9293474482738558,-0.3180138739858127,0.11070990709493422,False,,1.100281953783714,0.0744535769787,4.400570631016283,0.26833849920659625,0.4191204390178201,1.067281289684634e-06,1.6270784060575625e-05,-7.340387546893978e-06,1.8239295079471714e-05,2.6005706786999987,3.8991622925000016,False,0.00013990467521929608,0.0013469466278407947,-4.778280966893538e-06,0.0005950346310519926,0.17462129684018532,-0.03581570186654883,0.007875179095842169,3.3005707263837145,False,True,88.99348244213863,0.09587299633419506,1.000005722998213,195.896377563,0.75590020229265,0.0026972353337828725,71.9356079102,208.077880859,0,0.5704652730950776,0.0026972353337828725,0.0272220000625,62.3469352722,0,0.1375590020229265,0.0026972353337828725,0.120177999139,71.1446075438,0
density_10_nback_1_id_39,39,d10_n1,26.0492744446,27.8493442535,46.0992698669,34.9999656677,1.8000698088999982,2.0,False,1.2507255077162824,0.00065565113256838,True,40.0201301575,331.157867432,331.157867432,1.0506558418674317,2.85072565076743,2.020273208599999,1.7006556988162842,0.9940253895679599,0.8996743762843019,-0.4545989139267662,0.11078527667809211,False,,1.10072565076743,0.06634257162095529,5.200655698816284,0.44083206482228243,0.0010188382642806666,2.095886842365766e-06,1.8732967440895907e-05,1.2378738129351223e-05,1.567631040286435e-05,3.950655698816284,3.199965715383719,False,0.00023743460902610943,0.0010312808545787716,-0.000304851865116139,0.0011120129021964652,0.31336564152821855,0.005994868992501664,0.0010315203747721673,,False,,92.98509947665517,0.08483347023464606,1.0,196.589675903,0.7634338138925295,0.002621231979030144,67.2496948242,208.775650024,0,0.127129750982962,0.002621231979030144,0.106995001435,72.2287559509,0,0.12450851900393185,0.002621231979030144,0.113953001797,61.2044715881,0
density_10_nback_1_id_3,3,d10_n1,26.0496120453,28.8998889923,38.59948349,32.6498756409,2.8502769469999976,2.0,False,1.3003878593325666,0.00011110306743233878,True,263.936859131,138.242172241,263.936859131,0.20011091233256906,3.0503878593325666,56.835906983,,0.994834350343166,0.9558193311044995,-2.1328944852380936,0.11079581866135527,False,,1.2003879546999983,0.044535983190452634,0.25011110306743234,0.01527669387204351,0.44177692725012,2.4792645209795514e-06,1.9734916666955247e-05,-5.901090649951509e-06,1.641423239302375e-05,1.200110912332569,2.549875736267431,False,5.285924927256562e-06,0.0010468050148767377,0.0002843896466726033,0.0009205896729317102,0.2769565945445763,0.31023084297800163,-0.08703516194755066,0.1001110077000007,False,True,109.33878672558102,0.11177977613251422,1.0,196.775253296,0.7665454545454545,0.002909090909090909,112.280822754,207.542221069,0,0.168,0.002909090909090909,0.113646999002,40.40630340575,0,0.17745454545454545,0.002909090909090909,0.0507199987769,111.36303329455,0
density_10_nback_1_id_40,40,d10_n1,26.0997428894,29.7998771667,43.0494995117,32.7001190186,3.7001342772999983,2.0,False,1.2002570629162825,0.00012278561628420448,True,266.07522583,35.5581932068,266.07522583,0.5001227856162842,4.2002570629162825,11.711299896200003,0.8001227379325684,0.9927648826064923,0.9270129474714683,-2.54650062522701,0.11070828835825,False,,1.1002571582837142,0.03120869536557703,0.6501228809837158,0.13332732354192595,0.4611206191281167,4.605017937971119e-06,1.3997152830770329e-05,6.097351207570983e-06,1.411397311858059e-05,1.0001227856162842,1.9001190662837146,False,0.00028000537117515257,0.0011387958364710976,4.394617205986219e-05,0.0011289527308694044,0.37302433248534644,0.10139517939343333,-0.026946226885793664,,False,,121.46118819059349,0.12674291336508087,1.0000000000000213,195.909942627,0.7377049180327869,0.00273224043715847,32.5457763672,208.053649902,0,0.5846994535519126,0.00273224043715847,0.0283809993416,50.6069869995,0,0.15163934426229508,0.00273224043715847,0.133910998702,64.83203125,0
density_10_nback_1_id_41,41,d10_n1,26.0504703522,27.0002040863,51.6502037048,33.700138092,0.949733734099997,2.0,False,,0.29979586601628583,False,0.0,167.520828247,167.520828247,,,4.505177229642,0.29979586601628583,,0.964360835410827,0.003882446191523791,0.11070675020539474,True,0.1497960090674333,1.0995297431674302,0.11269912555045264,0.04979586601628583,0.23898948322788618,0.2995349287676116,1.0107303829815423e-05,1.5007625895797115e-05,-1.4217421259423687e-06,1.0072809219534237e-05,3.799795866016286,2.900138139683719,False,0.00015026740982170827,0.0011035221624784949,0.0003280785542882842,0.0010643353315052987,0.21631696895774385,-0.048300191247895176,0.006614893435234117,1.4497959613837175,False,True,79.377971231132,0.11412143714072497,1.0000000000000215,197.213516235,0.7715332926084301,0.002443494196701283,69.7305908203,208.305374146,0,0.6157605375687233,0.002443494196701283,0.00402799993753,59.132194519049996,0,0.13622480146609653,0.002443494196701283,0.200194999576,75.29333496115,0
density_10_nback_1_id_42,42,d10_n1,26.099615097,28.2505912781,45.2495918274,34.9006347656,2.150976181099999,2.0,False,1.3003849983674307,0.049408674216284254,True,41.5198478699,124.019676208,124.019676208,4.9994087219,7.150384902999999,0.9306297301999962,,0.9952642201742566,0.851194438291871,-0.6728983270904858,0.11072775643122372,False,,1.150384902999999,0.05667978347361591,5.299408674216284,0.41218943926843854,0.01306541972153408,7.971318391419251e-06,1.2456216367548534e-05,-4.000601693956023e-06,1.5362253101769265e-05,2.3994088172674317,4.2506346702325715,False,-0.00020633788993716317,0.0013172738545659984,-0.00016939519251887955,0.001017656417100838,0.28870314302348415,0.06685480986099333,-0.009567372659446745,3.5494086742162843,False,True,99.32354208565893,0.09724834913211289,1.0,196.152984619,0.7667329357190192,0.0026507620941020544,74.3051757812,208.064834595,0,0.12259774685222001,0.0026507620941020544,0.0968020036817,65.75872039795,0,0.12060967528164347,0.0026507620941020544,0.0942379981279,66.4808235169,0
density_10_nback_1_id_43,43,d10_n1,26.0502796173,27.8001117706,51.0502166748,32.7496109009,1.7498321533000016,2.0,False,1.1997203827000007,0.04988813403256742,True,39.109161377,382.399658203,382.399658203,1.2498881817162832,2.999720335016285,3.8005142212000003,1.2998881340325674,0.9877103218593017,0.9701253036427956,-0.48152113972279154,0.11073785961460525,False,,1.049720287332569,0.06291178749612857,5.199888229399999,0.15255598068675896,0.42836922080026235,2.5913968522375075e-06,1.4988475546787757e-05,-4.280281296220227e-06,1.6092953499213587e-05,2.949888229399999,1.9996109009000023,False,-0.00016069564869797897,0.0013844944235947736,0.00012282988074218773,0.0009360881339062604,0.17847142204517963,0.011168235709194667,-0.003010509064189,3.2498881817162832,False,True,92.18894150618704,0.11221622073468289,1.0,196.599563599,0.7655384615384615,0.0024615384615384616,58.1824188232,140.5396728517,0,0.6246153846153846,0.0024615384615384616,0.104552999139,51.624294281000005,0,0.1636923076923077,0.0024615384615384616,0.0630490034819,85.52357864385,0
density_10_nback_1_id_44,44,d10_n1,26.0500774384,27.6000576019,44.7007484436,32.3998603821,1.5499801635000026,2.0,False,1.199922561600001,0.04994249346743018,True,41.2995681763,118.813285828,118.813285828,3.8499424457837144,5.399922609283717,5.326622009299996,,0.992878477373759,0.971127884141836,-0.3555765350891074,0.11072188302097369,False,,1.0499224662325695,0.07055018860244838,4.199942350416283,0.3150411854369115,0.16150744886448837,2.4856184407083812e-06,1.4573419170272568e-05,1.4118330095529037e-06,1.1642096467291591e-05,2.3499424457837144,2.449860334416286,False,-0.0003006893018062935,0.001360115851912178,0.0001799093934975968,0.0011261278604285882,0.17159895603848924,0.011454246055385331,-0.0021736863340933335,2.79994249346743,False,True,88.99617640342021,0.10372291054253979,1.000000000000021,196.627456665,0.780373831775701,0.0026702269692923898,94.2627563477,208.951385498,0,0.14218958611481977,0.0026702269692923898,0.100097998977,46.745037078850004,0,0.14886515353805074,0.0026702269692923898,0.0552980005741,90.5420837401,0
density_10_nback_1_id_45,45,d10_n1,26.0493392944,27.3492946625,123.699188232,33.2997016907,1.299955368100001,2.0,False,1.250660657916285,0.0007052421325681735,True,19.1852245331,91.6396102905,91.6396102905,3.6007053851837156,4.9006607532837165,10.352563858,66.50070524213257,0.9846778002981762,0.8246954633474484,-0.015736222464151538,0.11078435535489475,False,,1.1006608009674324,0.0923816465700423,4.000705242132568,0.16830886190438252,0.012670645133279,1.2668174888044335e-06,1.5456787585591822e-05,1.7361082139051536e-06,1.6823104082850375e-05,3.3007054328674315,2.6497015953325658,False,-8.590191475560693e-05,0.001344888342417419,-7.167459240772692e-05,0.0009474769525918198,0.4016094558822497,-0.4267281437913667,0.08408435440315,2.000705242132568,False,True,84.98904550140617,0.11121682040674581,0.9999999992500137,197.131118774,0.2827429314267143,0.0012999675008124798,24.1062011719,208.517578125,0,0.6483587910302242,0.0012999675008124798,0.13671900332,32.6508789062,0,0.4419889502762431,0.0012999675008124798,0.00219699996524,86.42148208605,0
density_10_nback_1_id_46,46,d10_n1,26.1004543304,27.5502204895,36.8500671387,31.4002056122,1.4497661590999975,2.0,False,1.29954576496743,0.04977941513256923,True,42.5118522644,352.033752441,352.033752441,1.8997795581837167,3.349545717283714,10.7656364441,,0.9925645518792232,0.9535395300011085,-0.17315940519965173,0.11067526287544738,False,,1.1495456695999984,0.08285602361993794,3.6497795581837167,0.2123250921499212,0.4507177001486268,-1.4228165040062864e-06,1.7128002119755048e-05,4.802362621957793e-06,8.627262733831258e-06,1.0497794151325692,2.8002057075674323,False,0.0003201545747095461,0.0011265040611650548,-0.0003208331906125241,0.0014430025123976906,0.12008102616074232,0.16379659133967345,-0.03758923872567732,,False,,87.38781076446992,0.09448008459413278,1.0,196.250198364,0.7440298507462687,0.0029850746268656717,109.805725098,207.871902466,0,0.19328358208955224,0.0029850746268656717,0.0214840006083,45.74230194095,0,0.1783582089552239,0.0029850746268656717,0.131714001298,94.1946678159,0
density_10_nback_1_id_47,47,d10_n1,26.0501689911,28.6001873016,48.0500984192,33.2500305176,2.550018310499997,2.0,False,1.299830913532567,0.049812793767433305,True,69.2950286865,201.646514893,201.646514893,3.0998127460837175,5.649831056583714,36.4078979495,,0.9930193784412862,0.9601378648918779,-0.8697735333207476,0.11072450023343419,False,,1.1498310565837144,0.046890101614685493,4.049812793767433,0.2045450396163322,0.43826774538804997,4.448595473782895e-07,1.914894139149383e-05,2.5777508118295876e-06,2.1870358668737748e-05,1.0498127937674333,3.600030422232571,False,0.00035607841715575245,0.0015456646856497462,-6.379230546530776e-06,0.000920523571306076,0.27334332343704376,0.0042019558294608276,-0.0013717440189679993,2.449812650716286,False,True,104.76143170860277,0.05575544136750426,1.0000000000000107,196.621353149,0.7603833865814696,0.0025559105431309905,65.4179840088,142.0385284426,0,0.6044728434504792,0.0025559105431309905,0.000121999997646,55.5064048767,0,0.14824281150159743,0.0025559105431309905,0.0314330011606,81.02416229255,0
density_10_nback_1_id_48,48,d10_n1,26.0503101349,27.1001091003,70.4002914429,52.0502090454,1.0497989654000008,2.0,False,,0.19989085201628498,False,0.0,377.809692383,377.809692383,,,8.87320613864,0.19989085201628498,,0.7094539349278495,-0.004177080093152999,0.1107149117283421,True,0.09989094738371662,1.1496899127837175,0.10888338319598095,0.04989099506743244,0.20746314031304638,0.041862564630963175,-3.2479278618185786e-06,1.3535748272251686e-05,-2.3798408611638382e-05,1.26161253108258e-05,5.599890947383717,19.350208997716287,False,-8.269553689523855e-05,0.0014070185984778859,-0.000292948771814591,0.0012380829803387181,0.5291357815000877,0.220068613998421,-0.03881459199083584,0.09989094738371662,False,True,80.98243611672821,0.07794792422582612,1.0,196.410171509,0.6530815109343936,0.0019880715705765406,89.6969604492,196.33996582,0,0.30168986083499005,0.0019880715705765406,0.0640870034695,83.1939086914,0,0.24453280318091453,0.0019880715705765406,0.0479740016162,14.3894159495915,0
density_10_nback_1_id_49,49,d10_n1,26.0501976013,28.9994449615,58.8493843079,32.6501693726,2.949247360200001,2.0,False,1.3498024940674327,0.000555038499999938,True,220.663497925,248.658828735,248.658828735,1.0005550385,3.949802398700001,11.56056213399998,,0.9934888002139621,0.8744753883102007,-1.560871144268992,0.11072379448694736,False,,1.199802398700001,0.04294438101348621,5.100554943132568,0.13818906574728157,0.4199769309101566,-4.942362894522448e-06,1.6295413319832562e-05,-1.9709656741632768e-07,2.2830410783263555e-05,1.6005549431325683,2.0501694679674287,False,-0.0002004247953274554,0.0013065740141115802,0.00011028372905323136,0.0009680059129122936,0.255333873053446,-0.01587571560718333,0.007850024942307332,,False,,110.13999941862694,0.09042181021748184,1.000011449571045,196.957901001,0.7859550561797752,0.0022471910112359553,64.3700714111,146.37520599355,0,0.6589887640449438,0.0022471910112359553,0.162781000137,48.92885208129999,0,0.14887640449438203,0.0022471910112359553,0.00256299995817,88.2291831969,0
density_10_nback_1_id_4,4,d10_n1,26.0501880646,29.8000545502,37.9000396729,31.9500617981,3.7498664855999984,2.0,False,1.3498120307674313,0.49994540211628546,False,271.341369629,43.6828422546,271.341369629,,,0.0,0.49994540211628546,0.9861619152024694,0.40318330194915014,-1.8896210007107686,0.11072475972925,True,0.3999454974837171,1.1998119353999996,0.10073120976484268,0.049945354432569644,0.00015209224380435246,0.4492914843062749,-1.2144749243602625e-07,1.9160882685570133e-05,-1.9809504419782666e-06,2.468686000069253e-05,0.3999454974837171,1.7500617504162825,False,-0.000146738640123061,0.001358434990107933,2.3195885308784016e-05,0.0011533885295259584,0.47698806146417766,0.12092356374960751,-0.024644599442140678,,False,,121.69227400160894,0.12293878637296787,1.000000000000021,196.902267456,0.7332843497428362,0.0029390154298310064,75.4514312744,153.9621124265,0,0.20867009551800147,0.0029390154298310064,0.100341998041,39.609138488750006,0,0.2049963262307127,0.0029390154298310064,0.0953980013728,113.4472351075,0
density_10_nback_1_id_50,50,d10_n1,26.049943924,28.3501338959,47.3997383118,33.0998458862,2.3001899719,2.0,False,1.3500561713674308,0.04986619946743076,True,43.9155807495,163.109329224,163.109329224,2.7498660087325675,5.0500559806325676,2.1934089661000016,,0.9956997634514245,0.9583538836554412,-0.6987941495656338,0.1108000804914605,False,,1.2500560283162834,0.05633731103167872,3.899866104099999,0.3319597039370751,0.05173381981052734,1.0464683607615475e-05,1.998256078241362e-05,8.503103989575108e-07,2.2823417639443372e-05,2.099866151783715,2.649845838516285,False,-0.00021986649897733952,0.00140116425210624,-0.00022392876995694895,0.0010227911206334768,0.17081914341610802,0.0016170547964616607,-0.001755691125671167,1.7498660087325675,False,True,101.7015879171786,0.095470304822324,1.0000000000000213,197.152801514,0.7717601547388782,0.0025789813023855577,85.8719482422,207.213562012,0,0.14829142488716957,0.0025789813023855577,0.11291500181,53.0493659973,0,0.13862024500322373,0.0025789813023855577,0.0516359992325,83.78915786725,0
density_10_nback_1_id_51,51,d10_n1,26.0495262146,28.1997451782,45.1994590759,35.699508667,2.1502189636000004,2.0,False,1.3504738807674315,0.00025486948371522544,True,43.0088119507,233.236938477,233.236938477,2.8002548217999994,4.9504737854,1.4194946289000008,,0.995090973089432,0.9637463476832181,-0.5912395446620121,0.1108091912770921,False,,1.250473737716284,0.06224018092768837,3.0502548217999994,0.41981907879372166,0.011330021671408714,-3.1269927840306557e-07,1.8721638410417578e-05,6.867339254234767e-06,1.812364682072795e-05,3.0002548694837152,4.499508619316288,False,0.00010525107106693557,0.0013881675488206752,1.0178750624802539e-05,0.0009543067234540713,0.18787911305455923,-0.06522680116275267,0.014069561164535234,15.100254774116284,False,False,98.53767653098042,0.08384944706464238,1.0,196.432785034,0.7558062375580624,0.0026542800265428003,73.653503418,207.764373779,0,0.11944260119442601,0.0026542800265428003,0.03125,69.78861999509999,0,0.10816191108161911,0.0026542800265428003,0.167786002159,62.294116973849995,0
density_10_nback_1_id_52,52,d10_n1,26.0496902466,28.7001285553,49.1493644714,34.0500640869,2.6504383087,2.0,False,1.2003097533999991,0.049871444699999046,True,142.458847046,201.253494263,201.253494263,1.049871444699999,3.700309753399999,37.650527954,,0.9933173289968961,0.9919402360561203,-0.9729718624625662,0.11077992098500002,False,,1.1003098487674308,0.043345231700831474,19.099871397016283,0.004973375925580217,0.34275162965059996,1.0023741787577313e-05,1.5719288252548766e-05,-6.547435747155924e-07,1.6367691813510444e-05,1.049871444699999,4.300064086900001,False,-0.0001940093120774356,0.0013814343449400504,-8.755390642073703e-05,0.00108539042612898,0.35527591785340806,0.017200663220161665,0.005568642437006834,2.5998713970162832,False,True,107.08613782806681,0.10366956992234491,1.0000000007346843,196.57409668,0.8020176544766708,0.0025220680958385876,63.1153106689,149.14115905755,0,0.23707440100882723,0.0025220680958385876,0.103577002883,49.86699295045,0,0.13493064312736444,0.0025220680958385876,0.033615000546,84.5269165039,0
density_10_nback_1_id_53,53,d10_n1,26.0496349335,27.5995883942,45.2496833801,33.249710083,1.549953460700003,2.0,False,1.2003650665000016,0.00041151043256704156,True,39.5946235657,197.225097656,197.225097656,3.200411558116283,4.750365018816286,6.287242889399998,,0.9877141703303424,0.9105054674647204,-0.32474228362441865,0.1108464877071974,False,,1.05036497113257,0.07398900730641549,3.5504117011674303,0.3232173517304709,0.07351583229998666,7.058646293416304e-07,2.0945039373898212e-05,5.53912046495387e-06,2.299846581687352e-05,3.1504116057999987,2.4997100829999965,False,9.539460566750038e-06,0.0013604768542071993,-0.00018166333661768995,0.0011062935147078447,0.2926531459416256,0.05321084486771533,-0.010757097186669834,1.4504115581162829,False,True,89.00184550447206,0.11146257353561306,1.0000057235223712,196.348831177,0.7992047713717694,0.0026507620941020544,110.31652832,209.090270996,0,0.14314115308151093,0.0026507620941020544,0.0403439998627,50.31232070925,0,0.1358515573227303,0.0026507620941020544,0.142638996243,85.780895233,0
density_10_nback_1_id_54,54,d10_n1,26.0508270264,27.4003925323,42.6503410339,33.6998672485,1.3495655058999994,2.0,False,1.299172878232568,0.049607515383716105,True,27.9342975616,163.419143677,163.419143677,0.9496073723325686,2.299172878232568,11.211317062300001,1.499607563067432,0.9799850691202325,0.9572749457151006,-0.05193083437868782,0.11072344891722366,False,,1.1991729735999996,0.09084517770888148,4.5996074677,0.20350355869162373,0.44560681382819994,5.72949897865566e-07,2.386083263818271e-05,7.754443694703188e-06,1.6012214579356577e-05,3.499607563067432,2.799867153132567,False,0.00011044312470034606,0.0012075714502383194,1.4803789747466691e-05,0.001387424194155308,0.26041361581739525,0.02828706584405283,-0.007707239268345167,,False,,85.79781177601627,0.03790161787578761,1.0000000003750145,196.915054321,0.7692307692307693,0.0027472527472527475,54.0785522461,207.493026733,0,0.5027472527472527,0.0027472527472527475,0.0243529994041,66.3352890015,0,0.1346153846153846,0.0027472527472527475,0.137633994222,89.1392822266,0
density_10_nback_1_id_55,55,d10_n1,26.0492458344,28.5999946594,48.7991294861,35.1000099182,2.5507488249999994,2.0,False,1.350754260967431,5.245232568285019e-06,True,43.5350418091,184.281661987,184.281661987,2.700005292916284,5.2507541179162835,36.3413085942,,0.9878210037485339,0.9319331534475312,-0.7950719415322763,0.11079812285148682,False,,1.2507541179162835,0.05187814803246275,4.9000053406,0.2512133519093356,0.27920815726588466,1.4072864847717105e-06,1.4022695759606872e-05,-2.5352840710786475e-06,1.4756571719050158e-05,4.250005245232568,2.250010013567433,False,6.061052741428289e-05,0.001260740229485987,0.00022359128556931958,0.001071424295723851,0.15872321311917062,0.0032392989514153344,-0.000678945554925067,3.3000054359674316,False,True,104.8192837440429,0.041441506966913406,1.0000000006428433,197.181030273,0.7658227848101266,0.002531645569620253,76.7833862305,207.075622559,0,0.5848101265822785,0.002531645569620253,0.0536499992013,62.9866600037,0,0.12215189873417721,0.002531645569620253,0.113159000874,70.968105316,0
density_10_nback_1_id_56,56,d10_n1,26.0502700806,28.7499542236,44.149684906,33.2994842529,2.699684142999999,2.0,False,1.2997298240325676,4.577640000036354e-05,True,140.924850464,204.682022095,204.682022095,2.3000457287162845,4.9997298717162835,36.29995727510001,,0.9920786912726586,0.9257861340006871,-1.0131770247924121,0.1107167341795658,False,,1.1997299193999993,0.045703473202228305,2.8000457287162845,0.33575127203459654,0.08599578207359833,-3.395897937869198e-06,1.812103271483559e-05,7.578470371899113e-06,1.1231636626711007e-05,2.5000457764000004,2.049484252900001,False,-6.331299501948322e-05,0.001302026642504964,7.419182246900755e-05,0.0008327445912277183,0.38321155783702215,-0.013363014146031667,0.001703372838292834,2.1000456810325687,False,True,106.31198297028926,0.11067225527306211,1.0,196.594314575,0.775235531628533,0.0026917900403768506,97.1893310547,207.575393677,0,0.13660834454912515,0.0026917900403768506,0.062134001404,52.8088798523,0,0.13660834454912515,0.0026917900403768506,0.108825996518,83.55329132095,0
density_10_nback_1_id_57,57,d10_n1,26.1000747681,27.4999847412,48.0996055603,33.1001625061,1.399909973099998,2.0,False,1.299925327267431,1.5258800001305417e-05,True,29.763666153,337.994018555,337.994018555,0.900015354167433,2.299925327267431,10.858789444,1.6000151634325697,0.9831508381529077,0.9406579007442545,-0.06852313169021815,0.11067329298118421,False,,1.1499252318999993,0.08931576481297779,5.900015354167433,0.17120608515652652,0.44357213079923,7.0437088536114035e-06,1.8728930461051812e-05,1.2838220087547814e-05,1.5432756245995216e-05,1.9500153064837171,3.6501624584162826,False,3.2322007140503954e-05,0.0012250911277474422,-0.0003538853543435037,0.0014962145437556692,0.33577059139144266,-0.02984099758317483,0.012881738633344898,,False,,85.79778027882017,0.10670997158306031,0.9999999996249855,196.098251343,0.734185303514377,0.0025559105431309905,54.5054321289,207.940948486,0,0.6063897763578274,0.0025559105431309905,0.12768599391,55.785453796400006,0,0.17507987220447285,0.0025559105431309905,0.0638429969549,79.88628005995,0
density_10_nback_1_id_5,5,d10_n1,26.049654007,28.6995182037,46.3000259399,33.7498893738,2.6498641966999976,2.0,False,1.3503460883674308,0.00048184398371731163,True,253.0,280.941375732,280.941375732,5.0504817963000015,7.700345992999999,55.974884032999995,,0.9944267071548633,0.9459805099254074,-1.639051688881812,0.11080623986689474,False,,1.2503459453162833,0.0502827116551415,0.45048189166743313,0.18019730679854512,0.4448392360160166,-4.7658486088785803e-07,1.7634329195302078e-05,2.636272224313943e-06,1.4181674719875866e-05,3.0504817963000015,1.999889373800002,False,0.00010980475087334078,0.0011902535157939016,0.00011337404950343019,0.0008102824537907278,0.293887194716076,0.0034368934886084986,7.197888722916601e-05,2.15048170093257,False,True,106.35043483654586,0.08561240403147391,1.0000113275632005,196.97354126,0.7547416612164813,0.002616088947024199,72.0758056641,207.28817749,0,0.5886200130804448,0.002616088947024199,0.0466919988394,51.8722381592,0,0.16415958142576847,0.002616088947024199,0.0897829979658,97.9713859557,0
density_10_nback_1_id_6,6,d10_n1,26.050163269,27.7500228882,46.9002037048,36.4998817444,1.6998596192000015,2.0,False,1.2498366833162855,0.049977064116284,True,42.4332122803,392.114013672,392.114013672,1.0999770164325682,2.7998366356325697,5.354187011700002,1.8999772071674315,0.9927463483723499,0.9219956065356771,-0.4375234737423486,0.11070978974831579,False,,1.099836826367433,0.06739718061602647,4.4999771118,0.2839817875512298,0.4380063598354733,4.705724818841065e-06,2.6604637067419846e-05,1.0500523481319149e-05,1.4220089267214212e-05,1.4999771117999998,7.2498817444,False,-4.220985829435482e-06,0.0013205794992119143,-0.00014632345300951468,0.0011694848710747541,0.163350368682844,-0.04038293236712933,0.01050704254109,6.449977159483716,False,True,91.38419715252193,0.10048961688390631,1.0000000000000213,196.437088013,0.7386511024643321,0.0025940337224383916,45.8402099609,207.809204102,0,0.556420233463035,0.0025940337224383916,0.103821001947,80.9772377014,0,0.13813229571984437,0.0025940337224383916,0.0780029967427,67.3410491943,0
density_10_nback_1_id_7,7,d10_n1,26.0504684448,28.6000175476,43.9004859924,33.1498641968,2.5495491028000004,2.0,False,1.2495315075162843,0.049982547767431385,True,248.583755493,252.543777466,252.543777466,0.39998245239999974,2.9495315552,55.984466552999976,,0.9933744314217984,0.9378950932855985,-1.6307618649812332,0.11070795778773686,False,,1.149531602883716,0.04577345945228627,0.4499824047162839,0.17973242907017406,0.4157085859527033,-3.4907332483787904e-06,2.162966933928924e-05,-4.833000632237256e-07,1.7640323701316745e-05,1.8999824523999997,2.649864196800003,False,-0.00014143204883765659,0.0011617880238279814,-0.0001867838696031294,0.0010781618123317184,0.3026438786445334,-0.0031196529901842,0.0006308497177997518,2.1499824523999997,False,True,104.73491434208313,0.008133034411815615,1.0000000006429377,196.507995605,0.7941970310391363,0.002699055330634278,116.585388184,207.731781006,0,0.12348178137651822,0.002699055330634278,0.0338749997318,41.1139640808,0,0.15519568151147098,0.002699055330634278,0.0103150000796,110.05715560915002,0
density_10_nback_1_id_8,8,d10_n1,26.0997905731,28.0992355347,52.1497840881,,1.9994449615999983,2.0,False,1.350209474583714,0.0007643699325683428,True,45.0943183899,177.623321533,177.623321533,1.0507645606674316,3.05020952226743,31.733177185100004,,0.9930869411882183,0.8682030785482888,-0.5433818052102934,0.11075160632797369,False,,1.30020952226743,0.06697753630575001,1.9007644653,0.2282391027134384,0.18062323304671363,1.4619340610848674e-07,1.7600585681498523e-05,-4.643528991540612e-06,1.7976378239970407e-05,1.4007644653,,False,-0.0001890969823237242,0.0011958531514869603,-4.2673849839976335e-05,0.00102532899032331,0.14952224375185214,-0.01648006923495433,0.001449913857528,,False,,96.05298212351899,0.21201997898619393,1.0,196.4894104,0.7885783718104495,0.002430133657351154,145.274414062,208.08996582,0,0.1652490886998785,0.002430133657351154,0.338562011719,35.66741919518,0,0.17922235722964763,0.002430133657351154,0.222900003195,121.6776771546,0
density_10_nback_1_id_9,9,d10_n1,26.1001224518,27.9000892639,49.0500221252,35.4000968933,1.7999668120999992,2.0,False,1.2998776435674309,0.04991078378371583,True,44.1139678955,307.963806152,307.963806152,1.0499107837837158,2.849877595883715,3.9568309783999993,1.4499106407325684,0.9947816709821498,0.9563877664256308,-0.48785270069500325,0.1106722038238816,False,,1.1498775481999992,0.066831545283425,4.249910831467432,0.27164162395827496,0.41440013842659995,-3.7819782281271046e-07,1.6341677286348192e-05,-4.441735452724833e-06,1.9037177668942507e-05,3.549910783783716,3.9500968456162866,False,-1.4380344635789863e-05,0.001194551716929735,1.5165261566484158e-05,0.0009018218558495232,0.24658937139270637,-0.016280129085819998,0.001933820995871665,2.899910688416284,False,True,92.97708760638109,0.10688238496663956,1.0,196.11114502,0.7234848484848485,0.0025252525252525255,37.739440918,208.078857422,0,0.5820707070707071,0.0025252525252525255,0.0305179990828,80.80356597900001,0,0.15593434343434343,0.0025252525252525255,0.132995992899,50.632591247600004,0
density_10_nback_2_id_10,10,d10_n2,26.8997211456,28.5495586395,44.5992088318,35.5999107361,1.649837493899998,2.0,False,1.2502789497674307,0.0004413128162852331,True,20.0360355377,259.482849121,259.482849121,2.3504414558674327,4.000278949767431,0.8890228270999998,13.900441408183717,0.9997353333882062,0.9365122902708539,-0.7159370382630909,0.10132781406376185,False,,0.0002789497674307029,0.0,2.700441360500001,0.29758862315534873,0.0017108241464791666,0.06754573473805,8.878207100862933e-05,0.059711973436851515,0.00498510245901941,0.9004414081837169,6.149910688416284,False,-0.32650877103992104,0.0015046713777051562,-0.28959045355966667,0.02627186463680764,0.3326495739029226,-0.6562078643631235,0.04554735093076334,4.000441312816285,False,True,80.89879318150106,0.21135486881275245,1.0045024101548021,176.222412109,0.46220735785953176,0.0026755852842809363,66.3090820312,66.3887939453,0,0.07224080267558529,0.0026755852842809363,0.00677500013262,40.2957763672,0,0.09966555183946488,0.0026755852842809363,0.281372010708,83.9494628906,0
density_10_nback_2_id_11,11,d10_n2,26.8996601105,28.6498336792,42.2998466492,32.9997215271,1.7501735686999993,2.0,False,1.2503399848674306,0.00016641616743129362,True,21.3973445892,43.409526825,155.989898682,2.700166225432568,4.450339794132567,0.9742507934000031,,0.9996963870922394,0.9029292929759374,-0.741098015648857,0.1008891705913408,False,,0.0003399848674305872,0.0,3.150166273116284,0.22532281420952133,0.21227177275963668,0.06753558087113684,8.304400093841977e-05,0.05919037759304001,0.005273639718037426,2.5501663684837155,1.7997214794162844,False,-0.32616388131130264,0.0016380871350419217,-0.2869800984859428,0.028061101100157252,0.37700727272319784,0.021490771928836798,-0.001953571033664834,1.700166225432568,False,True,82.29418970748324,0.21909727926037237,1.0055239602320079,176.340209961,0.46238785369220153,0.0027605244996549345,59.9565429688,65.5745849609,0,0.08074534161490683,0.0027605244996549345,0.235596001148,16.7160644531,0,0.1276742581090407,0.0027605244996549345,0.0048830001615,108.0950927735,0
density_10_nback_2_id_12,12,d10_n2,26.9495868683,27.3504886627,43.5000801086,31.7497177124,0.4009017943999993,2.0,False,,1.1995112896162858,False,4.58452892303,46.8276023865,182.626556396,,,0.7137808799700003,1.1995112896162858,,0.7447331939972158,-0.41657564375122225,0.09896287037746711,False,,0.0004131793837167663,0.0,5.699511289616286,0.19112692008208965,0.11592047791155201,0.06754171338520132,7.321357677764694e-05,0.06534219036497778,0.0010123371943434824,2.199511289616286,2.199717760083715,False,-0.3264839335491842,0.0015803079409082996,-0.31920897629511114,0.006621134383939384,0.4840771672783244,0.01663771364257699,0.003452350626803951,1.3995113373000017,False,True,63.90976053479554,0.18620113607345615,1.005687095291578,176.319824219,0.048846675712347354,0.0027137042062415195,18.9245605469,65.3249511719,0,0.3012211668928087,0.0027137042062415195,0.0747070014477,45.275085449200006,0,0.30529172320217096,0.0027137042062415195,0.149292007089,112.71624755835,0
density_10_nback_2_id_13,13,d10_n2,26.9003047943,29.3496646881,42.7996635437,34.2497062683,2.4493598938000005,2.0,False,1.2496953010674332,0.00033521653256940454,True,28.9778842926,56.6741676331,76.9804992676,1.0503354072674327,3.499695301067433,0.6775302887000016,2.3003354072674327,0.9999164483551894,0.87854101830988,-0.9333678459131042,0.10079757805525659,False,,0.049695253383717386,0.0,4.500335216532569,0.19822300715659696,0.0,0.06753365038649078,8.347008259944223e-05,0.0553591461697,0.007174845395271756,2.9503352642162852,1.9497063159837182,False,-0.3264390065481974,0.0014411938989439654,-0.2653866124649792,0.03940827955486905,0.393281939686068,-0.6474984196306864,-0.004809435612308327,1.6003353595837169,False,True,91.14558163128494,0.21708687996821524,1.0056627465029706,176.479125977,0.4544208361891707,0.0027416038382453737,76.9877929688,76.9877929688,0,0.07607950651130911,0.0027416038382453737,0.0223389994353,18.5877685547,0,0.12063056888279644,0.0027416038382453737,0.216187000275,114.622924805,0
density_10_nback_2_id_14,14,d10_n2,26.9003543854,27.8501663208,35.150554657,30.300409317,0.9498119353999996,2.0,False,,4.299833774567432,False,11.602399826,264.365814209,264.365814209,,,0.6081781387999996,4.299833774567432,0.9991468171810294,0.993269144761819,-0.5560911595821579,0.10065240704599471,False,,0.04964566228371581,0.0,,0.0,0.3294119611382666,0.06753637249532632,7.760999704941504e-05,0.06298586000737368,0.0026415160347562777,0.9498336315162845,1.5004093646837156,False,-0.32625711081842096,0.0015650859672084456,-0.3070850356628948,0.014005308547656673,0.48672381640448403,0.022429581943044164,0.0027282868978116682,,False,,71.02440106709862,0.20380384141134755,1.0049167862512052,176.477905273,0.3680183626625861,0.00306044376434583,66.1374511719,67.70111083980001,0,0.21576128538638104,0.00306044376434583,0.0551149994135,15.1097412109,0,0.21576128538638104,0.00306044376434583,0.211243003607,152.189453125,0
density_10_nback_2_id_15,15,d10_n2,26.9000720978,30.5500297546,44.3008804321,36.9000854492,3.6499576568000016,2.0,False,1.2499279975674327,0.04997015003256777,True,125.934783936,192.342147827,192.342147827,2.3999702930837152,6.049927949883717,22.696022033700004,,0.9984620473727516,0.8837418459966577,-1.5390066741260957,0.10082873856453686,False,,0.04992794988371685,0.0,0.849970340767431,0.40196926925489607,0.19195726538699998,0.0675426370611342,7.766565766208492e-05,0.04875574743197123,0.011271510751101442,2.099970340767431,4.250085353832567,False,-0.3262565014394211,0.0016619826660768159,-0.22884132457920547,0.06241865033315775,0.14905157442902414,-0.017075588150493336,0.004796098172635169,1.5499701500325678,False,True,107.35861952897122,0.21766554346916372,1.0044640581323616,176.367553711,0.43355704697986575,0.0026845637583892616,30.5563964844,40.8225097656,0,0.08456375838926175,0.0026845637583892616,0.152404993773,78.2181396484,0,0.09865771812080537,0.0026845637583892616,0.113770000637,39.580078125,0
density_10_nback_2_id_16,16,d10_n2,26.9000492096,28.5506896973,45.1509094238,33.1507873535,1.6506404877000023,2.0,False,1.2499508857674329,0.0493102073325673,True,20.4655227661,116.762443542,116.762443542,0.8993103503837148,2.549950838083717,0.7171211243000002,2.449310302699999,0.9996658611931639,0.9415414042518376,-0.7394681780629091,0.09995785245281974,False,,0.04995083808371703,0.0,0.5493102073325673,0.1884003726491528,0.11587103824129666,0.06753158314447895,8.801636914369716e-05,0.05922828761465758,0.005032551437549718,3.449310302699999,1.1507873535000002,False,-0.32659218225038156,0.0015806409302221206,-0.287080727743303,0.026635768839131668,0.5065815932970987,-0.001399462087990167,-0.0018577778008552666,1.5993103980674306,False,True,80.87364482222624,0.21360739670850618,1.004086341955825,176.438720703,0.47777040477770405,0.0026542800265428003,81.8393554688,81.8393554688,0,0.08825481088254811,0.0026542800265428003,0.00408900016919,15.2133789062,0,0.12740544127405443,0.0026542800265428003,0.0697019994259,127.36517334,0
density_10_nback_2_id_17,17,d10_n2,27.0000743866,28.1002063751,41.1000518799,32.4000740051,1.1001319884999994,2.0,False,,0.049793720267430785,True,14.9429330826,308.696258545,308.696258545,0.7497935295325675,1.8499255180325669,1.210009574899999,0.9497935772162833,0.9996261074968388,0.8277436150052804,-0.6188789457082273,0.09029236916870922,False,,0.049925565716282705,0.0,2.599793672583715,0.18977262079082696,0.0,0.06748885406475132,7.009941544999279e-05,0.06115873547440454,0.0033518881646552117,1.849793672583715,2.4500739574162864,False,-0.32661459987101316,0.0012632899974865937,-0.29734131964768185,0.01736504473408788,0.2880333501948355,-0.009473530009087166,0.0046292585107092655,1.2997937202674308,False,True,73.11853250478597,0.18329176888165588,1.0052516959186122,175.142456055,0.4508426966292135,0.0028089887640449437,85.9210205078,85.9210205078,0,0.0976123595505618,0.0028089887640449437,0.192138999701,22.4752197266,0,0.14325842696629212,0.0028089887640449437,0.0985110029578,126.167358398,0
density_10_nback_2_id_18,18,d10_n2,26.9501113892,28.400056839,63.2501449585,34.2500610352,1.4499454498000013,2.0,False,1.1998887061674317,0.0499432086837146,True,17.6853103638,190.511032104,190.511032104,3.5499432086837146,4.999888658483716,1.736278533900002,,0.9990143978132885,0.8338201892800942,-0.6919351076254139,0.09815998988131447,False,,0.049888610800000066,0.0,3.849943160999999,0.18828546329541734,0.008048825579075,0.06753634720256185,7.249799357579795e-05,0.05990907524166208,0.004454020789058635,3.0499432086837146,2.8000609875162823,False,-0.3265208550973684,0.0014292755674810156,-0.2908811949451035,0.02319805344731213,0.6272278014455376,0.06623801110158066,-0.019569307612725864,3.2499432563674304,False,True,78.06904182677184,0.20888335928033544,1.004394067949005,176.581542969,0.07815845824411134,0.0021413276231263384,27.9733886719,64.2902832031,0,0.1975374732334047,0.0021413276231263384,0.0336299985647,81.77319335954999,0,0.20931477516059957,0.0021413276231263384,0.232056006789,98.9959716798,0
density_10_nback_2_id_19,19,d10_n2,26.9002304077,28.3003139496,46.800819397,34.6501731873,1.400083541899999,2.0,False,1.2497696876674311,0.049685955032568785,True,17.5386943817,117.787864685,117.787864685,0.7996859550325688,2.199769496932568,0.678390502900001,3.049685955032569,0.999635337028419,0.8977097077136796,-0.6769892999101785,0.10087455000333685,False,,0.04976963998371531,0.0,1.849686145767432,0.1398310505898294,0.020823572725436834,0.06753376047862106,7.982482820061844e-05,0.0605545380551857,0.004214860969263108,1.9496860504000004,4.400173187299998,False,-0.3262419128103947,0.0014768117359761474,-0.29423158402953575,0.02159582520008581,0.35416079233995856,0.7226739024742381,-0.017786138489238167,1.349686145767432,False,True,77.37162591653684,0.21032231203043114,1.004587505050433,176.189941406,0.4831168831168831,0.0025974025974025974,79.5682373047,79.5682373047,0,0.10649350649350649,0.0025974025974025974,0.226561993361,14.6422119141,0,0.11103896103896103,0.0025974025974025974,0.0479740016162,118.226928711,0
density_10_nback_2_id_1,1,d10_n2,26.8994789124,29.1990127563,46.699836731,31.6989536285,2.299533843900001,2.0,False,1.200520992232569,0.0009872913837156716,True,27.8442687988,79.3345413208,79.3345413208,2.0009872913837157,4.3005211352837165,2.6679821014,,0.9999009673277788,0.8367085254174618,-0.9077741626810216,0.12886669805978485,False,,0.0005211829674323099,0.0,5.650987148332568,0.13503675969136386,0.281116143614045,0.067901729557075,0.000180562464883676,0.05629427544773044,0.006855073113856634,0.5009872913837157,1.9989535808162842,False,-0.3285928850895264,0.0029730012963464104,-0.2717153442942174,0.03773799274467274,0.18740368682961195,0.000999723943327834,0.0006437696739668333,0.10098719601628403,False,True,90.15980378123311,0.22671902246371228,1.0024476403621227,176.463745117,0.47430058555627846,0.002602472348731295,53.9285888672,65.0397949219,0,0.11190631099544568,0.002602472348731295,0.0271610002965,17.9364013672,0,0.1457384515289525,0.002602472348731295,0.236022993922,104.59494018570001,0
density_10_nback_2_id_20,20,d10_n2,26.9499568939,29.5504302979,51.9503936768,32.450717926,2.600473403999999,2.0,False,1.2000432014674303,0.04956960673256816,True,31.5844841003,86.2750778198,86.2750778198,1.0495696067325682,3.650043010732567,1.3041229248000015,,0.9998796502153761,0.7990944158288747,-0.9867332476489623,0.09997098743423553,False,,4.315378371444467e-05,0.0,0.34956979746743144,0.09609039083686623,0.06494067525486333,0.06754074696648026,7.632677553594959e-05,0.05411070557135094,0.00784736245317399,1.1495697497837156,1.7507178783162871,False,-0.32652347299615797,0.0016748592428678624,-0.2584881307382076,0.04348833216112096,0.23043391316827957,0.36858886562864046,-0.11949024847249778,,False,,94.53247745415871,0.2329379647330298,1.0042828960906285,175.641113281,0.4808277541083384,0.002434570906877663,78.8602294922,78.8602294922,0,0.09068776628119293,0.002434570906877663,0.0751949995756,15.2664785385,0,0.12842361533779673,0.002434570906877663,0.167357996106,132.946533203,0
density_10_nback_2_id_21,21,d10_n2,26.9007053375,29.1002025604,63.4001274109,32.5507965088,2.1994972229,2.0,False,1.2492947578674318,0.049797534967432,True,26.8919391632,72.669303894,362.989013672,1.049797534967432,3.249294757867432,0.953565597499999,2.599797487283716,0.999880084464983,0.655696347928998,-0.8803333911024317,0.09984491731188422,False,,0.049294710183716006,0.0,2.599797487283716,0.16290867288601488,0.07951073301955999,0.06753792849026446,8.835935224355033e-05,0.05636403557251817,0.006618756181741849,1.4997973442325687,1.9507966041674294,False,-0.32628878676575,0.001347106819462424,-0.2713841379367045,0.03604796707922944,0.5520887287776912,-1.6987386462091039,-0.06600517385378664,1.4497973919162845,False,True,88.42406146263603,0.20020209725488308,1.0045329984186726,176.114257812,0.07322287546766434,0.002137894174238375,16.634765625,98.59326171855,0,0.2495991448423303,0.002137894174238375,0.0131839998066,37.1696777344,0,0.26349545697487975,0.002137894174238375,0.0372919999063,91.1516113281,0
density_10_nback_2_id_22,22,d10_n2,26.9492492676,29.19962883,38.1498832703,34.5994377136,2.2503795624000027,2.0,False,1.2507507800837168,0.0003712176837140646,True,26.5570087433,129.067504883,129.067504883,1.0503711699999982,3.300750732400001,0.7184143065999997,1.3503711223162824,0.9997125332650405,0.9614358740478829,-0.873861691024489,0.0993476302705921,False,,0.0007507800837167622,0.0,0.5003712176837141,0.06546664989732885,0.4597733470300667,0.06753670453633288,7.40087249589306e-05,0.05656343417035111,0.006755228867352613,3.6003711223162824,1.7994377612837127,False,-0.32676576234793425,0.0015467898984335552,-0.2724882834487333,0.03667542915026207,0.472718668405619,0.015676079057892665,-0.0017314312785471663,0.10037112231628242,False,True,89.16687171768278,0.20831064734372315,1.0050317757302074,176.125244141,0.39063643013899046,0.002926115581565472,61.6702880859,62.67877197265,0,0.14484272128749084,0.002926115581565472,0.232666000724,26.7282714844,0,0.14484272128749084,0.002926115581565472,0.0419920012355,104.802612305,0
density_10_nback_2_id_23,23,d10_n2,26.9493350983,28.5493240356,42.4501419067,33.1502418518,1.599988937300001,2.0,False,1.200664997067431,0.0006759167162826429,True,19.841003418,125.478530884,125.478530884,0.8506760597674301,2.450664997067431,1.288295745900001,1.9006760120837143,0.9995574118524491,0.8897624700054214,-0.731224699877375,0.10074997806038817,False,,0.0006649493837151965,0.0,3.5006759167162826,0.20652346660588952,0.034093618563690836,0.06753100984190659,7.985656790680061e-05,0.059470524080090625,0.004882571062595916,4.750675916716283,-0.14975810051628713,False,-0.32619876532182895,0.001452661042875276,-0.2883335505611875,0.026035790498720745,0.2203854775578037,-0.02579996933475207,0.0022551276138595,1.4006760120837143,False,True,80.16261362699944,0.22081417850524143,1.0057166287217854,175.411621094,0.45836200963523743,0.0027529249827942187,64.3803710938,65.4202880859,0,0.08396421197522368,0.0027529249827942187,0.0649409964681,15.9079589844,0,0.13145216792842396,0.0027529249827942187,0.188842996955,105.16265869155,0
density_10_nback_2_id_24,24,d10_n2,26.9498271942,29.8000640869,46.4002113342,32.5999794006,2.8502368927,2.0,False,1.1501727104325674,0.0499358177325675,True,33.4114189148,105.067428589,105.067428589,1.6999359130999991,4.550172805799999,20.886688232400004,,0.9994462108926292,0.9032650761518721,-1.035248644393207,0.09865167869353421,False,,0.0001728534837148743,0.0,2.899935960783715,0.18996876385263153,5.879096715936667e-05,0.06753546773995396,6.396445872260759e-05,0.05287790799449311,0.008517178631395134,0.649935960783715,2.149979352916283,False,-0.32643052582676313,0.001365745658340831,-0.2510282887980862,0.047484271608439745,0.25472952339229427,-0.006048160154962334,0.0014044444096135164,,False,,97.85585195693568,0.22518149751104827,1.0041608879443433,176.134643555,0.47323759791122716,0.0026109660574412533,71.9014892578,71.9014892578,0,0.1272845953002611,0.0026109660574412533,0.122437000275,19.841796875,0,0.141644908616188,0.0026109660574412533,0.136230006814,127.400024414,0
density_10_nback_2_id_25,25,d10_n2,26.9002094269,28.149389267,46.8997192383,32.4496231079,1.2491798401000018,2.0,False,,0.0006108283674315373,True,14.7656230927,52.2965164185,76.6388549805,1.100610733,2.3497905731000017,0.7138309479,1.2006106376325683,0.9992519068005898,0.813712630496161,-0.6245259568095,0.10034822385853157,False,,0.04979062078371754,0.0,5.0006108283674315,0.13662264475517136,0.10405964655024517,0.06753291209276845,8.231196819991024e-05,0.06164938242484167,0.0035448723821969487,4.550610780683716,-0.2503769397837132,False,-0.32629019492551314,0.0016921967248635676,-0.2998545070488334,0.01840042250302348,0.18475221647903664,-0.8430590898571392,-0.012631997496995003,1.5506107806837157,False,True,74.55579751361466,0.20893481948899428,1.004455825365243,176.499755859,0.48604802076573655,0.0025957170668397143,79.0205078125,79.0205078125,0,0.11680726800778715,0.0025957170668397143,0.0371700003743,16.1429443359,0,0.13562621674237507,0.0025957170668397143,0.0341189987957,131.86328125,0
density_10_nback_2_id_26,26,d10_n2,26.9496383667,28.6996154785,41.8998947144,33.0500297546,1.7499771117999998,2.0,False,1.2003617286674313,0.00038456918371565507,True,21.7087440491,140.859863281,140.859863281,0.9003844261325682,2.650361537932568,0.7840404509999992,2.4503846168674315,0.9997284925981136,0.9256660095279263,-0.7683089988568571,0.1001424564441092,False,,0.0003616809837154733,0.0,0.20038461686743148,0.16982224761574957,0.0008134566161971589,0.06752749571674078,7.654201723827679e-05,0.05868953296117429,0.005323891608768258,3.100384473816284,1.2500298022837129,False,-0.3264379583690789,0.0013910999926693174,-0.28423760788782854,0.027829500443884866,0.30316395325166173,0.028719088326498658,-0.006365127752815999,1.7003846168674315,False,True,82.25082441259504,0.21898931924266998,1.0060080867248424,175.308959961,0.4549237170596394,0.0027739251040221915,58.1485595703,65.3243408203,0,0.08529819694868239,0.0027739251040221915,0.247924998403,12.8979492188,0,0.12968099861303745,0.0027739251040221915,0.0120240002871,107.7871704104,0
density_10_nback_2_id_27,27,d10_n2,26.9500846863,28.7001342773,57.7504615784,31.4002857208,1.7500495909999998,2.0,False,1.199915409067433,0.04986572270000167,True,22.8111896515,64.9433898926,91.3938980103,0.8498656750162858,2.5999152660162856,1.3182106018000006,4.9998657703837175,0.9998046352864697,0.7738799048548595,-0.7737538269585715,0.09764469004432105,False,,0.04991531370000146,0.0,7.949865818067433,0.0928839038766651,0.21357388020256532,0.06753557342055921,6.858064530113842e-05,0.058183654610594285,0.005355037763605086,0.7498657703837175,1.9502856731162836,False,-0.32672969604792107,0.0013721035450547678,-0.28150680788928567,0.028405548564657303,0.3058937116300153,0.43619403094058334,-0.15097336471077336,,False,,82.25711163053765,0.2160476086349533,1.0037151529014783,176.401611328,0.44855031267765777,0.0022740193291642978,61.6834716797,65.2364501953,0,0.09096077316657192,0.0022740193291642978,0.210082992911,13.2399902344,0,0.129619101762365,0.0022740193291642978,0.0502929985523,112.30963134769999,0
density_10_nback_2_id_28,28,d10_n2,26.8996696472,28.0004711151,43.8504486084,34.5996208191,1.100801467900002,2.0,False,,0.4495289325837142,False,13.5947961807,45.4603729248,86.856338501,,,0.6725826263000005,0.4495289325837142,0.9992864655604834,0.7928936002672187,-0.5837211168332174,0.10078096379964607,False,,0.0003304481674319959,0.0,5.5495288372162825,0.15517913202827274,0.007001274257587499,0.06753484365578948,8.386130419955406e-05,0.06240628627332609,0.003278273512938394,0.89952898026743,5.699620723732565,False,-0.3263770455592764,0.001633076417157793,-0.30369205708095653,0.017172560647162046,0.36844709868221,0.016495853895336168,-0.003359233428909168,4.199528932583714,False,True,73.87203430731306,0.20395184440517738,1.0047742644385325,176.18762207,0.4665766374071573,0.0027008777852802163,81.3825683594,81.3825683594,0,0.09453072248480757,0.0027008777852802163,0.00701900012791,16.3623046875,0,0.11276164753544902,0.0027008777852802163,0.270812988281,116.191650391,0
density_10_nback_2_id_29,29,d10_n2,26.9506282806,28.9506225586,43.7501983643,31.9506950378,1.999994277999999,2.0,False,1.1993718147674315,0.04937744140000078,True,25.2900028229,300.151062012,300.151062012,0.9993774890837166,2.9993717670837157,0.9039993286000012,3.149377346032569,0.9998613452860151,0.9698043896051145,-0.853788910061,0.09889503877217527,False,,0.04937171939999985,0.0,4.599377393716285,0.07164693536650135,0.43465801707545554,0.06754394993186053,7.859365184774882e-05,0.05690360264852501,0.006075209434800661,0.599377393716285,2.400695085483715,False,-0.32650817224851314,0.0014735194314371579,-0.2746644981205,0.03283239085591267,0.17641587358129265,-0.024942555856713833,0.012010916632913836,,False,,85.70004722688053,0.22226430251743115,1.004017503205113,175.900024414,0.43504736129905275,0.0027063599458728013,51.6520996094,65.4798583984,0,0.13125845737483086,0.0027063599458728013,0.199462994933,12.2641601562,0,0.15764546684709066,0.0027063599458728013,0.0610349997878,100.08807373030001,0
density_10_nback_2_id_2,2,d10_n2,26.9500465393,28.8500213623,39.9493522644,33.2500076294,1.8999748230000009,2.0,False,1.199953556067431,0.04997873306743017,True,23.7621822357,90.6141815186,90.6141815186,2.8999786376999985,4.799953460699999,2.5926990508999985,,0.9998562927748661,0.9607992827035222,-0.8303277649372106,0.09942390327340238,False,,0.0499534606999994,0.0,0.7999787330674302,0.24714605667905562,0.0,0.06753720745052237,8.05563998619245e-05,0.057401375649010516,0.005792280656643387,1.9999785423325669,2.400007724767434,False,-0.3263945057987895,0.0017434049262372985,-0.2767713042466316,0.030817129976628655,0.38585645248876566,-0.002955618050716666,0.0051880808663688355,0.8499786853837143,False,True,84.30095929440616,0.21844529108642263,1.0038433367651531,175.250854492,0.42653352353780316,0.0028530670470756064,34.0270996094,65.5089111328,0,0.09771754636233952,0.0028530670470756064,0.220214992762,24.9254150391,0,0.11982881597717546,0.0028530670470756064,0.0710449963808,93.6937255861,0
density_10_nback_2_id_30,30,d10_n2,26.8999843597,28.6995658875,50.2998390198,34.2994346619,1.799581527800001,2.0,False,1.2500157356674322,0.0004341601837154485,True,21.7194786072,88.0506286621,88.0506286621,0.900434017132568,2.700015544932569,0.980274200500002,1.900434017132568,0.9997384462613886,0.8406137271793805,-0.7561679159599722,0.10104901206337763,False,,1.57356674321818e-05,0.0,1.900434017132568,0.18871979646169412,0.15495361201467522,0.06753950252344737,8.678634028787983e-05,0.05893850233406945,0.0054248665976638815,3.5504341124999996,2.0494346619000012,False,-0.32615639818339476,0.0015418994189196193,-0.28547155981258343,0.028546429277864223,0.2362325656899187,0.2847231875484333,-0.091862631030365,1.0504341124999996,False,True,82.99099992526708,0.1990916020767318,1.004507273308147,176.484130859,0.49006211180124226,0.002484472049689441,76.3237304688,76.3237304688,0,0.10372670807453416,0.002484472049689441,0.244202002883,19.5069580078,0,0.1093167701863354,0.002484472049689441,0.0438230000436,113.928955078,0
density_10_nback_2_id_31,31,d10_n2,26.9003314972,28.3508014679,47.3503646851,34.1001930237,1.4504699706999986,2.0,False,1.2496685981674318,0.0491986274674332,True,18.1828556061,55.0309753418,92.6135406494,3.4491984844162857,4.899668455116284,0.7356853484999988,,0.9997714657411151,0.957411265060047,-0.6896473724265517,0.10055296439188553,False,,0.04966855048371599,0.0,4.199198484416286,0.23845866296490348,0.0,0.0675329543454079,7.633945952485433e-05,0.06030208707368966,0.004392743356845865,2.6491985321000016,3.100193023700001,False,-0.32619272799869736,0.0015739032079365408,-0.2928024766774139,0.02290779334761246,0.1859012680833003,0.069912273778235,-0.019142611491645832,1.5491986274674332,False,True,78.07390976575674,0.19133437749431617,1.0049076767207157,176.026489258,0.4796905222437137,0.0025789813023855577,69.6633300781,69.6633300781,0,0.10122501611863315,0.0025789813023855577,0.0603029988706,26.5593261719,0,0.11927788523533205,0.0025789813023855577,0.167052999139,109.856811523,0
density_10_nback_2_id_32,32,d10_n2,26.9500541687,28.450466156,43.8004760742,31.5996551514,1.5004119873000015,2.0,False,1.1999459266674322,0.04953384399999905,True,19.2845401764,165.469985962,341.699188232,0.8495337963162832,2.3499457836162847,0.8024730682999994,1.9495339393674307,0.999706493833806,0.908164510517582,-0.7175709595285333,0.09766743502479605,False,,0.04994583130000052,0.0,3.4495339393674307,0.31161261455953637,0.19310114552884633,0.06753636514278027,7.396343625314698e-05,0.059506967912116654,0.00460109603630849,0.9995338916837149,2.1496551037162845,False,-0.3262666001131842,0.0013740211376572062,-0.2884973049163334,0.023878028565744412,0.33026002798046455,0.17740373654928826,-0.037262886747088664,,False,,78.75332343772305,0.1863664803315998,1.0049684985604952,175.27734375,0.05,0.002702702702702703,21.2067871094,88.0386962891,0,0.22432432432432434,0.002702702702702703,0.0930180028081,42.7803955078,0,0.23783783783783785,0.002702702702702703,0.0579219982028,139.77746582,0
density_10_nback_2_id_33,33,d10_n2,26.950296402,28.6502971649,45.3002052307,33.7501182556,1.7000007629000002,2.0,False,1.1997036933674323,0.04970288278371626,True,21.6962985992,99.3302688599,99.3302688599,0.8497028351000004,2.5497035980000007,1.2189998626999987,1.9497027397325688,0.9997553097352424,0.9257805190255922,-0.7778020474839705,0.09880023164137236,False,,0.04970359800000068,0.0,4.149702787416285,0.17895979544153312,0.04719878582593517,0.0675367767873579,8.378944143457338e-05,0.058461135253311765,0.0052044270678042286,5.449702739732569,-0.349881649032568,False,-0.32650576296607897,0.0015416464922122443,-0.2829477116465588,0.027678534226799518,0.19688805451011668,0.003594922615859039,-0.0033720908220533337,1.8997027874162846,False,True,81.5444330243354,0.2121346204999724,1.004842304610739,175.765136719,0.47448641484426773,0.0026507620941020544,78.4564208984,78.4564208984,0,0.08548707753479125,0.0026507620941020544,0.133239999413,17.529296875,0,0.1219350563286945,0.0026507620941020544,0.125,118.74041748,0
density_10_nback_2_id_34,34,d10_n2,26.9494915009,28.5499858856,47.6997718811,34.0995826721,1.6004943847000028,2.0,False,1.2005085944674327,1.4066716282457037e-05,True,19.8940429688,203.939178467,203.939178467,0.9000141620837141,2.500508546783717,1.2781276703000017,1.900014162083714,0.9989389681030514,0.8296161490481975,-0.70747033879175,0.09842662331896579,False,,0.0005085467837169233,0.0,4.700014114399998,0.44275522642596615,0.0,0.06753255279832762,7.473026517811258e-05,0.05958813452161875,0.004851313544266723,3.35001420976743,2.199582576732567,False,-0.326596575348,0.0012668189997792764,-0.28928732965140624,0.02551382513821463,0.25310325866502037,1.1609288864461185,-0.18234393719277195,,False,,80.1911004841304,0.2133301922069997,1.0047908179337477,175.788696289,0.043645699614890884,0.0025673940949935813,32.2072753906,77.9766845703,0,0.3902439024390244,0.0025673940949935813,0.124877996743,16.434020802385,0,0.15725288831835688,0.0025673940949935813,0.0969239994884,102.269042969,0
density_10_nback_2_id_35,35,d10_n2,26.9498710632,29.8005867004,42.0505371094,33.1504249573,2.8507156372000004,2.0,False,1.2001290321674318,0.04941320423256812,True,33.432762146,101.363021851,101.363021851,0.9994132519162839,3.8501288891162844,19.452861785900005,,0.9999122843809128,0.91200100532724,-1.043608603806276,0.09992664106388027,False,,0.00012898448371601035,0.0,0.7494132519162839,0.19114876019696264,0.030103421723468835,0.06753632289014079,6.917293537654553e-05,0.052877572911050004,0.008510289899929345,1.0494132042325681,2.3004250526674284,False,-0.3264750818673027,0.0015257486194695906,-0.25130359340334485,0.04766978658032833,0.2707743065219256,-1.3304298611953895,0.031577978547024994,0.7494132519162839,False,True,97.82166599174425,0.21825875717807303,1.0045765995926448,175.275146484,0.4532871972318339,0.002768166089965398,81.0299072266,81.0299072266,0,0.09134948096885813,0.002768166089965398,0.153687000275,17.6495361328,0,0.1342560553633218,0.002768166089965398,0.109802000225,127.272705078,0
density_10_nback_2_id_36,36,d10_n2,26.900800705,28.8505134583,50.3002662659,34.3505783081,1.9497127532999983,2.0,False,1.2491993903674299,0.049486637067431616,True,24.0528450012,225.912506104,225.912506104,0.9494864940162842,2.8991992473162824,0.8737354277999998,1.4994864463325683,0.9997179771441042,0.9210671548860543,-0.8146129907700769,0.09996171594645527,False,,0.049199342683714065,0.0,4.599486589383716,0.29036895413154806,0.01580102442724967,0.06754282214924079,8.637270308210307e-05,0.05766018212605642,0.005904326184421528,3.5494866370674316,1.950578212732566,False,-0.3262115493416843,0.0014486614011760307,-0.2784951080878461,0.03181684241634999,0.20177955992985044,0.282895773851035,-0.09034954820526618,,False,,85.03438774035253,0.2227380440373657,1.0050063313690298,176.225463867,0.4860161591050342,0.002486016159105034,73.3157958984,73.3157958984,0,0.09571162212554382,0.002486016159105034,0.108520999551,25.6573486328,0,0.11000621504039776,0.002486016159105034,0.322753995657,108.146606445,0
density_10_nback_2_id_37,37,d10_n2,26.9495677948,28.749797821,51.2499847412,37.0998344421,1.8002300262000013,2.0,False,1.2504322528837157,0.00020217899999863675,True,21.4710445404,268.638427734,268.638427734,0.9502022266837145,2.7504322528837157,1.1778621674000007,3.6502022743674303,0.9990870986660287,0.9153070370643686,-0.7587570399043333,0.09918792393847894,False,,0.00043225288371573356,0.0,0.20020222668371446,0.2621924570108373,0.041925747475272335,0.06753149403161185,6.80615271728022e-05,0.05879844652695554,0.005434743756956734,5.050202131316283,3.299834489783713,False,-0.32623589078064474,0.0015965039683142,-0.28481016556419453,0.028942049950781666,0.27123036100278264,0.10012775777528,-0.02099204086697333,1.6502022743674303,False,True,82.97442320015585,0.20971747657935194,1.0054807152922096,176.048706055,0.4176904176904177,0.002457002457002457,17.7795410156,37.7145996094,0,0.1167076167076167,0.002457002457002457,0.130126997828,57.2164306641,0,0.1339066339066339,0.002457002457002457,0.128784000874,57.3873291016,0
density_10_nback_2_id_38,38,d10_n2,26.8994007111,29.0494232178,47.399307251,34.0999679565,2.150022506700001,2.0,False,1.2505993842674314,0.0005767345162830395,True,26.1877822876,157.779327393,157.779327393,1.0505766868325672,3.200599193532568,1.1367282867000021,1.1505768298837147,0.9998296493966181,0.9237344909006725,-0.8423241543217443,0.10052359574719474,False,,0.0005993842674314465,0.0,1.1005768775674305,0.21246569684707273,0.4153386511529751,0.06753578301714867,8.756744345311919e-05,0.057122595001783724,0.006433710276125822,2.000576734516283,3.049968004183718,False,-0.32658246551697373,0.0014594454185769047,-0.275397206115186,0.034702636509996755,0.20505565342471535,-0.021401681727801495,0.0016587150846008338,,False,,87.79550159418636,0.21042992527004672,1.0043409756188832,176.121582031,0.45390070921985815,0.0025789813023855577,52.6423339844,52.6423339844,0,0.11927788523533205,0.0025789813023855577,0.219542995095,25.8217773438,0,0.1399097356544165,0.0025789813023855577,0.0531620010734,108.604492188,0
density_10_nback_2_id_39,39,d10_n2,26.9491825104,28.6491584778,61.5992240906,34.4991912842,1.6999759674000003,2.0,False,1.2008175849674316,0.0008416175674312854,True,20.827495575,183.186584473,183.186584473,0.8508415221999996,2.5508174896,0.9722900390999989,1.950841426832568,0.9998727612559257,0.9318385460177152,-0.7545442283153235,0.10016768430599342,False,,0.0008175372837158079,0.0,5.500841617567431,0.2607234143704678,0.006247212085872116,0.06753392360712368,8.29210554282251e-05,0.05896806037601177,0.005155822123587265,3.8508415221999996,1.999191284200002,False,-0.3263239189982895,0.001427306221766447,-0.28558254241932357,0.027354956593759083,0.3043062010059812,0.9576951156062166,-0.1649285021994665,0.10084152219999964,False,True,81.55332871604676,0.21468305951777839,1.0026173155192724,175.452514648,0.4201634877384196,0.0021798365122615805,65.6245117188,65.6245117188,0,0.06975476839237058,0.0021798365122615805,0.105347000062,30.2611083984,0,0.0997275204359673,0.0021798365122615805,0.158142000437,102.622680664,0
density_10_nback_2_id_3,3,d10_n2,26.9498748779,27.2995510101,42.1000061035,35.1497879028,0.34967613219999905,2.0,False,,2.750448942216284,False,3.25552797318,226.522872925,226.522872925,,,0.7685961723400001,2.750448942216284,,0.9226307686083715,-0.401730809893,0.09936003306095526,False,,0.0001251697837147958,0.0,6.650449037583716,0.19989428627183567,0.4362004001004517,0.06754374925634868,7.459514558778658e-05,0.06576879216092858,0.0007747204830753164,1.0504488945325683,6.799787998167432,False,-0.32657606350748686,0.001734636352377912,-0.3212892455715714,0.0044525359292572125,0.18427573742323056,0.09220491776553232,-0.021821906130464,0.10044908526743157,False,True,62.47052458746695,0.18938835955685315,1.0056489973226925,175.300048828,0.36929460580912865,0.0027662517289073307,50.3533935547,59.45892333985,0,0.1798063623789765,0.0027662517289073307,0.236571997404,42.9088134766,0,0.1798063623789765,0.0027662517289073307,0.0235600005835,84.9288330078,0
density_10_nback_2_id_40,40,d10_n2,26.9500045776,27.6495037079,46.8493881226,34.7995605469,0.6994991302999978,2.0,False,,0.5004963874674324,False,7.57798242569,235.068054199,235.068054199,,,1.7643904686000003,0.5004963874674324,0.9884774428972688,0.9131858610641236,-0.46907261243230763,0.09779891387656052,False,,0.049995422399998546,0.0,6.000496387467432,0.23420646605715312,0.39907831735911165,0.06753877491542895,7.678188051049906e-05,0.06429846985982307,0.001658266285900671,3.0504963397837166,4.099560499216281,False,-0.32668547253860525,0.0013979230803848135,-0.31458584849661536,0.008616271380585704,0.32066485848202986,0.002379783241951363,-0.0050520852984125,,False,,66.7557390497905,0.19626982910275195,1.0056785562599848,175.9921875,0.4103896103896104,0.0025974025974025974,17.412109375,64.9151611328,0,0.137012987012987,0.0025974025974025974,0.0509029999375,74.4301757812,0,0.16948051948051948,0.0025974025974025974,0.0101319998503,55.4993286133,0
density_10_nback_2_id_41,41,d10_n2,26.9499759674,27.8998088837,86.6002426147,33.0501251221,0.9498329163000001,2.0,False,,0.2001910209325679,False,11.7663412094,65.6270065308,74.3178710938,,,0.9504127502999999,0.2001910209325679,0.9994109999912504,0.8766967250845447,-0.54091538881,0.09915030600597367,False,,2.4080283715477435e-05,0.0,4.800191163983715,0.12638463036191644,0.19146501141752967,0.0675402919908921,8.027698154707185e-05,0.06299548517716316,0.0026494298064586516,2.3501911162999995,2.800125122099999,False,-0.3265123230062237,0.0013497823858539225,-0.3064877155581053,0.013932569035927838,0.38147632032862433,-0.42784075513486663,0.15981933474541668,1.4001910686162837,False,True,71.03256095358508,0.19723971408981808,1.0042192905529035,176.113525391,0.3514554794520548,0.0017123287671232876,54.5876464844,65.5684814453,0,0.0779109589041096,0.0017123287671232876,0.180359005928,26.8645019531,0,0.09118150684931507,0.0017123287671232876,0.0784299969673,115.492614746,0
density_10_nback_2_id_42,42,d10_n2,26.9502124786,28.9001560211,44.8000221252,35.4501876831,1.949943542499998,2.0,False,1.1997876167674306,0.04984402658371678,True,24.5584278107,260.703613281,260.703613281,0.8998439312162851,2.849787473716283,0.8478069304999991,1.2998440265837168,0.9998547617038136,0.8756532804773814,-0.8388134202893076,0.09843664721735591,False,,0.04978752139999898,0.0,4.049844026583717,0.2993757160942989,0.05384626809390933,0.06753249789931974,7.180848501781115e-05,0.05715768010569487,0.005950670828888389,3.799844026583717,2.7501876354162818,False,-0.32637062080597373,0.0014880027216015725,-0.2758058936167435,0.03166157476173121,0.29151537591519794,-0.2531516953065469,0.0050147849308369965,3.049844026583717,False,True,84.9986424769188,0.20113080466369562,1.005156953569184,175.592285156,0.44429619746497667,0.00266844563042028,50.7442626953,54.4368896484,0,0.09006004002668445,0.00266844563042028,0.153503000736,56.5205078125,0,0.11941294196130754,0.00266844563042028,0.0344239994884,69.0316162109,0
density_10_nback_2_id_43,43,d10_n2,26.9500598907,28.8998394012,50.4495010376,33.9502105713,1.9497795105000009,2.0,False,1.1999402046674312,0.00016069416743036413,True,23.9801921844,323.345123291,323.345123291,0.9001605511162829,2.8499400616162838,0.8648777007999975,1.3501605987999987,0.9997421860884325,0.9377875526322557,-0.8257972409842106,0.09839236252253633,False,,0.04994010929999959,0.0,3.7501606941674304,0.12444337787248821,0.4432289860919238,0.06753456298457765,7.487810565433699e-05,0.057411796070244735,0.005792346044351629,2.5001606941674304,2.550210475932566,False,-0.32636005627476317,0.0016417397311125565,-0.27710726504260524,0.031017348219498135,0.26680887703500183,0.04586205602003499,-0.009638329034594164,4.00016069416743,False,True,84.31870623481763,0.21816676550779782,1.0054885862088945,175.667358398,0.46774193548387094,0.0024813895781637717,56.6212158203,56.6212158203,0,0.1259305210918114,0.0024813895781637717,0.0280150007457,33.0700683594,0,0.13027295285359802,0.0024813895781637717,0.264037996531,103.51965332,0
density_10_nback_2_id_44,44,d10_n2,26.9497432709,28.3002109528,46.8996925354,34.3501815796,1.3504676818999997,2.0,False,1.1502566337325675,0.04978895183256782,True,17.4652462006,138.809020996,138.809020996,0.7997889518325678,2.1502566337325675,0.7940902710000017,1.6997890471999995,0.9993695944391296,0.9455764049936413,-0.674638157444393,0.100640907981675,False,,0.0002567767837149404,0.0,4.999788999516284,0.23894789346755682,0.0,0.06753708461396975,8.408722705050909e-05,0.06056632713548214,0.004216559412557303,0.9497890471999995,5.100181579599997,False,-0.32624676274625,0.001561420179958322,-0.29399260452814285,0.022057951851897413,0.25748581332823633,-0.4450948436756074,0.021478606992994996,3.349789142567431,False,True,77.3801717301007,0.2042306520260828,1.0050194629609308,175.642822266,0.4717715768981181,0.0025957170668397143,66.2257080078,66.2257080078,0,0.11875405580791694,0.0025957170668397143,0.160338997841,26.6824951172,0,0.12070084360804673,0.0025957170668397143,0.103271000087,106.755249023,0
density_10_nback_2_id_45,45,d10_n2,26.9507350922,28.6501102448,53.5500450134,33.9500045776,1.6993751526000018,2.0,False,1.199265003167433,0.04988980288371536,True,21.6266937256,68.3614578247,340.499816895,3.3998897075162837,5.0992648601162855,1.0038986205999976,,0.9998071591679083,0.7970256510933632,-0.7744577877665,0.09889422741867498,False,,0.04926490780000137,0.0,3.6498897075162837,0.21990653579952466,0.06942692889523583,0.06754083402063289,7.033975009688889e-05,0.05846594986231765,0.00521485171256157,2.999889850567431,2.3000044822325663,False,-0.3263592229862106,0.00144616201944563,-0.28309387319226476,0.02726941399798314,0.3486585389244185,0.980854181448,-0.20628529985744998,2.499889850567431,False,True,81.54641606607551,0.2183564966822068,1.0043281168071194,175.875366211,0.03940298507462687,0.0023880597014925373,23.908203125,77.0830078125,0,0.20119402985074628,0.0023880597014925373,0.130248993635,25.7850341797,0,0.20119402985074628,0.0023880597014925373,0.0632319971919,110.811401367,0
density_10_nback_2_id_46,46,d10_n2,26.8996257782,27.5496349335,38.1002426147,31.899646759,0.6500091552999976,2.0,False,,2.1003651618674333,False,6.172747612,359.065216064,359.065216064,,,0.9627518653900005,2.1003651618674333,0.9929613069643168,0.970168684358543,-0.4531783965916923,0.09795351733308288,False,,0.00037431716743085985,0.0,3.9503650665000016,0.08030175532452795,0.4386299626591451,0.06754452068554868,7.22090566357911e-05,0.06489301014405385,0.0015336560628460983,4.30036497113257,0.049646854367431104,False,-0.32678262340393416,0.001289949525443399,-0.31690675020223075,0.009233903810900107,0.1815144852053505,0.04485204794908517,-0.0058715615872663995,1.7003650665000016,False,True,66.77249975197535,0.20732025092669268,1.0054100972407785,175.811645508,0.39824304538799415,0.0029282576866764276,66.9892578125,67.94299316405,0,0.1800878477306003,0.0029282576866764276,0.175659000874,19.3112792969,0,0.1800878477306003,0.0029282576866764276,0.116699002683,135.710510254,0
density_10_nback_2_id_47,47,d10_n2,26.900806427,28.7004051208,47.3002586365,32.7505187988,1.7995986938000001,2.0,False,1.1991934776325692,0.04959487920000072,True,22.4515457153,80.3599624634,80.3599624634,4.099594831516285,5.899193525316285,0.7938728333,,0.9997082762596321,0.9470272735628154,-0.7839352670643055,0.10124429908431844,False,,0.04919362068371669,0.0,4.799594879200001,0.19621801913116196,0.31646903427317336,0.06754786148667105,7.738006058444696e-05,0.05843384460441944,0.005469062118576113,0.9995949268837165,3.050518751116286,False,-0.32647153186164474,0.001681042823962577,-0.2829062657223611,0.029269352486914015,0.27942462008491054,0.023349067320268334,-0.005916578153902916,0.0995948315162849,False,True,82.96556112702658,0.20704301708141604,1.0054664003329368,176.415649414,0.46675274370561654,0.0025823111684958036,62.7794189453,62.7794189453,0,0.14138153647514526,0.0025823111684958036,0.142883002758,22.6544189453,0,0.14719173660426083,0.0025823111684958036,0.116028003395,123.034790039,0
density_10_nback_2_id_48,48,d10_n2,26.9000911713,28.7999782562,60.40001297,40.7000083923,1.8998870848999978,2.0,False,1.2499089240674301,2.1696116284886102e-05,True,22.7943000793,244.833984375,345.867340088,0.9000217914837165,2.7999088763837143,0.8076992033999986,1.5000216961162849,0.9997741496869822,0.8368239684857074,-0.7815594657045676,0.08280041951098026,False,,0.04990887638371433,0.0,5.9000217914837165,0.17284451861644806,0.349827660542535,0.06755392880816447,0.00013316772329763157,0.05815135566769729,0.005633653715637312,3.050021648432569,8.85000848766743,False,-0.32759798239725,0.0013809585591053916,-0.2811059073822162,0.029870558406889514,0.2850718942114952,0.7541221007704001,-0.1886763736605383,0.10002183916743235,False,True,83.70540802466948,0.2082890137394693,1.0042244221544188,176.460083008,0.21578366445916114,0.002207505518763797,39.6049804688,44.70544433595,0,0.1859823399558499,0.002207505518763797,0.0429689995944,48.1693115234,0,0.19701986754966888,0.002207505518763797,0.11755400151,79.4038085938,0
density_10_nback_2_id_49,49,d10_n2,27.0001468658,29.5002307892,67.900100708,34.7500648499,2.5000839233999983,2.0,False,1.1998531818837144,0.04976916311628443,True,30.2850837708,71.2390365601,71.2390365601,0.9997692108000003,3.4998531341999986,1.5542182922999999,2.2997691631162844,0.9993767199295671,0.7381974522050501,-0.9807561737301401,0.09712921750827765,False,,0.04985308651628273,0.0,6.599769115432569,0.10095875023142718,0.44653984807666347,0.0675340521296408,6.333310753629592e-05,0.05416523844003599,0.007454902635707173,2.149769306167432,3.1000647545325677,False,-0.32648322417546055,0.0013932190635275786,-0.25917582124464,0.04124032697191792,0.35417755960592767,0.201892930804821,-0.07590589845398199,21.449769258483716,False,False,92.44478295901222,0.22633157661285144,1.0044052868168216,175.267089844,0.31855249745158004,0.0020387359836901123,55.1376953125,61.8615722656,0,0.1472986748216106,0.0020387359836901123,0.142700001597,24.1734619141,0,0.1472986748216106,0.0020387359836901123,0.123901002109,104.153198242,0
density_10_nback_2_id_4,4,d10_n2,26.8999919891,29.3500671387,38.7003517151,32.59998703,2.4500751496,2.0,False,1.20000791553257,0.04993295666743336,True,29.3917350769,64.7191009521,76.4963760376,1.0499329566674334,3.5000081062674333,1.2748279570999976,,0.9999279991531678,0.9978940495338988,-0.9339833688738399,0.1013802001743171,False,,8.106267433305447e-06,0.0,,0.0,0.2748211553164521,0.06752633352421185,9.081580854370153e-05,0.055357340723272,0.0074322534387233005,1.0999329089837175,2.1499869823162854,False,-0.3261782028956974,0.0014676443175029455,-0.26538635462522003,0.04071841170667688,0.26998915961112857,0.14015055984874883,-0.04349689324927333,,False,,92.556763375985,0.21608448906802222,1.0044624031743516,176.588256836,0.4233841684822077,0.002904865649963689,65.7412109375,72.32348632815,0,0.15250544662309368,0.002904865649963689,0.188354000449,15.1389160156,0,0.15250544662309368,0.002904865649963689,0.100708000362,133.109985352,0
density_10_nback_2_id_50,50,d10_n2,26.8998947144,29.0997276306,46.5998268127,33.9993438721,2.199832916200002,2.0,False,1.2501053809674332,0.00027227403256802063,True,26.1620502472,96.7667160034,96.7667160034,3.250272274032568,5.45010519023257,2.0547828674,,0.9998815319720095,0.898785157523377,-0.8585343089967045,0.10137338730456447,False,,0.00010538096743317737,0.0,3.8502724170837155,0.27872071915553287,0.00030313017099006665,0.0675386399226816,8.723207935343575e-05,0.05685441856357045,0.006592439782094808,2.3502724170837155,2.549343824416283,False,-0.32638726226596054,0.0013934156697975452,-0.27409463138743184,0.035768326798093636,0.19077528655941342,-0.6692381860087663,0.0006019510018550019,1.7002723217162838,False,True,88.4942587419423,0.22739282809526762,1.0051489042008144,176.424926758,0.4674479166666667,0.0026041666666666665,63.6280517578,63.6431884766,0,0.09895833333333333,0.0026041666666666665,0.00530999992043,32.5708007812,0,0.12630208333333334,0.0026041666666666665,0.229186996818,102.639282227,0
density_10_nback_2_id_51,51,d10_n2,26.9497699738,28.1997661591,47.7004623413,35.6498413086,1.2499961853000023,2.0,False,1.200230121567433,0.00023388858371475862,True,15.4235115051,291.832489014,291.832489014,0.8002338408999989,2.0502300262000013,0.7923870086999987,1.7502338885837148,0.9994666065176423,0.9450009651631993,-0.61745266079896,0.0991465966708013,False,,0.0002300738837170968,0.0,4.900233745532567,0.2530862033948224,0.20697099067523764,0.06754846067021053,7.820572271336859e-05,0.061374861150979995,0.0037480533259322516,5.150233745532567,2.2998414039674344,False,-0.3266097840510658,0.001568499170363971,-0.29831690430648,0.01963163225778605,0.18434542477185278,6.763434396636489,0.018996876648905005,0.10023379321628312,False,True,75.29172240388449,0.20801325868975812,1.0050539865041395,175.838989258,0.4653401797175867,0.0025673940949935813,51.6926269531,52.7268066406,0,0.10526315789473684,0.0025673940949935813,0.0852050036192,45.4797363281,0,0.1110397946084724,0.0025673940949935813,0.295287996531,77.3857421875,0
density_10_nback_2_id_52,52,d10_n2,26.9500656128,28.6991081238,45.500087738,32.6999397278,1.749042510999999,2.0,False,1.2499344348837162,0.0008919238837172827,True,21.6088123322,104.970092773,104.970092773,0.9008917808325698,2.649934291832569,1.4520263671999984,1.200891971567433,0.998433301753798,0.9666161433704371,-0.7553859458250883,0.09772385085777632,False,,0.04993438720000043,0.0,1.200891971567433,0.026680370272192222,0.42160427657259997,0.06753233575115396,6.277742113149904e-05,0.05869997248930294,0.005186066158701658,2.5008919238837173,1.4999396801162845,False,-0.32663846996267104,0.001438076079957696,-0.2843443961705,0.02774653973323071,0.5666996939024966,-0.06563548234638833,-0.013142329112944997,,False,,81.5514371407513,0.2083643870887888,1.0051127238506246,175.50378418,0.46367239101717306,0.002642007926023778,68.0792236328,68.0792236328,0,0.10898282694848084,0.002642007926023778,0.205200001597,17.5736083984,0,0.14663143989431968,0.002642007926023778,0.059997998178,128.461486816,0
density_10_nback_2_id_53,53,d10_n2,26.9500427246,28.5001811981,47.9501266479,33.4001731873,1.5501384735000023,2.0,False,1.149957180032569,0.04981875421628246,True,19.8993110657,114.198890686,114.198890686,0.8498187065325666,2.399957180032569,0.8102741241000011,1.64981889726743,0.9996340333724003,0.8160276183914346,-0.7314725412471934,0.09832149903338683,False,,0.04995727540000061,0.0,4.199818849583714,0.17503678950312251,0.14251477763363835,0.06753532578678423,7.905677972946354e-05,0.059263200048487105,0.004746310310344356,2.8498187065325666,2.05017328266743,False,-0.32650490928638165,0.0015336363221121643,-0.2874541013472258,0.024759578406304474,0.2515896635407092,0.13353779764435342,-0.04192649452961809,0.8998188972674299,False,True,79.46550215971462,0.21137610534697368,1.005514047242185,175.501831055,0.4673495518565941,0.002560819462227913,74.5200195312,79.11950683595,0,0.147247119078105,0.002560819462227913,0.0697019994259,19.9914550781,0,0.147247119078105,0.002560819462227913,0.170349001884,120.364074707,0
density_10_nback_2_id_54,54,d10_n2,26.9496936798,28.1496105194,43.9999275208,34.5004272461,1.1999168396000002,2.0,False,,0.00038957596743216527,True,14.8277549744,239.340652466,239.340652466,0.8503894806000005,2.0503063202000007,0.6732158660999996,2.200389385232569,0.9998364190751251,0.9601566394313779,-0.6192304678260834,0.09973547431199603,False,,0.00030636788371651846,0.0,0.6003894806000005,0.16493040013937366,0.4400849502533833,0.06753734332558288,8.075724731057244e-05,0.06164916014919583,0.0035227788496762897,4.1003894806000005,2.2504272461000028,False,-0.3263470299149868,0.001498832944448814,-0.2997918613254583,0.018124210492340222,0.24362689667992377,0.03740654603850616,-0.009209332556932332,3.5503895282837163,False,True,74.55907187231169,0.19584694900378657,1.0056627456585532,175.241088867,0.43762643290627107,0.0026972353337828725,47.6938476562,65.3421630859,0,0.09575185434929198,0.0026972353337828725,0.195373997092,32.6953125,0,0.11732973701955496,0.0026972353337828725,0.077881000936,76.74572753909999,0
density_10_nback_2_id_55,55,d10_n2,27.0004673004,29.4509735107,48.850276947,35.6502075195,2.4505062102999986,2.0,False,1.1995327472837154,0.049026489300000975,True,29.9512634277,73.1820144653,73.1820144653,1.049026489300001,3.4995326995999996,0.5540542602000009,1.299026489300001,0.9999329036413104,0.8807831259715234,-0.9701801866901836,0.09722069061461973,False,,0.049532651916283754,0.0,7.249026536983717,0.2583392311032486,0.04236873354530216,0.06753164196484868,7.108574197533434e-05,0.054613494219218364,0.007313206915473157,4.849026441616285,1.3502075671837162,False,-0.32627996998393427,0.0015875225963167673,-0.26147774439683674,0.040404978831343676,0.26984608629412743,0.09963441815343847,-0.018150009558295946,,False,,91.77929579838879,0.21738732267511432,1.00477696841513,175.239257812,0.46236559139784944,0.002530044275774826,46.4672851562,46.5812988281,0,0.0866540164452878,0.002530044275774826,0.181885004044,39.853515625,0,0.11891208096141682,0.002530044275774826,0.0739139989018,83.5505371094,0
density_10_nback_2_id_56,56,d10_n2,26.9001274109,30.3999614716,43.6002845764,35.1999320984,3.4998340606999996,2.0,False,1.2498726844674302,3.862376743057894e-05,True,113.610160828,81.7787475586,113.610160828,1.100038528399999,4.5998725890999985,13.339263916,,0.9985840410350559,0.7704120250888555,-1.3768739566424495,0.10051742566160264,False,,0.04987263678371434,0.0,2.0000386237674306,0.29165459371991204,0.0,0.0675362532860329,8.347279888249879e-05,0.050013040853800005,0.01029572840763079,2.100038528399999,2.699932098399998,False,-0.32649172646436836,0.001480530252398384,-0.23544674863417392,0.05741581452377596,0.5035157807440412,-0.0029113041593561,0.00029223573698508836,2.7500386237674306,False,True,104.87489848973246,0.21748339364553376,1.0056628306370416,176.274536133,0.45528455284552843,0.0027100271002710027,68.8581542969,68.8581542969,0,0.07926829268292683,0.0027100271002710027,0.0319209992886,30.3029785156,0,0.10840108401084012,0.0027100271002710027,0.228394001722,96.5751953125,0
density_10_nback_2_id_57,57,d10_n2,26.9002361298,28.3501796722,46.4001045227,34.0000038147,1.4499435423999998,2.0,False,1.249763965567432,0.04982042316743218,True,18.1684913635,221.029541016,221.029541016,0.8498203754837164,2.299763917883716,0.6882362364999999,2.3998203278000005,0.9996164950698869,0.923780085413693,-0.6902454310451379,0.10056138001871975,False,,0.04976391788371615,0.0,5.849820375483716,0.11656253461975631,0.43194782473145005,0.06753623652222764,7.064535395113901e-05,0.060296980985265515,0.004398048713177678,3.8498203754837164,1.8000037670162854,False,-0.32657595527800004,0.0017414671640695973,-0.292913454359931,0.022911418781322537,0.36850779892215135,-0.0044409275054933355,-0.007888664010325,,False,,78.0473246393725,0.17949163350612185,1.0054577281218164,175.749023438,0.44546048334421945,0.002612671456564337,51.8553466797,51.8553466797,0,0.11691704768125408,0.002612671456564337,0.168518006802,30.3802490234,0,0.14435009797517961,0.002612671456564337,0.102416999638,105.418457031,0
density_10_nback_2_id_5,5,d10_n2,26.9501018524,29.5502166748,47.2501945496,35.0498352051,2.600114822400002,2.0,False,1.199898242967432,0.04978322983256689,True,31.5154724121,90.5481414795,90.5481414795,0.9997832775162827,3.5998980999162846,1.0576553345000015,2.2497832775162827,0.9998995903322667,0.9481397119213035,-0.9885823778234232,0.09772539211099211,False,,0.04989814760000044,0.0,0.9497833251999985,0.19645469001002774,0.4904074137409666,0.06753592085289081,7.554310194701733e-05,0.05387350967010577,0.007724140860467278,2.6997833251999985,2.7998352051000026,False,-0.3265840473927895,0.0015917776667655583,-0.25712233266009615,0.04301863361775927,0.29298036791017124,0.06365345495191291,-0.012538350261464,4.049783229832567,False,True,93.82302588061906,0.22827418364192759,1.0042775539053905,176.21887207,0.4599483204134367,0.002583979328165375,53.708984375,53.708984375,0,0.10465116279069768,0.002583979328165375,0.25268599391,29.1976318359,0,0.12144702842377261,0.002583979328165375,0.0200810004026,97.6811523438,0
density_10_nback_2_id_6,6,d10_n2,26.9502677917,28.4504299164,42.0001716614,34.9501991272,1.500162124700001,2.0,False,1.1997323036674317,0.04957008359999904,True,18.6586208344,392.553497314,392.553497314,0.8995699882325674,2.3997321129325684,1.2289218901999988,2.549570083599999,0.9983471701423112,0.8472984406313717,-0.7054220487673668,0.09763010118250133,False,,0.049732208300000025,0.0,2.999570131283715,0.42936214482113566,0.000109744265986,0.06753606310016184,7.21821469881285e-05,0.05963451154530668,0.004586469797147343,0.5995700359162832,5.900199174883717,False,-0.3266213618611053,0.0013956754255345458,-0.2894700194398333,0.024177176926249707,0.20512401050052198,0.09014454061404865,-0.00976174386839,,False,,78.77803419028524,0.210527464491483,1.00461018333163,176.469482422,0.44005544005544006,0.002772002772002772,65.8077392578,70.1823730469,0,0.0893970893970894,0.002772002772002772,0.0380860008299,42.7481689453,0,0.11711711711711711,0.002772002772002772,0.0268549993634,85.484375,0
density_10_nback_2_id_7,7,d10_n2,27.0000305176,29.2002716064,45.949256897,35.0000610352,2.200241088800002,2.0,False,1.1499695777674326,0.04972839359999881,True,27.9339179993,152.652206421,152.652206421,3.649728298232567,5.849969387032569,0.9584655762000018,,0.9999270375343576,0.9331869297773674,-0.9125256809317044,0.09649637437082763,False,,0.04996943471628512,0.0,3.9997284412837146,0.278807392790548,0.0,0.06753673678950393,7.2339614769591e-05,0.055359978398143175,0.006645503526672626,2.349728345916283,3.450061082883714,False,-0.32650524848389473,0.0015709320606420876,-0.2658913890746591,0.036004520989690134,0.21654885785777972,0.025714410818218174,-0.0042995822984572335,2.149728298232567,False,True,88.39928595343837,0.20528118353200064,1.005325685985552,175.242675781,0.452991452991453,0.0026298487836949377,54.8887939453,55.6987304688,0,0.09072978303747535,0.0026298487836949377,0.0909420028329,43.3499755859,0,0.12163050624589086,0.0026298487836949377,0.168335005641,83.1287841797,0
density_10_nback_2_id_8,8,d10_n2,26.9000968933,28.5500297546,54.1501083374,30.6000347137,1.6499328613000017,2.0,False,1.1999030113325695,0.04997015003256777,True,20.8654499054,264.976196289,264.976196289,0.9999701977162836,2.6499030590162853,0.7390727997000006,3.7499701977162836,0.9997142227279496,0.8992779358580806,-0.7618221143881818,0.1090731482132004,False,,0.04990315438371695,0.0,5.249970197716284,0.1392250326388072,0.15194869496236915,0.06767523661255263,0.0001829650795541399,0.059209283328415144,0.004983830480340593,0.6499702930837152,1.4000346660162855,False,-0.3273422969014868,0.0020571558493204935,-0.28759885782551514,0.02683899632275714,0.386146862934089,-0.0582677959762261,-0.14210137275516418,16.84997034076743,False,False,80.93954138827469,0.31716200543865547,1.0043926853016705,176.391723633,0.46591582691167754,0.0023710729104919974,78.2391357422,78.2391357422,0,0.13930053349140487,0.0023710729104919974,0.159546002746,15.517578125,0,0.15115589804386484,0.0023710729104919974,0.139282003045,149.378662109,0
density_10_nback_2_id_9,9,d10_n2,26.9500274658,28.6003475189,45.8500022888,34.4501113892,1.6503200530999997,2.0,False,1.1499724388325667,0.049652576467430265,True,21.4577770233,162.393722534,162.393722534,0.8496525287837144,2.499972581883714,1.1502475738999998,2.749652385732567,0.9997821931624026,0.9662245186040463,-0.7658949584676668,0.09900908275065487,False,,0.049972534199998364,0.0,4.999652385732567,0.17865641528708626,0.32570303456548827,0.06753652003642763,9.236488782724473e-05,0.05872344846527576,0.00505979109807789,3.999652385732567,1.8501114845674351,False,-0.3264819485576053,0.00144996865376159,-0.28423417969184844,0.026730820000491422,0.3414854492960011,0.037982085129911664,-0.003962983842920333,2.0996525287837144,False,True,80.84721229668882,0.21117079320879406,1.0049348861592393,175.667236328,0.4611842105263158,0.002631578947368421,55.1276855469,65.0268554688,0,0.08421052631578947,0.002631578947368421,0.0213619992137,23.4035644531,0,0.11578947368421053,0.002631578947368421,0.218505993485,85.57324218755,0
density_20_nback_0_id_10,10,d20_n0,48.6003189087,49.4007225037,66.8005142212,55.7502212524,0.8004035950000059,2.0,False,,1.1992774009325657,False,0.0,63.5761604309,101.176795959,,,0.0,1.1992774009325657,,0.8901336348143802,0.03847917309029375,0.12941056009580265,True,0.999277591667429,1.799681186667435,0.11919232597565624,0.0492775439837132,0.27034484907113066,0.13718181958338532,0.06345769307135132,0.008807026417883107,0.012353307760341561,0.007527923659157392,4.499277591667429,1.8502211570325713,False,-0.3039582999128947,0.046250549970846676,-0.05056288449848813,0.03586668771473513,0.24051317614559925,0.002053338196136,0.0009976219987268334,4.049277543983713,False,True,69.17847965069161,0.1819123280432362,1.0040091344512154,178.450378418,0.28711340206185565,0.002061855670103093,41.1328125,148.3894042969,0,0.10257731958762886,0.002061855670103093,0.00585900014266,14.7521972656,0,0.1402061855670103,0.002061855670103093,0.0631100013852,45.7147216797,0
density_20_nback_0_id_12,12,d20_n0,48.6495780945,49.1997795105,67.1504058838,54.0995750427,0.5502014160000002,2.0,False,,0.750220537183715,False,0.0,49.2202529907,105.014724731,,,0.19684324413550003,0.750220537183715,,0.6231138357509725,0.03274695638736727,0.12965985220909212,True,1.0502204894999991,1.6004219054999993,0.11447394571516366,0.0002205371837149528,0.28393926246791706,0.007251793523029367,0.06383289877129213,0.008185858794783016,0.017986054616899092,0.005105285701398712,1.2002205848674308,3.6995749473325716,False,-0.3057234244126974,0.04335274941468182,-0.07764723355118182,0.024100353200032405,0.34401268932462864,-0.010696865137046952,0.0016665458912014505,1.4502205848674308,False,True,65.53827097734539,0.1629036259851078,1.0043077632321413,178.764038086,0.3189522342064715,0.002054442732408834,42.6818847656,147.8896484374,0,0.10631741140215717,0.002054442732408834,0.00805700011551,32.22802734375,0,0.12121212121212122,0.002054442732408834,0.0412600003183,47.0290527344,0
density_20_nback_0_id_13,13,d20_n0,48.7005805969,51.5499458313,68.6000213623,55.7501831055,2.849365234400004,2.0,False,1.8494193554162877,5.4121016283659173e-05,True,49.2183074951,74.7201461792,105.016571045,1.9500541686999995,4.7994194031000035,1.8143863677999974,16.650054216383715,0.8058956702430083,0.9271365697313858,-0.33722891389158927,0.1303181295331842,False,,0.9994194507837193,0.14652463815380265,2.9000542163837153,0.22249510026668445,0.41384011770906165,0.0628923081155737,0.009684720986701792,0.002554245261225561,0.006603221711276373,1.9500541686999995,2.2501831054999997,False,-0.30072752053015794,0.0508518369065205,-0.00989253327016846,0.02903925305540449,0.3497215979230107,0.03126262836157666,-0.004213098762520334,2.350054264067431,False,True,98.37168876141176,0.16990497266441987,1.003283061454682,177.401733398,0.3220253164556962,0.0020253164556962027,39.3940429688,147.90808105475,0,0.10886075949367088,0.0020253164556962027,0.00793499965221,16.7156982422,0,0.10734177215189873,0.0020253164556962027,0.0048830001615,44.7474975586,0
density_20_nback_0_id_16,16,d20_n0,48.6492767334,49.7995452881,71.0999145508,55.4001579285,1.1502685546999984,2.0,False,,1.250454664216285,False,0.0,100.355690002,104.959632874,,,0.0,1.250454664216285,,0.7405770970663732,0.07397132554168609,0.12882886679939473,False,,1.1507232189162835,0.14711175697004783,0.1004548072674325,0.17710062312301314,0.3374491158251934,0.06346723466719342,0.008811249234898693,0.007908215107261,0.009184516464592176,4.000454664216285,1.6001579761837164,False,-0.3036217528737895,0.04650642075743762,-0.03058686769446305,0.04191833174269005,0.43460116356251594,0.0036668595392348358,-0.0008777064872717832,3.550454616532569,False,True,74.26644150561383,0.18223025154273484,1.0038294402024979,177.407470703,0.34698914116485685,0.0019743336623889436,40.41015625,147.91461181645,0,0.13672260612043435,0.0019743336623889436,0.00683599989861,33.68078613285,0,0.2048371174728529,0.0019743336623889436,0.0582280009985,44.80474853515,0
density_20_nback_0_id_17,17,d20_n0,48.6004524231,49.7510299683,64.7001876831,55.0498428345,1.1505775452000009,2.0,False,,1.0489699840162814,False,0.0,150.088653564,150.088653564,,,0.0,1.0489699840162814,,0.8021063203189315,-0.04533114181018693,0.14735421871665003,False,,1.099547624583714,0.12172912919647826,0.04896998401628139,0.32650715568639116,0.051950302611418836,0.06357416966439737,0.00880754371572061,0.007969457794703044,0.009202589345147885,3.448970079383713,1.8498427868162821,False,-0.30367014929646047,0.045808375158024446,-0.031121483287745087,0.04327929012086022,0.32208834337126463,-0.058494074128440494,0.016366991706785367,2.8489699363325656,False,True,74.37129263106213,0.2602650149581835,1.004500332481173,178.74609375,0.13336847654190828,0.0021085925144965737,33.470703125,182.613037109,0,0.09330521876647338,0.0021085925144965737,0.0422969982028,31.5201320648,0,0.1423299947285187,0.0021085925144965737,0.00994899962097,41.227172851549994,0
density_20_nback_0_id_18,18,d20_n0,48.650302887,49.450088501,74.350189209,60.5001716614,0.799785614000001,2.0,False,,0.6999115943674283,False,0.0,334.575958252,334.575958252,,,0.0,0.6999115943674283,,0.9307971007110136,0.05340124329084437,0.12741351578582896,True,1.0499114989999967,1.8496971129999977,0.1280057146214,0.049911498999996695,0.2968011224310923,0.24122911098724667,0.06298329225300263,0.009504117711250837,0.010835979566771937,0.007418968135933102,3.399911403632565,7.650171756767435,False,-0.3012867585608684,0.04983819681095739,-0.043138770602107065,0.03563762302729611,0.3804641047953333,-0.009221754331753327,0.0013652633613643328,3.4499115943674283,False,True,69.18666910464079,0.16019503739695765,1.0044882506659816,177.593322754,0.11913875598086124,0.0019138755980861245,7.04736280441,82.175338745,0,0.1583732057416268,0.0019138755980861245,0.0620119981468,92.4874267578,0,0.20047846889952153,0.0019138755980861245,0.00219699996524,46.7497558594,0
density_20_nback_0_id_19,19,d20_n0,48.6002845764,49.4502792358,67.3500442505,55.1005363464,0.8499946593999965,2.0,False,,1.4497208595674351,False,0.0,87.5379180908,101.120346069,,,0.0,1.4497208595674351,,0.8907567699853682,0.02521212349098494,0.1293167403261842,True,0.9497208595674351,1.7997155189674316,0.11099745881025294,0.04972076420000349,0.25267741371956226,0.22128112048379167,0.0634644684430842,0.008812595555035312,0.01163393243298559,0.007903008172197237,2.9997208118837193,2.6505362987162826,False,-0.30360192609460523,0.04624765618897648,-0.047649946447236476,0.037799115859035004,0.1696221965393108,-0.01310814048247433,0.002173168068592167,0.6497206688325718,False,True,69.90694349158669,0.17214764420078024,1.0038105223942544,178.574829102,0.3223987698616094,0.0020502306509482316,41.8111572266,148.21032714855,0,0.11122501281394157,0.0020502306509482316,0.0757450014353,32.1404418945,0,0.15017939518195797,0.0020502306509482316,0.00628700014204,46.4435424805,0
density_20_nback_0_id_20,20,d20_n0,48.6501426697,50.200012207,69.0503768921,55.7503089905,1.5498695372999975,2.0,False,,0.34998774531628385,False,0.0,170.084381104,170.084381104,,,0.0,0.34998774531628385,,0.8167920720529493,0.16334678235664613,0.12908438151997367,True,0.2499878406837155,1.049857377983713,0.24234758551799032,0.04998779299999967,0.27684638724391125,0.0,0.06299555845754738,0.009481180886760022,0.004534452499240549,0.008418678365236198,3.9499878883674313,1.6003088951325708,False,-0.3013999277823815,0.04964545005964105,-0.017054942509751966,0.037396271441868696,0.3970866678689744,-0.010398985950037165,0.0021106360582031332,,False,,80.09970824335127,0.19183464998769462,1.0044005917279706,177.923217773,0.09722921914357682,0.0020151133501259445,39.91796875,148.514831543,0,0.0619647355163728,0.0020151133501259445,0.0161129999906,14.208770751949999,0,0.12191435768261964,0.0020151133501259445,0.101806998253,50.3376464844,0
density_20_nback_0_id_21,21,d20_n0,48.6494750977,49.8495330811,69.4495925903,55.0503692627,1.2000579834000007,2.0,False,,1.9504668712162854,False,0.0,291.832489014,291.832489014,,,0.0,1.9504668712162854,,0.9124990307414933,-0.04411427738789292,0.12925012380280262,True,0.6504669189000012,1.0505249499837177,0.13949829716395415,0.0004668235325695491,0.2525754707582459,0.091327231474391,0.06351587999807502,0.00871869377533951,0.007529220378882667,0.009351908114196037,3.5004668235325695,1.7003693580674337,False,-0.30414438659419735,0.0461368087443251,-0.02932272870866583,0.042717272469856085,0.2485770679364912,-0.004412143708465001,0.0009902437527803342,3.2504668235325695,False,True,75.00777247010453,0.17520573220874963,1.0044066411786727,178.302612305,0.33232931726907633,0.002008032128514056,40.9826660156,148.24096679695,0,0.12751004016064257,0.002008032128514056,0.046631000936,32.1248779297,0,0.15311244979919678,0.002008032128514056,0.0208129994571,46.3038330078,0
density_20_nback_0_id_22,22,d20_n0,48.6504592896,49.900604248,61.7501296997,,1.2501449584,2.0,False,,3.1493957043162837,False,0.0,189.290298462,189.290298462,,,0.0,3.1493957043162837,,0.8886636177649815,-0.1021487320214644,0.12998874397260526,True,0.5493957996837153,1.0495407580837153,0.154919057637396,0.049395799683715325,0.1930619915853041,0.42619781667982504,0.063006403267775,0.009521504984794624,0.005933496728537161,0.008744119919263438,1.2493958473674311,,False,-0.30147888080077634,0.04982387437806911,-0.0223046970786484,0.039510906948518755,2.2693972213424445,-0.049016998910053663,0.010672185763068819,5.699395656632568,False,,75.74601761661626,0.17549919389702512,1.0032654149938347,178.307800293,0.059880239520958084,0.002177463255307567,35.3187255859,85.6462631226,0,0.236254763200871,0.002177463255307567,0.00659199990332,14.0682373047,0,0.2520413718018508,0.002177463255307567,0.0375370010734,49.283813476549994,0
density_20_nback_0_id_23,23,d20_n0,48.6496810913,50.700176239,62.2500267029,55.3000259399,2.0504951476999977,2.0,False,1.900318861016281,0.04982376099999897,True,49.0206604004,142.910705566,142.910705566,0.2498238086837148,2.3003189563837125,14.3534355163,0.3998236656325673,0.716991499804964,0.9150219063744257,0.07935514459078927,0.12754047809070923,False,,1.0503189563837125,0.19527678085224762,2.549823760999999,0.29218072454926075,0.3938249994069317,0.06345447785172106,0.008834397640176257,0.004004466012009047,0.008116534097671387,2.4498238563674306,2.1500258445325713,False,-0.30371859650078953,0.04669149622022088,-0.015820914112089416,0.035543753583736,0.3148600659353289,0.0014328427302109509,0.0004987916909140001,1.9498238563674306,False,True,88.12703332163505,0.16442677051417648,1.003821002574429,177.620849609,0.2893455922120065,0.002163331530557058,40.4384765625,147.9990234374,0,0.0746349378042185,0.002163331530557058,0.0275880005211,30.19831085205,0,0.14223904813412655,0.002163331530557058,0.0107420003042,45.25561523435,0
density_20_nback_0_id_24,24,d20_n0,48.5999832153,49.6000099182,64.5497665405,51.8498573303,1.0000267029000014,2.0,False,,0.5999901294837144,False,0.0,165.982696533,165.982696533,,,0.0,0.5999901294837144,,0.9394435397174302,0.05807198419989999,0.12895867581430262,True,0.14999008179999862,1.1500167847,0.12976274302323812,0.04999017716743026,0.1719768464262089,0.4777163619796184,0.063906342281325,0.00811997166255576,0.010351637971502048,0.009272989863330295,0.7999901771674303,1.4498572349325656,False,-0.3063753719784342,0.04300587816462515,-0.041215890281219046,0.04369010034901691,1.2658292205173325,-0.017803776533902717,0.0041065877390818505,,False,,72.8176016300375,0.16894517943455467,1.0041074184734695,178.330322266,0.04221635883905013,0.0021108179419525065,37.7825927734,51.4176502228,0,0.13509234828496042,0.0021108179419525065,0.0754389986396,30.67474365233,0,0.1503957783641161,0.0021108179419525065,0.047118999064,50.9420166016,0
density_20_nback_0_id_25,25,d20_n0,48.6992797852,49.7493286133,66.349281311,56.1492614746,1.050048828100003,2.0,False,,2.5006713866999988,False,0.0,85.999786377,105.016799927,,,0.0,2.5006713866999988,,0.8455868318920889,0.06871316138476999,0.12903596490230262,True,0.05067133901628296,1.100720167116286,0.1379030141092286,0.0006713866999987772,0.28701493226320635,0.042892630755288,0.06348008755594474,0.008796466602407717,0.009007769081071381,0.008941147116800828,3.1506714820674304,3.2492613792325713,False,-0.3037565879915658,0.046758632129706205,-0.035758910695146195,0.041117252406733716,0.3475796579987395,0.01882731297421715,-0.0033555023675350365,4.350671291332567,False,True,72.82450856249126,0.1837089186279252,1.0037691321679432,177.403991699,0.06269430051813471,0.002072538860103627,38.4185791016,59.2405014038,0,0.09430051813471503,0.002072538860103627,0.0285640005022,31.96748161315,0,0.12797927461139896,0.002072538860103627,0.0944819971919,51.5484619141,0
density_20_nback_0_id_26,26,d20_n0,48.6501045227,50.3000297546,64.4501037598,54.450012207,1.6499252318999993,2.0,False,,0.24997019771628715,False,0.0,209.991882324,209.991882324,,,5.98454022408,0.24997019771628715,,0.9763012713774916,0.17021607280214243,0.13018154088211842,True,0.1499702930837188,0.9998955726674339,0.23700983647365456,0.049970150032571325,0.23099458323405428,0.3608845833067623,0.0630068818695421,0.009498950880415696,0.004240905841552969,0.008231915242481645,1.7499701977162871,2.400012254683716,False,-0.30154740026126314,0.049795151085583425,-0.016065465045827985,0.03602519403141239,0.2217646169272528,0.02339324314028667,-0.007811370093244418,12.199970245400003,False,False,81.57427427834745,0.18088419745173973,1.0043347760905394,177.435913086,0.11839323467230443,0.0021141649048625794,41.8516845703,236.671600342,0,0.1014799154334038,0.0021141649048625794,0.0131839998066,33.3275756836,0,0.14852008456659618,0.0021141649048625794,0.0271910000592,45.15258789065,0
density_20_nback_0_id_27,27,d20_n0,48.6499557495,50.8996696472,68.550201416,55.8997383118,2.2497138976999977,2.0,False,1.9000442028162823,0.0003304481674319959,True,49.0004997253,169.571670532,169.571670532,0.050330400483716176,2.300044298183714,10.002582550099998,0.20033025743256871,0.7714394344694331,0.902566527692593,-0.05547930820721688,0.12890410070360528,False,,1.050044298183714,0.18098204185567998,2.7003302574325687,0.3295547460965849,0.10298598418788717,0.06346591831625657,0.008809054314764692,0.003776588327957074,0.007875558382589305,3.750330448167432,1.2497382164325685,False,-0.30373176618622366,0.046882564184208386,-0.014601405664058193,0.03429898669403689,0.7291658137268606,-0.04017092261156333,0.006901037334072333,1.0503304004837162,False,True,90.31699448179806,0.1739100684507526,1.0049591333635046,178.698486328,0.07443037974683545,0.0020253164556962027,36.5750732422,59.6516113281,0,0.10784810126582278,0.0020253164556962027,0.0368649996817,32.420715332,0,0.13468354430379748,0.0020253164556962027,0.0390620008111,48.8441162109,0
density_20_nback_0_id_28,28,d20_n0,48.6501426697,49.5500717163,65.6000976562,56.8000450134,0.8999290466000005,2.0,False,,0.8499283790674284,False,0.0,172.64793396,172.64793396,,,0.0,0.8499283790674284,,0.9394876691542529,0.06538093216817556,0.12931230821113157,True,0.14992833138371253,1.049857377983713,0.14207766701778335,0.04992818833256507,0.3181793409867022,0.11199832172519934,0.06302556586696972,0.00947871633547553,0.009416440655413668,0.00801812690300251,1.0999283790674284,6.15004491803257,False,-0.3013857667775526,0.04981358809165537,-0.03655769738056445,0.03687653108274336,0.5071108239664773,0.03889665335056499,-0.003545246133579333,4.299928188332565,False,True,70.64535457181474,0.16206998554246355,1.0036412122902443,178.361328125,0.08407310704960835,0.0020887728459530026,29.0120849609,145.794616699,0,0.11070496083550914,0.0020887728459530026,0.108397997916,40.51141357425,0,0.11436031331592689,0.0020887728459530026,0.0107420003042,47.3269042969,0
density_20_nback_0_id_29,29,d20_n0,48.6494750977,49.9999160767,65.2993927002,56.199924469,1.3504409790000054,2.0,False,,0.7500839232999965,False,0.0,353.400970459,353.400970459,,,0.0,0.7500839232999965,,0.9705637547536237,-0.08901761818897184,0.12934279157535525,True,0.5500838756162807,1.150524854616286,0.13325861296444075,8.392329999651338e-05,0.26994312647034513,0.4076502951482767,0.0634741686578671,0.008791502714671235,0.006353497608673482,0.009340631741285625,1.0000839232999965,5.199924469000003,False,-0.30335500777552626,0.04647085424770937,-0.024262707828670706,0.04191932412554217,0.2828665688451224,-0.0067094922065926675,0.0029167708009490002,,False,,77.17830270010342,0.1794508164728177,1.0036803783969277,178.071166992,0.07647983237297014,0.0020953378732320588,26.2503662109,96.61152648929999,0,0.13672079622839184,0.0020953378732320588,0.083984002471,40.101684570299994,0,0.1251964379256155,0.0020953378732320588,0.0358889997005,47.4921875,0
density_20_nback_0_id_2,2,d20_n0,48.6503601074,50.3499107361,63.0504188538,55.1497993469,1.6995506287000026,2.0,False,,0.20008921621628417,False,0.0,105.482803345,105.482803345,,,8.8172967434,0.20008921621628417,,0.8109199584105562,0.17039757204980605,0.12926677663468422,True,0.10008931158371581,0.9996399879674343,0.23883627535719698,8.916853256835111e-05,0.3265084879559796,0.24945884753637382,0.06300874789687236,0.009531502001417017,0.004212660655455394,0.008193498908352814,2.450089216216284,2.3497993945837123,False,-0.3016957634765789,0.05006160211422477,-0.01594306308658785,0.03587210602357214,0.3813463408859737,-0.0075518958503481655,0.00132974641649675,0.9000892639,False,True,81.58603487640465,0.19244227799890487,1.00402305561036,177.502258301,0.2868632707774799,0.0021447721179624667,27.7352294922,148.2293701174,0,0.09490616621983915,0.0021447721179624667,0.0346679985523,38.55059814455,0,0.10777479892761394,0.0021447721179624667,0.0158690009266,46.7937011719,0
density_20_nback_0_id_30,30,d20_n0,48.5999298096,49.3502464294,65.6995925903,55.2500648499,0.7503166198000031,2.0,False,,0.9997534752325663,False,0.0,102.919250488,102.919250488,,,0.0,0.9997534752325663,,0.8820033722776304,0.03085208305856875,0.12975869023878944,True,0.9997534752325663,1.7500700950325694,0.11527270358050624,0.04975366596742958,0.22734621943498884,0.2642298078319647,0.06391524028425395,0.008112507911404067,0.013956924653031874,0.007615852781740182,4.79975366596743,1.1000647545325677,False,-0.3059463357847237,0.042823986273321686,-0.058036447097966314,0.03654696333201425,0.15121914699223007,0.014328469733772163,-0.001758219668409,3.0997536182837138,False,True,69.16722733926682,0.1769351352903785,1.00452856994536,178.825317383,0.07668231611893583,0.0020865936358894104,32.6271972656,97.76957702645001,0,0.1189358372456964,0.0020865936358894104,0.0273439995944,37.45788574215,0,0.1189358372456964,0.0020865936358894104,0.00903300009668,46.8862304688,0
density_20_nback_0_id_32,32,d20_n0,48.6503295898,50.6502456665,63.00025177,55.4505233765,1.9999160766999964,2.0,False,1.8996703625162823,0.049754381183717555,True,46.5944976807,59.4744720459,104.953536987,0.29975438118371756,2.299670457883714,14.1989631653,0.4497542381325701,0.6648568337939056,0.8321138400982906,0.13356678378783,0.12930666959207893,False,,1.049670457883714,0.19891545344144498,3.399754285816286,0.34521569651749834,0.043921538745084004,0.06300640900276842,0.009515602041347986,0.003581162483898938,0.007608724228372637,2.7997543811837176,2.0005233288162856,False,-0.30149062369998686,0.05021153536894475,-0.014176750602217325,0.03304225785523941,0.4756128089153125,-0.009501121767540003,0.0017506289645103335,,False,,86.69608256239275,0.16544137821806137,1.0038563021144546,177.576660156,0.2988197424892704,0.002145922746781116,40.6984863281,148.10290527355,0,0.0895922746781116,0.002145922746781116,0.115478999913,25.6324558258,0,0.1351931330472103,0.002145922746781116,0.0109860002995,46.1939086914,0
density_20_nback_0_id_33,33,d20_n0,48.6000595093,49.6498336792,68.1001815796,54.7999038696,1.0497741698999974,2.0,False,,1.4001662731162838,False,0.0,65.285194397,101.108863831,,,0.0,1.4001662731162838,,0.6208715566356681,0.058511476151724195,0.12887599240797368,True,0.10016632079999965,1.149940490699997,0.13040943928063,0.00016641616743129362,0.2306330509556144,0.0,0.06346824054459081,0.008798489884516501,0.0095876368533938,0.008763646541748575,7.3501663208,-2.2000961303999986,False,-0.30383863986327625,0.046025497750675555,-0.0384227355913046,0.04107714679262976,0.13779000336903188,-0.01168503131101167,0.002217773383010666,1.9001662731162838,False,True,72.0969921487787,0.18820034268700375,1.0034772446134543,177.944213867,0.3387589013224822,0.002034587995930824,43.650390625,148.18395996095,0,0.10528992878942015,0.002034587995930824,0.0222169999033,16.215007782005,0,0.19837232960325535,0.002034587995930824,0.00231899996288,48.4744873047,0
density_20_nback_0_id_34,34,d20_n0,48.6503334045,49.5006523132,65.8009338379,54.5503692627,0.8503189086999967,2.0,False,,1.5993475914325685,False,0.0,195.393997192,195.393997192,,,0.0,1.5993475914325685,,0.9227139683244674,0.06468574852840324,0.13000308898719737,True,0.8993477821674318,1.7496666908674285,0.13346810463593534,0.04934763911628437,0.44958195947365726,1.5069551106233334e-05,0.06300438979738684,0.009489658565033367,0.010065539262385235,0.007713763765379881,3.0993475914325685,1.9503693580674337,False,-0.30153667750322366,0.04951749121065484,-0.039894558771783994,0.037012586718343614,0.1844899783225174,0.0006837380119221719,-0.0003318016456175006,,False,,69.90445444763813,0.17494415206480163,1.0036295813899416,178.101379395,0.31145833333333334,0.0020833333333333333,25.0374755859,148.02825927755,0,0.125,0.0020833333333333333,0.0205690003932,26.7696533203,0,0.14427083333333332,0.0020833333333333333,0.000365999992937,47.5632324219,0
density_20_nback_0_id_35,35,d20_n0,48.6501426697,49.4999961853,65.1499252319,54.8493804932,0.849853515599996,2.0,False,,0.9000039100674329,False,0.0,161.881011963,161.881011963,,,0.0,0.9000039100674329,,0.9694125320344406,0.019836202525735064,0.12948456328167102,True,0.9000039100674329,1.7498574256674289,0.10909336013718125,3.814700001214533e-06,0.2740857649335436,0.3203916110719517,0.06298973543667764,0.00951247465359428,0.010778153389769188,0.007379537501640071,3.500003814700001,1.8493804932000018,False,-0.3013639163813947,0.04984443187740628,-0.04284454219305187,0.034875754065135614,0.2775830763197369,0.026851530699063497,-0.004106183175449318,2.500003814700001,False,True,69.19910823280104,0.15461570398963015,1.0045244218046816,177.522644043,0.08442579968536969,0.002097535395909806,32.2554931641,107.46527099619999,0,0.11484006292606187,0.002097535395909806,0.0198359992355,24.2601318359,0,0.11693759832197169,0.002097535395909806,0.0361329987645,46.7592773438,0
density_20_nback_0_id_37,37,d20_n0,48.6001815796,49.4000663757,73.300453186,59.4500350952,0.7998847961000024,2.0,False,,1.549933671983716,False,0.0,192.342147827,192.342147827,,,0.0,1.549933671983716,,0.8837445716851817,0.03817582572080612,0.12969604114957894,True,0.9499335289325685,1.749818325032571,0.119525812566225,0.04993367198371601,0.2560626840597652,0.39427734762424493,0.06347276187060395,0.008811950875199275,0.012352995821857563,0.007509140912962663,5.899933576616284,4.150035142883716,False,-0.3040169377468289,0.04626583577374421,-0.05058536384604406,0.03571834026780517,0.21094207156816974,-0.009494354645724167,0.00196154757820185,2.799933671983716,False,True,69.20234024111278,0.18887286527994493,1.0051166610003395,178.196289062,0.09082125603864734,0.001932367149758454,15.0980224609,51.88303947445,0,0.12608695652173912,0.001932367149758454,0.0205080006272,48.08099365235,0,0.14879227053140096,0.001932367149758454,0.0344239994884,47.2158203125,0
density_20_nback_0_id_38,38,d20_n0,48.6001091003,49.1994857788,70.4994506836,57.0995559692,0.5993766785000005,2.0,False,,1.3005142211999967,False,0.0,178.914001465,178.914001465,,,0.0,1.3005142211999967,,0.9291798398747103,0.018285751596764543,0.1299072488358158,True,1.0505142211999967,1.6498908996999972,0.10843000323946363,0.000514268883712532,0.1612307664894736,0.4174776686976633,0.06348116436091449,0.008797235782709209,0.016432503238313637,0.005269621892612374,0.9505143165674284,6.949555873832566,False,-0.3042689957901315,0.04629623188412521,-0.06989139352336364,0.0256606939020125,0.45341178027548257,0.0005969112273428335,-0.003354943504862165,0.10051417351628089,False,True,65.55611375387912,0.18081086956623754,1.0044413348332908,178.198242188,0.0814299900695134,0.0019860973187686196,23.0911865234,84.3363265991,0,0.11072492552135055,0.0019860973187686196,0.0252080000937,44.390625,0,0.06752730883813307,0.0019860973187686196,0.0439449995756,24.1928710938,0
density_20_nback_0_id_39,39,d20_n0,48.6500396729,50.4501075745,72.0503692627,63.1007575989,1.800067901600002,2.0,False,,0.29989242549999773,False,0.0,263.755462646,263.755462646,,,7.154882520438,0.29989242549999773,,0.7426940106127797,0.06917170164877974,0.12948635553842108,True,0.09989237781628191,1.1999602317325682,0.1901642672924667,0.04989242549999773,0.5031895850932329,0.10075932685285499,0.06299613313259342,0.009499775609321701,0.0038954806051270784,0.007942950091023044,1.599892377816282,11.050757646583719,False,-0.30158822826651316,0.04964889593739214,-0.015228328940182279,0.03466169788279835,0.2343139928092349,0.07159897151062666,-0.014552276927892,5.7498924731837135,False,True,83.75833799506579,0.16753873470149863,1.0037691349795093,177.639831543,0.2904645476772616,0.0019559902200488996,5.69079589844,248.637329102,0,0.10709046454767726,0.0019559902200488996,0.0288089998066,91.5602035521,0,0.33251833740831294,0.0019559902200488996,0.0276490002871,47.6962890625,0
density_20_nback_0_id_3,3,d20_n0,48.6500968933,50.1505622864,75.1506958008,71.3505477905,1.5004653931000007,2.0,False,,0.39943766591628105,False,0.0,393.249298096,393.249298096,,,0.0,0.39943766591628105,,0.9208171534397117,0.14225694891068333,0.1297042994318684,True,0.2994377612837127,1.0499031543837134,0.23838800278801664,0.04943776128371269,0.14393808023357005,0.3238634499412001,0.06299791166460658,0.009508601334930589,0.004677608844946834,0.008504720832544572,2.7494378089674285,18.45054769513257,False,-0.30134423410415784,0.049679576572640646,-0.01797307563421568,0.03713509073213183,0.21777183714160475,0.03592526295687382,-0.016748757796207662,8.299437761283713,False,True,79.39768545517157,0.17611593366415368,1.0037476261493978,177.437011719,0.1589938300901756,0.0018984337921214998,8.92358398438,46.6423339844,0,0.15472235405790222,0.0018984337921214998,0.0299069993198,32.8472290039,0,0.18130042714760322,0.0018984337921214998,0.0207519996911,46.7153320312,0
density_20_nback_0_id_40,40,d20_n0,48.650642395,50.1003723145,63.5498123169,54.90026474,1.449729919500001,2.0,False,,0.5996277331837163,False,0.0,68.0196533203,104.983169556,,,0.0,0.5996277331837163,,0.9340583592298116,-0.033623487528047946,0.1302940522957895,True,0.3996276855000005,1.1493575573162857,0.1844320872734345,0.049627780867432136,0.11979733180382801,0.5104031647246,0.06300577648768158,0.009492477028816455,0.004891903953560346,0.008573490685796041,2.799627780867432,2.0002646446325656,False,-0.30147294013906584,0.04979455384872456,-0.018391716428468655,0.03774429143558754,0.5492944503806025,0.020460174690602666,0.0001402752590256654,,False,,78.64943820908988,0.18753586625716817,1.0044339508542977,178.308776855,0.04855923159018143,0.0021344717182497333,17.8122558594,58.696163177500004,0,0.16542155816435433,0.0021344717182497333,0.0283199995756,30.32843017578,0,0.14461045891141944,0.0021344717182497333,0.00634799990803,48.8978271484,0
density_20_nback_0_id_41,41,d20_n0,48.6000137329,50.1492042542,81.1993103027,54.3499794006,1.5491905212999981,2.0,False,,0.2507958411674309,False,0.0,143.936126709,143.936126709,,,4.62075603008,0.2507958411674309,,0.9442036726749328,0.007519282353835676,0.12925786691671054,True,0.40079569811628346,1.1499862670999974,0.18710879199199665,0.0007958411674309218,0.19214049091946178,0.39158503487708335,0.06347115176092893,0.008798146637002777,0.0055455384339443995,0.009167287406011061,2.4007956981162835,1.7999794482837146,False,-0.3037566677912369,0.04633156447386106,-0.021581812517232336,0.041087490634521114,0.3410729156600495,0.012387386633767004,-0.0027367319484839837,,False,,79.37681709042056,0.17198571044036937,1.004127041026159,178.354248047,0.37943421643466546,0.001796138302649304,27.6069335938,148.2144775393,0,0.1724292770543332,0.001796138302649304,0.00683599989861,25.5954589844,0,0.27525819488100584,0.001796138302649304,0.0549319982529,32.7540283203,0
density_20_nback_0_id_42,42,d20_n0,48.6500663757,49.8503417969,72.0497131348,59.6003799438,1.200275421199997,2.0,False,,1.149658203100003,False,0.0,311.13772583,311.13772583,,,0.0,1.149658203100003,,0.8705974067478393,-0.08780047072397834,0.12889731253847367,True,0.6496582031000031,1.049933671983716,0.13632351843011667,0.04965829846743475,0.4133320046684878,0.031514090796311664,0.0631155467739171,0.009317607906401517,0.006674692837501792,0.00897751836140826,1.9496581554162873,7.800379991483716,False,-0.3020508561871052,0.04871907834021743,-0.025400743291044168,0.04088429679888637,0.2528191805334015,0.01891211594148333,-0.005469095187917968,0.09965825078371893,False,True,75.01584623113193,0.19620597349768798,1.004554591081959,177.916992188,0.10714285714285714,0.0019569471624266144,15.0148925781,47.3657226562,0,0.11105675146771037,0.0019569471624266144,0.0507810004056,45.31817626955,0,0.1697651663405088,0.0019569471624266144,0.0251460000873,47.7626953125,0
density_20_nback_0_id_43,43,d20_n0,48.649307251,49.3502082825,69.2499389648,54.3001708984,0.7009010314999955,2.0,False,,0.8997917175000012,False,0.0,330.425415039,330.425415039,,,0.0,0.8997917175000012,,0.9371781716823753,0.025492260931059333,0.12548932580178948,True,1.099791765183717,1.8006927966837125,0.11401192545888668,0.04979181286743284,0.19433383836672297,0.41670610758784166,0.06358975588687633,0.008698906203257667,0.013578439806586002,0.007246713002119698,2.299791812867433,2.650170803032566,False,-0.3049087893021184,0.04579201600744404,-0.056405277100014,0.03509740767080956,0.16605240851568528,-0.008349808736275334,0.0031834368322361667,3.149791717500001,False,True,68.48321922242232,0.1883269191334634,1.003790973936988,177.849609375,0.06740442655935613,0.002012072434607646,21.44140625,93.9087600708,0,0.1795774647887324,0.002012072434607646,0.00494399992749,36.0372314453,0,0.12977867203219315,0.002012072434607646,0.00634799990803,23.2287597656,0
density_20_nback_0_id_44,44,d20_n0,48.6496009827,50.0000648499,69.5499267578,55.6494941711,1.3504638671999984,2.0,False,,0.6999351977837165,False,0.0,129.067504883,129.067504883,,,0.0,0.6999351977837165,,0.932311979310946,-0.08892158515352856,0.12946080230172372,True,0.5499351024162848,1.1503989696162833,0.14884384621729288,0.04993510241628485,0.3729363156589329,0.0,0.06347119367044605,0.008804250195770049,0.0060415921897021075,0.009288381917823474,1.1499352454674323,4.499494075732571,False,-0.30370082255261843,0.0463887919444505,-0.022795193832802853,0.04119831607450291,0.4539316495218712,0.02823240994663215,-0.00340181156354035,2.8999352454674323,False,True,77.91635319822485,0.19176844154573408,1.0044250033200042,177.932006836,0.12781954887218044,0.0020050125313283208,29.9736328125,148.5327148437,0,0.13533834586466165,0.0020050125313283208,0.0449220016599,28.8016471863,0,0.1598997493734336,0.0020050125313283208,0.0318600013852,47.7561035156,0
density_20_nback_0_id_45,45,d20_n0,48.6491241455,50.2990188599,75.2992401123,55.3490905762,1.6498947144000056,2.0,False,,0.2509810924162821,False,0.0,89.0760498047,104.965377808,,,2.35647034645,0.2509810924162821,,0.8613944402492627,0.1695861928906503,0.12961774486071054,True,0.15098118778371372,1.0508759021837193,0.2363946389293182,0.000981092416282081,0.2675611717889389,0.08765211235342867,0.06345851361555659,0.008817776679585436,0.004987208920558757,0.00890272435513346,2.8009810447325663,2.24909067156743,False,-0.30363352381084213,0.04631683482692673,-0.01885314233544818,0.03910500997576258,0.15747703241765018,-0.016311208046134337,0.002257833511493083,0.10098123546742954,False,True,81.55287846456423,0.18835073539890573,1.0010564846383123,178.114685059,0.24703651019440492,0.001896633475580844,25.2670898438,60.4773902893,0,0.23186344238975817,0.001896633475580844,0.0187989994884,39.0718383789,0,0.19582740635372214,0.001896633475580844,0.0155029995367,47.603515625,0
density_20_nback_0_id_46,46,d20_n0,48.5994110107,49.5493049622,60.4492530823,54.8493461609,0.9498939514999947,2.0,False,,0.9506950378000028,False,0.0,314.067504883,314.067504883,,,0.0,0.9506950378000028,,0.8199508668400672,0.03424986766185495,0.1281737644029474,True,0.8006949424325711,1.7505888939325658,0.12017644981015789,0.000694990116286931,0.24059555078908876,0.373674163688035,0.06368211004883552,0.008486748497080343,0.010980470197905106,0.008620362052688417,3.1506950854837186,2.149346113216282,False,-0.3048055938592369,0.04476876354336747,-0.04442279638821948,0.041034790129995724,0.3683860122517478,0.011321599967776663,-0.0029692427254958335,,False,,71.35965455079648,0.17850481847941907,1.00434283168287,177.964233398,0.21125206839492552,0.002206287920573635,34.8972167969,71.0196914673,0,0.24931053502482073,0.002206287920573635,0.0251460000873,23.716796875,0,0.25537782680639826,0.002206287920573635,0.0081789996475,41.02923583985,0
density_20_nback_0_id_47,47,d20_n0,48.7001037598,50.0498924255,72.900177002,56.4002227783,1.3497886656999967,2.0,False,,0.7001075745000023,False,0.0,57.7654342651,105.010353088,,,0.0,0.7001075745000023,,0.8533713402770025,-0.10618069976588075,0.12867081488825002,True,0.5001075268162865,1.0998961925162831,0.14389431988825385,0.00010752681628645178,0.21650314532247522,0.44076822229352514,0.06281506191742499,0.00975228927686534,0.005328106912198578,0.008531553567616595,1.8001074791325706,4.55022287366743,False,-0.300739937510921,0.050828111261395977,-0.019490404287346535,0.03794514050005544,0.2485432038589989,0.04106401740580299,-0.008133985688131498,4.050107479132571,False,True,76.4728108446084,0.17822216235189633,1.0033502535475591,177.453857422,0.31910766246362754,0.0019398642095053346,19.8780517578,147.90130615225002,0,0.2162948593598448,0.0019398642095053346,0.0404050014913,51.1889648438,0,0.17604267701260912,0.0019398642095053346,0.0048830001615,46.9719238281,0
density_20_nback_0_id_48,48,d20_n0,48.7000770569,49.2501525879,84.7500762939,65.5001220703,0.5500755309999974,2.0,False,,0.5998473167325713,False,0.0,341.900390625,341.900390625,,,0.0,0.5998473167325713,,0.892842700749577,0.004344898826357998,0.1299372177178947,True,1.0498473644162871,1.5999228954162845,0.09580819105576364,0.04984736441628712,0.22575516847671584,0.3049636595494505,0.06256900835585921,0.010112659960888795,0.013278730382969088,0.005435025695461172,4.699847459783719,11.550122022616279,False,-0.299044942581329,0.05273177633355036,-0.05462100441481818,0.02687236125598149,0.25357247099136043,-0.0012016528189023332,8.856344951133325e-05,13.199847459783719,False,True,65.5586126885842,0.16694857016328524,1.0040508710197638,177.478088379,0.08616187989556136,0.0017406440382941688,2.08337402344,46.5895996094,0,0.381201044386423,0.0017406440382941688,0.00585900014266,40.56774902345,0,0.15013054830287206,0.0017406440382941688,0.0649409964681,46.8913574219,0
density_20_nback_0_id_49,49,d20_n0,48.6501502991,50.0001373291,95.0499801636,62.5501289368,1.3499870300000012,2.0,False,,0.599862575532569,False,0.0,355.256500244,355.256500244,,,0.0,0.599862575532569,,0.751269208357409,0.019405486613875565,0.13037743429210524,True,0.4498627185837165,0.9998497962674335,0.20405570803971113,0.049862623216284874,0.145699892504964,0.43227152290443166,0.06299976754541448,0.009500606962212239,0.005357809152441889,0.008715333988852712,3.6998627185837165,8.850128889116284,False,-0.3013661327330921,0.04971247671619397,-0.02030497503517478,0.039059228170281034,0.2199040865947063,0.01406528533284549,-0.0016787600315325002,,False,,77.19502539465849,0.15737306246507246,1.0040521512064995,177.533447266,0.20966453674121405,0.001597444089456869,6.39904785156,46.7385253906,0,0.4416932907348243,0.001597444089456869,0.0732420012355,55.9302368164,0,0.15215654952076677,0.001597444089456869,0.00512700015679,39.53344726565,0
density_20_nback_0_id_4,4,d20_n0,48.6501960754,49.3503913879,64.3003234863,52.2001876831,0.7001953125,2.0,False,,,False,0.0,0.0,25.2325839996,,,0.0,,,,0.005114092724409999,0.12393172428409215,True,0.9996085167325717,1.6998038292325717,0.10383257376298569,0.049608707467434954,0.0,0.44051794738818006,0.06295953230246447,0.009496026751895315,0.012348764210139999,0.006605882083445315,0.9996085167325717,1.8501877784674292,False,-0.3013843358739342,0.04951867662258065,-0.05008896480182715,0.03197676641424481,0.2839860711879086,-0.015339382543876994,0.0069132681160045005,2.349608659783719,False,True,67.72547141263463,0.1723754599681654,1.0040895618152577,177.495727539,0.050793650793650794,0.0021164021164021165,9.99243164062,59.535591125500005,0,0.32222222222222224,0.0021164021164021165,0.120972000062,118.41534423825,0,0.21428571428571427,0.0021164021164021165,0.048737000674,35.9320831299,0
density_20_nback_0_id_50,50,d20_n0,48.7000770569,49.2000045776,69.9500579834,54.4995613098,0.49992752069999824,2.0,False,,0.8999953270325705,False,0.0,70.6184539795,105.006507874,,,0.0,0.8999953270325705,,0.9101097647352883,0.011193217383712999,0.12996029255810526,True,1.049995422400002,1.5499229431000003,0.09866279996935999,0.0499954224000021,0.3179327225983213,0.008944937951551333,0.06275943269659341,0.00983429310464166,0.014324021060002001,0.004784281262045001,2.9499955177674337,2.349561214432569,False,-0.30020138817398684,0.05145185861989466,-0.0596682690084,0.023337714772899205,0.13231759500758963,-0.00231446143787817,-0.000574375879167834,2.3999953270325705,False,True,64.84319432691696,0.1757452595659284,1.0036832881763482,177.432800293,0.3011988011988012,0.001998001998001998,31.830078125,148.23431396495,0,0.1258741258741259,0.001998001998001998,0.00878900010139,36.9369506836,0,0.13836163836163837,0.001998001998001998,0.0166020002216,47.0075683594,0
density_20_nback_0_id_51,51,d20_n0,48.6500320435,49.4506835938,69.9999771118,56.0001831055,0.8006515503000031,2.0,False,,1.249316453883715,False,0.0,201.497695923,201.497695923,,,0.0,1.249316453883715,,0.9505132397760799,0.0492781755746625,0.1284770538148421,True,0.9493165015674307,1.7499680518674339,0.1261925590224625,0.04931640619999911,0.3277330700106562,0.007787467106635167,0.06298000723319737,0.009503114544303188,0.010761492323582625,0.00738058648243143,3.749316453883715,2.800183057816284,False,-0.30132680111814475,0.04977356967932681,-0.04222338348333812,0.03518411853850425,0.19232966355721426,-0.0010365353586649997,0.0005007152406546661,,False,,69.19153649105127,0.17749172948436318,1.0029492477362079,178.136474609,0.11027944111776447,0.001996007984031936,25.7453613281,148.56195068375,0,0.12375249500998003,0.001996007984031936,0.0239870008081,32.1833496094,0,0.1342315369261477,0.001996007984031936,0.0109249996021,47.4399414062,0
density_20_nback_0_id_52,52,d20_n0,48.6498260498,50.3998641968,78.7993240356,54.2494010925,1.750038147000005,2.0,False,,0.2001357078325654,False,0.0,177.693252563,177.693252563,,,9.31900429728,0.2001357078325654,,0.9799289621831933,0.11350005116695171,0.12891834915467107,True,0.10013580319999704,1.1501739025162863,0.21375540090458284,0.00013589856742868278,0.003696639227477578,0.26666581115380666,0.06347285863012105,0.008789639620981112,0.0047070670841739,0.008723772032613101,1.0501358508837129,2.7994010448162854,False,-0.30344484981731573,0.04624954515482683,-0.018075169394655918,0.03835771449452054,0.20010543643592202,0.07683240878006518,0.0022440488449933364,2.7001357078325654,False,True,83.00507811016064,0.18696895317192178,1.0035647425073246,177.659790039,0.04772831574116567,0.0018357044515832951,28.6325683594,56.485782623300004,0,0.22074346030289124,0.0018357044515832951,0.0266110002995,50.4282226562,0,0.20146856356126663,0.0018357044515832951,0.0715330019593,47.9536132812,0
density_20_nback_0_id_53,53,d20_n0,48.6495628357,49.3992538452,67.3995666504,54.3992080688,0.7496910094999976,2.0,False,,1.3507461547999995,False,0.0,157.266616821,157.266616821,,,0.0,1.3507461547999995,,0.8806530754387788,0.01111804035802667,0.12914497905264472,True,1.0007462501674311,1.7504372596674287,0.10447012608254,0.0007462501674311284,0.2578459671814912,0.2711054069300834,0.06381189651590922,0.008259401692729344,0.014392894591823331,0.007312912131804346,3.250746250167431,1.7492079734325685,False,-0.3053060495539869,0.04336286309587819,-0.06008223661684018,0.0353154673272871,0.3876400114171681,0.012062291583770009,-0.004552750654223667,2.250746250167431,False,True,68.43121436676093,0.19320223896381675,1.0044217709961316,177.671386719,0.12807377049180327,0.0020491803278688526,35.1689453125,195.882446289,0,0.11987704918032786,0.0020491803278688526,0.00839199963957,48.2692298889,0,0.125,0.0020491803278688526,0.0816650018096,47.9509277344,0
density_20_nback_0_id_54,54,d20_n0,48.6498451233,49.6492042542,64.2991943359,55.5992393494,0.9993591309000038,2.0,False,,2.250795841167431,False,0.0,271.6902771,271.6902771,,,0.0,2.250795841167431,,0.9426036906531486,0.05961251385304295,0.1285108426879342,True,0.10079574579999928,1.1001548767000031,0.13019457999617498,0.0007958411674309218,0.27024861653388565,0.3880859641978717,0.06346945778319474,0.008807480015518374,0.009564624438646549,0.00876426257180088,1.550795793483715,4.399239301716285,False,-0.30407137972746046,0.046099163785321036,-0.03792294664305545,0.04075248928337058,0.3513828248882568,-0.008479400902712831,0.001913246684125983,,False,,72.09742181595568,0.19228036086264388,1.0039481096785399,177.46081543,0.11328745367919534,0.0021175224986765486,34.0570068359,138.5202102661,0,0.09952355743779778,0.0021175224986765486,0.0603029988706,36.9772949219,0,0.10111169931180519,0.0021175224986765486,0.0704350024462,46.8198242188,0
density_20_nback_0_id_55,55,d20_n0,48.6492729187,49.6997947693,65.7492294312,55.2993545532,1.0505218505999991,2.0,False,,1.1002051830162856,False,0.0,52.6383247375,105.003684998,,,0.0,1.1002051830162856,,0.8631674689752084,0.05855865511557142,0.12819157178075,True,0.10020518301628556,1.1507270336162847,0.1340542944769381,0.00020527838371720009,0.27097370422629036,0.12550779019174,0.06369023284825923,0.008480552212287822,0.009633029902556569,0.009126389765814391,2.9002051353325697,2.6993546485674287,False,-0.30537116076602633,0.04460751686970603,-0.038066158913819995,0.042158195219695375,0.24156981200815159,0.006824341872312834,-0.0012802504078262235,3.1502051353325697,False,True,72.81898628007107,0.18957766781367885,1.004314256181229,178.774414062,0.30709071949947864,0.0020855057351407717,39.4766845703,147.71917724595,0,0.10688216892596454,0.0020855057351407717,0.00591999990866,33.91174316405,0,0.11783107403545359,0.0020855057351407717,0.0192869994789,46.9565429688,0
density_20_nback_0_id_56,56,d20_n0,48.5999526978,55.299987793,69.5999145508,57.1998558044,6.7000350952000005,2.0,False,1.950047254516285,1.2159316284510169e-05,True,57.3484725952,56.7361793518,104.419952393,1.0500121116325687,7.750047206832569,7.207241058400001,,0.9533030348438096,0.6069189852682243,-1.4060592614495422,0.12818569964482893,False,,1.1000473498837167,0.06214139513223806,0.40001225468371615,0.3883044963808678,0.050303540266268175,0.0639022722056,0.008105162068014005,0.001473033372281359,0.005379639387147877,0.5000121593162845,1.3998558520837179,False,-0.30599009284844736,0.04306127033940751,-0.005875432160360374,0.023601564866341972,0.946376743443952,-0.008647480158865168,0.0006284412190426678,0.10001230236743197,False,True,148.73978331423197,0.18932673858953122,1.0010845986465657,178.555175781,0.11422845691382766,0.002004008016032064,22.7045898438,147.77337646505,0,0.0966933867735471,0.002004008016032064,0.0335079990327,42.82360839845,0,0.10420841683366733,0.002004008016032064,0.0122680002823,47.0480957031,0
density_20_nback_0_id_57,57,d20_n0,48.6503257751,50.3500442505,68.0000076294,55.999912262,1.6997184753999974,2.0,False,,0.19995570181628608,False,0.0,329.937133789,329.937133789,,,11.401279449429998,0.19995570181628608,,0.928313544313307,0.1721638699081397,0.13024255760798684,True,0.09995579718371772,0.999674320267431,0.23613842160380294,0.04995584486743354,0.23362800353365523,0.45081104338163336,0.06299729434479735,0.00948955338199352,0.00412033262118075,0.008144417706753159,2.5499558448674335,3.0999121666325706,False,-0.3014356393955526,0.04977390630900245,-0.015354499683081654,0.03605654143116102,0.48836503545077925,-0.05591774826557801,0.013088056142434999,,False,,82.29845800180189,0.16071297595452516,1.0035037321818712,178.026855469,0.056546102903718795,0.0020376974019358125,13.1343994141,72.71153259275,0,0.25267447784004077,0.0020376974019358125,0.0227049998939,52.3557128906,0,0.11767702496179318,0.0020376974019358125,0.0668950006366,32.3363189697,0
density_20_nback_0_id_5,5,d20_n0,48.5999717712,50.2495574951,78.549987793,65.0500183105,1.649585723899996,2.0,False,,0.3004424572162847,False,0.0,148.550521851,148.550521851,,,0.0,0.3004424572162847,,0.9748583878388905,0.15437220744608807,0.1286787307380263,True,0.20044255258371635,1.1000282764837124,0.23405564960210304,0.0004425049000005288,0.22015841157941995,0.43400820468858325,0.06390794092103026,0.008106603212948024,0.0058113778738474245,0.00959002020261942,5.600442409532569,9.200018405867425,False,-0.30562127342349993,0.04283477440426811,-0.023080546472387577,0.04299918124158407,0.19355109992531302,0.005735324753903166,-0.0007917749161907167,3.100442409532569,False,True,81.54938166661137,0.1667329787000137,1.0040068065103422,178.508911133,0.1310344827586207,0.0018390804597701149,3.38659691811,46.8967285156,0,0.33655172413793105,0.0018390804597701149,0.0428470000625,16.0667724609,0,0.12045977011494254,0.0018390804597701149,0.00134299998172,47.0004882812,0
density_20_nback_0_id_7,7,d20_n0,48.6991157532,49.5500144958,67.2998504639,55.0498924255,0.8508987426000019,2.0,False,,1.4499855042000007,False,0.0,105.482803345,105.482803345,,,0.0,1.4499855042000007,,0.960706212865531,0.03535145252113889,0.12947416903547365,True,0.8499855995674324,1.7008843421674342,0.12192047304578334,0.04998540883256908,0.21791926298629172,0.40041115755840495,0.06299405113647107,0.009518598821706484,0.009383970289497168,0.008019776522090098,3.0999855995674324,2.399892330132566,False,-0.3016387128123684,0.050002587926810324,-0.03663981719484739,0.03725983145961127,0.250904416984842,-0.0003279088899309994,-0.0001278704708939669,2.8999855518837165,False,True,70.65333058480132,0.15038685897956225,1.003862181219013,177.430664062,0.12628336755646818,0.002053388090349076,38.7041015625,223.654266357,0,0.1175564681724846,0.002053388090349076,0.0415039993823,34.83215332035,0,0.11190965092402463,0.002053388090349076,0.0144039997831,47.046875,0
density_20_nback_0_id_8,8,d20_n0,48.6000671387,50.0994224548,75.800201416,54.7501678467,1.4993553161000008,2.0,False,,0.5005774498325692,False,0.0,376.930755615,376.930755615,,,0.0,0.5005774498325692,,0.9391392263750091,0.06696959277043059,0.1298052366627237,True,0.3505775928837167,1.0999329089837175,0.21378915410103103,0.0005774498325692434,0.2688795627437792,0.07030685211840498,0.063467423137475,0.008819970281979528,0.005753297189146104,0.009225080874127862,1.6505775452000009,3.000167846700002,False,-0.30374140076735523,0.04652558526278799,-0.022366662441509828,0.04108346289041822,0.2119099707311616,-0.02862081811757667,0.005829747054187585,,False,,78.65278444549529,0.1934595601323267,1.0037818085608006,178.765625,0.09905660377358491,0.0018867924528301887,25.7652587891,148.13098144555,0,0.19056603773584907,0.0018867924528301887,0.0666500031948,51.5529785156,0,0.12216981132075472,0.0018867924528301887,0.0512080006301,46.8618164062,0
density_20_nback_0_id_9,9,d20_n0,48.650352478,49.5503425598,64.2003173828,55.7502708435,0.8999900817999986,2.0,False,,3.0496573448325677,False,0.0,225.912506104,225.912506104,,,0.0,3.0496573448325677,,0.9691575034646971,0.07850876489343778,0.12987178250367104,True,0.14965748788371513,1.0496475696837138,0.14149052049546113,0.049657344832567674,0.2426492284998083,0.4416885870197917,0.06299204256777369,0.009497796105892695,0.009405269814626723,0.007992770036389148,4.449657440199999,1.7502708434999974,False,-0.30148120498969744,0.04957779222793138,-0.036927032750123885,0.03751129205431295,0.343439821597409,0.11349715003743,-0.0228701140421225,3.649657487883715,False,True,70.6497667795304,0.16745045484817342,1.0046873801027236,177.902282715,0.04398516163222046,0.0021197668256491787,32.6843261719,53.191017150899995,0,0.118706942236354,0.0021197668256491787,0.0181269999593,36.39935302735,0,0.12983571807101218,0.0021197668256491787,0.00170899997465,47.6059570312,0
density_20_nback_1_id_10,10,d20_n1,28.7000923157,30.0001888275,59.2502174377,40.8994483948,1.3000965117999996,2.0,True,0.3499076366162832,1.5998110771325678,False,277.611297607,111.122619629,345.726226807,,,38.27422428134,1.5998110771325678,0.9916974566264699,0.787238186216395,-4.501000007757962,0.13703450487043553,True,0.5998110771325678,0.04990768429999903,0.003584404977469231,0.04981112481628358,0.15724824256171194,0.3976350896681288,0.017752840819374054,0.02051498311711226,-5.5644381413586144e-05,8.852157888055935e-05,6.349811077132568,4.549448490167428,False,-0.08657033918855336,0.09970588709707864,0.0003870388372889769,0.0008951858926701945,0.1571989835409714,0.12392553358603481,-0.03579069049641683,5.049811124816284,False,True,0.13166543299093425,71.21663144301502,-1.0013251198429245,150.434692383,0.043040804918949134,0.0022358859698155395,11.5003662109,57.6066894531,0,0.12073784237003912,0.0022358859698155395,0.0572509989142,12.2575683594,0,0.1777529346003354,0.0022358859698155395,0.0660400018096,11.5115966797,0
density_20_nback_1_id_11,11,d20_n1,24.1509056091,26.0000743866,40.4003677368,30.450006485,1.849168777500001,2.0,False,0.8490943908999995,0.049925565716282705,True,326.374298096,147.168716431,326.374298096,0.3499255180325669,2.199094295532568,50.30296325699999,1.0999255180325669,0.9763625527458363,0.6085229374907942,-3.5667527849089624,0.09768872747295791,False,,0.049094438583715316,0.22773381642295515,0.44992566108371435,0.3374426433246201,0.0,0.0357282459193541,0.019558560375001106,-0.00020732259439987838,0.0008813750036747824,1.9999256133999985,2.4500064849999994,False,-0.16890063089024787,0.09745245349265838,0.0003190076579807362,0.004224432443933083,0.34792800295733206,0.029632864869237503,-0.0068549876877423335,2.2999255657162827,False,True,0.09674520113806279,84.12193783934322,-1.0018638279801648,176.704589844,0.08852691218130311,0.0028328611898017,17.8369140625,91.8245849609,0,0.08711048158640226,0.0028328611898017,0.0947270020843,18.16015625,0,0.10977337110481586,0.0028328611898017,0.152587994933,33.1297607422,0
density_20_nback_1_id_12,12,d20_n1,24.0990428925,25.3992652893,38.4491729736,29.0992851257,1.3002223967999988,2.0,False,0.8509571551837141,0.0007348060674310375,True,223.407043457,282.130218506,282.130218506,1.000734806067431,2.30095720286743,23.484100342000005,,0.9542346816431376,0.9028337443271378,-1.0067100837252307,0.097827448362575,False,,0.10095715518371406,0.30579158663742306,1.2007346153325678,0.3385311038195325,0.0069263258037030005,0.036504640101299536,0.019134569702833896,-0.0003157657050066615,0.0011836974192384396,1.7007346153325678,1.9992852210674315,False,-0.17247051749025583,0.09576940626096958,0.0006817193621966075,0.005861664999171713,0.42265530842876486,-0.015525736955152665,0.0023316465250297004,1.4007346630162836,False,True,0.24270025473362578,76.39219802616132,-1.0005624003387301,176.583129883,0.08819241982507289,0.0029154518950437317,17.6394042969,91.6796875,0,0.11588921282798834,0.0029154518950437317,0.374267995358,17.69543457035,0,0.13338192419825073,0.0029154518950437317,0.103759996593,39.5728759766,0
density_20_nback_1_id_14,14,d20_n1,24.050819397,24.6001033783,33.6504096985,29.9999656677,0.5492839812999968,2.0,False,,0.29989671706743337,False,0.0,140.859863281,140.859863281,,,0.0,0.29989671706743337,,0.9779984207330495,0.4749806414954545,0.09782017836053684,True,0.2498965263325701,0.09918069836743015,0.5084498646583637,0.04989671706743337,0.0922872703543221,0.4450338553947667,0.036219526989856095,0.019287962715871913,-0.0013439816682630711,0.001049197601506863,1.24989652633257,4.149965763067431,False,-0.17091419829870086,0.09606940904253511,0.005283963511992636,0.00565767329795661,0.22219648569277517,-0.027670419589161655,0.018565940655144334,,False,,0.05824837724872775,65.51879521813267,-1.001071007245793,177.296264648,0.15896632732967894,0.0031323414252153485,26.3216552734,63.196411132849995,0,0.20125293657008614,0.0031323414252153485,9.76416015625,17.1221923828,0,0.20125293657008614,0.0031323414252153485,18.0947265625,29.7658691406,0
density_20_nback_1_id_15,15,d20_n1,24.1497268677,25.8497333527,58.3495788574,,1.7000064849999994,2.0,False,0.8502731322999999,0.00026655193256885923,True,325.681610107,369.807739258,369.807739258,0.4502665996162847,2.150273084616284,45.74142456000001,0.9502665996162847,0.9772405901126499,0.7641499644030374,-3.114330598319,0.09781015350629868,False,,0.05027317998371572,0.2500375789754412,0.6002666949837163,0.18758298495907538,0.2728755305210367,0.03651315253381142,0.0191300985277833,-0.0002966105916770912,0.001050277805314874,13.350266694983716,,False,-0.17280970192758963,0.09526138492454837,0.0005776845004324707,0.004632617219768522,0.14212513227358567,-0.02494066815124017,0.012561793435287662,4.750266551932569,False,,0.07437320940828372,82.07239586026049,-1.0003930986389464,176.803710938,0.1135593220338983,0.0022598870056497176,12.4302978516,60.7471923828,0,0.06610169491525424,0.0022598870056497176,0.0694580003619,25.2008056641,0,0.13050847457627118,0.0022598870056497176,0.0706790015101,32.58550977705,0
density_20_nback_1_id_16,16,d20_n1,24.0507888794,25.8003101349,42.0000076294,31.5503120422,1.7495212554999995,2.0,False,0.8492112159674328,0.04968976973257,True,328.730926514,264.581481934,328.730926514,0.4996898174162858,2.2492110729162853,43.73971557600001,,0.9769845577740216,0.8440347464950831,-3.1027426660072,0.09782332966202105,False,,0.09921121596743276,0.22105749276071143,1.0996899604674333,0.15248967243465422,0.20735172337533833,0.036249993529440916,0.019260305511599542,-0.0002522473010425,0.0009938106637334871,3.6996898651000016,2.0503120422000016,False,-0.17140612640495498,0.0963122319094231,0.0007295197200230772,0.004331434976089999,0.4051093227640163,-0.015436950087299268,0.0036913398876377503,3.3996899127837175,False,True,0.0959735967517379,82.75028438082236,-1.0001530542182273,177.469970703,0.12950138504155126,0.002770083102493075,24.8247070312,41.4909667969,0,0.09141274238227147,0.002770083102493075,12.2182006836,21.2955322266,0,0.12188365650969529,0.002770083102493075,18.0454101562,24.7919921875,0
density_20_nback_1_id_17,17,d20_n1,24.1003341675,25.4505405426,39.150428772,30.2003498077,1.3502063750999973,2.0,False,0.8496658801837143,0.04945945740000113,True,240.604980469,292.815185547,292.815185547,0.9494595527674328,2.29966592786743,15.394836425999983,4.1494593620325695,0.9630681870186605,0.7801601009693848,-1.4582594773839443,0.0977315435088,False,,0.09966588018371425,0.3028140066329519,1.0494594574000011,0.21377002250035917,0.22951689485920496,0.03603550650548138,0.01938093532039659,-0.00022377421080607403,0.0010934139444534609,2.799459457400001,1.9503498077000003,False,-0.17013015448558053,0.09647718860974243,0.0002787690919575667,0.004568995918572697,0.350159561205215,-0.046338325148913354,0.021863176797822164,1.749459505083717,False,True,0.09481831553658358,77.03960086337894,-1.0006631637753116,177.022705078,0.14780100937274693,0.003604902667627974,33.5524902344,54.2333984375,0,0.11247296322999278,0.003604902667627974,10.6986083984,13.1733398438,0,0.14924297043979812,0.003604902667627974,18.1531982422,33.5278320312,0
density_20_nback_1_id_18,18,d20_n1,24.0497589111,25.0997638702,43.4997215271,29.5495948792,1.0500049591000007,2.0,False,0.850241184267432,0.00023603443256803303,True,61.6258811951,210.697616577,210.697616577,1.1002361774837155,2.150241136583716,40.307071685900006,,0.8730820002847892,0.9796758863827391,0.29170644190164424,0.09790343399110525,False,,0.15024113658371618,0.37679117350342384,1.1502361297999997,0.08956480982702665,0.4136466209466799,0.037156989708720604,0.01874190414694678,-0.0006312393961706666,0.0013728891046039743,1.8502361774837155,2.599594831516285,False,-0.175848945218612,0.09386735787984601,0.001760564519955619,0.0064982520587894815,0.19046663164596525,-0.012518779840335,0.005377521559656848,2.5502362251674313,False,True,0.10519000805482571,72.75806703555811,-1.000697097012302,177.829467773,0.1384928716904277,0.0027155465037338763,27.6116943359,91.6416015625,0,0.1364562118126273,0.0027155465037338763,12.0518798828,18.4906005859,0,0.16836388323150034,0.0027155465037338763,17.8771362305,37.1278076172,0
density_20_nback_1_id_19,19,d20_n1,24.0492706299,24.9991207123,41.6991844177,30.0492324829,0.9498500824000011,2.0,False,0.8507294654674311,0.0008792876999983434,True,37.2868156433,188.556945801,188.556945801,1.40087938306743,2.350729465467431,26.181297302199994,5.8008792400162825,0.6878642174709582,0.9360194003345794,0.45970906650552107,0.0979003042570908,False,,0.10072946546743111,0.4203813654419421,3.0008792876999983,0.21886437188604607,0.292742570020113,0.03705853571898057,0.01880805682572193,-0.0007365107688347527,0.0013645455165368894,1.8508791923325667,3.1992325782674307,False,-0.17523944424467777,0.09406678624313922,0.002054714612315895,0.006037741387357051,0.1518101492578415,-0.017857538720513832,0.0037130047353779332,1.4508793353837142,False,True,0.04497126072252364,71.3000844955728,-1.0002306088815087,177.273803711,0.13221990257480862,0.0027835768963117608,17.8481445312,91.9401855469,0,0.116214335421016,0.0027835768963117608,0.211181998253,17.1801757812,0,0.14822546972860126,0.0027835768963117608,0.160644993186,41.516784668,0
density_20_nback_1_id_1,1,d20_n1,24.0501327515,25.0493030548,50.4500007629,36.3501396179,0.9991703032999979,2.0,False,0.8498673438674302,0.0006968975162848778,True,53.8767356873,382.790313721,382.790313721,3.800696849832569,4.799867153132567,39.81679916379999,5.300696849832569,0.8462372260987769,0.8866362808351788,0.2955143930098421,0.09782124251910658,False,,0.14986729618371442,0.38282276258657894,4.700696945200001,0.29503074953600167,0.039114116753134996,0.03632157972108499,0.019230379387847052,-0.0005271874029663789,0.0012768238142951544,4.000696897516285,7.300139665583714,False,-0.1719187390064258,0.09614620763946971,0.0014756198123912101,0.005465457582284095,0.23131596738530444,-0.03111834496910322,0.006831385726399733,3.000696897516285,False,True,0.10467645308214149,71.30478905672616,-1.00051095962306,177.699584961,0.035337879727216366,0.0024798512089274642,22.8880615234,91.4868164062,0,0.13081215127092374,0.0024798512089274642,0.305907994509,24.6965332031,0,0.1884686918784873,0.0024798512089274642,0.406738013029,42.3466186523,0
density_20_nback_1_id_20,20,d20_n1,28.700094223,30.7501869202,54.6003379822,37.8001823425,2.0500926972,2.0,True,0.2999057769999993,2.199813127483715,False,276.891265869,340.679656982,342.178283691,,,0.0,2.199813127483715,0.9661743645856113,0.899473816450272,-2.62469741820221,0.1355965859011421,True,0.5498130321162833,0.04990577699999932,0.22272903599390242,0.049813032116283296,0.2024006658069799,0.38198015131053836,0.017705019844949727,0.020493280231062422,-2.36458762027241e-05,6.909936607737429e-05,3.499813079799999,3.550182342500001,False,-0.08650783101852924,0.09974490593259985,0.00021438490040977633,0.001269061742296248,0.196604168311425,-2.0008637663133957,0.028469796354778348,,False,,0.1227266244666484,77.76767090844933,-0.9985740443038276,148.861816406,0.3811209439528024,0.002359882005899705,3.29907202721,101.74511718725,0,0.15870206489675517,0.002359882005899705,0.140503004193,43.0666503906,0,0.18702064896755163,0.002359882005899705,0.0545650012791,70.1379394531,0
density_20_nback_1_id_21,21,d20_n1,24.0991611481,25.7493419647,43.8993873596,30.1493396759,1.6501808166000025,2.0,False,0.8508388995837173,0.0006580352999989714,True,326.271026611,315.019256592,326.271026611,0.6506581306674306,2.300838947267433,43.244033814000005,,0.9730393934316353,0.8769923758410303,-2.3375209901823544,0.09782754659261052,False,,0.10083889958371728,0.25207811018280607,1.5506579876162832,0.15090296658811994,0.25020992659643665,0.03653831649793653,0.019115388386483006,-0.0002830296863259273,0.0010692082758474604,1.250658035299999,3.1493396758999985,False,-0.17275662808737893,0.09575949090657106,0.00011147511770406058,0.004309434257018295,0.2069844532486789,-0.02794963347256984,0.007227030274227234,1.3006579876162832,False,True,0.07123822285093709,81.41538016619572,-1.0006598170738563,177.57019043,0.1350438892640108,0.0027008777852802163,24.4613037109,48.4466552734,0,0.13166779203241052,0.0027008777852802163,10.9006347656,22.3132324219,0,0.14719783929777178,0.0027008777852802163,18.419921875,24.4660644531,0
density_20_nback_1_id_22,22,d20_n1,24.0502147675,24.6502094269,35.200214386,30.2502365112,0.5999946593999965,2.0,False,,0.24979066846743336,False,0.0,182.048568726,182.048568726,,,0.246109753847,0.24979066846743336,,0.9795539592729049,0.60755383471625,0.09782210443364737,True,0.19979047773257008,0.14978528018371406,0.5305284460385417,0.04979062078371754,0.21935795426192284,0.2736115717794758,0.03636778485624632,0.019201476694700806,-0.0012471756344883415,0.0011159738807433122,3.0997905731000017,2.5002365112000007,False,-0.17170472301570883,0.09597740529552631,0.004686961474366334,0.006743875300818032,0.2105663199547111,0.003976658467869333,-0.0016260115080518338,4.249790668467433,False,True,0.09541964454610997,66.23000076354882,-1.0005505775174377,177.198120117,0.1331293037490436,0.00306044376434583,22.0308837891,50.9723510742,0,0.18362662586074982,0.00306044376434583,11.5386962891,24.2857666016,0,0.18362662586074982,0.00306044376434583,18.3207397461,22.4331054688,0
density_20_nback_1_id_23,23,d20_n1,24.1003170013,26.1006889343,38.3509063721,30.9502620697,2.0003719330000003,2.0,False,0.849683046383717,0.04931116106743261,True,327.210754395,92.4181900024,327.210754395,0.19931101801628515,2.1996829510162854,31.853660583499998,5.349311113383717,0.9753134877288359,0.586259052536506,-3.675975869408492,0.09772133219399079,False,,0.09968304638371706,0.200083137489845,0.24931097033256933,0.25176006636197196,0.20831120541945,0.035735560404166554,0.019550845725586668,-0.00020648415284115499,0.0008577942156798945,2.2493109703325693,2.6002621650674307,False,-0.1686004759862031,0.09764215686786291,0.0002329808683504925,0.0038981745262307165,0.31144661450030825,0.02621391188977667,-0.0012331863186063332,1.3493111133837168,False,True,0.07965780634733545,86.0982319904187,-1.0005055615354048,176.678100586,0.14296134208606856,0.0029175784099197666,29.9885253906,91.1492919922,0,0.08096280087527352,0.0029175784099197666,5.47705078125,13.7730102539,0,0.10795040116703136,0.0029175784099197666,17.8772583008,38.55798339845,0
density_20_nback_1_id_24,24,d20_n1,24.1504001617,26.7004451752,41.6996459961,29.5003986359,2.5500450135,2.0,False,0.7995998859837172,,False,324.602661133,7.3591837883,324.602661133,,,2.2131373882300003,,0.9722510235868684,0.23425335701770839,-3.1927474890568335,0.09822320144035,True,0.4495549201674329,0.04959988598371723,0.1838818223891412,0.049554824800001285,0.2023358324419158,0.18690040186047832,0.035414037938042105,0.019703267631235113,-0.0001386660615916994,0.0007257571651617675,0.2995548248000013,2.5003986359000017,False,-0.16722161712208564,0.09804091528836381,0.00027745813478046664,0.0033672140345599997,0.2882897426899335,0.031165504711724166,-0.00593351102579605,,False,,0.10704647939704413,92.56128660793382,-1.000848586086257,176.733398438,0.14057063326374392,0.0027835768963117608,23.4886474609,91.4006347656,0,0.12804453723034098,0.0027835768963117608,11.3635253906,23.5760498047,0,0.1593597773138483,0.0027835768963117608,17.9632568359,36.73156738285,0
density_20_nback_1_id_25,25,d20_n1,28.6997108459,30.3996009827,79.0004577637,,1.6998901368000006,2.0,True,0.35028910641628386,3.350399017299999,False,291.109832764,104.457382202,291.109832764,,,0.0,3.350399017299999,0.9885257563393718,0.5895935450601159,-3.5910426442897405,0.13716464549740906,True,0.25039911266743076,0.0002892017837154981,0.10457617559415588,0.0003991126674307566,0.10378842802952391,0.17453257559874685,0.01844371506166299,0.020837818575955937,-2.7065959637412346e-05,7.945803798959439e-05,3.6503989696162833,,False,-0.09001301287970605,0.10114080551407262,0.00034485840671339123,0.0009320185716639825,0.16431933963320913,0.17622298846652334,-0.05808415214511217,7.7003989219325675,False,,0.12669589328252664,75.55351591067702,-1.0034972022879367,150.421020508,0.36326156665139714,0.0018323408153916628,6.5826420784,62.9077148438,0,0.1049015116811727,0.0018323408153916628,0.00158699997701,16.9813232422,0,0.11726981218506642,0.0018323408153916628,0.00122099998407,8.79211425781,0
density_20_nback_1_id_26,26,d20_n1,24.1496677399,25.999753952,38.6497383118,31.6999702454,1.850086212099999,2.0,False,0.8003323077837159,0.0002460480000010534,True,324.107269287,193.998519897,324.107269287,0.30024600031628523,2.1503322124162842,63.435348511,,0.9747450896480845,0.8745895785856519,-3.3684660350362776,0.09775507008950658,False,,0.05033230778371589,0.2221510283447324,0.4502460956837169,0.2650683604337742,0.14803759868952268,0.03604163386463501,0.01938548427541925,-0.0002481461646366162,0.0009402903268940958,3.8502459526325694,1.849970340767431,False,-0.1702958661542096,0.09635743814632973,0.0009119324622590089,0.004155960769914175,0.2899872399308904,0.034820299964211335,-0.010911996626742084,3.250246048000001,False,True,0.08872714842072998,84.17464961453258,-1.0009526493431427,176.756103516,0.13527272727272727,0.002909090909090909,24.0155029297,91.1416015625,0,0.08145454545454546,0.002909090909090909,1.527099967,17.00549316405,0,0.10472727272727272,0.002909090909090909,18.0330200195,33.0912475586,0
density_20_nback_1_id_28,28,d20_n1,49.1992111206,50.3492240906,65.3992004395,53.9492111206,1.150012970000006,2.0,False,0.25078892708371825,,False,34.4047012329,5.44811916351,178.557571411,,,0.0,,0.6873467652113148,0.1464079856681091,-0.21086515990371307,0.09690136832527237,True,0.6507759093999965,0.0007889270837182494,0.17830636684343046,0.000775814032564881,0.08912714453718273,0.29928280202054497,-0.00011484612025306694,0.00042493123306550686,-5.135674680038826e-06,9.918676268368643e-06,0.8507759570837123,2.7492110729162818,False,0.00031100126017495654,0.0023040539268164447,0.0001222307441920339,0.0014270105729072165,0.15448961566237746,-0.007109234792311688,0.007692304668832165,2.4507758617162807,False,True,0.08824529263255955,66.03258325121581,-1.0000000000000266,157.385498047,0.3148535564853556,0.0020920502092050207,18.4077148438,154.703979492,0,0.12813807531380753,0.0020920502092050207,0.00335699995048,28.5904541016,0,0.09937238493723849,0.0020920502092050207,0.0129389995709,14.666442871050002,0
density_20_nback_1_id_29,29,d20_n1,24.1002998352,25.6001205444,42.0002593994,28.4001255035,1.499820709199998,2.0,False,0.8997001647999987,0.04987955096743235,True,271.189666748,323.925170898,323.925170898,0.7998795509674324,2.2997002601674303,52.73550415,,0.9685297959716371,0.995356581343739,-2.226885405555427,0.0977363684459684,False,,0.09970021248371452,0.2580844630331963,,0.0,0.3086953499975367,0.03599938288090037,0.019400963030360943,-0.0002162510770482333,0.0010485139326753686,0.6998794079162849,2.100125551183716,False,-0.17004636456538874,0.09685052823182703,0.0006732939060994799,0.004969139227223922,0.29762907486166545,0.017288732342399995,0.011024557892174332,,False,,0.1161236849787607,79.26999295011693,-1.000899458018864,177.19152832,0.12534626038781163,0.002770083102493075,24.6694335938,91.5418701172,0,0.1945983379501385,0.002770083102493075,0.167480006814,21.453125,0,0.1703601108033241,0.002770083102493075,0.108887001872,26.4315185547,0
density_20_nback_1_id_2,2,d20_n1,24.1002006531,26.1002388,37.8000640869,29.9002952576,2.0000381468999997,2.0,False,0.8497993945837159,0.04976129536743201,True,325.240631104,92.1242675781,325.240631104,0.19976115231628455,2.1997992992162843,30.971782684300003,,0.9755190906390343,0.7535821779886861,-3.672226878092622,0.09772093525450394,False,,0.0997993945837159,0.1986771195195475,0.24976110463256873,0.31148802060823866,0.11027183774857499,0.03572638663689558,0.01955545750982322,-0.00019940397614829752,0.0008740854641438903,1.049761295367432,2.750295162232568,False,-0.1684187338052002,0.09724737714259143,0.0006875767805465651,0.003637339651034547,0.25726222822723593,-0.0077457259564086695,-0.0018833116725336674,0.8497612476837162,False,True,0.09058733502014982,86.09167278730149,-1.000257427790354,176.596191406,0.1456953642384106,0.0029433406916850625,21.6802978516,91.8515625,0,0.10522442972774099,0.0029433406916850625,10.5822753906,22.66119384765,0,0.1287711552612215,0.0029433406916850625,17.9494628906,36.22637939455,0
density_20_nback_1_id_30,30,d20_n1,28.6994743347,30.4502429962,47.8495559692,36.6000213623,1.7507686615000004,2.0,True,0.30052566530000036,4.7997570038,False,288.074981689,210.653244019,288.074981689,,,0.0,4.7997570038,0.9827070070715266,0.8114469957278398,-3.2726409615327805,0.1336494981507171,True,0.14975690843256828,0.0005257129837161756,0.17354540826960277,0.04975700379999992,0.2720706781493065,0.2374132460759633,0.018426069507807664,0.020835544967028375,-2.6494409206023058e-05,7.3620363624469e-05,4.199757099167432,1.9500212669325663,False,-0.08998560321069542,0.10126833152542934,5.442544129983892e-05,0.000907541249528707,0.2048232997955291,-0.5829515400022,0.23318666387363335,3.849756956116284,False,True,0.07814003598359887,76.1001130976391,-0.9985190000028225,149.683227539,0.1064102564102564,0.003205128205128205,11.6635742188,91.9271240234,0,0.10833333333333334,0.003205128205128205,0.0256350003183,15.4234008789,0,0.15833333333333333,0.003205128205128205,0.0506590008736,39.938659668,0
density_20_nback_1_id_31,31,d20_n1,24.0494308472,25.2494087219,43.1496353149,30.7994041443,1.1999778747,2.0,False,0.8505692481674316,0.0005912780999999256,True,136.055435181,232.356018066,232.356018066,1.800591230416284,3.000569105116284,32.88921356200001,,0.9009903007917864,0.918926441944095,-0.2431736557432416,0.09789939616856186,False,,0.10056924816743162,0.3329886118881917,2.300591230416284,0.23869842074007835,0.32469223380712503,0.03702411916770019,0.018829287738177596,-0.00046207261993882093,0.0013240363728261521,2.6005911827325683,2.9494042396674303,False,-0.17530705822074763,0.09418831719191718,0.001349587146251375,0.006291762143461761,0.22776165583182148,-0.5965703931497007,0.023472937503192494,1.800591230416284,False,True,0.09109812671422407,74.93898339681571,-1.0003065604445633,177.129394531,0.1274710293115201,0.0027266530334014998,16.9152832031,42.9501953125,0,0.1029311520109066,0.0027266530334014998,0.316161990166,23.0776367188,0,0.1301976823449216,0.0027266530334014998,0.0231929998845,23.1448974609,0
density_20_nback_1_id_32,32,d20_n1,24.0996799469,25.8003063202,38.100402832,29.3000564575,1.7006263733000004,2.0,False,0.8503201007837156,0.04969358443256766,True,324.747680664,227.92539978,324.747680664,0.4496936797999993,2.1503200530999997,34.982330321999996,,0.9788859238524559,0.8115453614018429,-3.0691558518056032,0.0978248682069092,False,,0.10032010078371556,0.22359053779926572,0.5996937751674309,0.19712025998611699,0.15127271427772832,0.036496703654559426,0.019128884361973925,-0.00028836180343732573,0.0010177781900356036,1.099693775167431,2.400056362132567,False,-0.1722124996289096,0.09569971152633465,0.0008518996779475202,0.004273169996100235,0.23736545590968092,0.039596407747986,-0.0030377842175318332,,False,,0.10306016262717901,82.75596534649783,-1.000484790158181,176.663085938,0.14348462664714495,0.0029282576866764276,25.5538330078,91.9500732422,0,0.12664714494875548,0.0029282576866764276,11.567199707,19.63635253905,0,0.1500732064421669,0.0029282576866764276,17.9045410156,36.566772460950006,0
density_20_nback_1_id_33,33,d20_n1,24.1001300812,25.1500911713,41.3002243042,30.2502155304,1.0499610901000018,2.0,False,0.8498699664837162,0.04990887638371433,True,107.419303894,210.176086426,210.176086426,1.0499088763837143,2.099869966483716,32.5616531372,6.149908781016283,0.9048541846039297,0.9272746771417097,0.05122841823657139,0.09771665058245921,False,,0.09986996648371615,0.3698561684716143,1.2499089240674301,0.16984586524300904,0.4289642344539217,0.03561681929032273,0.019605433185155757,-0.00029665987746030006,0.0011436316393769437,2.0499088763837143,3.0502154827162826,False,-0.1682387927425112,0.09753570290905644,0.0003832202914744285,0.0049076771235700475,0.14945346238087745,0.027506776518795007,-0.005732786153645041,1.4499087333325669,False,True,0.10582460029106011,72.78136535452033,-1.0005861822301558,177.033691406,0.14405594405594405,0.002797202797202797,18.2109375,91.3868408203,0,0.1041958041958042,0.002797202797202797,0.0708009973168,15.60009765625,0,0.13216783216783218,0.002797202797202797,0.0280760005116,43.23724365235,0
density_20_nback_1_id_34,34,d20_n1,24.0998783112,26.4998264313,40.3499717712,29.4501247406,2.3999481200999995,2.0,False,0.8001217841674304,,False,325.264556885,4.44349479675,325.264556885,,,1.18932044506,,0.9716713675543349,0.34672198791408,-3.420744362210731,0.09782078175952236,True,1.0001735686999993,0.050121784167430405,0.1614265319270604,0.00017356869999929359,0.19185012610403926,0.35681986317502834,0.03627982312594815,0.01924934045524147,-0.0002086464562627146,0.000862792731902853,0.9501736163837151,2.000124692916284,False,-0.1716844392350599,0.0961474444470172,0.0006627333437649897,0.004080001425797509,0.2523004778190156,0.03627430498595332,0.00045218764186583544,,False,,0.24783128869424456,91.00759092138287,-1.000300390969356,175.60559082,0.15046132008516677,0.0028388928317956,22.2778320312,91.88671875,0,0.14620298083747338,0.0028388928317956,11.4462890625,23.9935302734,0,0.15684882895670688,0.0028388928317956,18.58984375,38.30725097655,0
density_20_nback_1_id_36,36,d20_n1,24.0501098633,26.0000267029,50.350112915,31.1999225616,1.9499168396000002,2.0,False,0.8998901843837146,0.04997324941628278,True,324.570861816,143.179855347,324.570861816,0.2999732494162828,2.249890089016283,36.34313964900002,9.449973344783714,0.97770514127714,0.7209180434367012,-3.5364089766743336,0.09782493702674737,False,,0.1498901843837146,0.20403334469748974,0.4999732970999986,0.23018559765477434,0.05663126272463834,0.036360931502712635,0.019201680518034808,-0.00026829993713833585,0.0009599871731394195,1.599973201732567,3.5999226569674327,False,-0.1719270295847781,0.09567049918270826,0.0006034700839860846,0.0045444751082938,0.09057337421505164,0.8605103502670334,-0.17558361242215834,,False,,0.08968498104400084,85.46334803345316,-1.0006379656743685,177.46484375,0.0521415270018622,0.002482929857231533,18.1625976562,46.029296875,0,0.1787709497206704,0.002482929857231533,0.174316003919,22.9808349609,0,0.1787709497206704,0.002482929857231533,0.0747070014477,23.0841064453,0
density_20_nback_1_id_38,38,d20_n1,28.6998844147,30.7498111725,58.5498199463,46.3998298645,2.049926757799998,2.0,True,0.3001155852999986,3.4501888751837164,False,275.397979736,373.415008545,373.415008545,,,0.0,3.4501888751837164,0.9689396992417229,0.814510659564544,-2.5706596390810894,0.13464427886432367,True,0.600188732132569,0.00011563298371441988,0.20362086848513658,0.000188827500000599,0.22441588167297308,0.35025761729722166,0.01843081750891711,0.020837014541659277,-2.1286136022425368e-05,7.448222502801464e-05,3.7001888751837164,11.949829816816283,False,-0.09014379877728357,0.10129749299065116,0.00020563560974542192,0.0011410843835662654,0.19546224790654437,0.09513659878480632,-0.01536967366945141,4.350188732132569,False,True,0.14185275199040814,78.35929359575292,-1.002431939316343,150.274902344,0.06820744081172492,0.002254791431792559,7.3148188591,90.9714355469,0,0.14656144306651633,0.002254791431792559,0.0275880005211,5.17431592941,0,0.2762119503945885,0.002254791431792559,0.0224610008299,45.4154052734,0
density_20_nback_1_id_39,39,d20_n1,28.649887085,29.7006435394,81.5998840332,74.4999160767,1.0507564544000019,2.0,True,0.4501128196325688,0.04935646059999854,True,276.993225098,268.897949219,276.993225098,0.29935646059999854,1.3501129150000004,79.97413635299999,1.5493564605999985,0.9979266325489091,0.6061576193701912,-3.6860148906713635,0.13646793163283946,False,,0.00011301036743205373,0.0,0.3493564129162827,0.11514084032151074,0.14486463473484498,0.01918505429651147,0.02112259017943365,-8.430864997160545e-05,6.544479135472276e-05,12.249356508283714,32.54991602901629,False,-0.09364496686075803,0.10278283649076823,0.0005667198559179272,0.0010628579915696577,0.15165536903386842,-0.006095784250624991,-0.02102801083237983,11.399356365232567,False,True,0.09760197799577902,69.55219267016498,-1.0013101887166702,150.615234375,0.6272930648769575,0.0017897091722595079,1.14428699017,75.2303466797,0,0.05592841163310962,0.0017897091722595079,0.0172119997442,31.051574707,0,0.12125279642058165,0.0017897091722595079,0.0136719997972,0.185058996081,0
density_20_nback_1_id_3,3,d20_n1,24.050037384,24.6998062134,36.5494689941,31.449760437,0.6497688293999992,2.0,False,,0.20019388196743293,False,0.0,386.208374023,386.208374023,,,0.0,0.20019388196743293,,0.9361609159278884,0.62084831049,0.09782312232021051,True,0.15019369123256965,0.09996271136743218,0.5430521853269167,0.0001938342837171092,0.2584466501020624,0.4130731016397433,0.0362751291694129,0.019266970557253647,-0.001204131207525404,0.0011180873589486887,1.1001937389162855,5.649760484683714,False,-0.17162607196684887,0.09631821871975813,0.0042391758276355,0.005209782183439084,0.2766863485142734,0.04155146644817931,-0.005961098430450034,0.10019373891628547,False,True,0.07644900099186441,66.23660819641499,-1.000453881170519,177.455566406,0.13857677902621723,0.00299625468164794,16.0167236328,55.642578125,0,0.1707865168539326,0.00299625468164794,10.4174804688,31.966796875,0,0.1707865168539326,0.00299625468164794,16.1939697266,16.1939697266,0
density_20_nback_1_id_40,40,d20_n1,28.6997699738,30.0498580933,52.2495002747,36.4996109009,1.3500881195000005,2.0,True,0.35022997851628546,0.0001418590162849398,True,295.284637451,54.0055541992,295.284637451,0.1001420020674324,1.450230121567433,76.5312309264,1.750141859016285,0.9865521065961419,0.8077245054556533,-4.396059925909333,0.14070140643620946,False,,0.0002300738837170968,0.0,0.1001420020674324,0.1271541383818084,0.42655367131038335,0.01905555110332714,0.02114363474557683,-5.0468913657281476e-05,6.853811638733883e-05,3.1001420020674324,3.3496108055325706,False,-0.09334015647385517,0.10315495581620886,8.381662418175182e-05,0.000828679742152255,0.19661568072207852,0.052211479163601165,-0.010863904817969665,,False,,0.049668664035005125,72.08938004286033,-1.0007075451903673,150.136352539,0.037014563106796114,0.0024271844660194173,9.44384765625,91.8350830078,0,0.2154126213592233,0.0024271844660194173,0.00268599996343,21.6231689453,0,0.2445388349514563,0.0024271844660194173,0.11682099849,30.680847167950002,0
density_20_nback_1_id_41,41,d20_n1,28.6998405457,30.0993385315,73.2498016357,38.5496063232,1.3994979858,2.0,True,0.3501594066162852,0.6006615161837168,True,288.883209229,94.203163147,341.323242188,0.0006613731325693095,1.4001593589325694,38.2917003632,0.6006615161837168,0.9885378441026247,0.6944822758354676,-4.354702860116714,0.13759705532145738,True,0.5506615638674326,0.00015950198371683655,0.0021233850025714285,0.0006613731325693095,0.15741032664013208,0.4231161650425283,0.01845168450558533,0.020845583123692082,-4.9630747071191074e-05,8.119284515202138e-05,2.700661420816285,5.749606370883718,False,-0.09013667598358455,0.1012462252691614,0.00012551799184313612,0.0009894266294502218,0.27708139660655307,0.3294528159351745,-0.140631465761281,1.150661468500001,False,True,0.125423298138052,72.49345929683243,-1.0016861513669035,150.169799805,0.054642166344294,0.0019342359767891683,9.81787109375,56.47674560545,0,0.1827852998065764,0.0019342359767891683,0.0644529983401,18.7908935547,0,0.18375241779497098,0.0019342359767891683,0.027831999585,10.3310546875,0
density_20_nback_1_id_43,43,d20_n1,28.7001438141,30.2508411407,60.0505142212,38.5005722046,1.5506973266000017,2.0,True,0.3498561382162855,2.4491589069837154,False,288.377563477,318.950469971,318.950469971,,,0.0,2.4491589069837154,0.9870045915129586,0.8842928734305215,-3.9112533163881156,0.13643542226209987,True,0.34915876393256795,0.04985618590000129,0.06154600963478388,0.04915881161628377,0.21782037133136314,0.15001344227541333,0.01771491374175292,0.02050484375431044,-4.0782804757592085e-05,9.075063889464307e-05,4.449158906983715,3.8005721569162816,False,-0.08653192840880444,0.0995859423520724,0.00010093731473348386,0.0007876537585053266,0.11829736905276121,0.14760202355690166,-0.027094306385428164,4.899158954667431,False,True,0.11216166870613017,73.67524224659029,-1.0023957688607612,149.777587891,0.06814404432132964,0.00221606648199446,11.6497802734,45.83239746095,0,0.18005540166204986,0.00221606648199446,0.162109002471,14.8570556641,0,0.1811634349030471,0.00221606648199446,0.0197749994695,13.2882080078,0
density_20_nback_1_id_44,44,d20_n1,28.7005119324,30.15076828,61.5008049011,,1.4502563475999999,2.0,True,0.34948801991628287,2.7992317676837146,False,298.42175293,300.151062012,300.151062012,,,38.2966003418,2.7992317676837146,0.9883261511986831,0.8310575216222664,-4.296598478638276,0.13615945915346567,True,0.49923181536743044,0.049488067599998686,0.00725208421977931,0.04923176768371462,0.20971581842145431,0.0236914727215915,0.017714425029511118,0.02050532270984712,-4.576781113954448e-05,7.187475504312469e-05,4.74923181536743,,False,-0.08637421795485913,0.09954063124443747,0.0003066963642505034,0.0011395950411326346,0.25420425522103746,0.29003021304955684,-0.06576652193423399,4.149231672316283,False,,0.09682369951437292,72.75544478089324,-1.003241827740437,149.746826172,0.06052344601962922,0.0021810250817884407,13.1691894531,92.6235351562,0,0.15866957470010906,0.0021810250817884407,0.0227049998939,10.7791748047,0,0.1837513631406761,0.0021810250817884407,0.0447999984026,13.1813955307,0
density_20_nback_1_id_45,45,d20_n1,28.7003593445,30.6000480652,56.8501052856,40.9506072998,1.8996887206999986,2.0,True,0.2996406554999993,0.999951839432569,False,278.728118896,124.965820312,278.728118896,,,0.0,0.999951839432569,0.9764608217355769,0.7980472476953187,-2.809921756117284,0.13199559947179867,False,,0.0496406554999993,0.2097102091892684,0.049952030167432326,0.233319249799124,0.39555871486663996,0.01769883220439583,0.02049098664333775,-2.5430678922571054e-05,7.264036819989773e-05,5.249951839432569,5.10060739516743,False,-0.08635361904892887,0.09944961073450513,0.00014116298272810263,0.0006879116380224521,0.1511344264081047,-0.3062559934094393,0.006176132204157992,3.0499520301674323,False,True,0.10347838179630216,76.66986614314145,-1.0014509659589843,150.07421875,0.04367816091954023,0.0022988505747126436,11.5754394531,55.6324462891,0,0.1471264367816092,0.0022988505747126436,0.123534999788,12.4017333984,0,0.17758620689655172,0.0022988505747126436,0.0283199995756,11.6184082031,0
density_20_nback_1_id_46,46,d20_n1,28.7000694275,29.9501838684,52.6002655029,33.9500198364,1.2501144408999991,2.0,True,0.3499305248162834,0.04981613160000009,True,286.575683594,362.190307617,362.190307617,0.09981608391628427,1.3499305248162834,71.36512756299999,0.9998161792837159,0.9907298190494469,0.6867082952177797,-4.65081665515976,0.13589956740062367,False,,0.049930572499999215,0.0,0.09981608391628427,0.23672265501706738,0.22862368721203002,0.017718253578719634,0.02049776788301597,-5.908333860130561e-05,7.792985608175633e-05,1.0498161316,2.9500198364000028,False,-0.08632078768276537,0.09951379273565011,0.00033417700652048327,0.001201671940079524,0.11630609546342312,0.17245393629811995,-0.05608858446335122,3.5998160839162843,False,True,0.10467181732833407,70.67972676690982,-1.0006918719372624,149.943847656,0.392512077294686,0.0024154589371980675,18.7645263672,107.536621094,0,0.2886473429951691,0.0024154589371980675,0.046996999532,10.4991464615,0,0.589975845410628,0.0024154589371980675,0.101439997554,34.2880859375,0
density_20_nback_1_id_47,47,d20_n1,28.6508216858,30.5006008148,58.1507072449,38.2509269714,1.849779128999998,2.0,True,0.39917826651628374,1.1493992805674331,False,276.276397705,81.8981018066,320.640533447,,,0.0,1.1493992805674331,0.977669122345965,0.7985998409394326,-3.0095536701776946,0.1417064443230592,True,0.04939913751628566,0.04917836188371538,0.2037090614840811,0.1993992328837173,0.1848602646337304,0.36576605873808,0.018462640289631023,0.020853044413269572,-2.790906301998947e-05,7.624451817881595e-05,4.09939908983257,3.65092706676743,False,-0.0901577772571523,0.1017333314065856,9.619877982894063e-05,0.0012799152755232977,0.23620517133410057,0.05847675500361796,-0.012278286570900182,4.899399280567433,False,True,0.12537851209403958,76.6339427935948,-1.0031257662098796,150.457275391,0.08375778155065082,0.0022637238256932655,12.0109863281,59.6564331055,0,0.1873231465761177,0.0022637238256932655,0.0693359971046,16.1580810547,0,0.18845500848896435,0.0022637238256932655,0.0124509995803,12.9327392578,0
density_20_nback_1_id_48,48,d20_n1,28.7502880096,30.7500038147,61.5502548218,42.7998199463,1.9997158051000028,2.0,True,0.24971199040000158,1.549996137616283,False,275.464691162,395.641967773,395.641967773,,,0.0,1.549996137616283,0.9709139597218033,0.7766967415923774,-2.6581555751157553,0.13131984087980264,True,0.5999960899325671,0.04971194271628576,0.23165390756910248,0.049996137616282965,0.22525351821808026,0.10581095376985,0.016991952423446265,0.020131731962454588,-2.8489320271753004e-05,8.048568370662499e-05,4.949996232983715,7.099819898616282,False,-0.08283778626702898,0.09752757069537785,0.00014751049352518502,0.0009412392301666062,0.19156259349233676,0.20883947465140767,-0.06168753991367827,3.849996089932567,False,True,0.15355812236482153,77.36629514085463,-1.0025557504640668,149.678588867,0.0436442989634479,0.002182214948172395,13.1237792969,31.79949951175,0,0.24277141298417895,0.002182214948172395,0.00781199987978,6.08679199219,0,0.24386252045826515,0.002182214948172395,0.0512700006366,16.8619384766,0
density_20_nback_1_id_49,49,d20_n1,28.6500453949,30.5000362396,92.8000259399,54.4999809265,1.8499908446999989,2.0,True,0.39995455741628305,3.2499637604,False,288.009796143,269.859161377,288.009796143,,,0.0,3.2499637604,0.9796465918436972,0.8082537751165423,-3.186921872878132,0.13847989147666778,True,0.09996366503256837,0.04995465278371469,0.16851849249893783,0.04996371271628419,0.10737895901953048,0.446643564105,0.018444341243402176,0.02082934095274052,-2.894570315763406e-05,8.144110475520329e-05,6.949963808083716,17.049980878816285,False,-0.09015201726664941,0.10158547203849379,2.85838796609027e-05,0.0008446075748570995,0.3204806190805462,0.022766237764164168,-0.0076526364418290005,8.099963665032568,False,True,0.08159714846762096,76.73869773334091,-1.0005515261386888,150.551757812,0.41968279788531926,0.0016266775111834079,7.53405809402,96.26776123055001,0,0.18137454249694998,0.0016266775111834079,0.0163570009172,19.8604736328,0,0.18218788125254168,0.0016266775111834079,0.0258789993823,7.92321777344,0
density_20_nback_1_id_4,4,d20_n1,24.0500888824,26.1500282288,51.750125885,31.1499404907,2.0999393463999994,2.0,False,0.8499112129674309,0.04997181888371571,True,325.437072754,22.9046211243,325.437072754,0.09997177119999989,2.1999111175999992,31.138820648200003,,0.974873952840606,0.16223855621547498,-3.785996685159683,0.09782097380804343,False,,0.09991121296743088,0.16320558823642856,0.09997177119999989,0.07523640617331533,0.47623040303583336,0.036218438239306906,0.019285174247942877,-0.00023600553894178333,0.0009102727962303716,1.1999716758325683,3.7999405860674322,False,-0.17146757800527745,0.09611212051902089,0.0005510515761187688,0.004019626665275632,0.08992460867459136,0.03179658563266816,-0.007953322718094966,21.94997167583257,False,False,0.09896214930596585,87.23298527556686,-1.0007647985704593,177.50378418,0.25808419768151314,0.0024405125076266015,17.1895751953,142.8231201173,0,0.1513117754728493,0.0024405125076266015,12.7000732422,30.1108398438,0,0.1671751067724222,0.0024405125076266015,10.8442382812,17.1953125,0
density_20_nback_1_id_51,51,d20_n1,28.6999797821,30.399980545,84.9002914429,76.8999710083,1.7000007628999967,2.0,True,0.3500201702162826,2.0500195026837176,False,295.423095703,180.134735107,295.423095703,,,0.0,2.0500195026837176,0.9815622057817859,0.34038922868105653,-3.6871692629613504,0.14051119774874596,True,0.3000195026837176,2.0265583714262903e-05,0.06617540734652941,1.9550367433396332e-05,0.04389091675921841,0.40455465788641665,0.018649913070566997,0.02093429408618238,-3.047214562126324e-05,6.455430533750252e-05,4.850019455000002,41.6499710083,False,-0.09095620878629812,0.10177367389571552,-2.3910471233273536e-05,0.000907007538855903,0.18826413111119641,0.1947438777347285,-0.04811317962205467,13.45001935963257,False,True,0.09890262028734416,75.58148504328743,-0.9998330666318559,149.979492188,0.12945264986967853,0.0017376194613379669,6.36547899246,24.3273925781,0,0.23023457862728064,0.0017376194613379669,0.0153810000047,22.3311767578,0,0.26498696785403997,0.0017376194613379669,0.0112300002947,0.360596001148,0
density_20_nback_1_id_52,52,d20_n1,28.6999454498,30.5499668121,90.3500061035,75.9499588013,1.850021362299998,2.0,True,0.3500545025162829,1.2000331879000008,False,277.377502441,318.218017578,318.218017578,,,0.0,1.2000331879000008,0.9761493830132991,0.780251809287934,-3.029044809977911,0.13789551982067239,True,0.05003309253256916,5.4597883714535556e-05,0.2026717783631622,3.3140216284976987e-05,0.042520264801530774,0.33459808354571674,0.018431792232296774,0.02083329804674473,-3.11923607753222e-05,7.019310524797036e-05,3.750033140216285,41.649958848983715,False,-0.089946455433103,0.10128461897268472,0.00010679731630667566,0.0011358644673742202,0.15087445094257107,0.05791822696724751,0.007048474097011662,9.100033283267432,False,True,0.09618202612578992,76.72864548909791,-1.0013804309612309,149.601928711,0.24854771784232366,0.0016597510373443983,6.23339796066,50.900695800799994,0,0.12323651452282158,0.0016597510373443983,0.0385739989579,30.16796875,0,0.35850622406639004,0.0016597510373443983,0.00537100015208,5.7713011577665,0
density_20_nback_1_id_53,53,d20_n1,28.6998596191,29.2501220703,54.950378418,38.6500968933,0.5502624512000018,2.0,True,0.35014033321628446,0.049877882016282626,True,169.974441528,218.235137939,218.235137939,0.6998779773837143,1.250140428583716,43.9879570011,0.8498778343325668,0.9926210188919343,0.7742416161473269,-1.8509211142860833,0.13790492865403026,False,,0.00014042858371610123,0.0,0.9498779773837143,0.20585232050319927,0.04271084336020083,0.018456170061798328,0.020839052096459025,-0.0001015851053882725,4.4950655559938204e-05,1.9998779296999984,7.400096893300002,False,-0.09024659597858724,0.10133734607224912,0.00039770465446014154,0.0008383856079720775,0.28117325047266384,0.03571639348224329,-0.010435351717739,1.4998779296999984,False,True,0.09232722977630363,63.53070895310081,-0.9998322039776738,149.71484375,0.09753231492361927,0.0023501762632197414,15.3395996094,56.2634277344,0,0.15276145710928318,0.0023501762632197414,0.0158690009266,27.5941162109,0,0.15393654524089306,0.0023501762632197414,0.115111999214,24.7204589844,0
density_20_nback_1_id_54,54,d20_n1,28.6502914429,29.799955368,45.6501922607,33.6500167847,1.1496639251000005,2.0,True,0.39970850941628555,4.458431628506787e-05,True,291.127746582,293.365844727,293.365844727,0.30004453663256925,1.4497084617325697,71.722106934,,0.9979382728813849,0.8585073115897698,-3.8073559213764554,0.1388316797399008,False,,0.04970860478371719,0.0,0.30004453663256925,0.11862553753251381,0.1833581503480833,0.018434675474389362,0.020839094237010625,-7.337536134271863e-05,7.190863814083566e-05,1.2000446320000009,2.6500167847,False,-0.09031542754801483,0.1015261416005039,0.0004372756323141091,0.0009991304989384034,0.2591092631586444,0.02951022391210833,-0.01611334364255118,,False,,0.09297582516716663,69.22798026783906,-0.9998516691064939,150.468139648,0.036279683377308705,0.002638522427440633,23.6027832031,91.4429931641,0,0.13522427440633245,0.002638522427440633,0.0385739989579,18.35253930091,0,0.5184696569920845,0.002638522427440633,0.012085000053,43.7416381836,0
density_20_nback_1_id_55,55,d20_n1,28.6501350403,30.5502929688,56.5501556396,44.4501304626,1.9001579285000005,2.0,True,0.3998649120162838,1.199707031199999,False,297.7918396,93.1777420044,297.7918396,,,1.13449263573,1.199707031199999,0.9821627622633619,0.8384112254970962,-3.20929294839314,0.1404545191479408,True,0.09970712656743075,0.049865007383715465,0.15503865843151052,0.04970693583256747,0.20674441444086464,0.009847632465727668,0.018447680776982108,0.020852611779469794,-3.0447901113621582e-05,6.949309142595044e-05,2.8497071265674307,11.050130367232569,False,-0.09031349144386058,0.10161984314598176,8.618026539655447e-05,0.0009324896314070844,0.16202052538991357,-0.0011531924876903687,-0.0020686629771745017,5.449707031199999,False,True,0.07919394483724922,77.26375657206506,-1.0013838888641386,150.505859375,0.12572087658592848,0.002306805074971165,10.5109863281,51.706604003900004,0,0.11245674740484429,0.002306805074971165,0.0202639997005,13.7662353516,0,0.12341407151095732,0.002306805074971165,0.0367430001497,32.0043945313,0
density_20_nback_1_id_56,56,d20_n1,28.7001342773,29.6500415802,61.5995750427,36.0995826721,0.9499073029000016,2.0,True,0.34986567501628585,0.04995846748371591,True,256.037536621,282.444732666,339.807098389,0.44995832443256845,1.39986562733257,57.64666747999996,3.4499583244325684,0.9962682171819106,0.7646625850411086,-3.1389819854187895,0.13610840130498025,False,,0.04986572270000167,0.0,0.4999585151674317,0.1690115193933138,0.2572792239332035,0.017711768687866298,0.020498332492838795,-8.85793391668921e-05,6.383070572315155e-05,3.2499585151674317,3.199582576732567,False,-0.08628863372566235,0.09940162847405525,0.00027633780164708946,0.0008412286637275818,0.26904107691470364,0.31659001412696725,-0.11001189264168329,1.7499585151674317,False,True,0.11950874191517219,67.46276251871186,-1.001261783302302,150.344238281,0.025627044711014176,0.0021810250817884407,22.7164306641,41.1640625,0,0.16030534351145037,0.0021810250817884407,0.0573729984462,25.369140625,0,0.20065430752453653,0.0021810250817884407,0.000487999990582,26.01495361325,0
density_20_nback_1_id_57,57,d20_n1,28.699716568,30.1997318268,52.7497520447,38.2997398376,1.5000152588000013,2.0,True,0.3002834320000005,1.750268220883715,False,278.73626709,257.651763916,339.271850586,,,0.0,1.750268220883715,0.9903810781769775,0.8184110423259255,-3.895804443458433,0.13314453633747841,True,0.3502681255162834,0.0002834796837163367,0.07277250265083333,0.0002682208837150313,0.09373790279049153,0.3031795972337334,0.018425082922639998,0.02082713879213868,-3.806430058826833e-05,9.043609588859898e-05,3.6002681255162834,4.4997398852837165,False,-0.09003739295438001,0.10137465539780456,0.00018806433792350403,0.0007069764576929988,0.25469610085624195,0.002342561073540836,-0.0020694260252953306,,False,,0.06768670501765728,73.20459105361971,-0.999944663989439,150.032470703,0.05786618444846293,0.0024110910186859553,6.19494581223,91.9165039062,0,0.17480409885473178,0.0024110910186859553,0.115966998041,30.8232421875,0,0.1946955997588909,0.0024110910186859553,0.0163570009172,6.14367723465,0
density_20_nback_1_id_5,5,d20_n1,24.100276947,26.2999382019,157.850021362,35.5999832153,2.1996612549000005,2.0,False,0.8997230529999989,0.20006179809999836,True,322.637695312,96.7667160034,322.637695312,6.175041628253553e-05,2.199723005316283,59.64625263212,0.20006179809999836,0.9682756428032505,0.7589373588382304,-3.659345117853312,0.09779157950297762,False,,0.0997231006837147,0.19853128375874812,0.25006175041628254,0.12385472295799663,0.10272960968620834,0.03639378968766793,0.019201199510856883,-0.0002622728690430953,0.0009326741005272192,2.7500617504162825,6.549983262983716,False,-0.17221710762916498,0.0957447736417472,0.0009258646847036441,0.004230145057228677,0.5425051325196694,-0.48148451863474323,0.1628513253449123,1.7500617504162825,False,True,0.09891127354257728,88.06634102495758,-1.0008430636230115,177.877075195,0.5601063829787234,0.0010638297872340426,15.0374755859,170.3547363281,0,0.047606382978723404,0.0010638297872340426,0.0036619999446,42.8995361328,0,0.0574468085106383,0.0010638297872340426,0.248046994209,37.3248291016,0
density_20_nback_1_id_6,6,d20_n1,24.049489975,25.3993244171,48.2993927002,30.9001846313,1.3498344421000006,2.0,False,0.8505101203674315,0.0006756782674308681,True,220.502120972,269.17868042,269.17868042,0.9506754875325676,2.300509929632568,25.092803954999994,2.4506754875325676,0.9515528466609979,0.8761021254041044,-1.2994718644077037,0.09789933283862368,False,,0.10051012036743145,0.2634092552794444,1.800675630583715,0.08707286683067696,0.5002152249217168,0.03696938615451367,0.018865109555531754,-0.0003820484693010185,0.0012486220833994215,2.1006755828999992,3.4001846313,False,-0.17529597310786238,0.09419632495643772,0.0011623688833067817,0.005550834450812711,0.1847264308466567,0.16014664250723004,-0.0367777317684965,11.6006755829,False,False,0.02819065698396792,77.09551751517961,-1.0004343053625646,177.450805664,0.11536010197578075,0.0025493945188017845,24.5389404297,43.46545410155,0,0.12810707456978968,0.0025493945188017845,12.4674072266,21.6823730469,0,0.12810707456978968,0.0025493945188017845,18.0264892578,24.5285644531,0
density_20_nback_1_id_7,7,d20_n1,24.0505695343,25.4002513885,40.6007804871,30.3001117706,1.3496818542,2.0,False,0.8494305610674324,0.049748659183716626,True,229.103149414,273.905456543,289.758300781,0.9497485161325692,2.299430370332569,14.074859618999994,,0.9595737584521261,0.9750748407978731,-1.575109177993163,0.09782040658357893,False,,0.09943056106743242,0.25684600268244445,1.6997485161325692,0.2264489147840169,0.202306265446055,0.036243081544701516,0.01927263686393249,-0.00027044629913873703,0.0011309396727456871,1.9497485161325692,2.9501118659674326,False,-0.17101787030850368,0.09601549946862756,0.0006476780415836296,0.004770227832702625,0.23459460278277317,0.008755341637893332,-0.005012398366855151,1.9497485161325692,False,True,0.11702060478064395,77.10905823714471,-1.000281020337375,177.526123047,0.13771186440677965,0.002824858757062147,23.0225830078,92.0339355469,0,0.1137005649717514,0.002824858757062147,7.35717821121,23.4645996094,0,0.134180790960452,0.002824858757062147,17.998840332,34.91436767575,0
density_20_nback_1_id_8,8,d20_n1,24.0495071411,25.7998008728,44.1493759155,28.6498985291,1.7502937316999976,2.0,False,0.9004929065837146,0.00019907951628539422,True,324.091064453,293.048492432,324.091064453,0.5501990318325696,2.300492763532567,39.123489379999995,,0.9751030147762669,0.9381962930776799,-2.754880117944428,0.09790378122736841,False,,0.10049295426743043,0.2436898555074,1.2001991272000012,0.16182271800986614,0.15475709227220832,0.0371455249589519,0.018762006704219562,-0.0003478574781700229,0.0011325908048415993,0.650199174883717,2.199898481416284,False,-0.17601817186863186,0.09396507899757561,0.0009990416859038057,0.00494382028562879,0.2115622306186695,0.08219155872548166,-0.00768922662439735,,False,,0.10591414834684676,82.82601059203506,-1.0009393234289914,177.73815918,0.13391655450874831,0.0026917900403768506,24.9853515625,52.2586669922,0,0.14468371467025573,0.0026917900403768506,3.24023389816,22.1324462891,0,0.1648721399730821,0.0026917900403768506,16.0025024414,26.2309570312,0
density_20_nback_1_id_9,9,d20_n1,28.7002868652,30.1502666473,51.9503097534,34.9505767822,1.4499797821000016,2.0,True,0.34971308711628524,0.8997333050162837,False,292.410614014,96.7667160034,292.410614014,,,22.1817359924,0.8997333050162837,0.9868607023273758,0.7503414301947338,-4.198759421963431,0.1390337804822408,True,0.44973325733256786,0.04971313480000106,0.023027747355658625,0.04973340038371532,0.10816404295409646,0.3239599404235666,0.01772367448153653,0.020513016598423115,-3.934935668819174e-05,8.327470956289947e-05,1.1497333050162837,3.6505768298837182,False,-0.0864928831050709,0.09967265343121873,0.00048091826280651043,0.0011757363663826034,0.14150774223805124,-0.00023904129242316858,0.0005312766802056662,,False,,0.32477389049104494,72.5580710305342,-0.9984578666398011,148.688232422,0.03473491773308958,0.002437538086532602,14.998046875,91.9068603516,0,0.21694088970140157,0.002437538086532602,0.0953370034695,33.4098510742,0,0.22486288848263253,0.002437538086532602,0.0910639986396,32.3282470703,0
density_20_nback_2_id_10,10,d20_n2,43.5499992371,45.2491455078,69.7992706299,54.299987793,1.6991462706999982,2.0,False,0.7500007152162809,0.0008544921999984467,True,48.6533203125,236.899169922,236.899169922,1.1008543968325668,2.800000667532565,5.269939422600004,2.3008544445162826,0.9753422388682454,0.8814698171581287,-0.7498426459290147,0.10435888680967105,False,,0.7000007628999967,0.09142546202333235,4.700854539883714,0.28422771357133925,0.2096194379031767,0.00736477913137404,0.012086800065990461,2.940478442728825e-07,2.259822528099249e-05,6.65085458756743,2.399987697632568,False,-0.0354845867844577,0.059501609191178924,7.160004444084706e-05,0.0015367380581185301,0.41620509585363097,0.018020574127591667,-0.003672150002481834,5.550854444516283,False,True,0.10774672715812969,86.82822611244613,-0.9999999999999776,187.457275391,0.5372686343171585,0.002001000500250125,9.41552734375,249.131835938,0,0.0895447723861931,0.002001000500250125,0.0626220032573,11.9959716797,0,0.11555777888944473,0.002001000500250125,0.200562000275,26.0439453125,0
density_20_nback_2_id_11,11,d20_n2,49.1496543884,50.7491912842,68.2992477417,55.8493270874,1.5995368958,2.0,False,0.20034551623256647,0.30080866811628226,False,37.4532203674,75.7455673218,149.610473633,,,0.0,0.30080866811628226,0.4987474869391937,0.7923111260748066,0.29233577905699065,0.10073340497910789,True,0.10080862043256644,0.0003457069674297486,0.3503262661397406,0.0008087157999980832,0.246417331590223,0.240420986339505,-0.00014498687575274463,0.00045719905333780524,-7.969468917675625e-06,1.694399658068886e-05,2.8508086204325664,2.2493271827674306,False,0.0004824435941614289,0.002002430732700893,-0.0005041381547816218,0.001149080735325006,0.39899543727644876,0.027442789698690004,-0.0119407322606985,2.9008088111674297,False,True,0.08658303901480385,71.76549490814911,-1.0000000009372092,157.706115723,0.0700507614213198,0.0020304568527918783,4.91973876953,154.58380126945,0,0.05989847715736041,0.0020304568527918783,0.0184020008892,31.6389160156,0,0.06395939086294417,0.0020304568527918783,0.00500500015914,7.574676275254999,0
density_20_nback_2_id_12,12,d20_n2,49.1500778198,49.6501426697,63.6999702454,54.2501792908,0.5000648498999993,2.0,False,0.2499222755674282,1.0998573302999972,False,34.6428794861,18.7994022369,156.714904785,,,14.600474357599998,1.0998573302999972,0.7953888107426732,0.27246553965472664,-0.5143484100699499,0.0998931786192329,True,0.49985742566742886,0.04992222788371237,0.0030473293736599997,0.049857377983713036,0.3074429678905098,0.12826154598344167,-0.00011877796991655281,0.0004331556200610042,7.3021239302345995e-06,7.155589475073622e-06,2.6998572349325656,1.90017938616743,False,0.0003896290715487559,0.00204937595979208,-0.00044332804795880803,0.0007480305373956601,0.47524852444207655,-0.018013698943380726,0.0028933302673970003,0.8998572826162814,False,True,0.0628846832579764,57.72742929112545,-1.0,157.694580078,0.06979222163026105,0.002131060202450719,16.8135986328,59.8156738281,0,0.10868407032498668,0.002131060202450719,0.00671399990097,31.0537109375,0,0.10388918486947256,0.002131060202450719,0.00756799988449,16.5875244141,0
density_20_nback_2_id_13,13,d20_n2,49.1489906311,52.7499732971,63.499382019,56.249168396,3.600982666,2.0,False,0.2510094642674332,2.67029000013963e-05,True,50.2481422424,34.1880226135,146.486923218,0.9500267505837172,4.551009416583717,1.0083808899000033,,0.7691101696750876,0.8894964327935171,-0.3735208611730375,0.09730478905534079,False,,0.0010094642674332022,0.16867358467101068,2.700026750583717,0.025260838770445153,0.4415663460269792,-0.00013288490169455713,0.00045723223068002566,5.452207925645968e-07,1.6946166739663387e-05,1.2000267505837172,2.299168348316286,False,0.0004043113185138013,0.002186518521918856,6.634899394474027e-05,0.000974323976267898,0.44521997440658134,0.005052503446723999,0.004280547377784602,2.2500267029000014,False,True,0.08500242005853496,97.65884686362753,-1.0002288585512877,157.640380859,0.272145144076841,0.0021344717182497333,15.6710214615,154.71112060555,0,0.1472785485592316,0.0021344717182497333,0.0349120013416,37.5023193359,0,0.07310565635005337,0.0021344717182497333,0.156371995807,15.6333007812,0
density_20_nback_2_id_14,14,d20_n2,49.1499214172,50.4001159668,56.7998008728,52.8999023438,1.2501945496000033,2.0,False,0.20007848743257028,0.7998840808837144,False,37.0782356262,15.2169656754,157.112716675,,,0.0,0.7998840808837144,0.5040531577595436,0.2786951978978178,-0.18424741718703622,0.10023927869962762,True,0.49988412856743025,7.86781674335657e-05,0.26835685538553844,0.04988408088371443,0.0,0.11081925448959966,-0.0001400300264106523,0.0004626374397826019,1.3315675853526926e-06,1.3262532054355402e-05,0.8998839855162828,1.5999023914837167,False,0.00047901727195585783,0.002029271477219676,-0.0001035792689576077,0.0008319779921503656,0.3441419370756214,0.03593034558021083,-0.00015188766998963378,,False,,0.08531656838456057,67.94434064639704,-1.0,157.706726074,0.0684301322599195,0.0023001725129384704,14.3084716797,67.3757362366,0,0.2794709603220242,0.0023001725129384704,0.019043000415,30.92254638675,0,0.26969522714203564,0.0023001725129384704,0.0046999999322,12.42803955075,0
density_20_nback_2_id_15,15,d20_n2,49.1494750977,50.499168396,83.19921875,,1.3496932983000036,2.0,False,0.20052480693257024,0.5508315563162824,False,37.6603317261,358.479248047,358.479248047,,,0.0205202642828,0.5508315563162824,0.47672375349490326,0.7669510321856939,-0.056789630127477855,0.10132781695574078,True,0.4008316993674299,0.0005249976674335244,0.2890649195070296,0.000831603999998265,0.16361283858878733,0.43085959901416665,-0.0001306633930337986,0.0004559133845597739,-6.026470002823706e-07,1.3865214649333898e-05,4.5508315563162824,,False,0.0004337897583974382,0.0024157299072803534,9.34298600272074e-05,0.0012058571986252773,0.21464873507340623,-0.061583079925410004,0.016231081215713164,2.3008315563162824,False,,0.05773505988666888,68.58368591527234,-0.9999999999999869,157.725036621,0.14909572121746803,0.00176444640494045,10.2791748047,59.7397460938,0,0.06793118659020732,0.00176444640494045,0.031493999064,35.3249511719,0,0.11689457432730481,0.00176444640494045,0.043395999819,10.8269042969,0
density_20_nback_2_id_16,16,d20_n2,49.1499557495,51.0492782593,67.950012207,54.8000221252,1.899322509800001,2.0,False,0.20004415513256646,0.0007216930162812218,True,37.2381515503,45.4871253967,156.580078125,0.3007216453325654,2.2000441551325665,15.641063690200001,0.7507216930162812,0.5452307211045134,0.8672983345174307,0.4112051765331105,0.10113689080370525,False,,4.434586742974034e-05,0.31658622151923427,1.0507216453325654,0.08232036200555015,0.3537894508180234,-0.00013477092271987407,0.00045744303233492177,2.8356296088336844e-06,1.6226518151407326e-05,2.150721788383713,1.600022077516286,False,0.0004520750694733198,0.0020959111702614497,-0.0002764627970465526,0.0010526088187899976,0.49515880736529705,-0.0015402568261672503,-0.0004575404901219335,1.9007217883837129,False,True,0.050097828694450695,75.63230736610242,-1.0000000000000266,157.64276123,0.3285787060621498,0.0020376974019358125,20.3337402344,154.8701171875,0,0.09730005094243505,0.0020376974019358125,0.0289309993386,31.2160644531,0,0.08762098828323994,0.0020376974019358125,0.0318600013852,20.1975097656,0
density_20_nback_2_id_17,17,d20_n2,49.249874115,51.099281311,65.0496139526,54.4994621277,1.8494071960000014,2.0,True,,0.0007185936325697639,True,6.86189937592,73.1820144653,205.223556519,0.30071878436743305,2.1501259803674344,12.575222015340001,0.6007187366837172,0.48272717542500987,0.6886389807138176,0.5135094382471351,0.09850251030230316,False,,0.0001258850000027678,0.3445051421688027,0.3507187366837172,0.10162867396821372,0.24080185315884833,-0.00010687479600459043,0.0004563645934923474,6.114244428847028e-06,2.2918188879964623e-05,1.1007187366837172,2.2994620800162835,False,8.90890413241188e-06,0.002349068860801216,0.0001361612161711946,0.0014460837841220916,0.4332119044560188,0.01866179495116417,-0.0030706985853506666,1.3507187366837172,False,True,0.34648702208895776,75.35212796978013,-1.0002672765291116,156.260253906,0.31213872832369943,0.0021019442984760903,22.9962158203,154.72235107400002,0,0.11665790856542302,0.0021019442984760903,0.00476100016385,25.3988037109,0,0.0861797162375197,0.0021019442984760903,0.0269169993699,15.5556755066,0
density_20_nback_2_id_18,18,d20_n2,49.1494369507,49.999256134,88.3495254517,75.2994842529,0.8498191832999993,2.0,False,0.30056309698371564,1.0007438660000005,False,34.5990867615,310.64944458,310.64944458,,,0.0,1.0007438660000005,0.7679062718886515,0.8654438746738051,-0.34361327275200826,0.09438243429911974,True,0.20074391368371636,0.05056309698371564,0.09067463710464707,0.000743866000000537,0.20811510018804627,0.01958129210785733,-0.0001354348690562984,0.0004629397808207504,-9.804736040686265e-06,1.3966770054105196e-05,2.400743961367432,22.89948415753257,False,0.0003986682841954311,0.0021900033335421486,7.140150795623539e-06,0.0010497227143043953,0.26125195447228716,-0.02892808903901659,0.00449382813627445,10.050743818316285,False,True,0.03665553886660347,62.210318274780875,-1.0,157.858154297,0.10544074230282581,0.001687051876845213,9.88000488281,59.5209960938,0,0.11218894981020666,0.001687051876845213,0.0493160001934,43.8965110779,0,0.13454238717840575,0.001687051876845213,0.0480349995196,10.6088867188,0
density_20_nback_2_id_19,19,d20_n2,49.2502441406,50.9005355835,69.1507720947,54.7501335144,1.6502914428999986,2.0,False,,0.2994644641837141,False,6.39902973175,28.3700065613,246.855285645,,,4.15681266785,0.2994644641837141,0.49676430470300964,0.667344690896938,0.5057069358953273,0.09094260983466185,True,0.14946436881628244,0.04975581171628107,0.3702504055178933,0.049464464183714085,0.17724038275390122,0.15881302719937831,-7.957403943982869e-05,0.00037321226048811864,-1.309239571651879e-05,1.3174082609101574e-05,1.299464464183714,2.5501334667162823,False,0.00020212595902359295,0.0016690181859555092,-2.988361755181728e-05,0.0013593436097738127,0.1499796885791596,-0.04159253605953834,0.0040837113629071655,0.6994643211325666,False,True,0.05123509903244495,72.39426600909039,-0.9998410048666606,156.343322754,0.34222445898339204,0.0020130850528434826,19.833984375,154.6662597659,0,0.10820332159033719,0.0020130850528434826,0.0731199979782,28.7908935547,0,0.1182687468545546,0.0020130850528434826,0.0609130002558,19.6898193359,0
density_20_nback_2_id_1,1,d20_n2,49.2505111694,51.1003799438,73.7498168945,62.5005531311,1.8498687744000009,2.0,True,,0.34962010388371567,False,5.33897686005,400.0,400.0,,,7.48788869381,0.34962010388371567,0.3016952540685185,0.8899961076332815,0.4649918814866892,0.0953332805319921,True,0.14962005619999985,0.04948878291628489,0.4037392640838459,0.04962015156743149,0.2777836527946774,0.40971201863142,-7.176270832824696e-05,0.0003696085979829849,3.1922475140351376e-08,9.479078126420274e-06,8.799620151567431,2.600553035732567,False,-9.436410288665512e-05,0.001989399325825468,0.00020241663101742082,0.0012063335304223187,0.2617659075216043,0.025855797560304167,-0.005163891004240001,4.5496201515674315,False,True,0.07827201289029198,74.98327101623656,-0.9999999999999198,155.467651367,0.16410009624639077,0.0019249278152069298,33.5225830078,221.866996765,0,0.0904716073147257,0.0019249278152069298,0.0200689993799,30.9731445312,0,0.06592877767083734,0.0019249278152069298,0.0418090000749,11.0222167969,0
density_20_nback_2_id_20,20,d20_n2,43.600353241,45.2998733521,85.2001724243,,1.6995201111,2.0,False,1.0996468066837153,0.00012660021628363438,True,96.8328857422,384.645843506,384.645843506,0.8501267432674311,2.549646854367431,4.3575134277000025,2.9501266478999995,0.8849878253350774,0.7321720017530662,-0.5979504756856364,0.1049379435808355,False,,0.19964671131628364,0.26543832728357575,28.7001266479,0.1378528837774661,0.3404597848032967,0.006697111307427184,0.011368058142254828,6.989001629330508e-06,1.5992885593071568e-05,6.300126552532568,,False,-0.0318024716638608,0.05594777958193288,4.879100291050878e-05,0.0012602063223316293,0.3784155683754448,0.08648452108415833,-0.01442829926575817,5.900126695583715,False,,0.6010985509938862,86.06527994228377,-1.0000236031006544,185.905639648,0.4002601908065915,0.0017346053772766695,6.68542480469,195.419067383,0,0.07155247181266262,0.0017346053772766695,0.00163299997803,23.3980712891,0,0.05073720728534258,0.0017346053772766695,0.116699002683,14.275390625,0
density_20_nback_2_id_21,21,d20_n2,49.1503982544,51.3996772766,66.6497650146,54.8496513367,2.2492790221999996,2.0,False,0.19960165023256593,0.25032281876742957,True,45.7553100586,33.5126304626,296.156738281,0.00032281876742956683,2.249601840967429,15.103481292700003,0.25032281876742957,0.6840740527964178,0.5107993386288251,0.14256224849024998,0.10203279932273157,False,,0.04960179328371339,0.2669014828279909,1.8003227710837137,0.1971129449049298,0.22778491991724648,-0.00011363985554528791,0.00042613107758351037,-3.432064666885159e-06,1.3396846265434084e-05,1.600322723399998,1.8496513366999991,False,0.00034992654582139917,0.002147213513174793,-7.912620887168294e-05,0.0009074325401814532,0.3846165417838155,0.012907138878149172,-0.0035477648528016666,1.7003226280325663,False,True,0.08855183571741237,79.52952530126096,-1.0000000000001286,157.312316895,0.32541322314049587,0.002066115702479339,19.0277099609,154.40167236305,0,0.10950413223140495,0.002066115702479339,0.0358889997005,30.2785644531,0,0.1012396694214876,0.002066115702479339,0.0131839998066,18.7648925781,0
density_20_nback_2_id_22,22,d20_n2,49.1496543884,51.1996803284,59.5996780396,55.8995552063,2.0500259399999976,2.0,False,0.25034570696742975,0.0003197192837163243,True,46.9340705872,72.669303894,148.879425049,0.20031976696743214,2.2503457069674297,18.031009793309998,0.6003196239162847,0.602638430962946,0.9077615880272161,0.3560779156026561,0.09771066472716051,False,,0.0003457069674297486,0.2928282293695878,2.5003197192837163,0.23529241961657654,0.07080824410078468,-0.00013482117934569254,0.0004642663930406582,9.629326388796993e-06,1.1263391919132805e-05,3.2503197192837163,1.4495551586162847,False,0.00047079855007241186,0.00225267038559853,-0.0002835949837794256,0.0014410446414744886,0.3055236631271403,-0.011636735871430352,0.0016106491117804506,1.5003197192837163,False,True,0.0694450900559178,77.57097515959997,-0.9999999999999205,157.406555176,0.06629526462395544,0.0022284122562674096,20.10546875,66.4690208435,0,0.27075208913649024,0.0022284122562674096,0.161498993635,31.594116210899998,0,0.2607242339832869,0.0022284122562674096,0.00219699996524,15.3982543945,0
density_20_nback_2_id_23,23,d20_n2,49.1999549866,54.1004066467,69.700302124,63.7998352051,4.900451660100003,2.0,False,4.5061083717712336e-05,0.049593448667430096,True,47.5874900818,394.592132568,394.592132568,0.9995932579325668,5.90004491803257,2.334037780700001,1.3495934009837143,0.8748427514947562,0.8252009567199275,-0.8052274341309315,0.09449470637514448,False,,4.5061083717712336e-05,0.12532792777539817,0.44959330561628263,0.3300896517143606,0.35894376585874993,-0.00011263850434685845,0.0004507841713566607,6.868364312302629e-07,1.5404818738478568e-05,0.4995932579325668,9.199835300467434,False,0.0003356005060082892,0.002120551277999618,-0.00019540046295425556,0.0008837778656713922,0.3784653467826018,0.015824795219405004,-0.0020263493274485,0.09959340098371428,False,True,0.0913708160532541,114.23058036781883,-1.000057130400176,156.541748047,0.1931931931931932,0.002002002002002002,27.8341064453,228.287864685,0,0.07857857857857858,0.002002002002002002,0.0183409992605,31.6140136719,0,0.057057057057057055,0.002002002002002002,0.027710000053,15.7097702026,0
density_20_nback_2_id_24,24,d20_n2,49.1997528076,56.1002731323,68.3498764038,,6.900520324700004,2.0,False,0.30024719240000053,0.04972696306742819,True,61.2541122437,193.17578125,193.17578125,2.999726772332565,9.900247097032569,2.0275993346999996,,0.9019570816746934,0.9106183687058617,-1.2873152372886443,0.0944115359483487,False,,0.0002472400837163491,0.08712372017970517,0.14972686769999655,0.4614007751201633,0.4033957468967,-0.00012286177137488746,0.0004272752510904477,1.4798690157679567e-06,1.4060362369163209e-05,0.14972686769999655,,False,0.00030732509406699215,0.001906106823411686,7.990012733613273e-05,0.0007979808772931359,0.4624293342928919,0.0012318691374676686,-8.340985805179997e-05,,False,,0.11773435982054203,135.31615107415115,-1.0007989118577503,157.403625488,0.2907153729071537,0.0020294266869609334,16.3367919922,154.29132080055,0,0.0974124809741248,0.0020294266869609334,0.0430909991264,30.5739746094,0,0.1126331811263318,0.0020294266869609334,0.0247189998627,26.6662597656,0
density_20_nback_2_id_25,25,d20_n2,45.5496444702,46.6493453979,67.3497924805,51.6000480652,1.099700927699999,2.0,False,,0.10065460210000055,False,0.0,151.142791748,151.142791748,,,17.943597793600002,0.10065460210000055,,0.9403070877226083,0.9021742486137544,0.09760717165313422,True,0.050654649783716366,0.2003555297999995,0.5642852268859363,0.0006546974674321859,0.16592236268606506,0.3464429678084917,0.0026164410266975675,0.0059206609252506065,6.194979449826593e-06,3.3583887873906165e-05,1.950654506732569,3.000048160567431,False,-0.011061287391098993,0.02632696560938272,0.00011211402290346365,0.0017793883248500863,0.15061104795225386,0.0013165124847233339,4.728211374985111e-05,1.950654506732569,False,True,0.1002524460776816,73.62894864076716,-1.0000000016667643,177.447509766,0.4815384615384615,0.0020512820512820513,23.771484375,249.084106445,0,0.14153846153846153,0.0020512820512820513,0.0300900004804,15.0421142578,0,0.14666666666666667,0.0020512820512820513,0.0664670020342,25.6887207031,0
density_20_nback_2_id_26,26,d20_n2,49.1498413086,51.1504440308,63.0002250671,55.5002593994,2.0006027222,2.0,False,0.25015878676742886,0.04955601688371303,True,47.047088623,49.9423179626,334.249389648,0.19955587383256557,2.2001585960325656,17.9394544363,0.6495559215162814,0.5995076233643093,0.7773484668937753,0.34105539019743975,0.09821781006298158,False,,0.00015878676742886455,0.2924091757343341,0.7495560645674288,0.17564632486422943,0.18029478707663332,-0.00013728848777753316,0.00044972336340023066,1.9925033587048785e-06,1.6206533950338415e-05,2.599555969199997,1.7502593994000009,False,0.00042749388572527766,0.0020749251357853977,-0.0004391460631558268,0.0013137230333405943,0.3019171944273426,0.03405742049990783,-0.006303921970516334,1.9495558738325656,False,True,0.07160385232814415,77.58335516902626,-1.0000572326479147,157.798522949,0.30150214592274677,0.002145922746781116,23.8793945312,154.5750122068,0,0.11802575107296137,0.002145922746781116,0.0547490008175,31.8505859375,0,0.0713519313304721,0.002145922746781116,0.00933799985796,13.1774902344,0
density_20_nback_2_id_27,27,d20_n2,43.5501022339,45.1995315552,68.4496765137,50.5000267029,1.6494293212999978,2.0,False,1.0998978614674328,0.0004684924837192739,True,92.7654190063,391.027557373,391.027557373,0.9504685401674351,2.599897861467433,12.834548950200002,1.5004684924837193,0.877526774333427,0.8702689130541492,-0.5544248868827406,0.10443308949467629,False,,0.29989767073256957,0.2538620570703206,4.150468349432572,0.32419025207382673,0.20288414126064164,0.006834935361492543,0.011518982198075716,1.067658046593875e-05,2.2900263259408648e-05,3.650468349432572,1.650026798267433,False,-0.03269101408004215,0.05706621994436722,0.00040326632392865625,0.001265653399263616,0.4599544450597463,-0.04377673300911717,0.0032253238925364,0.10046839711628763,False,True,0.0934061046907598,85.39454566527283,-1.0000946624218217,187.072570801,0.49898580121703856,0.002028397565922921,13.4215087891,249.033325195,0,0.15060851926977686,0.002028397565922921,0.10668899864,10.8625488281,0,0.1896551724137931,0.002028397565922921,0.378661990166,30.3343505859,0
density_20_nback_2_id_28,28,d20_n2,49.2002220154,50.7001037598,68.2499008179,56.2507858276,1.4998817443999997,2.0,False,0.2997779845999986,0.4498963355674306,False,26.4612827301,70.6184539795,157.147644043,,,0.0,0.4498963355674306,0.4060377046284377,0.863062750339237,0.2376416641600433,0.09531997433421315,True,0.3498961925162831,0.049777984599998604,0.3403750260671333,0.04989624019999894,0.3241856093097655,0.32475169201687665,-0.00010126288397316849,0.00040146816279677003,-3.3104636273163005e-06,1.0896008903526588e-05,1.1998963355674306,4.350785732232566,False,6.0771558669674986e-05,0.0018459857457676467,0.00015017156717206005,0.0011407260046109894,0.4568961878511681,0.015828334384886667,-0.003875979777276499,3.1998963355674306,False,True,0.0782425970608773,70.48723254220522,-1.0000000018813882,157.329956055,0.3218098627351296,0.0020335536349771225,15.9182128906,155.0282592774,0,0.12811387900355872,0.0020335536349771225,0.0498050004244,37.3598632812,0,0.12709710218607015,0.0020335536349771225,0.0582889989018,15.7781982422,0
density_20_nback_2_id_29,29,d20_n2,49.2492179871,51.049243927,65.0500793457,53.8500442505,1.8000259398999958,2.0,False,0.0007820128999966869,0.4007561206837167,False,19.1082725525,58.4998931885,157.625869751,,,0.0,0.4007561206837167,0.33352630695971763,0.7226123434963745,0.3891355053834028,0.0971046295997637,True,0.20075607300000087,0.0007820128999966869,0.39770584263740283,0.0007560253162850472,0.0,0.43960630648466004,-0.00010198204416894036,0.00041033330935995646,-3.6397471111161117e-06,1.7325907317465508e-05,0.750756025316285,2.050044298183714,False,0.00014402826581029875,0.0018119112279542792,0.00015835687332192217,0.001333280089098598,0.19509923671692259,-0.012409744916160502,0.003524906906146833,,False,,0.06507239014130459,74.34632879193099,-0.9999999999999736,156.0234375,0.29343832020997374,0.002099737532808399,17.1522216797,155.0958862303,0,0.14750656167979004,0.002099737532808399,0.0782470032573,30.4387207031,0,0.10708661417322834,0.002099737532808399,0.0148930000141,6.529071807885,0
density_20_nback_2_id_2,2,d20_n2,49.1505775452,51.1499481201,61.4508857727,54.9009208679,1.9993705748999986,2.0,False,0.19942235943256748,5.19752674321694e-05,True,40.6342506409,45.7247238159,151.951919556,0.2000517845325689,2.1994223594325675,16.073015212999998,0.6000518799000005,0.6000925635294031,0.882318077398018,0.36045361405742055,0.10292976021791224,False,,0.049422502483714936,0.29996853839992593,4.150051832216285,0.15380406739410724,0.3794994463367701,-0.00011222778060410088,0.00042634395688589683,-4.589888015824103e-06,2.0024812742027314e-05,1.8500518799000005,1.9009208678999983,False,-5.485529920058946e-05,0.0021946135008060947,-0.00011139966022167176,0.001476125652204657,0.37744274112135584,-0.019841312214432548,0.007645098884444335,1.6000518799000005,False,True,0.018965003157405392,76.28641668978624,-0.9999999995314623,157.799316406,0.27823240589198034,0.002182214948172395,17.1478271484,154.44915771505,0,0.1314784506273868,0.002182214948172395,0.0144649995491,32.3549804688,0,0.08346972176759411,0.002182214948172395,0.00732399988919,7.843551635715,0
density_20_nback_2_id_30,30,d20_n2,43.5505943298,45.4006614685,68.8001708984,53.7003555298,1.8500671386999983,2.0,False,1.0494055748325692,0.04933857918371842,True,81.4638900757,349.468963623,349.468963623,0.8993384838162868,2.749405622516285,2.117168426600003,3.699338436132571,0.8861918899031871,0.9146857108580252,-0.8510981350630242,0.1044181248075,False,,0.29940557483256924,0.16391995680095675,6.899338483816287,0.28179313405200745,0.2617824378500788,0.00662273567347061,0.011285978301093002,3.030479743183864e-06,9.693710119494928e-06,5.249338626867434,3.050355434432568,False,-0.031290645555273736,0.055356832782397454,-0.00012413047455537838,0.0012917664997152522,0.29153444728338246,0.04743912547513666,-0.0085508397644552,1.8993384838162868,False,True,0.10322843755540818,89.10743051119738,-1.0000000015556063,186.520324707,0.5290550783223851,0.00202122283981809,7.14721679688,248.980712891,0,0.13340070742799393,0.00202122283981809,0.40625,17.2298583984,0,0.17281455280444669,0.00202122283981809,0.0208739992231,25.8173828125,0
density_20_nback_2_id_31,31,d20_n2,49.199886322,50.9497795105,70.2499160767,61.0997810364,1.7498931885000033,2.0,False,0.20011377336743408,0.10022044181628331,False,34.3681793213,263.755462646,263.755462646,,,17.44459056855,0.10022044181628331,0.4896543740152005,0.8109069786527977,0.3984689102510333,0.09977863013351447,False,,0.00011372568371825764,0.3474396705095115,4.600220441816283,0.28565839726835246,0.30421856654185325,-0.00011496308589470609,0.0004280551409690613,-1.9276649043399143e-06,1.6672773930367356e-05,4.550220489499999,5.599781036400003,False,0.0003237618437341908,0.00199981264471759,-0.00030536751437486,0.0016108085252075964,0.21609520324388018,0.016826275200572338,-0.003485270364469165,1.6502203941325675,False,True,0.07577617821921742,73.70680430886858,-1.0,157.41217041,0.29417620706819314,0.001991040318566451,24.3338623047,239.807159424,0,0.07217521154803384,0.001991040318566451,0.0213619992137,23.6800537109,0,0.06819313091090094,0.001991040318566451,0.0117800002918,25.7403564453,0
density_20_nback_2_id_32,32,d20_n2,49.1496696472,50.6495399475,64.1500473022,57.6994934082,1.4998703003000031,2.0,False,0.20033025743256871,0.4004600048162814,False,37.1850547791,227.743606567,227.743606567,,,0.0,0.4004600048162814,0.49360475404320164,0.8249324408955139,0.20551229864368004,0.10133831085342104,True,0.2504601478674289,0.0003304481674319959,0.34310604756082663,0.0004601478674288728,0.40857081527283373,0.11526451534594168,-0.00014043181892536564,0.0004610007140271287,-8.2301672932852e-06,1.703132529729013e-05,4.650460004816281,2.3994934558837144,False,0.0005502917373344999,0.002314807911864406,0.00034189887810504336,0.0013374720891251484,0.2524942867174078,-0.03416771139009167,0.003817837665857167,,False,,0.06652542289476443,70.5086052996033,-0.9999999999999467,157.707458496,0.28472958642629903,0.0021208907741251328,29.8135986328,154.4179687501,0,0.0784729586426299,0.0021208907741251328,0.00927700009197,19.6274414062,0,0.08748674443266172,0.0021208907741251328,0.0152589995414,29.8411865234,0
density_20_nback_2_id_33,33,d20_n2,49.199180603,50.9992408752,65.4493026733,55.1993255615,1.8000602721999996,2.0,False,,0.2007591724837141,False,11.8923711777,73.7894592285,302.398956299,,,1.6986900568,0.2007591724837141,0.3646291554033152,0.6937617076737899,0.3903448738740669,0.09049843234547632,True,0.10075902943256665,0.050819396999997934,0.32522510733134186,0.0007591247999982897,0.17447776572187046,0.2070350992726387,-0.00011633535979549195,0.0004329281160724647,-9.814579382491417e-06,1.6254280570868236e-05,1.90075922016743,2.299325466132565,False,0.000247186311603858,0.0021997227355011685,-2.1579950953288856e-05,0.0016035073464473006,0.26265721018623256,-0.004065545877340333,-0.0022359304013698325,2.3507590294325666,False,True,0.08761271891166036,74.3492118851432,-0.9999999990627375,157.118225098,0.321652719665272,0.0020920502092050207,24.8052978516,155.07348632805,0,0.10826359832635983,0.0020920502092050207,0.0340580008924,25.0510253906,0,0.08577405857740586,0.0020920502092050207,0.0671389997005,24.5255126953,0
density_20_nback_2_id_34,34,d20_n2,49.199962616,50.9000968933,63.2500305176,54.0508041382,1.7001342773000019,2.0,False,0.2500374316837153,0.19990301133256594,False,34.9098014832,38.3830718994,150.699066162,,,15.66110277175,0.19990301133256594,0.45741139480160253,0.7012345149852013,0.3158264236924835,0.09794563731473421,True,0.0499031543837134,3.743168371528327e-05,0.3363523454538143,1.3499031066999976,0.13088052218627275,0.41727570345009996,-0.0001208371809657862,0.00043284266074299283,5.5234914741794566e-06,1.1775863002738392e-05,1.0499031543837134,2.1008040905162844,False,0.0005004539281412565,0.002236174464947498,-2.0274066888282845e-05,0.0011937433049386693,0.2941451517389155,0.006228425245136675,0.003730867333585065,1.199903011332566,False,True,0.4606217753370396,73.75257650634926,-1.0000000004687122,157.060180664,0.29084092126405997,0.0021424745581146223,18.0012207031,154.57208251974998,0,0.14890198178896624,0.0021424745581146223,0.0095830000937,30.98828125,0,0.08891269416175683,0.0021424745581146223,0.0226140003651,17.7133789062,0
density_20_nback_2_id_35,35,d20_n2,49.1504936218,51.1003494263,64.050491333,54.5505027771,1.9498558044999967,2.0,False,0.29950642588371323,0.04965066906743232,True,34.5041275024,48.3471374512,216.326873779,0.3496506213837165,2.2995064258837132,18.379889488179998,0.6496505737000007,0.49525567332099896,0.568204166312894,0.4004429397478046,0.09685323284449605,False,,0.049506425883713234,0.29883702438423076,0.3996505737000007,0.0624002793327286,0.283270952602165,-0.00011453078685904494,0.00043609468110481224,-1.757786811558769e-06,9.29497474018041e-06,1.0996506213837165,2.3505027294162844,False,0.0001257862429971657,0.0021194349517178494,-0.0001790227076925,0.0012844163473487336,0.3164626564300027,0.02660522929694,-0.006441684028457167,1.5996506213837165,False,True,0.09048510916002377,76.26551132177262,-0.9999999999999867,157.777648926,0.30822281167108756,0.002122015915119363,21.859375,154.42022705055,0,0.13527851458885942,0.002122015915119363,0.00439500017092,26.638671875,0,0.09655172413793103,0.002122015915119363,0.0233149994165,14.73876953125,0
density_20_nback_2_id_36,36,d20_n2,49.1501426697,50.9002037048,60.349571228,55.3002510071,1.7500610350999963,2.0,False,0.19985723493256558,0.14979624751628506,False,37.1437225342,38.3816947937,149.11026001,,,14.329833984300002,0.14979624751628506,0.5215020167209091,0.8510281105570802,0.39738913718626573,0.10178627813922106,False,,0.049857377983713036,0.33825897510561137,1.9497961998325692,0.09455953956249459,0.08823565013399484,-0.00011962898968018516,0.0004307684505370056,1.8863062278529714e-05,1.3514972238720131e-05,1.899796247516285,2.5002510547837176,False,0.00037536187033073955,0.002346228796589305,-0.0001040456147092986,0.0011635850293159,0.1912427538592256,-0.009058454834539997,0.002962308069533184,,False,,0.07521383708938369,73.69566463475934,-0.99999999999996,157.399719238,0.06685082872928177,0.0022099447513812156,22.7321777344,68.17671585085,0,0.274585635359116,0.0022099447513812156,0.0531620010734,29.511108398399998,0,0.2640883977900553,0.0022099447513812156,0.068970002234,16.51263427735,0
density_20_nback_2_id_37,37,d20_n2,43.5500030518,46.8502464294,72.5502166748,,3.3002433776000046,2.0,False,1.1499969958837184,0.04975366596742958,True,96.9588394165,148.037811279,148.037811279,4.349753618283714,7.649996995883718,3.0495643614999963,,0.8710617307907869,0.8582882263956338,-1.003404024198394,0.10444614546076844,False,,0.24999690051628676,0.13619585741649998,5.649753570599998,0.165172565441566,0.44342623191573005,0.0072053583900292565,0.011920933665713892,6.244017623918203e-06,2.280680102554754e-05,5.449753522916282,,False,-0.03433933291794577,0.059162600679376225,0.00012143273079339245,0.0010015791236324635,0.22310519014250554,-0.0007738708712570012,0.0001610528309077993,3.2497534752325663,False,,0.10371235939996615,110.43066430347133,-1.0002417804629997,187.692199707,0.5316455696202531,0.0019474196689386564,15.8991699219,249.059448242,0,0.11538461538461539,0.0019474196689386564,0.00866699963808,10.5366210938,0,0.12122687439143136,0.0019474196689386564,0.211669996381,25.9807128906,0
density_20_nback_2_id_38,38,d20_n2,43.5503959656,46.1500892639,65.3007659912,,2.5996932982999965,2.0,False,1.0496039390325649,0.04991078378371583,True,80.2048873901,378.200317383,378.200317383,0.3999106884162842,2.9996039867162807,2.5173778533999993,4.5999107361,0.8956067479414956,0.893891517390146,-1.1568609189352441,0.10441801569570526,False,,0.2996039390325649,0.1162577770077423,8.199910640732568,0.24631654718245197,0.4472141309331183,0.006615621786387915,0.011283672134452728,1.1562130056653095e-05,2.1352007304704647e-05,3.9999108314674316,,False,-0.03155859979903814,0.05545380024386941,1.492532162326968e-05,0.0008954727684140026,0.6245226700567897,-0.012872810673438251,0.0032001616957142995,2.4999108314674316,False,,0.042219715209437715,100.11881419281175,-1.000081873050555,187.395935059,0.493717277486911,0.0020942408376963353,5.69702100754,249.57043457,0,0.39057591623036647,0.0020942408376963353,4.47387695312,10.3981933594,0,0.1769633507853403,0.0020942408376963353,2.00659203529,25.9780273438,0
density_20_nback_2_id_39,39,d20_n2,43.6002578735,44.9495773315,110.650108337,101.30040741,1.3493194580000036,2.0,False,1.0997421741837172,0.00042271618371358954,True,97.4105148315,144.961547852,157.183807373,0.8004226684999978,2.1497421265000014,20.723640441900002,1.1504225731325661,0.8566637777556824,0.7250481038172468,-0.055895663225038555,0.10493629661043025,False,,0.19974207881628558,0.3377200433840385,55.35042262081628,0.08507838674318866,0.2081026386469817,0.006697965677843854,0.011390875608274276,1.4154613204739578e-05,2.422903152935199e-05,4.900422573132566,51.45040750536744,False,-0.03225267507540466,0.05631695481614034,-0.0005598528559512911,0.0009425628175789527,0.2903274073831518,-0.001471705082848331,-0.022815317089166082,6.100422620816282,False,True,0.09039895185971893,80.81418485990058,-0.9999999999999776,187.164672852,0.5813210227272727,0.0014204545454545455,3.55297899246,165.5131225588,0,0.052201704545454544,0.0014204545454545455,0.0135500002652,22.1693572998,0,0.11186079545454546,0.0014204545454545455,0.0173339992762,26.4301757812,0
density_20_nback_2_id_3,3,d20_n2,49.1500968933,50.8502159119,60.2998695374,55.7500152588,1.7001190185999988,2.0,False,0.24990320206742922,0.19978404041628295,False,34.445602417,65.9688110352,147.157714844,,,15.818910777613002,0.19978404041628295,0.46317851743654986,0.953655617268472,0.3562235284926295,0.0993901352937342,True,0.04978418346743041,0.0499031543837134,0.3576802696813706,3.3497841357837146,0.014518562251246358,0.4064355480795249,-0.00011806470598055968,0.0004356497498942765,6.968196336911472e-06,2.3924319955107927e-05,2.8497841357837146,2.050015211116282,False,0.0003870872849405272,0.0020554375024346683,3.924316115435001e-05,0.001618943688541481,0.3330807341379988,0.02434744549292335,-0.008643046875176169,0.09978413578371459,False,True,0.08956054492179708,73.06318788303203,-1.0000572080915078,157.824462891,0.06519337016574586,0.0022099447513812156,17.2172851562,67.7190208435,0,0.2988950276243094,0.0022099447513812156,0.0397950001061,33.04675292965,0,0.2883977900552486,0.0022099447513812156,0.0300290007144,13.73999023435,0
density_20_nback_2_id_40,40,d20_n2,43.5499076843,45.9505882263,68.4497680664,58.099811554,2.4006805419999964,2.0,False,1.0500922203325658,0.04941177370000105,True,80.2758636475,159.830169678,159.830169678,0.5994117260162852,3.0000922680162816,2.6946640013999996,1.8494117260162852,0.8987859020298593,0.922635024083213,-1.0906475022129871,0.10427632359292895,False,,0.3000922203325658,0.12747454780094286,8.89941167833257,0.08265044776982747,0.31141366741313503,0.0071279370803165485,0.011833915331489558,5.4404816920006945e-06,1.846503576645892e-05,3.549411773700001,8.599811553999999,False,-0.03431879386286537,0.05843096651598871,-5.3558917767802014e-05,0.0012589373315935837,0.21618120587398726,-0.012438817578361497,-0.00015345041947200042,,False,,0.10702048039658396,97.98571652649655,-1.000048185681061,187.36138916,0.44016227180527384,0.002028397565922921,5.8258061409,248.863525391,0,0.3250507099391481,0.002028397565922921,0.139037996531,36.2117919922,0,0.09127789046653144,0.002028397565922921,0.139160007238,16.4027252197,0
density_20_nback_2_id_41,41,d20_n2,43.5506362915,45.250213623,146.550476074,121.049949646,1.6995773315000022,2.0,False,1.1493637561837176,0.049786329316283684,True,96.5238571167,100.355690002,128.675430298,8.099786281632568,9.79936361313257,4.437061309799994,12.449786424683715,0.8840126492044752,0.5974813920164898,-0.5615541689537648,0.10444855297863027,False,,0.24936366081628591,0.2654699087142647,9.199786424683715,0.04642562529264677,0.49002527706323334,0.0072095111243710725,0.011922684511060874,8.284864701212647e-06,2.8574300576255283e-05,1.9497864246837153,73.84994959831629,False,-0.034651498346362476,0.05897795651168423,0.00042389400420341416,0.0015435068544774428,0.17312526580583937,-0.032414237619874456,0.008907046977402005,0.09978628163256786,False,True,0.10037644992745556,86.94107457627491,-1.0000481848915705,187.743469238,0.6800565770862801,0.0011315417256011315,40.8239746094,160.85986328125,0,0.3171145685997171,0.0011315417256011315,0.0368649996817,42.05700683595,0,0.24752475247524752,0.0011315417256011315,0.0343019999564,13.1574708372355,0
density_20_nback_2_id_42,42,d20_n2,43.5503005981,46.2004432678,80.3497619629,,2.6501426696999957,2.0,False,1.0496993065325668,0.049556732200002784,True,81.3304901123,369.514770508,369.514770508,0.34955668451628696,2.9996993542162826,2.172025680499999,1.4495568275674344,0.8889441242537521,0.4869198501278235,-1.133003188578098,0.1044198877521592,False,,0.2996993065325668,0.11810213995151134,5.099556684516287,0.2406332187319709,0.4326234489679666,0.006628576523525344,0.01129987038933898,1.7751385363913205e-06,1.6350296909869237e-05,3.849556684516287,,False,-0.031453068741724426,0.05556331106357604,-9.511140349376605e-05,0.0009303241395016811,0.3569464960326145,0.0315333787972505,-0.006447010343235334,2.899556636832571,False,,0.0884285421277369,100.84456735340694,-1.0000956012801372,187.020690918,0.4579185520361991,0.0018099547511312218,15.8377685547,233.99508667,0,0.11040723981900452,0.0018099547511312218,0.068115003407,12.7912597656,0,0.1330316742081448,0.0018099547511312218,0.154907003045,26.4658203125,0
density_20_nback_2_id_43,43,d20_n2,43.5503463745,45.7503814697,72.3506088257,55.0496902466,2.2000350952000005,2.0,False,1.0496535301325665,0.04961848261628177,True,80.9660415649,220.419174194,220.419174194,0.7496185302999976,2.949653625499998,3.1447677612000007,2.2996184826162818,0.8952289102931238,0.8798074744899126,-1.0462150262161818,0.10442279210607763,False,,0.29965353013256646,0.14060264961290453,4.799618482616282,0.15418810995493906,0.44662983504437986,0.006626278930232539,0.011297865140460934,1.2194086381935225e-05,2.0699378471645753e-05,4.749618530299998,4.549690246600001,False,-0.031574672234980186,0.05551586203978719,-0.0002539314863580841,0.0010858941534218035,0.17751531371932106,-0.022279039896008532,0.008022961555418786,3.099618434932566,False,True,0.10525966154810137,94.3167223850964,-1.0002840110485742,187.161010742,0.5192588980984886,0.0019502681618722574,4.6806640625,249.221679688,0,0.1803998049731838,0.0019502681618722574,0.0119629995897,21.3317871094,0,0.1545587518283764,0.0019502681618722574,0.435669004917,26.4982910156,0
density_20_nback_2_id_44,44,d20_n2,43.599773407,45.0497589111,68.8502197266,52.9001655579,1.449985504099999,2.0,False,1.1002266406837151,0.00024104121628454322,True,96.1128082275,299.767303467,299.767303467,1.7502410412162845,3.2002265453162835,17.556468963600004,2.400241136583716,0.8792830942409025,0.9020529081646301,-0.2847508639096896,0.10444927725355,False,,0.20022654531628348,0.3072601888201034,5.150241136583716,0.21626198416879486,0.4495749454945833,0.007218226421655195,0.011937511512874642,1.6126719260606878e-06,3.253805836467989e-05,4.600241184267432,3.2501654625325713,False,-0.03458250381874024,0.059100096884963635,-3.511975798376036e-05,0.001213058366241767,0.17623303811596397,0.027927902232196163,-0.0052321495413156175,4.550240993532569,False,True,0.09261245657905466,83.11389150923266,-1.0005063215455823,187.313415527,0.5073195355880868,0.0020191822311963654,10.9836425781,248.973022461,0,0.14840989399293286,0.0020191822311963654,0.21325699985,10.232421875,0,0.16759212518929834,0.0020191822311963654,0.271117985249,26.1875,0
density_20_nback_2_id_45,45,d20_n2,43.5501823425,45.4500770569,90.1003036499,54.7500801086,1.8998947143999985,2.0,False,1.0498175621325672,0.04992294310000034,True,80.6136550903,121.376846313,121.376846313,0.8499228954162845,2.749817609816283,2.194164276100004,2.249922990783716,0.8897725522138531,0.8787165191135681,-0.9092202276776054,0.10442405468541975,False,,0.29981756213256716,0.15737952076292105,7.5499229431,0.21029043369921546,0.20263574719440164,0.006613461012821992,0.011287519135974982,6.017383401657974e-06,2.3159837723187595e-05,2.699923038467432,6.600080013232571,False,-0.031543907653515134,0.05584679418549825,0.0002969159420324289,0.0013063512211289698,0.1436366697843285,0.008974659194688334,-0.003985027852492665,4.0999228954162845,False,True,0.09555503601627868,89.85289621551706,-0.9999999999999771,187.265136719,0.5648379052369077,0.0016625103906899418,5.76440382004,98.88927459710001,0,0.25852036575228593,0.0016625103906899418,0.363647013903,19.2556152344,0,0.23815461346633415,0.0016625103906899418,0.0263669993728,26.2373046875,0
density_20_nback_2_id_46,46,d20_n2,43.550151825,44.8502044678,66.4502716064,50.4507331848,1.3000526427999972,2.0,False,1.049848079632568,0.04979562756743405,True,81.3726119995,367.952209473,367.952209473,0.9497954845162866,2.249848127316284,18.658493041999996,2.549795627567434,0.8323282616611105,0.8569875764719448,-0.1468001085406231,0.10441804471383291,False,,0.299848079632568,0.2348560342708577,7.599795579883718,0.30033328582781404,0.27603001569705665,0.00662439374691396,0.011285468917513471,9.613802210250001e-06,1.4353078906340142e-05,3.7497954368325708,1.8507332801674323,False,-0.031199821981678068,0.055667391149729094,0.00010905615618658154,0.001185997429816184,0.35765772167739385,-0.0226774345734534,0.00423279991179505,3.6497955322000024,False,True,0.10496111253255937,80.76385668019732,-1.0,187.307250977,0.5131919296430419,0.0020693222969477496,7.59643602371,248.855834961,0,0.40610450077599586,0.0020693222969477496,8.0407705307,33.4245758057,0,0.1991722710812209,0.0020693222969477496,6.09252882004,26.3149414062,0
density_20_nback_2_id_47,47,d20_n2,43.6002540588,45.8998756409,78.1994094849,60.6994552612,2.299621582100002,2.0,False,0.749745845832571,0.0001244544674321446,True,52.365070343,338.482299805,338.482299805,0.6001243591000005,2.8997459412000026,2.2903347014999973,1.3501243591000005,0.9814015988739284,0.861772419215346,-1.1540248187052888,0.10441075245806447,False,,0.6497459412000026,0.06033842182819112,12.050124406783716,0.1460828826879624,0.44176228325812167,0.006379514366951772,0.011023384875212615,3.071979204434222e-06,2.0394468219782304e-05,0.8001244067837163,13.999455213516285,False,-0.03041559081038901,0.054280716033428836,1.8464424293856012e-05,0.0007662020452175301,0.3138307962458751,0.016975409630703337,-0.004672582509614665,2.8501243591000005,False,True,0.09561999932019273,94.91081562058378,-1.0000476943850618,186.204101562,0.5062298107983387,0.0018458698661744347,10.5191650391,249.424438477,0,0.1767420396862021,0.0018458698661744347,0.0395510010421,21.4273681641,0,0.1499769266266728,0.0018458698661744347,0.084839001298,25.94921875,0
density_20_nback_2_id_48,48,d20_n2,43.5995597839,45.3001747131,82.9501266479,,1.7006149292000003,2.0,False,0.7004401684162858,0.04982519153256959,True,52.0689506531,255.210266113,255.210266113,0.899825334583717,2.6004402637837174,5.837574005099995,2.599825382267433,0.9778174664980409,0.889339686157282,-0.871807160015837,0.10455122805737894,False,,0.6504402161000016,0.08003551172356571,12.749825239216285,0.19791520304122934,0.28049576493602674,0.006874123964546339,0.011565062423427216,-1.5402559694431383e-07,2.0892176024628127e-05,2.0498251915325696,,False,-0.03263819255594371,0.05726291322610364,-0.00016778717578890855,0.000794909492597323,0.25977635645489056,-0.029353448143237166,0.006271726395545568,5.04982519153257,False,,0.12108258138554939,87.5540463291356,-1.0012483817698712,186.199401855,0.521873619089704,0.0017675651789659744,7.93640089035,248.869262695,0,0.4644277507733098,0.0017675651789659744,0.0253909993917,10.5759277344,0,0.12770658418029165,0.0017675651789659744,0.0183109994978,25.8759765625,0
density_20_nback_2_id_49,49,d20_n2,43.5496940613,46.3495674133,106.949821472,,2.7998733519999988,2.0,False,1.0503058433325663,0.0004324913325675084,True,80.2941436768,386.110717773,386.110717773,0.20043253901628333,3.000305891016282,2.7325820922999995,2.850432634383715,0.899045175991508,0.4821380118877797,-1.1447873453480213,0.1042781220259171,False,,0.30030584333256627,0.1129970923066375,21.450432539016283,0.1478044562043268,0.41350355887170837,0.007132911104750995,0.011845084243969841,5.771899850517857e-06,2.715247971876384e-05,3.2504324913325675,,False,-0.033837645962576296,0.05833613765137397,-0.00012117004451668303,0.0010035724625772537,0.32211768299219273,-0.012197501677970658,0.0018442556950801672,10.200432539016283,False,,0.10659753506544152,103.0035854599687,-1.0001927775120434,186.668334961,0.24790375501275974,0.0014582573824279985,6.73828077316,94.5140380859,0,0.0944221655122129,0.0014582573824279985,0.0267329998314,27.4421386719,0,0.17717827196500183,0.0014582573824279985,0.0260010007769,51.81157302855,0
density_20_nback_2_id_4,4,d20_n2,49.15001297,50.9504241943,62.3003311157,54.3006248474,1.8004112242999994,2.0,False,0.3499870300000012,0.1995759010674334,False,26.6542453766,43.6294822693,159.893600464,,,17.38970232012,0.1995759010674334,0.3857712566154928,0.7745638156723447,0.32838473813133834,0.09459328522146974,True,0.09957575801628593,0.04998707768371702,0.3383977895913206,0.04957580570000175,0.0,0.3899577694634166,-0.00011885755788766681,0.0004212092245979863,-4.855524363421946e-06,1.795741027523634e-05,1.0495758057000018,2.3006248474000017,False,0.00038222281905028553,0.0021907929905874922,0.00042560263288267224,0.0013176892505413732,0.18487164563942496,-0.0685800660633987,0.015383279288150324,,False,,0.14625297741374707,74.3526871054158,-1.0000000000000266,157.750732422,0.06648648648648649,0.002702702702702703,18.0541992188,69.02112960815,0,0.31135135135135134,0.002702702702702703,0.119873002172,30.29931640625,0,0.3021621621621622,0.002702702702702703,0.0495610013604,14.47174072265,0
density_20_nback_2_id_50,50,d20_n2,43.5500488281,46.3497886658,75.400062561,59.0503158569,2.7997398376999953,2.0,False,1.0999512672674285,0.0002112388325699044,True,94.2053833008,169.571670532,169.571670532,0.9002113342000015,3.699951171899997,2.370563507099998,1.4002113342000015,0.8849010059512717,0.8883682691750578,-1.0756885917221426,0.10443271157381315,False,,0.29995107653256525,0.14774784175681763,10.050211429567433,0.16892175868883094,0.44428690895442663,0.006851826034301936,0.011539323120060181,-5.022254819922546e-06,1.4663509035431408e-05,5.300211429567433,7.400315761532568,False,-0.03294145808168308,0.05695427436867921,-0.0002906665384493689,0.000774156457431386,0.38466640448100564,-0.02110486030580167,0.0009116077174983368,6.100211381883717,False,True,0.10450207248924194,102.44447373403649,-1.0005054323289597,187.282409668,0.49313121743249644,0.0018948365703458077,16.4395751953,249.741943359,0,0.13405968735196588,0.0018948365703458077,0.0344239994884,14.0485839844,0,0.12269066792989104,0.0018948365703458077,0.136840999126,25.6298828125,0
density_20_nback_2_id_51,51,d20_n2,43.5500030518,45.9991836548,70.4496002197,54.1999206543,2.449180603000002,2.0,False,1.049996852832571,0.0008163452000005122,True,81.4139709473,339.703063965,339.703063965,0.6008162498325689,3.049996852832571,2.531593322700001,2.150816440567432,0.8906076715064015,0.8672597291681384,-1.0819316519767688,0.10441819264702762,False,,0.29999685283257094,0.12702052954898543,5.900816440567432,0.2759570108212254,0.18294123749416194,0.006623628126864041,0.011288665723937514,-2.8164700912225e-06,2.629885825152329e-05,1.0508162975162847,7.149920701983717,False,-0.03162915937552021,0.05537326094075143,-0.00011739333697853853,0.0011276530378028786,0.2622225191924257,-0.028042331322436664,0.004470482546218999,,False,,0.04839857934842775,97.25248259625755,-1.0002891963835736,187.232116699,0.5365126676602087,0.001987083954297069,6.88818407059,249.139526367,0,0.14803775459513163,0.001987083954297069,0.182128995657,13.0667724609,0,0.20466964729259812,0.001987083954297069,0.222289994359,26.37890625,0
density_20_nback_2_id_52,52,d20_n2,43.5996742249,45.8000640869,136.349609375,120.799491882,2.2003898620000015,2.0,False,1.1003258227837165,0.0499358177325675,True,96.078086853,300.151062012,300.151062012,0.7999358177325675,3.000325679732569,1.3168449401999993,1.899935960783715,0.8810056290931927,0.8179812982295666,-0.7783754967980888,0.10444859670175792,False,,0.20032572741628485,0.1988352952731778,1.9999358654162833,0.02135435868748603,0.35393786529701665,0.007239719235426044,0.011955933996625628,-3.1918620449127333e-06,1.8824500853757636e-05,13.9499359131,61.049491882,False,-0.03437276670036896,0.05882909452545502,-4.6621199281746005e-05,0.0008189026517102113,0.08707161098621766,-0.0013222417219331494,0.0023803022554354995,9.899935960783715,False,True,0.10236744253879944,95.24886083597266,-1.0000000003947451,187.226379395,0.5801801801801801,0.0012012012012012011,41.1418457031,157.59350585945,0,0.12852852852852853,0.0012012012012012011,0.00439500017092,61.3541908264,0,0.23483483483483483,0.0012012012012012011,0.0566410012543,0.515900015831,0
density_20_nback_2_id_53,53,d20_n2,43.5992240906,44.9993438721,62.699382782,49.0991744995,1.4001197814999955,2.0,False,1.1007759570837123,0.0006561279000010245,True,97.9033126831,71.0497894287,128.521743774,0.8006560802162852,2.2007758617162807,17.101020813000005,0.9006562232674327,0.8699942308540133,0.7288833504566143,-0.20197315939860708,0.10444688140167895,False,,0.2007758617162807,0.32501689610739287,1.6506562232674327,0.17851318592142593,0.2840283228395183,0.007213486481473574,0.011914193740381402,4.320179373604285e-06,2.9021548980174896e-05,1.9006562232674327,2.1991744041325703,False,-0.03461103035961128,0.058990263880216255,0.0001940287371076607,0.0014740230897723097,0.30486387946482413,0.04518036853207867,-0.008160771431231551,1.4506561755837168,False,True,0.060241464347596356,82.33665049972342,-0.9999999999999616,187.025085449,0.27409800753904145,0.002154011847065159,10.1688232422,249.365600586,0,0.47442110931610126,0.002154011847065159,8.04187011719,22.8733520508,0,0.21163166397415187,0.002154011847065159,4.87414598465,26.3996582031,0
density_20_nback_2_id_54,54,d20_n2,43.5497589111,44.9995307922,64.8498916626,51.449672699,1.4497718810999984,2.0,False,1.100241184267432,0.0004692078000019251,True,92.9128189087,276.573242188,276.573242188,0.9504692554837177,2.400241136583716,14.80735397330001,1.2004692554837177,0.86727420721928,0.8734247904305678,-0.2860464553888104,0.10428356840026448,False,,0.3002409935325687,0.28724383700094636,4.60046911243257,0.1513186543866837,0.4386318912108684,0.007344936191629137,0.01206352873558795,5.729857171047759e-07,2.0682929278569513e-05,4.35046911243257,2.0996727943674287,False,-0.03503082438787555,0.059764952094041215,-5.098908074865521e-05,0.0010894289924693466,0.2438886704066022,0.0086681014043395,-0.003651693768126358,4.300469160116286,False,True,0.09430992081439304,83.09203223399169,-1.0000000015789816,187.198913574,0.46344029458179903,0.0021041557075223566,13.7092294693,248.886352539,0,0.135718043135192,0.0021041557075223566,0.309570014477,10.9040527344,0,0.12204103103629668,0.0021041557075223566,0.0673829987645,28.3621826172,0
density_20_nback_2_id_55,55,d20_n2,43.6001968384,47.2503395081,96.7500762939,80.7505874634,3.6501426696999957,2.0,False,1.0998032092837136,0.04966044421628624,True,96.7279129028,391.161834717,391.161834717,3.8996605872674337,7.549803256967429,1.1818008421999977,4.699660539583718,0.8725676251094362,0.716482605187398,-1.1102008693018495,0.10493386772120922,False,,0.19980311391628192,0.12026273040741096,30.549660444216286,0.1335262745618771,0.2571276632758333,0.006692305877779139,0.011373113229877593,-9.931447140611366e-07,1.8332493212705764e-05,1.0996603965325704,32.40058755876743,False,-0.031952682448198495,0.055885490301543515,2.1941868497120147e-05,0.0008804748859501884,0.3908831391042128,-0.007108211690010617,0.0012494500571233835,2.749660491900002,False,True,0.06942552450790457,115.23243046755923,-1.0007967513901663,186.803222656,0.34239558707643813,0.0015760441292356187,9.47973632812,132.0789489746,0,0.19621749408983452,0.0015760441292356187,0.0124509995803,18.264099121050002,0,0.07446808510638298,0.0015760441292356187,0.0233149994165,25.4421386719,0
density_20_nback_2_id_56,56,d20_n2,43.6003570557,45.500164032,71.8003158569,,1.899806976299999,2.0,False,0.9996428489325666,0.04983592031628348,True,82.1622314453,391.564697266,391.564697266,0.8498358726325677,2.7496428489325666,1.9796791076000062,2.5498359203162835,0.8841097552708015,0.8695406722931672,-0.9275343548513222,0.10490883367238815,False,,0.2496428489325666,0.15900487364513682,6.199836015683715,0.30272884996714616,0.09017272033573984,0.00613823300878426,0.010740418798290165,-1.4783372774315005e-06,2.356380219346458e-05,4.7998359203162835,,False,-0.029408358685414315,0.05268320174514735,-0.00019560643264225527,0.0010224264602508434,0.2770573122143968,-0.023679808659083344,0.001579360881174499,4.899836063367431,False,,0.10688024206985593,89.85753650610307,-1.0000000007894454,186.402832031,0.5401960784313725,0.00196078431372549,8.15063476562,249.55456543,0,0.14166666666666666,0.00196078431372549,0.18481400609,11.5002441406,0,0.17401960784313725,0.00196078431372549,0.181519001722,25.9484863281,0
density_20_nback_2_id_57,57,d20_n2,43.6001586914,45.3501014709,56.8000450134,47.8501586914,1.749942779500003,2.0,False,1.0998413562837186,0.04989862446743132,True,96.6512756348,31.7450122833,128.396697998,0.8498985767837155,2.5998413562837186,4.0446205139,,0.8832397127542279,0.9982072517041178,-0.6600588862381999,0.10493715509377896,False,,0.19984126091628696,0.2490389721734,,0.0,0.44644269871833836,0.00669535659115409,0.011361875042507978,1.3985869920937717e-06,1.6139030352752388e-05,0.6498985290999997,1.8501586913999972,False,-0.0319633003175771,0.0561284642087014,0.00017187023258846283,0.0010436726611307684,0.6654177043011299,0.022865332919196336,-0.006805587170918831,,False,,0.03570082241040571,87.71309744537574,-0.9999793487945339,187.272583008,0.23475258918296893,0.0023014959723820483,1.91223096848,80.4418182373,0,0.452819332566168,0.0023014959723820483,8.21508789062,23.78747558595,0,0.1472957422324511,0.0023014959723820483,4.78002882004,26.1008300781,0
density_20_nback_2_id_5,5,d20_n2,49.1502609253,51.2002105713,76.0003890991,64.9999847412,2.0499496459999946,2.0,False,0.2997391223837127,0.04978942870000225,True,49.0405769348,260.093231201,260.093231201,6.299789428700002,8.349739074699997,18.54220175739,,0.6002637011299048,0.9514700960944587,0.3033189825803244,0.09848933715961054,False,,0.0497391223837127,0.29134157867876825,6.599789381016286,0.16681661887766086,0.44993435038484114,-0.00011683969492267334,0.00042511054420972213,-1.5354439072339466e-05,2.4390905220593493e-05,3.3997893333325706,10.399984836567427,False,0.0002947405747892,0.0025652151866907566,-0.00014702739654022932,0.0009458619378921775,0.22855856769837907,0.0035624729469050007,0.0001171323223631171,1.4497895240674339,False,True,0.07974676473690903,77.56806817273663,-0.9999714003443787,157.464355469,0.09745762711864407,0.0018832391713747645,9.95532226562,119.33895874005,0,0.14642184557438795,0.0018832391713747645,0.00756799988449,50.7272949219,0,0.096045197740113,0.0018832391713747645,0.0175780002028,10.3400878906,0
density_20_nback_2_id_6,6,d20_n2,37.8006324768,39.1502799988,62.8007507324,44.0003890991,1.349647522000005,2.0,False,1.0993676185674346,0.04972004888371373,True,216.921936035,258.087799072,258.087799072,0.5497200488837137,1.8993675708837188,43.008476257,1.099720001199998,0.9959503517289606,0.7398842698167395,-0.9129188291757004,0.11214647569544738,False,,1.0993676185674346,0.08588663047110001,0.5997200011999979,0.31057177907755856,0.021777303268515003,0.013097421506171358,0.017683776450043407,-3.146728754976518e-05,7.020091352773628e-05,0.5497200488837137,4.300389051416282,False,-0.06909429183858064,0.09551153894810206,0.0002938113575001841,0.0011974049301500798,0.3099121664612303,-0.07016706275750734,0.013041198525253362,,False,,0.04484094548744502,85.76604900253217,-1.0000457776984832,196.044250488,0.11182795698924732,0.002150537634408602,21.6502685547,135.5946350099,0,0.6370967741935484,0.002150537634408602,16.1466064453,30.5444335938,0,0.3736559139784946,0.002150537634408602,13.9294433594,32.1807861328,0
density_20_nback_2_id_7,7,d20_n2,49.15001297,50.8000869751,64.149230957,55.0495567322,1.6500740051000022,2.0,False,0.24998712536743284,0.24991297721628314,False,34.5300445557,37.3244972229,197.510055542,,,0.958866298199,0.24991297721628314,0.47911726030461893,0.5682560579577398,0.3335106002702972,0.09900016646441052,True,0.14991307258371478,0.04998707768371702,0.3607092153732879,0.04991292953256732,0.09963646394291807,0.332507366314575,-0.00011394220871284788,0.00042503802960237196,5.688454139212846e-07,2.928812622837895e-05,1.0499129295325673,3.1995568275674344,False,0.0004102595317626145,0.0021377254369555503,0.00023938412695436974,0.0011698427498671128,0.46377914104114126,-0.020068275353251782,0.0048336224766265656,1.8999130725837148,False,True,0.09228777643381023,72.41262866448712,-0.9999999999999467,157.765197754,0.30434782608695654,0.0021208907741251328,22.1356201172,154.7334594725,0,0.1224814422057264,0.0021208907741251328,0.0371089987457,27.7321777344,0,0.08536585365853659,0.0021208907741251328,0.0427250005305,10.98921966555,0
density_20_nback_2_id_8,8,d20_n2,49.2001571655,50.850227356,77.9502410889,53.2002258301,1.6500701904999957,2.0,False,,0.34977269168371805,False,12.0430784225,60.2922744751,213.42578125,,,0.0,0.34977269168371805,0.45497990313390363,0.43906178864653816,0.4620914693188746,0.0909658420438908,True,0.2497725486325706,0.049842834499997934,0.35895246244734236,0.04977273936743387,0.17212690711316397,0.12204755389338606,-9.705019689565989e-05,0.00040243662604063686,-2.19624895993121e-07,1.324859733453941e-05,0.6997725963162864,1.6502258777837184,False,-8.827932223332958e-05,0.0018510653064734714,0.00028866503954751214,0.0009683839571837536,0.25913911853855787,-0.030735853322143167,0.0036472939498103344,,False,,0.05440198823621426,72.44231908603896,-0.9999999999999734,156.525878906,0.3578363384188627,0.0018492834026814608,14.7979736328,154.72235107405,0,0.11049468331021729,0.0018492834026814608,0.0373539999127,43.25608825685,0,0.08552935737401757,0.0018492834026814608,0.0577999986708,13.1198654175,0
density_20_nback_2_id_9,9,d20_n2,43.599937439,44.9999389648,89.5502319336,78.6999053955,1.4000015258000005,2.0,False,1.1000626086837144,6.103519999811624e-05,True,97.388961792,142.910705566,142.910705566,0.8000609875162823,2.2000625133162828,18.1133804321,1.8500609398325665,0.8722863613235068,0.6466753451549129,-0.18035868874639285,0.10444771292569079,False,,0.20006251331628278,0.32076212604125,28.750061035199998,0.08134612152484355,0.43362814436354996,0.007218031067195707,0.011930272549016943,3.417964762776429e-06,3.1526879878095516e-05,5.8500609398325665,27.849905490867428,False,-0.03466784850118969,0.05886257546532408,-1.951117844438573e-05,0.001376546218549185,0.15061264763988097,0.005417737837205717,-0.0018430239802288335,5.000061035199998,False,True,0.10110516978392348,82.3460973612751,-0.9999518158512348,187.358947754,0.2551148225469729,0.0016701461377870565,9.57482910156,96.41195678695,0,0.1361169102296451,0.0016701461377870565,0.0268549993634,10.1574707031,0,0.1315240083507307,0.0016701461377870565,0.0349120013416,26.2478027344,0
